Year,Quarter,Nationality,Industry,Sector,Source_Dataset,Grants
2021,2021 Q1,Afghanistan,Human Health and Social Work Activities,Healthcare,SOC 2010,1
2021,2021 Q1,Albania,Education,Education,SOC 2010,2
2021,2021 Q1,Albania,Financial and Insurance Activities,Finance,SOC 2010,2
2021,2021 Q1,Albania,Human Health and Social Work Activities,Healthcare,SOC 2010,1
2021,2021 Q1,Albania,Information and Communications,Technology,SOC 2010,1
2021,2021 Q1,Algeria,Education,Education,SOC 2010,1
2021,2021 Q1,Algeria,Financial and Insurance Activities,Finance,SOC 2010,1
2021,2021 Q1,Algeria,Information and Communications,Technology,SOC 2010,1
2021,2021 Q1,Argentina,Education,Education,SOC 2010,2
2021,2021 Q1,Argentina,Financial and Insurance Activities,Finance,SOC 2010,6
2021,2021 Q1,Argentina,Human Health and Social Work Activities,Healthcare,SOC 2010,3
2021,2021 Q1,Argentina,Information and Communications,Technology,SOC 2010,8
2021,2021 Q1,Armenia,Financial and Insurance Activities,Finance,SOC 2010,1
2021,2021 Q1,Armenia,Human Health and Social Work Activities,Healthcare,SOC 2010,1
2021,2021 Q1,Australia,Education,Education,SOC 2010,19
2021,2021 Q1,Australia,Financial and Insurance Activities,Finance,SOC 2010,30
2021,2021 Q1,Australia,Human Health and Social Work Activities,Healthcare,SOC 2010,39
2021,2021 Q1,Australia,Information and Communications,Technology,SOC 2010,22
2021,2021 Q1,Austria,Education,Education,SOC 2010,2
2021,2021 Q1,Austria,Financial and Insurance Activities,Finance,SOC 2010,2
2021,2021 Q1,Austria,Information and Communications,Technology,SOC 2010,3
2021,2021 Q1,Azerbaijan,Education,Education,SOC 2010,3
2021,2021 Q1,Azerbaijan,Financial and Insurance Activities,Finance,SOC 2010,3
2021,2021 Q1,Azerbaijan,Human Health and Social Work Activities,Healthcare,SOC 2010,1
2021,2021 Q1,Azerbaijan,Information and Communications,Technology,SOC 2010,1
2021,2021 Q1,"Bahamas, The",Human Health and Social Work Activities,Healthcare,SOC 2010,2
2021,2021 Q1,Bahrain,Financial and Insurance Activities,Finance,SOC 2010,2
2021,2021 Q1,Bahrain,Human Health and Social Work Activities,Healthcare,SOC 2010,7
2021,2021 Q1,Bahrain,Information and Communications,Technology,SOC 2010,1
2021,2021 Q1,Bangladesh,Education,Education,SOC 2010,2
2021,2021 Q1,Bangladesh,Human Health and Social Work Activities,Healthcare,SOC 2010,57
2021,2021 Q1,Bangladesh,Information and Communications,Technology,SOC 2010,1
2021,2021 Q1,Barbados,Human Health and Social Work Activities,Healthcare,SOC 2010,1
2021,2021 Q1,Barbados,Information and Communications,Technology,SOC 2010,1
2021,2021 Q1,Belarus,Education,Education,SOC 2010,2
2021,2021 Q1,Belarus,Human Health and Social Work Activities,Healthcare,SOC 2010,1
2021,2021 Q1,Belarus,Information and Communications,Technology,SOC 2010,11
2021,2021 Q1,Belgium,Construction,Engineering,SOC 2010,1
2021,2021 Q1,Belgium,Education,Education,SOC 2010,10
2021,2021 Q1,Belgium,Financial and Insurance Activities,Finance,SOC 2010,8
2021,2021 Q1,Belgium,Human Health and Social Work Activities,Healthcare,SOC 2010,6
2021,2021 Q1,Belgium,Information and Communications,Technology,SOC 2010,5
2021,2021 Q1,Belize,Human Health and Social Work Activities,Healthcare,SOC 2010,2
2021,2021 Q1,Bhutan,Human Health and Social Work Activities,Healthcare,SOC 2010,1
2021,2021 Q1,Bolivia,Human Health and Social Work Activities,Healthcare,SOC 2010,2
2021,2021 Q1,Botswana,Financial and Insurance Activities,Finance,SOC 2010,1
2021,2021 Q1,Botswana,Human Health and Social Work Activities,Healthcare,SOC 2010,5
2021,2021 Q1,Brazil,Construction,Engineering,SOC 2010,1
2021,2021 Q1,Brazil,Education,Education,SOC 2010,37
2021,2021 Q1,Brazil,Financial and Insurance Activities,Finance,SOC 2010,12
2021,2021 Q1,Brazil,Human Health and Social Work Activities,Healthcare,SOC 2010,5
2021,2021 Q1,Brazil,Information and Communications,Technology,SOC 2010,16
2021,2021 Q1,Bulgaria,Education,Education,SOC 2010,1
2021,2021 Q1,Bulgaria,Human Health and Social Work Activities,Healthcare,SOC 2010,2
2021,2021 Q1,Cameroon,Construction,Engineering,SOC 2010,1
2021,2021 Q1,Cameroon,Education,Education,SOC 2010,3
2021,2021 Q1,Cameroon,Financial and Insurance Activities,Finance,SOC 2010,1
2021,2021 Q1,Cameroon,Human Health and Social Work Activities,Healthcare,SOC 2010,5
2021,2021 Q1,Canada,Construction,Engineering,SOC 2010,2
2021,2021 Q1,Canada,Education,Education,SOC 2010,32
2021,2021 Q1,Canada,Financial and Insurance Activities,Finance,SOC 2010,29
2021,2021 Q1,Canada,Human Health and Social Work Activities,Healthcare,SOC 2010,23
2021,2021 Q1,Canada,Information and Communications,Technology,SOC 2010,28
2021,2021 Q1,Chile,Education,Education,SOC 2010,10
2021,2021 Q1,Chile,Financial and Insurance Activities,Finance,SOC 2010,2
2021,2021 Q1,Chile,Human Health and Social Work Activities,Healthcare,SOC 2010,2
2021,2021 Q1,China,Construction,Engineering,SOC 2010,2
2021,2021 Q1,China,Education,Education,SOC 2010,121
2021,2021 Q1,China,Financial and Insurance Activities,Finance,SOC 2010,42
2021,2021 Q1,China,Human Health and Social Work Activities,Healthcare,SOC 2010,3
2021,2021 Q1,China,Information and Communications,Technology,SOC 2010,41
2021,2021 Q1,Colombia,Construction,Engineering,SOC 2010,1
2021,2021 Q1,Colombia,Education,Education,SOC 2010,15
2021,2021 Q1,Colombia,Financial and Insurance Activities,Finance,SOC 2010,4
2021,2021 Q1,Colombia,Human Health and Social Work Activities,Healthcare,SOC 2010,8
2021,2021 Q1,Colombia,Information and Communications,Technology,SOC 2010,3
2021,2021 Q1,Congo,Human Health and Social Work Activities,Healthcare,SOC 2010,1
2021,2021 Q1,Congo (Democratic Republic),Human Health and Social Work Activities,Healthcare,SOC 2010,1
2021,2021 Q1,Costa Rica,Construction,Engineering,SOC 2010,1
2021,2021 Q1,Costa Rica,Education,Education,SOC 2010,1
2021,2021 Q1,Costa Rica,Financial and Insurance Activities,Finance,SOC 2010,2
2021,2021 Q1,Croatia,Education,Education,SOC 2010,2
2021,2021 Q1,Croatia,Financial and Insurance Activities,Finance,SOC 2010,3
2021,2021 Q1,Croatia,Human Health and Social Work Activities,Healthcare,SOC 2010,1
2021,2021 Q1,Croatia,Information and Communications,Technology,SOC 2010,1
2021,2021 Q1,Cuba,Human Health and Social Work Activities,Healthcare,SOC 2010,2
2021,2021 Q1,Cyprus,Education,Education,SOC 2010,1
2021,2021 Q1,Cyprus,Human Health and Social Work Activities,Healthcare,SOC 2010,1
2021,2021 Q1,Czechia,Information and Communications,Technology,SOC 2010,3
2021,2021 Q1,Denmark,Construction,Engineering,SOC 2010,1
2021,2021 Q1,Dominica,Human Health and Social Work Activities,Healthcare,SOC 2010,1
2021,2021 Q1,Dominica,Information and Communications,Technology,SOC 2010,1
2021,2021 Q1,Dominican Republic,Information and Communications,Technology,SOC 2010,1
2021,2021 Q1,Ecuador,Education,Education,SOC 2010,7
2021,2021 Q1,Ecuador,Human Health and Social Work Activities,Healthcare,SOC 2010,1
2021,2021 Q1,Ecuador,Information and Communications,Technology,SOC 2010,2
2021,2021 Q1,Egypt,Construction,Engineering,SOC 2010,4
2021,2021 Q1,Egypt,Education,Education,SOC 2010,16
2021,2021 Q1,Egypt,Financial and Insurance Activities,Finance,SOC 2010,7
2021,2021 Q1,Egypt,Human Health and Social Work Activities,Healthcare,SOC 2010,188
2021,2021 Q1,Egypt,Information and Communications,Technology,SOC 2010,13
2021,2021 Q1,Eswatini,Human Health and Social Work Activities,Healthcare,SOC 2010,1
2021,2021 Q1,Finland,Financial and Insurance Activities,Finance,SOC 2010,2
2021,2021 Q1,Finland,Human Health and Social Work Activities,Healthcare,SOC 2010,1
2021,2021 Q1,Finland,Information and Communications,Technology,SOC 2010,1
2021,2021 Q1,France,Construction,Engineering,SOC 2010,26
2021,2021 Q1,France,Education,Education,SOC 2010,29
2021,2021 Q1,France,Financial and Insurance Activities,Finance,SOC 2010,60
2021,2021 Q1,France,Human Health and Social Work Activities,Healthcare,SOC 2010,3
2021,2021 Q1,France,Information and Communications,Technology,SOC 2010,16
2021,2021 Q1,Gabon,Financial and Insurance Activities,Finance,SOC 2010,1
2021,2021 Q1,Georgia,Education,Education,SOC 2010,1
2021,2021 Q1,Georgia,Financial and Insurance Activities,Finance,SOC 2010,1
2021,2021 Q1,Georgia,Human Health and Social Work Activities,Healthcare,SOC 2010,1
2021,2021 Q1,Georgia,Information and Communications,Technology,SOC 2010,1
2021,2021 Q1,Germany,Construction,Engineering,SOC 2010,4
2021,2021 Q1,Germany,Education,Education,SOC 2010,30
2021,2021 Q1,Germany,Financial and Insurance Activities,Finance,SOC 2010,10
2021,2021 Q1,Germany,Human Health and Social Work Activities,Healthcare,SOC 2010,12
2021,2021 Q1,Germany,Information and Communications,Technology,SOC 2010,9
2021,2021 Q1,Ghana,Education,Education,SOC 2010,6
2021,2021 Q1,Ghana,Financial and Insurance Activities,Finance,SOC 2010,14
2021,2021 Q1,Ghana,Human Health and Social Work Activities,Healthcare,SOC 2010,149
2021,2021 Q1,Greece,Construction,Engineering,SOC 2010,6
2021,2021 Q1,Greece,Education,Education,SOC 2010,8
2021,2021 Q1,Greece,Financial and Insurance Activities,Finance,SOC 2010,3
2021,2021 Q1,Greece,Human Health and Social Work Activities,Healthcare,SOC 2010,8
2021,2021 Q1,Greece,Information and Communications,Technology,SOC 2010,5
2021,2021 Q1,Grenada,Human Health and Social Work Activities,Healthcare,SOC 2010,6
2021,2021 Q1,Guatemala,Education,Education,SOC 2010,1
2021,2021 Q1,Guyana,Human Health and Social Work Activities,Healthcare,SOC 2010,14
2021,2021 Q1,Hong Kong,Education,Education,SOC 2010,2
2021,2021 Q1,Hong Kong,Financial and Insurance Activities,Finance,SOC 2010,18
2021,2021 Q1,Hong Kong,Human Health and Social Work Activities,Healthcare,SOC 2010,2
2021,2021 Q1,Hong Kong,Information and Communications,Technology,SOC 2010,9
2021,2021 Q1,Hungary,Financial and Insurance Activities,Finance,SOC 2010,1
2021,2021 Q1,Hungary,Human Health and Social Work Activities,Healthcare,SOC 2010,3
2021,2021 Q1,Hungary,Information and Communications,Technology,SOC 2010,4
2021,2021 Q1,India,Construction,Engineering,SOC 2010,12
2021,2021 Q1,India,Education,Education,SOC 2010,139
2021,2021 Q1,India,Financial and Insurance Activities,Finance,SOC 2010,197
2021,2021 Q1,India,Human Health and Social Work Activities,Healthcare,SOC 2010,2804
2021,2021 Q1,India,Information and Communications,Technology,SOC 2010,1249
2021,2021 Q1,Indonesia,Construction,Engineering,SOC 2010,1
2021,2021 Q1,Indonesia,Education,Education,SOC 2010,9
2021,2021 Q1,Indonesia,Financial and Insurance Activities,Finance,SOC 2010,1
2021,2021 Q1,Indonesia,Human Health and Social Work Activities,Healthcare,SOC 2010,1
2021,2021 Q1,Indonesia,Information and Communications,Technology,SOC 2010,2
2021,2021 Q1,Iran,Construction,Engineering,SOC 2010,3
2021,2021 Q1,Iran,Education,Education,SOC 2010,33
2021,2021 Q1,Iran,Financial and Insurance Activities,Finance,SOC 2010,1
2021,2021 Q1,Iran,Human Health and Social Work Activities,Healthcare,SOC 2010,9
2021,2021 Q1,Iran,Information and Communications,Technology,SOC 2010,12
2021,2021 Q1,Iraq,Education,Education,SOC 2010,6
2021,2021 Q1,Iraq,Human Health and Social Work Activities,Healthcare,SOC 2010,18
2021,2021 Q1,Israel,Education,Education,SOC 2010,5
2021,2021 Q1,Israel,Financial and Insurance Activities,Finance,SOC 2010,1
2021,2021 Q1,Israel,Human Health and Social Work Activities,Healthcare,SOC 2010,2
2021,2021 Q1,Israel,Information and Communications,Technology,SOC 2010,6
2021,2021 Q1,Italy,Construction,Engineering,SOC 2010,1
2021,2021 Q1,Italy,Education,Education,SOC 2010,23
2021,2021 Q1,Italy,Financial and Insurance Activities,Finance,SOC 2010,32
2021,2021 Q1,Italy,Human Health and Social Work Activities,Healthcare,SOC 2010,13
2021,2021 Q1,Italy,Information and Communications,Technology,SOC 2010,10
2021,2021 Q1,Ivory Coast,Financial and Insurance Activities,Finance,SOC 2010,1
2021,2021 Q1,Jamaica,Education,Education,SOC 2010,3
2021,2021 Q1,Jamaica,Financial and Insurance Activities,Finance,SOC 2010,2
2021,2021 Q1,Jamaica,Human Health and Social Work Activities,Healthcare,SOC 2010,15
2021,2021 Q1,Japan,Education,Education,SOC 2010,17
2021,2021 Q1,Japan,Financial and Insurance Activities,Finance,SOC 2010,54
2021,2021 Q1,Japan,Human Health and Social Work Activities,Healthcare,SOC 2010,3
2021,2021 Q1,Japan,Information and Communications,Technology,SOC 2010,36
2021,2021 Q1,Jordan,Construction,Engineering,SOC 2010,3
2021,2021 Q1,Jordan,Education,Education,SOC 2010,4
2021,2021 Q1,Jordan,Financial and Insurance Activities,Finance,SOC 2010,1
2021,2021 Q1,Jordan,Human Health and Social Work Activities,Healthcare,SOC 2010,23
2021,2021 Q1,Jordan,Information and Communications,Technology,SOC 2010,3
2021,2021 Q1,Kazakhstan,Education,Education,SOC 2010,2
2021,2021 Q1,Kazakhstan,Financial and Insurance Activities,Finance,SOC 2010,1
2021,2021 Q1,Kazakhstan,Information and Communications,Technology,SOC 2010,6
2021,2021 Q1,Kenya,Education,Education,SOC 2010,5
2021,2021 Q1,Kenya,Financial and Insurance Activities,Finance,SOC 2010,2
2021,2021 Q1,Kenya,Human Health and Social Work Activities,Healthcare,SOC 2010,58
2021,2021 Q1,Kenya,Information and Communications,Technology,SOC 2010,1
2021,2021 Q1,Kosovo,Education,Education,SOC 2010,1
2021,2021 Q1,Kuwait,Education,Education,SOC 2010,1
2021,2021 Q1,Latvia,Information and Communications,Technology,SOC 2010,1
2021,2021 Q1,Lebanon,Construction,Engineering,SOC 2010,2
2021,2021 Q1,Lebanon,Education,Education,SOC 2010,7
2021,2021 Q1,Lebanon,Financial and Insurance Activities,Finance,SOC 2010,4
2021,2021 Q1,Lebanon,Human Health and Social Work Activities,Healthcare,SOC 2010,8
2021,2021 Q1,Lebanon,Information and Communications,Technology,SOC 2010,2
2021,2021 Q1,Lesotho,Human Health and Social Work Activities,Healthcare,SOC 2010,1
2021,2021 Q1,Libya,Human Health and Social Work Activities,Healthcare,SOC 2010,4
2021,2021 Q1,Lithuania,Financial and Insurance Activities,Finance,SOC 2010,2
2021,2021 Q1,Lithuania,Human Health and Social Work Activities,Healthcare,SOC 2010,1
2021,2021 Q1,Madagascar,Financial and Insurance Activities,Finance,SOC 2010,1
2021,2021 Q1,Malawi,Human Health and Social Work Activities,Healthcare,SOC 2010,2
2021,2021 Q1,Malawi,Information and Communications,Technology,SOC 2010,5
2021,2021 Q1,Malaysia,Construction,Engineering,SOC 2010,1
2021,2021 Q1,Malaysia,Education,Education,SOC 2010,6
2021,2021 Q1,Malaysia,Financial and Insurance Activities,Finance,SOC 2010,4
2021,2021 Q1,Malaysia,Human Health and Social Work Activities,Healthcare,SOC 2010,12
2021,2021 Q1,Malaysia,Information and Communications,Technology,SOC 2010,4
2021,2021 Q1,Malta,Human Health and Social Work Activities,Healthcare,SOC 2010,5
2021,2021 Q1,Mauritania,Financial and Insurance Activities,Finance,SOC 2010,1
2021,2021 Q1,Mauritius,Human Health and Social Work Activities,Healthcare,SOC 2010,4
2021,2021 Q1,Mexico,Education,Education,SOC 2010,4
2021,2021 Q1,Mexico,Financial and Insurance Activities,Finance,SOC 2010,3
2021,2021 Q1,Mexico,Human Health and Social Work Activities,Healthcare,SOC 2010,4
2021,2021 Q1,Mexico,Information and Communications,Technology,SOC 2010,3
2021,2021 Q1,Mongolia,Financial and Insurance Activities,Finance,SOC 2010,1
2021,2021 Q1,Morocco,Construction,Engineering,SOC 2010,1
2021,2021 Q1,Morocco,Education,Education,SOC 2010,7
2021,2021 Q1,Morocco,Financial and Insurance Activities,Finance,SOC 2010,10
2021,2021 Q1,Morocco,Information and Communications,Technology,SOC 2010,2
2021,2021 Q1,Myanmar (Burma),Human Health and Social Work Activities,Healthcare,SOC 2010,38
2021,2021 Q1,Namibia,Education,Education,SOC 2010,1
2021,2021 Q1,Namibia,Human Health and Social Work Activities,Healthcare,SOC 2010,6
2021,2021 Q1,Nepal,Education,Education,SOC 2010,2
2021,2021 Q1,Nepal,Human Health and Social Work Activities,Healthcare,SOC 2010,68
2021,2021 Q1,Nepal,Information and Communications,Technology,SOC 2010,3
2021,2021 Q1,Netherlands,Education,Education,SOC 2010,4
2021,2021 Q1,Netherlands,Financial and Insurance Activities,Finance,SOC 2010,8
2021,2021 Q1,Netherlands,Human Health and Social Work Activities,Healthcare,SOC 2010,2
2021,2021 Q1,Netherlands,Information and Communications,Technology,SOC 2010,5
2021,2021 Q1,New Zealand,Construction,Engineering,SOC 2010,1
2021,2021 Q1,New Zealand,Education,Education,SOC 2010,3
2021,2021 Q1,New Zealand,Financial and Insurance Activities,Finance,SOC 2010,4
2021,2021 Q1,New Zealand,Human Health and Social Work Activities,Healthcare,SOC 2010,8
2021,2021 Q1,New Zealand,Information and Communications,Technology,SOC 2010,11
2021,2021 Q1,Nigeria,Education,Education,SOC 2010,9
2021,2021 Q1,Nigeria,Financial and Insurance Activities,Finance,SOC 2010,27
2021,2021 Q1,Nigeria,Human Health and Social Work Activities,Healthcare,SOC 2010,847
2021,2021 Q1,Nigeria,Information and Communications,Technology,SOC 2010,8
2021,2021 Q1,North Macedonia,Financial and Insurance Activities,Finance,SOC 2010,1
2021,2021 Q1,Norway,Financial and Insurance Activities,Finance,SOC 2010,1
2021,2021 Q1,Norway,Human Health and Social Work Activities,Healthcare,SOC 2010,1
2021,2021 Q1,Norway,Information and Communications,Technology,SOC 2010,1
2021,2021 Q1,Occupied Palestinian Territories,Education,Education,SOC 2010,2
2021,2021 Q1,Occupied Palestinian Territories,Human Health and Social Work Activities,Healthcare,SOC 2010,6
2021,2021 Q1,Oman,Human Health and Social Work Activities,Healthcare,SOC 2010,3
2021,2021 Q1,Other and unknown,Human Health and Social Work Activities,Healthcare,SOC 2010,2
2021,2021 Q1,Pakistan,Construction,Engineering,SOC 2010,2
2021,2021 Q1,Pakistan,Education,Education,SOC 2010,28
2021,2021 Q1,Pakistan,Financial and Insurance Activities,Finance,SOC 2010,8
2021,2021 Q1,Pakistan,Human Health and Social Work Activities,Healthcare,SOC 2010,255
2021,2021 Q1,Pakistan,Information and Communications,Technology,SOC 2010,9
2021,2021 Q1,Peru,Education,Education,SOC 2010,2
2021,2021 Q1,Peru,Financial and Insurance Activities,Finance,SOC 2010,1
2021,2021 Q1,Peru,Information and Communications,Technology,SOC 2010,1
2021,2021 Q1,Philippines,Construction,Engineering,SOC 2010,6
2021,2021 Q1,Philippines,Education,Education,SOC 2010,1
2021,2021 Q1,Philippines,Financial and Insurance Activities,Finance,SOC 2010,7
2021,2021 Q1,Philippines,Human Health and Social Work Activities,Healthcare,SOC 2010,1489
2021,2021 Q1,Philippines,Information and Communications,Technology,SOC 2010,7
2021,2021 Q1,Poland,Construction,Engineering,SOC 2010,1
2021,2021 Q1,Poland,Education,Education,SOC 2010,6
2021,2021 Q1,Poland,Financial and Insurance Activities,Finance,SOC 2010,4
2021,2021 Q1,Poland,Human Health and Social Work Activities,Healthcare,SOC 2010,5
2021,2021 Q1,Poland,Information and Communications,Technology,SOC 2010,3
2021,2021 Q1,Portugal,Construction,Engineering,SOC 2010,1
2021,2021 Q1,Portugal,Education,Education,SOC 2010,1
2021,2021 Q1,Portugal,Financial and Insurance Activities,Finance,SOC 2010,3
2021,2021 Q1,Portugal,Human Health and Social Work Activities,Healthcare,SOC 2010,11
2021,2021 Q1,Portugal,Information and Communications,Technology,SOC 2010,5
2021,2021 Q1,Refugee,Education,Education,SOC 2010,1
2021,2021 Q1,Romania,Construction,Engineering,SOC 2010,1
2021,2021 Q1,Romania,Education,Education,SOC 2010,4
2021,2021 Q1,Romania,Financial and Insurance Activities,Finance,SOC 2010,3
2021,2021 Q1,Romania,Human Health and Social Work Activities,Healthcare,SOC 2010,5
2021,2021 Q1,Romania,Information and Communications,Technology,SOC 2010,6
2021,2021 Q1,Russia,Construction,Engineering,SOC 2010,2
2021,2021 Q1,Russia,Education,Education,SOC 2010,11
2021,2021 Q1,Russia,Financial and Insurance Activities,Finance,SOC 2010,29
2021,2021 Q1,Russia,Human Health and Social Work Activities,Healthcare,SOC 2010,5
2021,2021 Q1,Russia,Information and Communications,Technology,SOC 2010,72
2021,2021 Q1,Rwanda,Human Health and Social Work Activities,Healthcare,SOC 2010,1
2021,2021 Q1,Samoa,Human Health and Social Work Activities,Healthcare,SOC 2010,1
2021,2021 Q1,Saudi Arabia,Education,Education,SOC 2010,1
2021,2021 Q1,Saudi Arabia,Financial and Insurance Activities,Finance,SOC 2010,1
2021,2021 Q1,Saudi Arabia,Human Health and Social Work Activities,Healthcare,SOC 2010,6
2021,2021 Q1,Saudi Arabia,Information and Communications,Technology,SOC 2010,1
2021,2021 Q1,Senegal,Education,Education,SOC 2010,2
2021,2021 Q1,Serbia,Construction,Engineering,SOC 2010,1
2021,2021 Q1,Serbia,Education,Education,SOC 2010,4
2021,2021 Q1,Serbia,Financial and Insurance Activities,Finance,SOC 2010,2
2021,2021 Q1,Serbia,Information and Communications,Technology,SOC 2010,3
2021,2021 Q1,Singapore,Education,Education,SOC 2010,3
2021,2021 Q1,Singapore,Financial and Insurance Activities,Finance,SOC 2010,16
2021,2021 Q1,Singapore,Human Health and Social Work Activities,Healthcare,SOC 2010,5
2021,2021 Q1,Singapore,Information and Communications,Technology,SOC 2010,8
2021,2021 Q1,Slovakia,Financial and Insurance Activities,Finance,SOC 2010,2
2021,2021 Q1,Slovakia,Human Health and Social Work Activities,Healthcare,SOC 2010,1
2021,2021 Q1,Slovenia,Financial and Insurance Activities,Finance,SOC 2010,1
2021,2021 Q1,Somalia,Education,Education,SOC 2010,1
2021,2021 Q1,Somalia,Human Health and Social Work Activities,Healthcare,SOC 2010,3
2021,2021 Q1,South Africa,Construction,Engineering,SOC 2010,6
2021,2021 Q1,South Africa,Education,Education,SOC 2010,22
2021,2021 Q1,South Africa,Financial and Insurance Activities,Finance,SOC 2010,20
2021,2021 Q1,South Africa,Human Health and Social Work Activities,Healthcare,SOC 2010,43
2021,2021 Q1,South Africa,Information and Communications,Technology,SOC 2010,24
2021,2021 Q1,South Korea,Construction,Engineering,SOC 2010,1
2021,2021 Q1,South Korea,Education,Education,SOC 2010,15
2021,2021 Q1,South Korea,Financial and Insurance Activities,Finance,SOC 2010,17
2021,2021 Q1,South Korea,Human Health and Social Work Activities,Healthcare,SOC 2010,4
2021,2021 Q1,South Korea,Information and Communications,Technology,SOC 2010,12
2021,2021 Q1,Spain,Construction,Engineering,SOC 2010,4
2021,2021 Q1,Spain,Education,Education,SOC 2010,25
2021,2021 Q1,Spain,Financial and Insurance Activities,Finance,SOC 2010,9
2021,2021 Q1,Spain,Human Health and Social Work Activities,Healthcare,SOC 2010,9
2021,2021 Q1,Spain,Information and Communications,Technology,SOC 2010,10
2021,2021 Q1,Sri Lanka,Construction,Engineering,SOC 2010,3
2021,2021 Q1,Sri Lanka,Education,Education,SOC 2010,11
2021,2021 Q1,Sri Lanka,Financial and Insurance Activities,Finance,SOC 2010,3
2021,2021 Q1,Sri Lanka,Human Health and Social Work Activities,Healthcare,SOC 2010,85
2021,2021 Q1,Sri Lanka,Information and Communications,Technology,SOC 2010,2
2021,2021 Q1,St Kitts and Nevis,Financial and Insurance Activities,Finance,SOC 2010,1
2021,2021 Q1,St Kitts and Nevis,Human Health and Social Work Activities,Healthcare,SOC 2010,1
2021,2021 Q1,St Lucia,Human Health and Social Work Activities,Healthcare,SOC 2010,3
2021,2021 Q1,St Vincent and the Grenadines,Human Health and Social Work Activities,Healthcare,SOC 2010,3
2021,2021 Q1,Sudan,Human Health and Social Work Activities,Healthcare,SOC 2010,72
2021,2021 Q1,Sudan,Information and Communications,Technology,SOC 2010,1
2021,2021 Q1,Sweden,Education,Education,SOC 2010,3
2021,2021 Q1,Sweden,Financial and Insurance Activities,Finance,SOC 2010,5
2021,2021 Q1,Sweden,Human Health and Social Work Activities,Healthcare,SOC 2010,3
2021,2021 Q1,Sweden,Information and Communications,Technology,SOC 2010,1
2021,2021 Q1,Switzerland,Education,Education,SOC 2010,5
2021,2021 Q1,Switzerland,Financial and Insurance Activities,Finance,SOC 2010,6
2021,2021 Q1,Switzerland,Human Health and Social Work Activities,Healthcare,SOC 2010,1
2021,2021 Q1,Switzerland,Information and Communications,Technology,SOC 2010,2
2021,2021 Q1,Syria,Education,Education,SOC 2010,2
2021,2021 Q1,Syria,Human Health and Social Work Activities,Healthcare,SOC 2010,6
2021,2021 Q1,Taiwan,Construction,Engineering,SOC 2010,1
2021,2021 Q1,Taiwan,Education,Education,SOC 2010,3
2021,2021 Q1,Taiwan,Financial and Insurance Activities,Finance,SOC 2010,7
2021,2021 Q1,Taiwan,Human Health and Social Work Activities,Healthcare,SOC 2010,2
2021,2021 Q1,Taiwan,Information and Communications,Technology,SOC 2010,2
2021,2021 Q1,Tanzania,Financial and Insurance Activities,Finance,SOC 2010,1
2021,2021 Q1,Tanzania,Human Health and Social Work Activities,Healthcare,SOC 2010,1
2021,2021 Q1,Thailand,Education,Education,SOC 2010,5
2021,2021 Q1,Thailand,Human Health and Social Work Activities,Healthcare,SOC 2010,1
2021,2021 Q1,Trinidad and Tobago,Financial and Insurance Activities,Finance,SOC 2010,1
2021,2021 Q1,Trinidad and Tobago,Human Health and Social Work Activities,Healthcare,SOC 2010,31
2021,2021 Q1,Tunisia,Education,Education,SOC 2010,2
2021,2021 Q1,Tunisia,Financial and Insurance Activities,Finance,SOC 2010,2
2021,2021 Q1,Turkey,Construction,Engineering,SOC 2010,8
2021,2021 Q1,Turkey,Education,Education,SOC 2010,33
2021,2021 Q1,Turkey,Financial and Insurance Activities,Finance,SOC 2010,15
2021,2021 Q1,Turkey,Human Health and Social Work Activities,Healthcare,SOC 2010,4
2021,2021 Q1,Turkey,Information and Communications,Technology,SOC 2010,14
2021,2021 Q1,Turkmenistan,Construction,Engineering,SOC 2010,1
2021,2021 Q1,Uganda,Education,Education,SOC 2010,5
2021,2021 Q1,Uganda,Human Health and Social Work Activities,Healthcare,SOC 2010,7
2021,2021 Q1,Ukraine,Education,Education,SOC 2010,4
2021,2021 Q1,Ukraine,Financial and Insurance Activities,Finance,SOC 2010,10
2021,2021 Q1,Ukraine,Human Health and Social Work Activities,Healthcare,SOC 2010,3
2021,2021 Q1,Ukraine,Information and Communications,Technology,SOC 2010,17
2021,2021 Q1,United States,Construction,Engineering,SOC 2010,8
2021,2021 Q1,United States,Education,Education,SOC 2010,68
2021,2021 Q1,United States,Financial and Insurance Activities,Finance,SOC 2010,98
2021,2021 Q1,United States,Human Health and Social Work Activities,Healthcare,SOC 2010,41
2021,2021 Q1,United States,Information and Communications,Technology,SOC 2010,181
2021,2021 Q1,Uruguay,Financial and Insurance Activities,Finance,SOC 2010,1
2021,2021 Q1,Uruguay,Information and Communications,Technology,SOC 2010,1
2021,2021 Q1,Vanuatu,Information and Communications,Technology,SOC 2010,1
2021,2021 Q1,Venezuela,Education,Education,SOC 2010,2
2021,2021 Q1,Venezuela,Financial and Insurance Activities,Finance,SOC 2010,2
2021,2021 Q1,Venezuela,Information and Communications,Technology,SOC 2010,2
2021,2021 Q1,Vietnam,Education,Education,SOC 2010,7
2021,2021 Q1,Vietnam,Human Health and Social Work Activities,Healthcare,SOC 2010,2
2021,2021 Q1,Vietnam,Information and Communications,Technology,SOC 2010,6
2021,2021 Q1,Yemen,Education,Education,SOC 2010,1
2021,2021 Q1,Yemen,Human Health and Social Work Activities,Healthcare,SOC 2010,3
2021,2021 Q1,Zambia,Financial and Insurance Activities,Finance,SOC 2010,2
2021,2021 Q1,Zambia,Human Health and Social Work Activities,Healthcare,SOC 2010,8
2021,2021 Q1,Zimbabwe,Education,Education,SOC 2010,3
2021,2021 Q1,Zimbabwe,Financial and Insurance Activities,Finance,SOC 2010,3
2021,2021 Q1,Zimbabwe,Human Health and Social Work Activities,Healthcare,SOC 2010,230
2021,2021 Q1,Zimbabwe,Information and Communications,Technology,SOC 2010,1
2021,2021 Q2,Afghanistan,Education,Education,SOC 2010,1
2021,2021 Q2,Afghanistan,Human Health and Social Work Activities,Healthcare,SOC 2010,1
2021,2021 Q2,Albania,Construction,Engineering,SOC 2010,1
2021,2021 Q2,Albania,Education,Education,SOC 2010,1
2021,2021 Q2,Albania,Information and Communications,Technology,SOC 2010,3
2021,2021 Q2,Algeria,Education,Education,SOC 2010,5
2021,2021 Q2,Algeria,Financial and Insurance Activities,Finance,SOC 2010,5
2021,2021 Q2,Antigua and Barbuda,Information and Communications,Technology,SOC 2010,1
2021,2021 Q2,Argentina,Education,Education,SOC 2010,12
2021,2021 Q2,Argentina,Financial and Insurance Activities,Finance,SOC 2010,5
2021,2021 Q2,Argentina,Information and Communications,Technology,SOC 2010,7
2021,2021 Q2,Armenia,Education,Education,SOC 2010,2
2021,2021 Q2,Armenia,Human Health and Social Work Activities,Healthcare,SOC 2010,1
2021,2021 Q2,Australia,Construction,Engineering,SOC 2010,4
2021,2021 Q2,Australia,Education,Education,SOC 2010,22
2021,2021 Q2,Australia,Financial and Insurance Activities,Finance,SOC 2010,33
2021,2021 Q2,Australia,Human Health and Social Work Activities,Healthcare,SOC 2010,76
2021,2021 Q2,Australia,Information and Communications,Technology,SOC 2010,15
2021,2021 Q2,Austria,Construction,Engineering,SOC 2010,8
2021,2021 Q2,Austria,Education,Education,SOC 2010,6
2021,2021 Q2,Austria,Financial and Insurance Activities,Finance,SOC 2010,11
2021,2021 Q2,Austria,Human Health and Social Work Activities,Healthcare,SOC 2010,4
2021,2021 Q2,Austria,Information and Communications,Technology,SOC 2010,2
2021,2021 Q2,Azerbaijan,Education,Education,SOC 2010,3
2021,2021 Q2,Azerbaijan,Financial and Insurance Activities,Finance,SOC 2010,1
2021,2021 Q2,Azerbaijan,Information and Communications,Technology,SOC 2010,1
2021,2021 Q2,Bahrain,Financial and Insurance Activities,Finance,SOC 2010,3
2021,2021 Q2,Bahrain,Human Health and Social Work Activities,Healthcare,SOC 2010,6
2021,2021 Q2,Bangladesh,Construction,Engineering,SOC 2010,1
2021,2021 Q2,Bangladesh,Education,Education,SOC 2010,10
2021,2021 Q2,Bangladesh,Financial and Insurance Activities,Finance,SOC 2010,2
2021,2021 Q2,Bangladesh,Human Health and Social Work Activities,Healthcare,SOC 2010,18
2021,2021 Q2,Bangladesh,Information and Communications,Technology,SOC 2010,4
2021,2021 Q2,Barbados,Human Health and Social Work Activities,Healthcare,SOC 2010,4
2021,2021 Q2,Belarus,Construction,Engineering,SOC 2010,1
2021,2021 Q2,Belarus,Education,Education,SOC 2010,2
2021,2021 Q2,Belarus,Financial and Insurance Activities,Finance,SOC 2010,2
2021,2021 Q2,Belarus,Human Health and Social Work Activities,Healthcare,SOC 2010,1
2021,2021 Q2,Belarus,Information and Communications,Technology,SOC 2010,19
2021,2021 Q2,Belgium,Construction,Engineering,SOC 2010,1
2021,2021 Q2,Belgium,Education,Education,SOC 2010,9
2021,2021 Q2,Belgium,Financial and Insurance Activities,Finance,SOC 2010,8
2021,2021 Q2,Belgium,Human Health and Social Work Activities,Healthcare,SOC 2010,8
2021,2021 Q2,Belgium,Information and Communications,Technology,SOC 2010,4
2021,2021 Q2,Belize,Human Health and Social Work Activities,Healthcare,SOC 2010,1
2021,2021 Q2,Bolivia,Financial and Insurance Activities,Finance,SOC 2010,1
2021,2021 Q2,Bosnia and Herzegovina,Education,Education,SOC 2010,2
2021,2021 Q2,Bosnia and Herzegovina,Financial and Insurance Activities,Finance,SOC 2010,1
2021,2021 Q2,Bosnia and Herzegovina,Human Health and Social Work Activities,Healthcare,SOC 2010,1
2021,2021 Q2,Bosnia and Herzegovina,Information and Communications,Technology,SOC 2010,1
2021,2021 Q2,Botswana,Education,Education,SOC 2010,1
2021,2021 Q2,Botswana,Human Health and Social Work Activities,Healthcare,SOC 2010,10
2021,2021 Q2,Brazil,Construction,Engineering,SOC 2010,1
2021,2021 Q2,Brazil,Education,Education,SOC 2010,39
2021,2021 Q2,Brazil,Financial and Insurance Activities,Finance,SOC 2010,12
2021,2021 Q2,Brazil,Human Health and Social Work Activities,Healthcare,SOC 2010,24
2021,2021 Q2,Brazil,Information and Communications,Technology,SOC 2010,17
2021,2021 Q2,Brunei,Human Health and Social Work Activities,Healthcare,SOC 2010,1
2021,2021 Q2,Bulgaria,Education,Education,SOC 2010,1
2021,2021 Q2,Bulgaria,Human Health and Social Work Activities,Healthcare,SOC 2010,3
2021,2021 Q2,Bulgaria,Information and Communications,Technology,SOC 2010,1
2021,2021 Q2,Cameroon,Education,Education,SOC 2010,4
2021,2021 Q2,Cameroon,Human Health and Social Work Activities,Healthcare,SOC 2010,4
2021,2021 Q2,Cameroon,Information and Communications,Technology,SOC 2010,2
2021,2021 Q2,Canada,Construction,Engineering,SOC 2010,1
2021,2021 Q2,Canada,Education,Education,SOC 2010,23
2021,2021 Q2,Canada,Financial and Insurance Activities,Finance,SOC 2010,35
2021,2021 Q2,Canada,Human Health and Social Work Activities,Healthcare,SOC 2010,41
2021,2021 Q2,Canada,Information and Communications,Technology,SOC 2010,18
2021,2021 Q2,Chile,Construction,Engineering,SOC 2010,1
2021,2021 Q2,Chile,Education,Education,SOC 2010,9
2021,2021 Q2,Chile,Financial and Insurance Activities,Finance,SOC 2010,1
2021,2021 Q2,Chile,Human Health and Social Work Activities,Healthcare,SOC 2010,1
2021,2021 Q2,China,Construction,Engineering,SOC 2010,3
2021,2021 Q2,China,Education,Education,SOC 2010,156
2021,2021 Q2,China,Financial and Insurance Activities,Finance,SOC 2010,60
2021,2021 Q2,China,Human Health and Social Work Activities,Healthcare,SOC 2010,3
2021,2021 Q2,China,Information and Communications,Technology,SOC 2010,70
2021,2021 Q2,Colombia,Construction,Engineering,SOC 2010,1
2021,2021 Q2,Colombia,Education,Education,SOC 2010,8
2021,2021 Q2,Colombia,Financial and Insurance Activities,Finance,SOC 2010,4
2021,2021 Q2,Colombia,Human Health and Social Work Activities,Healthcare,SOC 2010,4
2021,2021 Q2,Colombia,Information and Communications,Technology,SOC 2010,3
2021,2021 Q2,Congo (Democratic Republic),Human Health and Social Work Activities,Healthcare,SOC 2010,2
2021,2021 Q2,Costa Rica,Information and Communications,Technology,SOC 2010,2
2021,2021 Q2,Croatia,Education,Education,SOC 2010,3
2021,2021 Q2,Croatia,Financial and Insurance Activities,Finance,SOC 2010,4
2021,2021 Q2,Croatia,Human Health and Social Work Activities,Healthcare,SOC 2010,3
2021,2021 Q2,Croatia,Information and Communications,Technology,SOC 2010,4
2021,2021 Q2,Cuba,Information and Communications,Technology,SOC 2010,1
2021,2021 Q2,Cyprus,Education,Education,SOC 2010,2
2021,2021 Q2,Cyprus,Human Health and Social Work Activities,Healthcare,SOC 2010,3
2021,2021 Q2,Czechia,Construction,Engineering,SOC 2010,1
2021,2021 Q2,Czechia,Education,Education,SOC 2010,6
2021,2021 Q2,Czechia,Financial and Insurance Activities,Finance,SOC 2010,2
2021,2021 Q2,Czechia,Information and Communications,Technology,SOC 2010,2
2021,2021 Q2,Denmark,Education,Education,SOC 2010,8
2021,2021 Q2,Denmark,Financial and Insurance Activities,Finance,SOC 2010,5
2021,2021 Q2,Denmark,Human Health and Social Work Activities,Healthcare,SOC 2010,1
2021,2021 Q2,Dominica,Human Health and Social Work Activities,Healthcare,SOC 2010,4
2021,2021 Q2,Dominica,Information and Communications,Technology,SOC 2010,1
2021,2021 Q2,Ecuador,Education,Education,SOC 2010,7
2021,2021 Q2,Ecuador,Financial and Insurance Activities,Finance,SOC 2010,1
2021,2021 Q2,Ecuador,Human Health and Social Work Activities,Healthcare,SOC 2010,1
2021,2021 Q2,Ecuador,Information and Communications,Technology,SOC 2010,1
2021,2021 Q2,Egypt,Construction,Engineering,SOC 2010,3
2021,2021 Q2,Egypt,Education,Education,SOC 2010,10
2021,2021 Q2,Egypt,Financial and Insurance Activities,Finance,SOC 2010,5
2021,2021 Q2,Egypt,Human Health and Social Work Activities,Healthcare,SOC 2010,207
2021,2021 Q2,Egypt,Information and Communications,Technology,SOC 2010,12
2021,2021 Q2,El Salvador,Information and Communications,Technology,SOC 2010,1
2021,2021 Q2,Estonia,Education,Education,SOC 2010,68
2021,2021 Q2,Estonia,Information and Communications,Technology,SOC 2010,1
2021,2021 Q2,Eswatini,Human Health and Social Work Activities,Healthcare,SOC 2010,2
2021,2021 Q2,Eswatini,Information and Communications,Technology,SOC 2010,1
2021,2021 Q2,Ethiopia,Education,Education,SOC 2010,2
2021,2021 Q2,Ethiopia,Human Health and Social Work Activities,Healthcare,SOC 2010,1
2021,2021 Q2,Ethiopia,Information and Communications,Technology,SOC 2010,1
2021,2021 Q2,Finland,Education,Education,SOC 2010,4
2021,2021 Q2,Finland,Financial and Insurance Activities,Finance,SOC 2010,4
2021,2021 Q2,Finland,Human Health and Social Work Activities,Healthcare,SOC 2010,1
2021,2021 Q2,Finland,Information and Communications,Technology,SOC 2010,3
2021,2021 Q2,France,Construction,Engineering,SOC 2010,47
2021,2021 Q2,France,Education,Education,SOC 2010,67
2021,2021 Q2,France,Financial and Insurance Activities,Finance,SOC 2010,115
2021,2021 Q2,France,Human Health and Social Work Activities,Healthcare,SOC 2010,5
2021,2021 Q2,France,Information and Communications,Technology,SOC 2010,39
2021,2021 Q2,"Gambia, The",Education,Education,SOC 2010,1
2021,2021 Q2,"Gambia, The",Human Health and Social Work Activities,Healthcare,SOC 2010,1
2021,2021 Q2,Georgia,Education,Education,SOC 2010,3
2021,2021 Q2,Georgia,Financial and Insurance Activities,Finance,SOC 2010,1
2021,2021 Q2,Georgia,Human Health and Social Work Activities,Healthcare,SOC 2010,2
2021,2021 Q2,Georgia,Information and Communications,Technology,SOC 2010,2
2021,2021 Q2,Germany,Construction,Engineering,SOC 2010,18
2021,2021 Q2,Germany,Education,Education,SOC 2010,106
2021,2021 Q2,Germany,Financial and Insurance Activities,Finance,SOC 2010,65
2021,2021 Q2,Germany,Human Health and Social Work Activities,Healthcare,SOC 2010,33
2021,2021 Q2,Germany,Information and Communications,Technology,SOC 2010,23
2021,2021 Q2,Ghana,Education,Education,SOC 2010,3
2021,2021 Q2,Ghana,Financial and Insurance Activities,Finance,SOC 2010,7
2021,2021 Q2,Ghana,Human Health and Social Work Activities,Healthcare,SOC 2010,206
2021,2021 Q2,Ghana,Information and Communications,Technology,SOC 2010,3
2021,2021 Q2,Greece,Construction,Engineering,SOC 2010,7
2021,2021 Q2,Greece,Education,Education,SOC 2010,11
2021,2021 Q2,Greece,Financial and Insurance Activities,Finance,SOC 2010,4
2021,2021 Q2,Greece,Human Health and Social Work Activities,Healthcare,SOC 2010,15
2021,2021 Q2,Greece,Information and Communications,Technology,SOC 2010,5
2021,2021 Q2,Grenada,Human Health and Social Work Activities,Healthcare,SOC 2010,2
2021,2021 Q2,Guatemala,Human Health and Social Work Activities,Healthcare,SOC 2010,1
2021,2021 Q2,Guyana,Human Health and Social Work Activities,Healthcare,SOC 2010,21
2021,2021 Q2,Honduras,Financial and Insurance Activities,Finance,SOC 2010,2
2021,2021 Q2,Honduras,Human Health and Social Work Activities,Healthcare,SOC 2010,1
2021,2021 Q2,Hong Kong,Education,Education,SOC 2010,5
2021,2021 Q2,Hong Kong,Financial and Insurance Activities,Finance,SOC 2010,21
2021,2021 Q2,Hong Kong,Human Health and Social Work Activities,Healthcare,SOC 2010,7
2021,2021 Q2,Hong Kong,Information and Communications,Technology,SOC 2010,9
2021,2021 Q2,Hungary,Education,Education,SOC 2010,9
2021,2021 Q2,Hungary,Financial and Insurance Activities,Finance,SOC 2010,3
2021,2021 Q2,Hungary,Human Health and Social Work Activities,Healthcare,SOC 2010,2
2021,2021 Q2,Hungary,Information and Communications,Technology,SOC 2010,5
2021,2021 Q2,India,Construction,Engineering,SOC 2010,42
2021,2021 Q2,India,Education,Education,SOC 2010,113
2021,2021 Q2,India,Financial and Insurance Activities,Finance,SOC 2010,295
2021,2021 Q2,India,Human Health and Social Work Activities,Healthcare,SOC 2010,1853
2021,2021 Q2,India,Information and Communications,Technology,SOC 2010,1504
2021,2021 Q2,Indonesia,Education,Education,SOC 2010,4
2021,2021 Q2,Indonesia,Financial and Insurance Activities,Finance,SOC 2010,2
2021,2021 Q2,Indonesia,Human Health and Social Work Activities,Healthcare,SOC 2010,1
2021,2021 Q2,Indonesia,Information and Communications,Technology,SOC 2010,6
2021,2021 Q2,Iran,Construction,Engineering,SOC 2010,1
2021,2021 Q2,Iran,Education,Education,SOC 2010,22
2021,2021 Q2,Iran,Financial and Insurance Activities,Finance,SOC 2010,2
2021,2021 Q2,Iran,Human Health and Social Work Activities,Healthcare,SOC 2010,8
2021,2021 Q2,Iran,Information and Communications,Technology,SOC 2010,5
2021,2021 Q2,Iraq,Education,Education,SOC 2010,1
2021,2021 Q2,Iraq,Human Health and Social Work Activities,Healthcare,SOC 2010,11
2021,2021 Q2,Iraq,Information and Communications,Technology,SOC 2010,1
2021,2021 Q2,Israel,Education,Education,SOC 2010,13
2021,2021 Q2,Israel,Financial and Insurance Activities,Finance,SOC 2010,2
2021,2021 Q2,Israel,Human Health and Social Work Activities,Healthcare,SOC 2010,2
2021,2021 Q2,Israel,Information and Communications,Technology,SOC 2010,13
2021,2021 Q2,Italy,Construction,Engineering,SOC 2010,3
2021,2021 Q2,Italy,Education,Education,SOC 2010,88
2021,2021 Q2,Italy,Financial and Insurance Activities,Finance,SOC 2010,84
2021,2021 Q2,Italy,Human Health and Social Work Activities,Healthcare,SOC 2010,26
2021,2021 Q2,Italy,Information and Communications,Technology,SOC 2010,40
2021,2021 Q2,Ivory Coast,Financial and Insurance Activities,Finance,SOC 2010,2
2021,2021 Q2,Jamaica,Financial and Insurance Activities,Finance,SOC 2010,1
2021,2021 Q2,Jamaica,Human Health and Social Work Activities,Healthcare,SOC 2010,33
2021,2021 Q2,Jamaica,Information and Communications,Technology,SOC 2010,1
2021,2021 Q2,Japan,Education,Education,SOC 2010,19
2021,2021 Q2,Japan,Financial and Insurance Activities,Finance,SOC 2010,90
2021,2021 Q2,Japan,Human Health and Social Work Activities,Healthcare,SOC 2010,3
2021,2021 Q2,Japan,Information and Communications,Technology,SOC 2010,29
2021,2021 Q2,Jordan,Construction,Engineering,SOC 2010,2
2021,2021 Q2,Jordan,Education,Education,SOC 2010,3
2021,2021 Q2,Jordan,Financial and Insurance Activities,Finance,SOC 2010,2
2021,2021 Q2,Jordan,Human Health and Social Work Activities,Healthcare,SOC 2010,30
2021,2021 Q2,Jordan,Information and Communications,Technology,SOC 2010,2
2021,2021 Q2,Kazakhstan,Education,Education,SOC 2010,15
2021,2021 Q2,Kazakhstan,Financial and Insurance Activities,Finance,SOC 2010,8
2021,2021 Q2,Kazakhstan,Human Health and Social Work Activities,Healthcare,SOC 2010,1
2021,2021 Q2,Kazakhstan,Information and Communications,Technology,SOC 2010,5
2021,2021 Q2,Kenya,Education,Education,SOC 2010,6
2021,2021 Q2,Kenya,Financial and Insurance Activities,Finance,SOC 2010,9
2021,2021 Q2,Kenya,Human Health and Social Work Activities,Healthcare,SOC 2010,134
2021,2021 Q2,Kosovo,Information and Communications,Technology,SOC 2010,1
2021,2021 Q2,Kuwait,Education,Education,SOC 2010,1
2021,2021 Q2,Kuwait,Financial and Insurance Activities,Finance,SOC 2010,1
2021,2021 Q2,Kuwait,Human Health and Social Work Activities,Healthcare,SOC 2010,5
2021,2021 Q2,Kyrgyzstan,Education,Education,SOC 2010,2
2021,2021 Q2,Kyrgyzstan,Financial and Insurance Activities,Finance,SOC 2010,1
2021,2021 Q2,Kyrgyzstan,Information and Communications,Technology,SOC 2010,1
2021,2021 Q2,Latvia,Construction,Engineering,SOC 2010,4
2021,2021 Q2,Latvia,Education,Education,SOC 2010,93
2021,2021 Q2,Latvia,Information and Communications,Technology,SOC 2010,3
2021,2021 Q2,Lebanon,Education,Education,SOC 2010,7
2021,2021 Q2,Lebanon,Financial and Insurance Activities,Finance,SOC 2010,13
2021,2021 Q2,Lebanon,Human Health and Social Work Activities,Healthcare,SOC 2010,12
2021,2021 Q2,Lebanon,Information and Communications,Technology,SOC 2010,10
2021,2021 Q2,Lesotho,Human Health and Social Work Activities,Healthcare,SOC 2010,3
2021,2021 Q2,Libya,Education,Education,SOC 2010,1
2021,2021 Q2,Libya,Financial and Insurance Activities,Finance,SOC 2010,1
2021,2021 Q2,Libya,Human Health and Social Work Activities,Healthcare,SOC 2010,2
2021,2021 Q2,Lithuania,Education,Education,SOC 2010,13
2021,2021 Q2,Lithuania,Financial and Insurance Activities,Finance,SOC 2010,1
2021,2021 Q2,Lithuania,Human Health and Social Work Activities,Healthcare,SOC 2010,2
2021,2021 Q2,Lithuania,Information and Communications,Technology,SOC 2010,1
2021,2021 Q2,Luxembourg,Financial and Insurance Activities,Finance,SOC 2010,1
2021,2021 Q2,Luxembourg,Information and Communications,Technology,SOC 2010,1
2021,2021 Q2,Madagascar,Education,Education,SOC 2010,1
2021,2021 Q2,Madagascar,Information and Communications,Technology,SOC 2010,1
2021,2021 Q2,Malawi,Education,Education,SOC 2010,1
2021,2021 Q2,Malawi,Human Health and Social Work Activities,Healthcare,SOC 2010,1
2021,2021 Q2,Malaysia,Education,Education,SOC 2010,9
2021,2021 Q2,Malaysia,Financial and Insurance Activities,Finance,SOC 2010,9
2021,2021 Q2,Malaysia,Human Health and Social Work Activities,Healthcare,SOC 2010,30
2021,2021 Q2,Malaysia,Information and Communications,Technology,SOC 2010,3
2021,2021 Q2,Maldives,Human Health and Social Work Activities,Healthcare,SOC 2010,1
2021,2021 Q2,Mali,Financial and Insurance Activities,Finance,SOC 2010,1
2021,2021 Q2,Malta,Financial and Insurance Activities,Finance,SOC 2010,1
2021,2021 Q2,Malta,Human Health and Social Work Activities,Healthcare,SOC 2010,16
2021,2021 Q2,Malta,Information and Communications,Technology,SOC 2010,3
2021,2021 Q2,Mauritania,Education,Education,SOC 2010,1
2021,2021 Q2,Mauritius,Financial and Insurance Activities,Finance,SOC 2010,4
2021,2021 Q2,Mauritius,Human Health and Social Work Activities,Healthcare,SOC 2010,6
2021,2021 Q2,Mauritius,Information and Communications,Technology,SOC 2010,1
2021,2021 Q2,Mexico,Construction,Engineering,SOC 2010,2
2021,2021 Q2,Mexico,Education,Education,SOC 2010,12
2021,2021 Q2,Mexico,Financial and Insurance Activities,Finance,SOC 2010,4
2021,2021 Q2,Mexico,Human Health and Social Work Activities,Healthcare,SOC 2010,4
2021,2021 Q2,Mexico,Information and Communications,Technology,SOC 2010,4
2021,2021 Q2,Moldova,Information and Communications,Technology,SOC 2010,1
2021,2021 Q2,Mongolia,Education,Education,SOC 2010,4
2021,2021 Q2,Morocco,Construction,Engineering,SOC 2010,4
2021,2021 Q2,Morocco,Education,Education,SOC 2010,13
2021,2021 Q2,Morocco,Financial and Insurance Activities,Finance,SOC 2010,14
2021,2021 Q2,Morocco,Information and Communications,Technology,SOC 2010,2
2021,2021 Q2,Mozambique,Financial and Insurance Activities,Finance,SOC 2010,1
2021,2021 Q2,Myanmar (Burma),Human Health and Social Work Activities,Healthcare,SOC 2010,27
2021,2021 Q2,Myanmar (Burma),Information and Communications,Technology,SOC 2010,1
2021,2021 Q2,Namibia,Financial and Insurance Activities,Finance,SOC 2010,1
2021,2021 Q2,Namibia,Human Health and Social Work Activities,Healthcare,SOC 2010,3
2021,2021 Q2,Nepal,Education,Education,SOC 2010,1
2021,2021 Q2,Nepal,Financial and Insurance Activities,Finance,SOC 2010,14
2021,2021 Q2,Nepal,Human Health and Social Work Activities,Healthcare,SOC 2010,28
2021,2021 Q2,Nepal,Information and Communications,Technology,SOC 2010,4
2021,2021 Q2,Netherlands,Construction,Engineering,SOC 2010,8
2021,2021 Q2,Netherlands,Education,Education,SOC 2010,14
2021,2021 Q2,Netherlands,Financial and Insurance Activities,Finance,SOC 2010,28
2021,2021 Q2,Netherlands,Human Health and Social Work Activities,Healthcare,SOC 2010,7
2021,2021 Q2,Netherlands,Information and Communications,Technology,SOC 2010,7
2021,2021 Q2,New Zealand,Construction,Engineering,SOC 2010,2
2021,2021 Q2,New Zealand,Education,Education,SOC 2010,1
2021,2021 Q2,New Zealand,Financial and Insurance Activities,Finance,SOC 2010,9
2021,2021 Q2,New Zealand,Human Health and Social Work Activities,Healthcare,SOC 2010,16
2021,2021 Q2,New Zealand,Information and Communications,Technology,SOC 2010,4
2021,2021 Q2,Nicaragua,Human Health and Social Work Activities,Healthcare,SOC 2010,1
2021,2021 Q2,Nigeria,Education,Education,SOC 2010,30
2021,2021 Q2,Nigeria,Financial and Insurance Activities,Finance,SOC 2010,25
2021,2021 Q2,Nigeria,Human Health and Social Work Activities,Healthcare,SOC 2010,837
2021,2021 Q2,Nigeria,Information and Communications,Technology,SOC 2010,8
2021,2021 Q2,North Macedonia,Education,Education,SOC 2010,1
2021,2021 Q2,North Macedonia,Financial and Insurance Activities,Finance,SOC 2010,2
2021,2021 Q2,North Macedonia,Information and Communications,Technology,SOC 2010,2
2021,2021 Q2,Norway,Education,Education,SOC 2010,1
2021,2021 Q2,Norway,Financial and Insurance Activities,Finance,SOC 2010,2
2021,2021 Q2,Norway,Human Health and Social Work Activities,Healthcare,SOC 2010,2
2021,2021 Q2,Norway,Information and Communications,Technology,SOC 2010,3
2021,2021 Q2,Occupied Palestinian Territories,Human Health and Social Work Activities,Healthcare,SOC 2010,3
2021,2021 Q2,Occupied Palestinian Territories,Information and Communications,Technology,SOC 2010,3
2021,2021 Q2,Other and unknown,Human Health and Social Work Activities,Healthcare,SOC 2010,1
2021,2021 Q2,Pakistan,Construction,Engineering,SOC 2010,1
2021,2021 Q2,Pakistan,Education,Education,SOC 2010,21
2021,2021 Q2,Pakistan,Financial and Insurance Activities,Finance,SOC 2010,7
2021,2021 Q2,Pakistan,Human Health and Social Work Activities,Healthcare,SOC 2010,180
2021,2021 Q2,Pakistan,Information and Communications,Technology,SOC 2010,18
2021,2021 Q2,Peru,Construction,Engineering,SOC 2010,1
2021,2021 Q2,Peru,Education,Education,SOC 2010,2
2021,2021 Q2,Peru,Financial and Insurance Activities,Finance,SOC 2010,2
2021,2021 Q2,Peru,Information and Communications,Technology,SOC 2010,1
2021,2021 Q2,Philippines,Construction,Engineering,SOC 2010,7
2021,2021 Q2,Philippines,Education,Education,SOC 2010,3
2021,2021 Q2,Philippines,Financial and Insurance Activities,Finance,SOC 2010,13
2021,2021 Q2,Philippines,Human Health and Social Work Activities,Healthcare,SOC 2010,1213
2021,2021 Q2,Philippines,Information and Communications,Technology,SOC 2010,8
2021,2021 Q2,Poland,Construction,Engineering,SOC 2010,5
2021,2021 Q2,Poland,Education,Education,SOC 2010,34
2021,2021 Q2,Poland,Financial and Insurance Activities,Finance,SOC 2010,15
2021,2021 Q2,Poland,Human Health and Social Work Activities,Healthcare,SOC 2010,13
2021,2021 Q2,Poland,Information and Communications,Technology,SOC 2010,9
2021,2021 Q2,Portugal,Construction,Engineering,SOC 2010,4
2021,2021 Q2,Portugal,Education,Education,SOC 2010,33
2021,2021 Q2,Portugal,Financial and Insurance Activities,Finance,SOC 2010,17
2021,2021 Q2,Portugal,Human Health and Social Work Activities,Healthcare,SOC 2010,14
2021,2021 Q2,Portugal,Information and Communications,Technology,SOC 2010,10
2021,2021 Q2,Refugee,Human Health and Social Work Activities,Healthcare,SOC 2010,1
2021,2021 Q2,Romania,Construction,Engineering,SOC 2010,2
2021,2021 Q2,Romania,Education,Education,SOC 2010,12
2021,2021 Q2,Romania,Financial and Insurance Activities,Finance,SOC 2010,5
2021,2021 Q2,Romania,Human Health and Social Work Activities,Healthcare,SOC 2010,11
2021,2021 Q2,Romania,Information and Communications,Technology,SOC 2010,8
2021,2021 Q2,Russia,Construction,Engineering,SOC 2010,2
2021,2021 Q2,Russia,Education,Education,SOC 2010,23
2021,2021 Q2,Russia,Financial and Insurance Activities,Finance,SOC 2010,42
2021,2021 Q2,Russia,Human Health and Social Work Activities,Healthcare,SOC 2010,4
2021,2021 Q2,Russia,Information and Communications,Technology,SOC 2010,81
2021,2021 Q2,Rwanda,Education,Education,SOC 2010,1
2021,2021 Q2,Rwanda,Financial and Insurance Activities,Finance,SOC 2010,1
2021,2021 Q2,Saudi Arabia,Education,Education,SOC 2010,1
2021,2021 Q2,Saudi Arabia,Financial and Insurance Activities,Finance,SOC 2010,1
2021,2021 Q2,Saudi Arabia,Human Health and Social Work Activities,Healthcare,SOC 2010,7
2021,2021 Q2,Saudi Arabia,Information and Communications,Technology,SOC 2010,1
2021,2021 Q2,Senegal,Financial and Insurance Activities,Finance,SOC 2010,1
2021,2021 Q2,Serbia,Education,Education,SOC 2010,6
2021,2021 Q2,Serbia,Financial and Insurance Activities,Finance,SOC 2010,1
2021,2021 Q2,Serbia,Human Health and Social Work Activities,Healthcare,SOC 2010,2
2021,2021 Q2,Serbia,Information and Communications,Technology,SOC 2010,4
2021,2021 Q2,Singapore,Education,Education,SOC 2010,3
2021,2021 Q2,Singapore,Financial and Insurance Activities,Finance,SOC 2010,25
2021,2021 Q2,Singapore,Human Health and Social Work Activities,Healthcare,SOC 2010,10
2021,2021 Q2,Singapore,Information and Communications,Technology,SOC 2010,13
2021,2021 Q2,Slovakia,Education,Education,SOC 2010,1
2021,2021 Q2,Slovakia,Financial and Insurance Activities,Finance,SOC 2010,3
2021,2021 Q2,Slovakia,Information and Communications,Technology,SOC 2010,2
2021,2021 Q2,Slovenia,Education,Education,SOC 2010,1
2021,2021 Q2,Slovenia,Financial and Insurance Activities,Finance,SOC 2010,1
2021,2021 Q2,Slovenia,Human Health and Social Work Activities,Healthcare,SOC 2010,2
2021,2021 Q2,Somalia,Human Health and Social Work Activities,Healthcare,SOC 2010,5
2021,2021 Q2,South Africa,Construction,Engineering,SOC 2010,8
2021,2021 Q2,South Africa,Education,Education,SOC 2010,15
2021,2021 Q2,South Africa,Financial and Insurance Activities,Finance,SOC 2010,34
2021,2021 Q2,South Africa,Human Health and Social Work Activities,Healthcare,SOC 2010,50
2021,2021 Q2,South Africa,Information and Communications,Technology,SOC 2010,40
2021,2021 Q2,South Korea,Construction,Engineering,SOC 2010,2
2021,2021 Q2,South Korea,Education,Education,SOC 2010,21
2021,2021 Q2,South Korea,Financial and Insurance Activities,Finance,SOC 2010,15
2021,2021 Q2,South Korea,Human Health and Social Work Activities,Healthcare,SOC 2010,6
2021,2021 Q2,South Korea,Information and Communications,Technology,SOC 2010,13
2021,2021 Q2,Spain,Construction,Engineering,SOC 2010,34
2021,2021 Q2,Spain,Education,Education,SOC 2010,42
2021,2021 Q2,Spain,Financial and Insurance Activities,Finance,SOC 2010,45
2021,2021 Q2,Spain,Human Health and Social Work Activities,Healthcare,SOC 2010,19
2021,2021 Q2,Spain,Information and Communications,Technology,SOC 2010,24
2021,2021 Q2,Sri Lanka,Education,Education,SOC 2010,10
2021,2021 Q2,Sri Lanka,Financial and Insurance Activities,Finance,SOC 2010,7
2021,2021 Q2,Sri Lanka,Human Health and Social Work Activities,Healthcare,SOC 2010,75
2021,2021 Q2,Sri Lanka,Information and Communications,Technology,SOC 2010,5
2021,2021 Q2,St Kitts and Nevis,Human Health and Social Work Activities,Healthcare,SOC 2010,1
2021,2021 Q2,St Lucia,Human Health and Social Work Activities,Healthcare,SOC 2010,2
2021,2021 Q2,St Vincent and the Grenadines,Human Health and Social Work Activities,Healthcare,SOC 2010,5
2021,2021 Q2,Stateless,Financial and Insurance Activities,Finance,SOC 2010,1
2021,2021 Q2,Sudan,Education,Education,SOC 2010,2
2021,2021 Q2,Sudan,Human Health and Social Work Activities,Healthcare,SOC 2010,75
2021,2021 Q2,Sudan,Information and Communications,Technology,SOC 2010,2
2021,2021 Q2,Sweden,Construction,Engineering,SOC 2010,2
2021,2021 Q2,Sweden,Education,Education,SOC 2010,8
2021,2021 Q2,Sweden,Financial and Insurance Activities,Finance,SOC 2010,26
2021,2021 Q2,Sweden,Human Health and Social Work Activities,Healthcare,SOC 2010,4
2021,2021 Q2,Sweden,Information and Communications,Technology,SOC 2010,5
2021,2021 Q2,Switzerland,Education,Education,SOC 2010,8
2021,2021 Q2,Switzerland,Financial and Insurance Activities,Finance,SOC 2010,16
2021,2021 Q2,Switzerland,Human Health and Social Work Activities,Healthcare,SOC 2010,5
2021,2021 Q2,Switzerland,Information and Communications,Technology,SOC 2010,4
2021,2021 Q2,Syria,Education,Education,SOC 2010,3
2021,2021 Q2,Syria,Human Health and Social Work Activities,Healthcare,SOC 2010,3
2021,2021 Q2,Syria,Information and Communications,Technology,SOC 2010,2
2021,2021 Q2,Taiwan,Construction,Engineering,SOC 2010,1
2021,2021 Q2,Taiwan,Education,Education,SOC 2010,5
2021,2021 Q2,Taiwan,Financial and Insurance Activities,Finance,SOC 2010,10
2021,2021 Q2,Taiwan,Human Health and Social Work Activities,Healthcare,SOC 2010,1
2021,2021 Q2,Taiwan,Information and Communications,Technology,SOC 2010,9
2021,2021 Q2,Tanzania,Education,Education,SOC 2010,1
2021,2021 Q2,Thailand,Construction,Engineering,SOC 2010,4
2021,2021 Q2,Thailand,Education,Education,SOC 2010,15
2021,2021 Q2,Thailand,Financial and Insurance Activities,Finance,SOC 2010,1
2021,2021 Q2,Thailand,Human Health and Social Work Activities,Healthcare,SOC 2010,4
2021,2021 Q2,Trinidad and Tobago,Education,Education,SOC 2010,2
2021,2021 Q2,Trinidad and Tobago,Human Health and Social Work Activities,Healthcare,SOC 2010,11
2021,2021 Q2,Trinidad and Tobago,Information and Communications,Technology,SOC 2010,1
2021,2021 Q2,Tunisia,Education,Education,SOC 2010,4
2021,2021 Q2,Tunisia,Financial and Insurance Activities,Finance,SOC 2010,8
2021,2021 Q2,Tunisia,Human Health and Social Work Activities,Healthcare,SOC 2010,2
2021,2021 Q2,Tunisia,Information and Communications,Technology,SOC 2010,2
2021,2021 Q2,Turkey,Construction,Engineering,SOC 2010,7
2021,2021 Q2,Turkey,Education,Education,SOC 2010,33
2021,2021 Q2,Turkey,Financial and Insurance Activities,Finance,SOC 2010,20
2021,2021 Q2,Turkey,Human Health and Social Work Activities,Healthcare,SOC 2010,6
2021,2021 Q2,Turkey,Information and Communications,Technology,SOC 2010,33
2021,2021 Q2,Uganda,Education,Education,SOC 2010,1
2021,2021 Q2,Uganda,Human Health and Social Work Activities,Healthcare,SOC 2010,8
2021,2021 Q2,Uganda,Information and Communications,Technology,SOC 2010,3
2021,2021 Q2,Ukraine,Construction,Engineering,SOC 2010,2
2021,2021 Q2,Ukraine,Education,Education,SOC 2010,10
2021,2021 Q2,Ukraine,Financial and Insurance Activities,Finance,SOC 2010,6
2021,2021 Q2,Ukraine,Human Health and Social Work Activities,Healthcare,SOC 2010,3
2021,2021 Q2,Ukraine,Information and Communications,Technology,SOC 2010,30
2021,2021 Q2,United States,Construction,Engineering,SOC 2010,8
2021,2021 Q2,United States,Education,Education,SOC 2010,187
2021,2021 Q2,United States,Financial and Insurance Activities,Finance,SOC 2010,149
2021,2021 Q2,United States,Human Health and Social Work Activities,Healthcare,SOC 2010,57
2021,2021 Q2,United States,Information and Communications,Technology,SOC 2010,208
2021,2021 Q2,Uruguay,Education,Education,SOC 2010,1
2021,2021 Q2,Uzbekistan,Financial and Insurance Activities,Finance,SOC 2010,1
2021,2021 Q2,Uzbekistan,Information and Communications,Technology,SOC 2010,1
2021,2021 Q2,Venezuela,Construction,Engineering,SOC 2010,2
2021,2021 Q2,Venezuela,Financial and Insurance Activities,Finance,SOC 2010,1
2021,2021 Q2,Venezuela,Information and Communications,Technology,SOC 2010,1
2021,2021 Q2,Vietnam,Education,Education,SOC 2010,5
2021,2021 Q2,Vietnam,Financial and Insurance Activities,Finance,SOC 2010,2
2021,2021 Q2,Vietnam,Information and Communications,Technology,SOC 2010,5
2021,2021 Q2,Yemen,Education,Education,SOC 2010,2
2021,2021 Q2,Yemen,Human Health and Social Work Activities,Healthcare,SOC 2010,4
2021,2021 Q2,Zambia,Human Health and Social Work Activities,Healthcare,SOC 2010,15
2021,2021 Q2,Zimbabwe,Construction,Engineering,SOC 2010,1
2021,2021 Q2,Zimbabwe,Education,Education,SOC 2010,4
2021,2021 Q2,Zimbabwe,Financial and Insurance Activities,Finance,SOC 2010,6
2021,2021 Q2,Zimbabwe,Human Health and Social Work Activities,Healthcare,SOC 2010,255
2021,2021 Q3,Afghanistan,Education,Education,SOC 2010,4
2021,2021 Q3,Afghanistan,Human Health and Social Work Activities,Healthcare,SOC 2010,1
2021,2021 Q3,Albania,Construction,Engineering,SOC 2010,4
2021,2021 Q3,Albania,Education,Education,SOC 2010,1
2021,2021 Q3,Albania,Financial and Insurance Activities,Finance,SOC 2010,5
2021,2021 Q3,Albania,Human Health and Social Work Activities,Healthcare,SOC 2010,2
2021,2021 Q3,Albania,Information and Communications,Technology,SOC 2010,5
2021,2021 Q3,Algeria,Construction,Engineering,SOC 2010,1
2021,2021 Q3,Algeria,Education,Education,SOC 2010,5
2021,2021 Q3,Algeria,Financial and Insurance Activities,Finance,SOC 2010,2
2021,2021 Q3,Algeria,Information and Communications,Technology,SOC 2010,1
2021,2021 Q3,Angola,Education,Education,SOC 2010,1
2021,2021 Q3,Antigua and Barbuda,Human Health and Social Work Activities,Healthcare,SOC 2010,1
2021,2021 Q3,Argentina,Education,Education,SOC 2010,12
2021,2021 Q3,Argentina,Financial and Insurance Activities,Finance,SOC 2010,11
2021,2021 Q3,Argentina,Information and Communications,Technology,SOC 2010,18
2021,2021 Q3,Armenia,Financial and Insurance Activities,Finance,SOC 2010,1
2021,2021 Q3,Armenia,Information and Communications,Technology,SOC 2010,3
2021,2021 Q3,Australia,Construction,Engineering,SOC 2010,7
2021,2021 Q3,Australia,Education,Education,SOC 2010,34
2021,2021 Q3,Australia,Financial and Insurance Activities,Finance,SOC 2010,29
2021,2021 Q3,Australia,Human Health and Social Work Activities,Healthcare,SOC 2010,61
2021,2021 Q3,Australia,Information and Communications,Technology,SOC 2010,30
2021,2021 Q3,Austria,Construction,Engineering,SOC 2010,2
2021,2021 Q3,Austria,Education,Education,SOC 2010,29
2021,2021 Q3,Austria,Financial and Insurance Activities,Finance,SOC 2010,12
2021,2021 Q3,Austria,Human Health and Social Work Activities,Healthcare,SOC 2010,6
2021,2021 Q3,Austria,Information and Communications,Technology,SOC 2010,4
2021,2021 Q3,Azerbaijan,Construction,Engineering,SOC 2010,1
2021,2021 Q3,Azerbaijan,Education,Education,SOC 2010,4
2021,2021 Q3,Azerbaijan,Financial and Insurance Activities,Finance,SOC 2010,1
2021,2021 Q3,Azerbaijan,Human Health and Social Work Activities,Healthcare,SOC 2010,1
2021,2021 Q3,Azerbaijan,Information and Communications,Technology,SOC 2010,1
2021,2021 Q3,"Bahamas, The",Financial and Insurance Activities,Finance,SOC 2010,1
2021,2021 Q3,"Bahamas, The",Human Health and Social Work Activities,Healthcare,SOC 2010,1
2021,2021 Q3,Bahrain,Financial and Insurance Activities,Finance,SOC 2010,2
2021,2021 Q3,Bahrain,Human Health and Social Work Activities,Healthcare,SOC 2010,15
2021,2021 Q3,Bangladesh,Construction,Engineering,SOC 2010,1
2021,2021 Q3,Bangladesh,Education,Education,SOC 2010,9
2021,2021 Q3,Bangladesh,Financial and Insurance Activities,Finance,SOC 2010,1
2021,2021 Q3,Bangladesh,Human Health and Social Work Activities,Healthcare,SOC 2010,43
2021,2021 Q3,Bangladesh,Information and Communications,Technology,SOC 2010,4
2021,2021 Q3,Barbados,Education,Education,SOC 2010,1
2021,2021 Q3,Barbados,Human Health and Social Work Activities,Healthcare,SOC 2010,7
2021,2021 Q3,Belarus,Education,Education,SOC 2010,1
2021,2021 Q3,Belarus,Financial and Insurance Activities,Finance,SOC 2010,5
2021,2021 Q3,Belarus,Information and Communications,Technology,SOC 2010,22
2021,2021 Q3,Belgium,Construction,Engineering,SOC 2010,1
2021,2021 Q3,Belgium,Education,Education,SOC 2010,17
2021,2021 Q3,Belgium,Financial and Insurance Activities,Finance,SOC 2010,30
2021,2021 Q3,Belgium,Human Health and Social Work Activities,Healthcare,SOC 2010,20
2021,2021 Q3,Belgium,Information and Communications,Technology,SOC 2010,16
2021,2021 Q3,Belize,Human Health and Social Work Activities,Healthcare,SOC 2010,4
2021,2021 Q3,Benin,Education,Education,SOC 2010,1
2021,2021 Q3,Bhutan,Financial and Insurance Activities,Finance,SOC 2010,1
2021,2021 Q3,Bolivia,Education,Education,SOC 2010,1
2021,2021 Q3,Bolivia,Information and Communications,Technology,SOC 2010,1
2021,2021 Q3,Botswana,Financial and Insurance Activities,Finance,SOC 2010,1
2021,2021 Q3,Botswana,Human Health and Social Work Activities,Healthcare,SOC 2010,9
2021,2021 Q3,Brazil,Construction,Engineering,SOC 2010,5
2021,2021 Q3,Brazil,Education,Education,SOC 2010,82
2021,2021 Q3,Brazil,Financial and Insurance Activities,Finance,SOC 2010,44
2021,2021 Q3,Brazil,Human Health and Social Work Activities,Healthcare,SOC 2010,34
2021,2021 Q3,Brazil,Information and Communications,Technology,SOC 2010,48
2021,2021 Q3,Brunei,Human Health and Social Work Activities,Healthcare,SOC 2010,3
2021,2021 Q3,Bulgaria,Construction,Engineering,SOC 2010,1
2021,2021 Q3,Bulgaria,Education,Education,SOC 2010,6
2021,2021 Q3,Bulgaria,Financial and Insurance Activities,Finance,SOC 2010,5
2021,2021 Q3,Bulgaria,Human Health and Social Work Activities,Healthcare,SOC 2010,2
2021,2021 Q3,Bulgaria,Information and Communications,Technology,SOC 2010,7
2021,2021 Q3,Cameroon,Construction,Engineering,SOC 2010,1
2021,2021 Q3,Cameroon,Education,Education,SOC 2010,2
2021,2021 Q3,Cameroon,Financial and Insurance Activities,Finance,SOC 2010,1
2021,2021 Q3,Cameroon,Human Health and Social Work Activities,Healthcare,SOC 2010,6
2021,2021 Q3,Canada,Construction,Engineering,SOC 2010,4
2021,2021 Q3,Canada,Education,Education,SOC 2010,53
2021,2021 Q3,Canada,Financial and Insurance Activities,Finance,SOC 2010,43
2021,2021 Q3,Canada,Human Health and Social Work Activities,Healthcare,SOC 2010,64
2021,2021 Q3,Canada,Information and Communications,Technology,SOC 2010,43
2021,2021 Q3,Cape Verde,Information and Communications,Technology,SOC 2010,1
2021,2021 Q3,Chile,Construction,Engineering,SOC 2010,1
2021,2021 Q3,Chile,Education,Education,SOC 2010,20
2021,2021 Q3,Chile,Financial and Insurance Activities,Finance,SOC 2010,2
2021,2021 Q3,Chile,Human Health and Social Work Activities,Healthcare,SOC 2010,3
2021,2021 Q3,Chile,Information and Communications,Technology,SOC 2010,4
2021,2021 Q3,China,Construction,Engineering,SOC 2010,4
2021,2021 Q3,China,Education,Education,SOC 2010,275
2021,2021 Q3,China,Financial and Insurance Activities,Finance,SOC 2010,93
2021,2021 Q3,China,Human Health and Social Work Activities,Healthcare,SOC 2010,4
2021,2021 Q3,China,Information and Communications,Technology,SOC 2010,73
2021,2021 Q3,Colombia,Construction,Engineering,SOC 2010,2
2021,2021 Q3,Colombia,Education,Education,SOC 2010,16
2021,2021 Q3,Colombia,Financial and Insurance Activities,Finance,SOC 2010,2
2021,2021 Q3,Colombia,Human Health and Social Work Activities,Healthcare,SOC 2010,8
2021,2021 Q3,Colombia,Information and Communications,Technology,SOC 2010,8
2021,2021 Q3,Costa Rica,Financial and Insurance Activities,Finance,SOC 2010,2
2021,2021 Q3,Costa Rica,Human Health and Social Work Activities,Healthcare,SOC 2010,1
2021,2021 Q3,Costa Rica,Information and Communications,Technology,SOC 2010,1
2021,2021 Q3,Croatia,Education,Education,SOC 2010,4
2021,2021 Q3,Croatia,Financial and Insurance Activities,Finance,SOC 2010,3
2021,2021 Q3,Croatia,Human Health and Social Work Activities,Healthcare,SOC 2010,1
2021,2021 Q3,Croatia,Information and Communications,Technology,SOC 2010,4
2021,2021 Q3,Cuba,Education,Education,SOC 2010,1
2021,2021 Q3,Cyprus,Education,Education,SOC 2010,4
2021,2021 Q3,Cyprus,Financial and Insurance Activities,Finance,SOC 2010,2
2021,2021 Q3,Cyprus,Human Health and Social Work Activities,Healthcare,SOC 2010,7
2021,2021 Q3,Cyprus,Information and Communications,Technology,SOC 2010,1
2021,2021 Q3,Czechia,Construction,Engineering,SOC 2010,2
2021,2021 Q3,Czechia,Education,Education,SOC 2010,14
2021,2021 Q3,Czechia,Financial and Insurance Activities,Finance,SOC 2010,1
2021,2021 Q3,Czechia,Human Health and Social Work Activities,Healthcare,SOC 2010,1
2021,2021 Q3,Czechia,Information and Communications,Technology,SOC 2010,5
2021,2021 Q3,Denmark,Construction,Engineering,SOC 2010,6
2021,2021 Q3,Denmark,Education,Education,SOC 2010,21
2021,2021 Q3,Denmark,Financial and Insurance Activities,Finance,SOC 2010,16
2021,2021 Q3,Denmark,Human Health and Social Work Activities,Healthcare,SOC 2010,2
2021,2021 Q3,Denmark,Information and Communications,Technology,SOC 2010,3
2021,2021 Q3,Djibouti,Human Health and Social Work Activities,Healthcare,SOC 2010,3
2021,2021 Q3,Dominica,Human Health and Social Work Activities,Healthcare,SOC 2010,1
2021,2021 Q3,Dominican Republic,Education,Education,SOC 2010,1
2021,2021 Q3,Dominican Republic,Financial and Insurance Activities,Finance,SOC 2010,1
2021,2021 Q3,Ecuador,Education,Education,SOC 2010,4
2021,2021 Q3,Ecuador,Financial and Insurance Activities,Finance,SOC 2010,1
2021,2021 Q3,Ecuador,Human Health and Social Work Activities,Healthcare,SOC 2010,2
2021,2021 Q3,Egypt,Construction,Engineering,SOC 2010,6
2021,2021 Q3,Egypt,Education,Education,SOC 2010,24
2021,2021 Q3,Egypt,Financial and Insurance Activities,Finance,SOC 2010,4
2021,2021 Q3,Egypt,Human Health and Social Work Activities,Healthcare,SOC 2010,252
2021,2021 Q3,Egypt,Information and Communications,Technology,SOC 2010,30
2021,2021 Q3,El Salvador,Financial and Insurance Activities,Finance,SOC 2010,1
2021,2021 Q3,Eritrea,Education,Education,SOC 2010,1
2021,2021 Q3,Estonia,Education,Education,SOC 2010,2
2021,2021 Q3,Estonia,Financial and Insurance Activities,Finance,SOC 2010,1
2021,2021 Q3,Estonia,Human Health and Social Work Activities,Healthcare,SOC 2010,1
2021,2021 Q3,Eswatini,Human Health and Social Work Activities,Healthcare,SOC 2010,3
2021,2021 Q3,Ethiopia,Construction,Engineering,SOC 2010,1
2021,2021 Q3,Ethiopia,Education,Education,SOC 2010,4
2021,2021 Q3,Ethiopia,Human Health and Social Work Activities,Healthcare,SOC 2010,1
2021,2021 Q3,Finland,Construction,Engineering,SOC 2010,2
2021,2021 Q3,Finland,Education,Education,SOC 2010,5
2021,2021 Q3,Finland,Financial and Insurance Activities,Finance,SOC 2010,14
2021,2021 Q3,Finland,Human Health and Social Work Activities,Healthcare,SOC 2010,2
2021,2021 Q3,Finland,Information and Communications,Technology,SOC 2010,8
2021,2021 Q3,France,Construction,Engineering,SOC 2010,41
2021,2021 Q3,France,Education,Education,SOC 2010,334
2021,2021 Q3,France,Financial and Insurance Activities,Finance,SOC 2010,203
2021,2021 Q3,France,Human Health and Social Work Activities,Healthcare,SOC 2010,11
2021,2021 Q3,France,Information and Communications,Technology,SOC 2010,78
2021,2021 Q3,Gabon,Financial and Insurance Activities,Finance,SOC 2010,1
2021,2021 Q3,"Gambia, The",Human Health and Social Work Activities,Healthcare,SOC 2010,1
2021,2021 Q3,Georgia,Education,Education,SOC 2010,1
2021,2021 Q3,Georgia,Financial and Insurance Activities,Finance,SOC 2010,2
2021,2021 Q3,Georgia,Information and Communications,Technology,SOC 2010,3
2021,2021 Q3,Germany,Construction,Engineering,SOC 2010,16
2021,2021 Q3,Germany,Education,Education,SOC 2010,344
2021,2021 Q3,Germany,Financial and Insurance Activities,Finance,SOC 2010,105
2021,2021 Q3,Germany,Human Health and Social Work Activities,Healthcare,SOC 2010,207
2021,2021 Q3,Germany,Information and Communications,Technology,SOC 2010,37
2021,2021 Q3,Ghana,Construction,Engineering,SOC 2010,1
2021,2021 Q3,Ghana,Education,Education,SOC 2010,9
2021,2021 Q3,Ghana,Financial and Insurance Activities,Finance,SOC 2010,12
2021,2021 Q3,Ghana,Human Health and Social Work Activities,Healthcare,SOC 2010,283
2021,2021 Q3,Ghana,Information and Communications,Technology,SOC 2010,2
2021,2021 Q3,Greece,Construction,Engineering,SOC 2010,8
2021,2021 Q3,Greece,Education,Education,SOC 2010,32
2021,2021 Q3,Greece,Financial and Insurance Activities,Finance,SOC 2010,10
2021,2021 Q3,Greece,Human Health and Social Work Activities,Healthcare,SOC 2010,41
2021,2021 Q3,Greece,Information and Communications,Technology,SOC 2010,11
2021,2021 Q3,Grenada,Financial and Insurance Activities,Finance,SOC 2010,1
2021,2021 Q3,Grenada,Human Health and Social Work Activities,Healthcare,SOC 2010,5
2021,2021 Q3,Guatemala,Education,Education,SOC 2010,1
2021,2021 Q3,Guatemala,Human Health and Social Work Activities,Healthcare,SOC 2010,2
2021,2021 Q3,Guatemala,Information and Communications,Technology,SOC 2010,1
2021,2021 Q3,Guyana,Human Health and Social Work Activities,Healthcare,SOC 2010,51
2021,2021 Q3,Honduras,Human Health and Social Work Activities,Healthcare,SOC 2010,1
2021,2021 Q3,Hong Kong,Construction,Engineering,SOC 2010,1
2021,2021 Q3,Hong Kong,Education,Education,SOC 2010,7
2021,2021 Q3,Hong Kong,Financial and Insurance Activities,Finance,SOC 2010,26
2021,2021 Q3,Hong Kong,Human Health and Social Work Activities,Healthcare,SOC 2010,11
2021,2021 Q3,Hong Kong,Information and Communications,Technology,SOC 2010,9
2021,2021 Q3,Hungary,Education,Education,SOC 2010,14
2021,2021 Q3,Hungary,Financial and Insurance Activities,Finance,SOC 2010,12
2021,2021 Q3,Hungary,Human Health and Social Work Activities,Healthcare,SOC 2010,5
2021,2021 Q3,Hungary,Information and Communications,Technology,SOC 2010,9
2021,2021 Q3,Iceland,Information and Communications,Technology,SOC 2010,2
2021,2021 Q3,India,Construction,Engineering,SOC 2010,61
2021,2021 Q3,India,Education,Education,SOC 2010,242
2021,2021 Q3,India,Financial and Insurance Activities,Finance,SOC 2010,551
2021,2021 Q3,India,Human Health and Social Work Activities,Healthcare,SOC 2010,3346
2021,2021 Q3,India,Information and Communications,Technology,SOC 2010,3172
2021,2021 Q3,Indonesia,Construction,Engineering,SOC 2010,1
2021,2021 Q3,Indonesia,Education,Education,SOC 2010,6
2021,2021 Q3,Indonesia,Financial and Insurance Activities,Finance,SOC 2010,6
2021,2021 Q3,Indonesia,Human Health and Social Work Activities,Healthcare,SOC 2010,3
2021,2021 Q3,Indonesia,Information and Communications,Technology,SOC 2010,7
2021,2021 Q3,Iran,Construction,Engineering,SOC 2010,1
2021,2021 Q3,Iran,Education,Education,SOC 2010,52
2021,2021 Q3,Iran,Financial and Insurance Activities,Finance,SOC 2010,5
2021,2021 Q3,Iran,Human Health and Social Work Activities,Healthcare,SOC 2010,10
2021,2021 Q3,Iran,Information and Communications,Technology,SOC 2010,9
2021,2021 Q3,Iraq,Education,Education,SOC 2010,5
2021,2021 Q3,Iraq,Human Health and Social Work Activities,Healthcare,SOC 2010,22
2021,2021 Q3,Iraq,Information and Communications,Technology,SOC 2010,1
2021,2021 Q3,Israel,Construction,Engineering,SOC 2010,1
2021,2021 Q3,Israel,Education,Education,SOC 2010,34
2021,2021 Q3,Israel,Financial and Insurance Activities,Finance,SOC 2010,5
2021,2021 Q3,Israel,Human Health and Social Work Activities,Healthcare,SOC 2010,9
2021,2021 Q3,Israel,Information and Communications,Technology,SOC 2010,16
2021,2021 Q3,Italy,Construction,Engineering,SOC 2010,10
2021,2021 Q3,Italy,Education,Education,SOC 2010,136
2021,2021 Q3,Italy,Financial and Insurance Activities,Finance,SOC 2010,132
2021,2021 Q3,Italy,Human Health and Social Work Activities,Healthcare,SOC 2010,35
2021,2021 Q3,Italy,Information and Communications,Technology,SOC 2010,52
2021,2021 Q3,Ivory Coast,Financial and Insurance Activities,Finance,SOC 2010,1
2021,2021 Q3,Jamaica,Construction,Engineering,SOC 2010,1
2021,2021 Q3,Jamaica,Education,Education,SOC 2010,23
2021,2021 Q3,Jamaica,Human Health and Social Work Activities,Healthcare,SOC 2010,30
2021,2021 Q3,Jamaica,Information and Communications,Technology,SOC 2010,3
2021,2021 Q3,Japan,Construction,Engineering,SOC 2010,2
2021,2021 Q3,Japan,Education,Education,SOC 2010,31
2021,2021 Q3,Japan,Financial and Insurance Activities,Finance,SOC 2010,71
2021,2021 Q3,Japan,Human Health and Social Work Activities,Healthcare,SOC 2010,6
2021,2021 Q3,Japan,Information and Communications,Technology,SOC 2010,46
2021,2021 Q3,Jordan,Education,Education,SOC 2010,6
2021,2021 Q3,Jordan,Financial and Insurance Activities,Finance,SOC 2010,4
2021,2021 Q3,Jordan,Human Health and Social Work Activities,Healthcare,SOC 2010,55
2021,2021 Q3,Jordan,Information and Communications,Technology,SOC 2010,2
2021,2021 Q3,Kazakhstan,Construction,Engineering,SOC 2010,1
2021,2021 Q3,Kazakhstan,Education,Education,SOC 2010,4
2021,2021 Q3,Kazakhstan,Financial and Insurance Activities,Finance,SOC 2010,4
2021,2021 Q3,Kazakhstan,Human Health and Social Work Activities,Healthcare,SOC 2010,1
2021,2021 Q3,Kazakhstan,Information and Communications,Technology,SOC 2010,7
2021,2021 Q3,Kenya,Construction,Engineering,SOC 2010,1
2021,2021 Q3,Kenya,Education,Education,SOC 2010,10
2021,2021 Q3,Kenya,Financial and Insurance Activities,Finance,SOC 2010,5
2021,2021 Q3,Kenya,Human Health and Social Work Activities,Healthcare,SOC 2010,168
2021,2021 Q3,Kenya,Information and Communications,Technology,SOC 2010,9
2021,2021 Q3,Kuwait,Financial and Insurance Activities,Finance,SOC 2010,1
2021,2021 Q3,Kuwait,Human Health and Social Work Activities,Healthcare,SOC 2010,11
2021,2021 Q3,Kyrgyzstan,Financial and Insurance Activities,Finance,SOC 2010,2
2021,2021 Q3,Kyrgyzstan,Information and Communications,Technology,SOC 2010,2
2021,2021 Q3,Latvia,Construction,Engineering,SOC 2010,3
2021,2021 Q3,Latvia,Education,Education,SOC 2010,2
2021,2021 Q3,Latvia,Financial and Insurance Activities,Finance,SOC 2010,4
2021,2021 Q3,Latvia,Human Health and Social Work Activities,Healthcare,SOC 2010,1
2021,2021 Q3,Latvia,Information and Communications,Technology,SOC 2010,2
2021,2021 Q3,Lebanon,Construction,Engineering,SOC 2010,3
2021,2021 Q3,Lebanon,Education,Education,SOC 2010,10
2021,2021 Q3,Lebanon,Financial and Insurance Activities,Finance,SOC 2010,15
2021,2021 Q3,Lebanon,Human Health and Social Work Activities,Healthcare,SOC 2010,21
2021,2021 Q3,Lebanon,Information and Communications,Technology,SOC 2010,9
2021,2021 Q3,Lesotho,Human Health and Social Work Activities,Healthcare,SOC 2010,5
2021,2021 Q3,Liberia,Education,Education,SOC 2010,1
2021,2021 Q3,Libya,Education,Education,SOC 2010,1
2021,2021 Q3,Libya,Human Health and Social Work Activities,Healthcare,SOC 2010,5
2021,2021 Q3,Lithuania,Construction,Engineering,SOC 2010,3
2021,2021 Q3,Lithuania,Education,Education,SOC 2010,1
2021,2021 Q3,Lithuania,Financial and Insurance Activities,Finance,SOC 2010,3
2021,2021 Q3,Lithuania,Human Health and Social Work Activities,Healthcare,SOC 2010,1
2021,2021 Q3,Lithuania,Information and Communications,Technology,SOC 2010,4
2021,2021 Q3,Luxembourg,Financial and Insurance Activities,Finance,SOC 2010,2
2021,2021 Q3,Macau,Human Health and Social Work Activities,Healthcare,SOC 2010,1
2021,2021 Q3,Malawi,Education,Education,SOC 2010,1
2021,2021 Q3,Malawi,Human Health and Social Work Activities,Healthcare,SOC 2010,2
2021,2021 Q3,Malawi,Information and Communications,Technology,SOC 2010,1
2021,2021 Q3,Malaysia,Construction,Engineering,SOC 2010,2
2021,2021 Q3,Malaysia,Education,Education,SOC 2010,19
2021,2021 Q3,Malaysia,Financial and Insurance Activities,Finance,SOC 2010,23
2021,2021 Q3,Malaysia,Human Health and Social Work Activities,Healthcare,SOC 2010,134
2021,2021 Q3,Malaysia,Information and Communications,Technology,SOC 2010,9
2021,2021 Q3,Maldives,Human Health and Social Work Activities,Healthcare,SOC 2010,3
2021,2021 Q3,Malta,Education,Education,SOC 2010,2
2021,2021 Q3,Malta,Financial and Insurance Activities,Finance,SOC 2010,1
2021,2021 Q3,Malta,Human Health and Social Work Activities,Healthcare,SOC 2010,12
2021,2021 Q3,Mauritania,Construction,Engineering,SOC 2010,1
2021,2021 Q3,Mauritius,Construction,Engineering,SOC 2010,1
2021,2021 Q3,Mauritius,Financial and Insurance Activities,Finance,SOC 2010,2
2021,2021 Q3,Mauritius,Human Health and Social Work Activities,Healthcare,SOC 2010,16
2021,2021 Q3,Mauritius,Information and Communications,Technology,SOC 2010,2
2021,2021 Q3,Mexico,Construction,Engineering,SOC 2010,1
2021,2021 Q3,Mexico,Education,Education,SOC 2010,35
2021,2021 Q3,Mexico,Financial and Insurance Activities,Finance,SOC 2010,17
2021,2021 Q3,Mexico,Human Health and Social Work Activities,Healthcare,SOC 2010,5
2021,2021 Q3,Mexico,Information and Communications,Technology,SOC 2010,7
2021,2021 Q3,Moldova,Construction,Engineering,SOC 2010,1
2021,2021 Q3,Moldova,Education,Education,SOC 2010,1
2021,2021 Q3,Moldova,Information and Communications,Technology,SOC 2010,1
2021,2021 Q3,Montenegro,Education,Education,SOC 2010,2
2021,2021 Q3,Montenegro,Information and Communications,Technology,SOC 2010,1
2021,2021 Q3,Morocco,Construction,Engineering,SOC 2010,2
2021,2021 Q3,Morocco,Education,Education,SOC 2010,7
2021,2021 Q3,Morocco,Financial and Insurance Activities,Finance,SOC 2010,13
2021,2021 Q3,Morocco,Human Health and Social Work Activities,Healthcare,SOC 2010,4
2021,2021 Q3,Morocco,Information and Communications,Technology,SOC 2010,5
2021,2021 Q3,Mozambique,Financial and Insurance Activities,Finance,SOC 2010,1
2021,2021 Q3,Myanmar (Burma),Education,Education,SOC 2010,3
2021,2021 Q3,Myanmar (Burma),Human Health and Social Work Activities,Healthcare,SOC 2010,23
2021,2021 Q3,Myanmar (Burma),Information and Communications,Technology,SOC 2010,1
2021,2021 Q3,Namibia,Financial and Insurance Activities,Finance,SOC 2010,1
2021,2021 Q3,Namibia,Human Health and Social Work Activities,Healthcare,SOC 2010,3
2021,2021 Q3,Nepal,Construction,Engineering,SOC 2010,2
2021,2021 Q3,Nepal,Education,Education,SOC 2010,6
2021,2021 Q3,Nepal,Financial and Insurance Activities,Finance,SOC 2010,30
2021,2021 Q3,Nepal,Human Health and Social Work Activities,Healthcare,SOC 2010,76
2021,2021 Q3,Nepal,Information and Communications,Technology,SOC 2010,1
2021,2021 Q3,Netherlands,Construction,Engineering,SOC 2010,18
2021,2021 Q3,Netherlands,Education,Education,SOC 2010,29
2021,2021 Q3,Netherlands,Financial and Insurance Activities,Finance,SOC 2010,41
2021,2021 Q3,Netherlands,Human Health and Social Work Activities,Healthcare,SOC 2010,8
2021,2021 Q3,Netherlands,Information and Communications,Technology,SOC 2010,24
2021,2021 Q3,New Zealand,Construction,Engineering,SOC 2010,1
2021,2021 Q3,New Zealand,Education,Education,SOC 2010,8
2021,2021 Q3,New Zealand,Financial and Insurance Activities,Finance,SOC 2010,7
2021,2021 Q3,New Zealand,Human Health and Social Work Activities,Healthcare,SOC 2010,5
2021,2021 Q3,New Zealand,Information and Communications,Technology,SOC 2010,10
2021,2021 Q3,Nicaragua,Education,Education,SOC 2010,1
2021,2021 Q3,Nigeria,Construction,Engineering,SOC 2010,1
2021,2021 Q3,Nigeria,Education,Education,SOC 2010,28
2021,2021 Q3,Nigeria,Financial and Insurance Activities,Finance,SOC 2010,51
2021,2021 Q3,Nigeria,Human Health and Social Work Activities,Healthcare,SOC 2010,1038
2021,2021 Q3,Nigeria,Information and Communications,Technology,SOC 2010,28
2021,2021 Q3,North Macedonia,Education,Education,SOC 2010,2
2021,2021 Q3,North Macedonia,Financial and Insurance Activities,Finance,SOC 2010,1
2021,2021 Q3,Norway,Construction,Engineering,SOC 2010,2
2021,2021 Q3,Norway,Education,Education,SOC 2010,23
2021,2021 Q3,Norway,Financial and Insurance Activities,Finance,SOC 2010,11
2021,2021 Q3,Norway,Human Health and Social Work Activities,Healthcare,SOC 2010,1
2021,2021 Q3,Norway,Information and Communications,Technology,SOC 2010,6
2021,2021 Q3,Occupied Palestinian Territories,Human Health and Social Work Activities,Healthcare,SOC 2010,40
2021,2021 Q3,Occupied Palestinian Territories,Information and Communications,Technology,SOC 2010,4
2021,2021 Q3,Oman,Education,Education,SOC 2010,2
2021,2021 Q3,Oman,Human Health and Social Work Activities,Healthcare,SOC 2010,2
2021,2021 Q3,Pakistan,Construction,Engineering,SOC 2010,3
2021,2021 Q3,Pakistan,Education,Education,SOC 2010,49
2021,2021 Q3,Pakistan,Financial and Insurance Activities,Finance,SOC 2010,35
2021,2021 Q3,Pakistan,Human Health and Social Work Activities,Healthcare,SOC 2010,378
2021,2021 Q3,Pakistan,Information and Communications,Technology,SOC 2010,24
2021,2021 Q3,Paraguay,Information and Communications,Technology,SOC 2010,1
2021,2021 Q3,Peru,Education,Education,SOC 2010,2
2021,2021 Q3,Peru,Financial and Insurance Activities,Finance,SOC 2010,2
2021,2021 Q3,Peru,Human Health and Social Work Activities,Healthcare,SOC 2010,1
2021,2021 Q3,Peru,Information and Communications,Technology,SOC 2010,6
2021,2021 Q3,Philippines,Construction,Engineering,SOC 2010,7
2021,2021 Q3,Philippines,Education,Education,SOC 2010,4
2021,2021 Q3,Philippines,Financial and Insurance Activities,Finance,SOC 2010,40
2021,2021 Q3,Philippines,Human Health and Social Work Activities,Healthcare,SOC 2010,1410
2021,2021 Q3,Philippines,Information and Communications,Technology,SOC 2010,15
2021,2021 Q3,Poland,Construction,Engineering,SOC 2010,6
2021,2021 Q3,Poland,Education,Education,SOC 2010,27
2021,2021 Q3,Poland,Financial and Insurance Activities,Finance,SOC 2010,14
2021,2021 Q3,Poland,Human Health and Social Work Activities,Healthcare,SOC 2010,28
2021,2021 Q3,Poland,Information and Communications,Technology,SOC 2010,18
2021,2021 Q3,Portugal,Construction,Engineering,SOC 2010,9
2021,2021 Q3,Portugal,Education,Education,SOC 2010,19
2021,2021 Q3,Portugal,Financial and Insurance Activities,Finance,SOC 2010,17
2021,2021 Q3,Portugal,Human Health and Social Work Activities,Healthcare,SOC 2010,18
2021,2021 Q3,Portugal,Information and Communications,Technology,SOC 2010,22
2021,2021 Q3,Qatar,Education,Education,SOC 2010,1
2021,2021 Q3,Refugee,Human Health and Social Work Activities,Healthcare,SOC 2010,2
2021,2021 Q3,Romania,Construction,Engineering,SOC 2010,3
2021,2021 Q3,Romania,Education,Education,SOC 2010,8
2021,2021 Q3,Romania,Financial and Insurance Activities,Finance,SOC 2010,14
2021,2021 Q3,Romania,Human Health and Social Work Activities,Healthcare,SOC 2010,6
2021,2021 Q3,Romania,Information and Communications,Technology,SOC 2010,31
2021,2021 Q3,Russia,Construction,Engineering,SOC 2010,6
2021,2021 Q3,Russia,Education,Education,SOC 2010,34
2021,2021 Q3,Russia,Financial and Insurance Activities,Finance,SOC 2010,47
2021,2021 Q3,Russia,Human Health and Social Work Activities,Healthcare,SOC 2010,7
2021,2021 Q3,Russia,Information and Communications,Technology,SOC 2010,115
2021,2021 Q3,Rwanda,Education,Education,SOC 2010,3
2021,2021 Q3,Rwanda,Financial and Insurance Activities,Finance,SOC 2010,3
2021,2021 Q3,Saudi Arabia,Education,Education,SOC 2010,5
2021,2021 Q3,Saudi Arabia,Financial and Insurance Activities,Finance,SOC 2010,2
2021,2021 Q3,Saudi Arabia,Human Health and Social Work Activities,Healthcare,SOC 2010,13
2021,2021 Q3,Senegal,Financial and Insurance Activities,Finance,SOC 2010,1
2021,2021 Q3,Senegal,Human Health and Social Work Activities,Healthcare,SOC 2010,1
2021,2021 Q3,Senegal,Information and Communications,Technology,SOC 2010,1
2021,2021 Q3,Serbia,Construction,Engineering,SOC 2010,2
2021,2021 Q3,Serbia,Education,Education,SOC 2010,3
2021,2021 Q3,Serbia,Financial and Insurance Activities,Finance,SOC 2010,6
2021,2021 Q3,Serbia,Human Health and Social Work Activities,Healthcare,SOC 2010,1
2021,2021 Q3,Serbia,Information and Communications,Technology,SOC 2010,4
2021,2021 Q3,Singapore,Education,Education,SOC 2010,8
2021,2021 Q3,Singapore,Financial and Insurance Activities,Finance,SOC 2010,21
2021,2021 Q3,Singapore,Human Health and Social Work Activities,Healthcare,SOC 2010,25
2021,2021 Q3,Singapore,Information and Communications,Technology,SOC 2010,6
2021,2021 Q3,Slovakia,Construction,Engineering,SOC 2010,1
2021,2021 Q3,Slovakia,Education,Education,SOC 2010,3
2021,2021 Q3,Slovakia,Financial and Insurance Activities,Finance,SOC 2010,2
2021,2021 Q3,Slovakia,Information and Communications,Technology,SOC 2010,4
2021,2021 Q3,Slovenia,Education,Education,SOC 2010,4
2021,2021 Q3,Slovenia,Financial and Insurance Activities,Finance,SOC 2010,1
2021,2021 Q3,Slovenia,Human Health and Social Work Activities,Healthcare,SOC 2010,1
2021,2021 Q3,Slovenia,Information and Communications,Technology,SOC 2010,1
2021,2021 Q3,Somalia,Human Health and Social Work Activities,Healthcare,SOC 2010,2
2021,2021 Q3,South Africa,Construction,Engineering,SOC 2010,17
2021,2021 Q3,South Africa,Education,Education,SOC 2010,32
2021,2021 Q3,South Africa,Financial and Insurance Activities,Finance,SOC 2010,55
2021,2021 Q3,South Africa,Human Health and Social Work Activities,Healthcare,SOC 2010,49
2021,2021 Q3,South Africa,Information and Communications,Technology,SOC 2010,48
2021,2021 Q3,South Korea,Construction,Engineering,SOC 2010,4
2021,2021 Q3,South Korea,Education,Education,SOC 2010,38
2021,2021 Q3,South Korea,Financial and Insurance Activities,Finance,SOC 2010,26
2021,2021 Q3,South Korea,Human Health and Social Work Activities,Healthcare,SOC 2010,12
2021,2021 Q3,South Korea,Information and Communications,Technology,SOC 2010,12
2021,2021 Q3,Spain,Construction,Engineering,SOC 2010,43
2021,2021 Q3,Spain,Education,Education,SOC 2010,185
2021,2021 Q3,Spain,Financial and Insurance Activities,Finance,SOC 2010,56
2021,2021 Q3,Spain,Human Health and Social Work Activities,Healthcare,SOC 2010,22
2021,2021 Q3,Spain,Information and Communications,Technology,SOC 2010,34
2021,2021 Q3,Sri Lanka,Construction,Engineering,SOC 2010,2
2021,2021 Q3,Sri Lanka,Education,Education,SOC 2010,9
2021,2021 Q3,Sri Lanka,Financial and Insurance Activities,Finance,SOC 2010,8
2021,2021 Q3,Sri Lanka,Human Health and Social Work Activities,Healthcare,SOC 2010,108
2021,2021 Q3,Sri Lanka,Information and Communications,Technology,SOC 2010,4
2021,2021 Q3,St Kitts and Nevis,Financial and Insurance Activities,Finance,SOC 2010,1
2021,2021 Q3,St Kitts and Nevis,Human Health and Social Work Activities,Healthcare,SOC 2010,1
2021,2021 Q3,St Lucia,Education,Education,SOC 2010,1
2021,2021 Q3,St Lucia,Human Health and Social Work Activities,Healthcare,SOC 2010,6
2021,2021 Q3,St Vincent and the Grenadines,Human Health and Social Work Activities,Healthcare,SOC 2010,21
2021,2021 Q3,Stateless,Education,Education,SOC 2010,1
2021,2021 Q3,Stateless,Human Health and Social Work Activities,Healthcare,SOC 2010,2
2021,2021 Q3,Sudan,Education,Education,SOC 2010,3
2021,2021 Q3,Sudan,Financial and Insurance Activities,Finance,SOC 2010,1
2021,2021 Q3,Sudan,Human Health and Social Work Activities,Healthcare,SOC 2010,95
2021,2021 Q3,Sudan,Information and Communications,Technology,SOC 2010,1
2021,2021 Q3,Sweden,Education,Education,SOC 2010,22
2021,2021 Q3,Sweden,Financial and Insurance Activities,Finance,SOC 2010,23
2021,2021 Q3,Sweden,Human Health and Social Work Activities,Healthcare,SOC 2010,6
2021,2021 Q3,Sweden,Information and Communications,Technology,SOC 2010,17
2021,2021 Q3,Switzerland,Construction,Engineering,SOC 2010,1
2021,2021 Q3,Switzerland,Education,Education,SOC 2010,23
2021,2021 Q3,Switzerland,Financial and Insurance Activities,Finance,SOC 2010,20
2021,2021 Q3,Switzerland,Human Health and Social Work Activities,Healthcare,SOC 2010,7
2021,2021 Q3,Switzerland,Information and Communications,Technology,SOC 2010,5
2021,2021 Q3,Syria,Construction,Engineering,SOC 2010,1
2021,2021 Q3,Syria,Education,Education,SOC 2010,1
2021,2021 Q3,Syria,Financial and Insurance Activities,Finance,SOC 2010,1
2021,2021 Q3,Syria,Human Health and Social Work Activities,Healthcare,SOC 2010,10
2021,2021 Q3,Taiwan,Construction,Engineering,SOC 2010,1
2021,2021 Q3,Taiwan,Education,Education,SOC 2010,18
2021,2021 Q3,Taiwan,Financial and Insurance Activities,Finance,SOC 2010,9
2021,2021 Q3,Taiwan,Human Health and Social Work Activities,Healthcare,SOC 2010,8
2021,2021 Q3,Taiwan,Information and Communications,Technology,SOC 2010,16
2021,2021 Q3,Tanzania,Construction,Engineering,SOC 2010,1
2021,2021 Q3,Tanzania,Financial and Insurance Activities,Finance,SOC 2010,2
2021,2021 Q3,Tanzania,Human Health and Social Work Activities,Healthcare,SOC 2010,3
2021,2021 Q3,Tanzania,Information and Communications,Technology,SOC 2010,1
2021,2021 Q3,Thailand,Education,Education,SOC 2010,8
2021,2021 Q3,Thailand,Financial and Insurance Activities,Finance,SOC 2010,1
2021,2021 Q3,Thailand,Human Health and Social Work Activities,Healthcare,SOC 2010,4
2021,2021 Q3,Thailand,Information and Communications,Technology,SOC 2010,2
2021,2021 Q3,Togo,Education,Education,SOC 2010,1
2021,2021 Q3,Trinidad and Tobago,Education,Education,SOC 2010,1
2021,2021 Q3,Trinidad and Tobago,Financial and Insurance Activities,Finance,SOC 2010,2
2021,2021 Q3,Trinidad and Tobago,Human Health and Social Work Activities,Healthcare,SOC 2010,47
2021,2021 Q3,Tunisia,Education,Education,SOC 2010,3
2021,2021 Q3,Tunisia,Financial and Insurance Activities,Finance,SOC 2010,4
2021,2021 Q3,Tunisia,Human Health and Social Work Activities,Healthcare,SOC 2010,3
2021,2021 Q3,Tunisia,Information and Communications,Technology,SOC 2010,2
2021,2021 Q3,Turkey,Construction,Engineering,SOC 2010,14
2021,2021 Q3,Turkey,Education,Education,SOC 2010,69
2021,2021 Q3,Turkey,Financial and Insurance Activities,Finance,SOC 2010,30
2021,2021 Q3,Turkey,Human Health and Social Work Activities,Healthcare,SOC 2010,16
2021,2021 Q3,Turkey,Information and Communications,Technology,SOC 2010,43
2021,2021 Q3,Uganda,Education,Education,SOC 2010,4
2021,2021 Q3,Uganda,Financial and Insurance Activities,Finance,SOC 2010,2
2021,2021 Q3,Uganda,Human Health and Social Work Activities,Healthcare,SOC 2010,21
2021,2021 Q3,Ukraine,Construction,Engineering,SOC 2010,4
2021,2021 Q3,Ukraine,Education,Education,SOC 2010,6
2021,2021 Q3,Ukraine,Financial and Insurance Activities,Finance,SOC 2010,17
2021,2021 Q3,Ukraine,Human Health and Social Work Activities,Healthcare,SOC 2010,6
2021,2021 Q3,Ukraine,Information and Communications,Technology,SOC 2010,40
2021,2021 Q3,United Arab Emirates,Education,Education,SOC 2010,2
2021,2021 Q3,United Arab Emirates,Human Health and Social Work Activities,Healthcare,SOC 2010,4
2021,2021 Q3,United States,Construction,Engineering,SOC 2010,10
2021,2021 Q3,United States,Education,Education,SOC 2010,261
2021,2021 Q3,United States,Financial and Insurance Activities,Finance,SOC 2010,231
2021,2021 Q3,United States,Human Health and Social Work Activities,Healthcare,SOC 2010,91
2021,2021 Q3,United States,Information and Communications,Technology,SOC 2010,253
2021,2021 Q3,Uruguay,Education,Education,SOC 2010,2
2021,2021 Q3,Uruguay,Financial and Insurance Activities,Finance,SOC 2010,1
2021,2021 Q3,Uruguay,Information and Communications,Technology,SOC 2010,1
2021,2021 Q3,Uzbekistan,Education,Education,SOC 2010,1
2021,2021 Q3,Uzbekistan,Financial and Insurance Activities,Finance,SOC 2010,1
2021,2021 Q3,Uzbekistan,Human Health and Social Work Activities,Healthcare,SOC 2010,1
2021,2021 Q3,Venezuela,Construction,Engineering,SOC 2010,1
2021,2021 Q3,Venezuela,Financial and Insurance Activities,Finance,SOC 2010,1
2021,2021 Q3,Venezuela,Information and Communications,Technology,SOC 2010,3
2021,2021 Q3,Vietnam,Education,Education,SOC 2010,8
2021,2021 Q3,Vietnam,Financial and Insurance Activities,Finance,SOC 2010,6
2021,2021 Q3,Vietnam,Human Health and Social Work Activities,Healthcare,SOC 2010,2
2021,2021 Q3,Vietnam,Information and Communications,Technology,SOC 2010,5
2021,2021 Q3,Yemen,Education,Education,SOC 2010,3
2021,2021 Q3,Yemen,Human Health and Social Work Activities,Healthcare,SOC 2010,5
2021,2021 Q3,Zambia,Education,Education,SOC 2010,1
2021,2021 Q3,Zambia,Human Health and Social Work Activities,Healthcare,SOC 2010,27
2021,2021 Q3,Zimbabwe,Construction,Engineering,SOC 2010,2
2021,2021 Q3,Zimbabwe,Education,Education,SOC 2010,8
2021,2021 Q3,Zimbabwe,Financial and Insurance Activities,Finance,SOC 2010,11
2021,2021 Q3,Zimbabwe,Human Health and Social Work Activities,Healthcare,SOC 2010,324
2021,2021 Q3,Zimbabwe,Information and Communications,Technology,SOC 2010,2
2021,2021 Q4,Afghanistan,Human Health and Social Work Activities,Healthcare,SOC 2010,4
2021,2021 Q4,Afghanistan,Information and Communications,Technology,SOC 2010,1
2021,2021 Q4,Albania,Construction,Engineering,SOC 2010,1
2021,2021 Q4,Albania,Education,Education,SOC 2010,2
2021,2021 Q4,Albania,Financial and Insurance Activities,Finance,SOC 2010,2
2021,2021 Q4,Albania,Human Health and Social Work Activities,Healthcare,SOC 2010,14
2021,2021 Q4,Albania,Information and Communications,Technology,SOC 2010,2
2021,2021 Q4,Algeria,Construction,Engineering,SOC 2010,1
2021,2021 Q4,Algeria,Education,Education,SOC 2010,2
2021,2021 Q4,Algeria,Financial and Insurance Activities,Finance,SOC 2010,3
2021,2021 Q4,Andorra,Education,Education,SOC 2010,1
2021,2021 Q4,Argentina,Construction,Engineering,SOC 2010,2
2021,2021 Q4,Argentina,Education,Education,SOC 2010,12
2021,2021 Q4,Argentina,Financial and Insurance Activities,Finance,SOC 2010,9
2021,2021 Q4,Argentina,Human Health and Social Work Activities,Healthcare,SOC 2010,5
2021,2021 Q4,Argentina,Information and Communications,Technology,SOC 2010,20
2021,2021 Q4,Armenia,Education,Education,SOC 2010,2
2021,2021 Q4,Armenia,Financial and Insurance Activities,Finance,SOC 2010,3
2021,2021 Q4,Australia,Construction,Engineering,SOC 2010,7
2021,2021 Q4,Australia,Education,Education,SOC 2010,45
2021,2021 Q4,Australia,Financial and Insurance Activities,Finance,SOC 2010,36
2021,2021 Q4,Australia,Human Health and Social Work Activities,Healthcare,SOC 2010,50
2021,2021 Q4,Australia,Information and Communications,Technology,SOC 2010,20
2021,2021 Q4,Austria,Construction,Engineering,SOC 2010,5
2021,2021 Q4,Austria,Education,Education,SOC 2010,14
2021,2021 Q4,Austria,Financial and Insurance Activities,Finance,SOC 2010,8
2021,2021 Q4,Austria,Human Health and Social Work Activities,Healthcare,SOC 2010,5
2021,2021 Q4,Austria,Information and Communications,Technology,SOC 2010,4
2021,2021 Q4,Azerbaijan,Construction,Engineering,SOC 2010,2
2021,2021 Q4,Azerbaijan,Education,Education,SOC 2010,2
2021,2021 Q4,Azerbaijan,Financial and Insurance Activities,Finance,SOC 2010,3
2021,2021 Q4,Azerbaijan,Information and Communications,Technology,SOC 2010,1
2021,2021 Q4,"Bahamas, The",Human Health and Social Work Activities,Healthcare,SOC 2010,1
2021,2021 Q4,Bahrain,Human Health and Social Work Activities,Healthcare,SOC 2010,13
2021,2021 Q4,Bangladesh,Construction,Engineering,SOC 2010,4
2021,2021 Q4,Bangladesh,Education,Education,SOC 2010,19
2021,2021 Q4,Bangladesh,Financial and Insurance Activities,Finance,SOC 2010,3
2021,2021 Q4,Bangladesh,Human Health and Social Work Activities,Healthcare,SOC 2010,52
2021,2021 Q4,Bangladesh,Information and Communications,Technology,SOC 2010,5
2021,2021 Q4,Barbados,Human Health and Social Work Activities,Healthcare,SOC 2010,2
2021,2021 Q4,Belarus,Construction,Engineering,SOC 2010,2
2021,2021 Q4,Belarus,Education,Education,SOC 2010,1
2021,2021 Q4,Belarus,Financial and Insurance Activities,Finance,SOC 2010,3
2021,2021 Q4,Belarus,Human Health and Social Work Activities,Healthcare,SOC 2010,1
2021,2021 Q4,Belarus,Information and Communications,Technology,SOC 2010,13
2021,2021 Q4,Belgium,Education,Education,SOC 2010,16
2021,2021 Q4,Belgium,Financial and Insurance Activities,Finance,SOC 2010,25
2021,2021 Q4,Belgium,Human Health and Social Work Activities,Healthcare,SOC 2010,6
2021,2021 Q4,Belgium,Information and Communications,Technology,SOC 2010,13
2021,2021 Q4,Belize,Human Health and Social Work Activities,Healthcare,SOC 2010,4
2021,2021 Q4,Belize,Information and Communications,Technology,SOC 2010,1
2021,2021 Q4,Benin,Human Health and Social Work Activities,Healthcare,SOC 2010,2
2021,2021 Q4,Bhutan,Human Health and Social Work Activities,Healthcare,SOC 2010,1
2021,2021 Q4,Bolivia,Education,Education,SOC 2010,1
2021,2021 Q4,Bolivia,Human Health and Social Work Activities,Healthcare,SOC 2010,1
2021,2021 Q4,Bolivia,Information and Communications,Technology,SOC 2010,1
2021,2021 Q4,Bosnia and Herzegovina,Financial and Insurance Activities,Finance,SOC 2010,1
2021,2021 Q4,Bosnia and Herzegovina,Human Health and Social Work Activities,Healthcare,SOC 2010,1
2021,2021 Q4,Bosnia and Herzegovina,Information and Communications,Technology,SOC 2010,3
2021,2021 Q4,Botswana,Education,Education,SOC 2010,2
2021,2021 Q4,Botswana,Financial and Insurance Activities,Finance,SOC 2010,2
2021,2021 Q4,Botswana,Human Health and Social Work Activities,Healthcare,SOC 2010,10
2021,2021 Q4,Brazil,Construction,Engineering,SOC 2010,2
2021,2021 Q4,Brazil,Education,Education,SOC 2010,103
2021,2021 Q4,Brazil,Financial and Insurance Activities,Finance,SOC 2010,25
2021,2021 Q4,Brazil,Human Health and Social Work Activities,Healthcare,SOC 2010,16
2021,2021 Q4,Brazil,Information and Communications,Technology,SOC 2010,55
2021,2021 Q4,Brunei,Human Health and Social Work Activities,Healthcare,SOC 2010,3
2021,2021 Q4,Bulgaria,Construction,Engineering,SOC 2010,1
2021,2021 Q4,Bulgaria,Education,Education,SOC 2010,4
2021,2021 Q4,Bulgaria,Financial and Insurance Activities,Finance,SOC 2010,4
2021,2021 Q4,Bulgaria,Human Health and Social Work Activities,Healthcare,SOC 2010,1
2021,2021 Q4,Bulgaria,Information and Communications,Technology,SOC 2010,4
2021,2021 Q4,Cameroon,Construction,Engineering,SOC 2010,1
2021,2021 Q4,Cameroon,Education,Education,SOC 2010,2
2021,2021 Q4,Cameroon,Financial and Insurance Activities,Finance,SOC 2010,2
2021,2021 Q4,Cameroon,Human Health and Social Work Activities,Healthcare,SOC 2010,15
2021,2021 Q4,Canada,Construction,Engineering,SOC 2010,2
2021,2021 Q4,Canada,Education,Education,SOC 2010,43
2021,2021 Q4,Canada,Financial and Insurance Activities,Finance,SOC 2010,45
2021,2021 Q4,Canada,Human Health and Social Work Activities,Healthcare,SOC 2010,43
2021,2021 Q4,Canada,Information and Communications,Technology,SOC 2010,27
2021,2021 Q4,Chile,Construction,Engineering,SOC 2010,2
2021,2021 Q4,Chile,Education,Education,SOC 2010,9
2021,2021 Q4,Chile,Financial and Insurance Activities,Finance,SOC 2010,1
2021,2021 Q4,Chile,Human Health and Social Work Activities,Healthcare,SOC 2010,2
2021,2021 Q4,Chile,Information and Communications,Technology,SOC 2010,2
2021,2021 Q4,China,Construction,Engineering,SOC 2010,2
2021,2021 Q4,China,Education,Education,SOC 2010,299
2021,2021 Q4,China,Financial and Insurance Activities,Finance,SOC 2010,73
2021,2021 Q4,China,Human Health and Social Work Activities,Healthcare,SOC 2010,6
2021,2021 Q4,China,Information and Communications,Technology,SOC 2010,49
2021,2021 Q4,Colombia,Construction,Engineering,SOC 2010,3
2021,2021 Q4,Colombia,Education,Education,SOC 2010,11
2021,2021 Q4,Colombia,Financial and Insurance Activities,Finance,SOC 2010,5
2021,2021 Q4,Colombia,Human Health and Social Work Activities,Healthcare,SOC 2010,1
2021,2021 Q4,Colombia,Information and Communications,Technology,SOC 2010,4
2021,2021 Q4,Comoros,Financial and Insurance Activities,Finance,SOC 2010,1
2021,2021 Q4,Comoros,Human Health and Social Work Activities,Healthcare,SOC 2010,1
2021,2021 Q4,Congo,Education,Education,SOC 2010,2
2021,2021 Q4,Congo (Democratic Republic),Education,Education,SOC 2010,2
2021,2021 Q4,Costa Rica,Education,Education,SOC 2010,1
2021,2021 Q4,Costa Rica,Financial and Insurance Activities,Finance,SOC 2010,2
2021,2021 Q4,Costa Rica,Information and Communications,Technology,SOC 2010,1
2021,2021 Q4,Croatia,Education,Education,SOC 2010,2
2021,2021 Q4,Croatia,Financial and Insurance Activities,Finance,SOC 2010,1
2021,2021 Q4,Croatia,Human Health and Social Work Activities,Healthcare,SOC 2010,3
2021,2021 Q4,Croatia,Information and Communications,Technology,SOC 2010,5
2021,2021 Q4,Cyprus,Education,Education,SOC 2010,1
2021,2021 Q4,Cyprus,Financial and Insurance Activities,Finance,SOC 2010,1
2021,2021 Q4,Cyprus,Information and Communications,Technology,SOC 2010,3
2021,2021 Q4,Czechia,Education,Education,SOC 2010,21
2021,2021 Q4,Czechia,Financial and Insurance Activities,Finance,SOC 2010,3
2021,2021 Q4,Czechia,Human Health and Social Work Activities,Healthcare,SOC 2010,1
2021,2021 Q4,Czechia,Information and Communications,Technology,SOC 2010,3
2021,2021 Q4,Denmark,Construction,Engineering,SOC 2010,1
2021,2021 Q4,Denmark,Education,Education,SOC 2010,18
2021,2021 Q4,Denmark,Financial and Insurance Activities,Finance,SOC 2010,4
2021,2021 Q4,Denmark,Human Health and Social Work Activities,Healthcare,SOC 2010,2
2021,2021 Q4,Denmark,Information and Communications,Technology,SOC 2010,10
2021,2021 Q4,Djibouti,Human Health and Social Work Activities,Healthcare,SOC 2010,1
2021,2021 Q4,Dominica,Human Health and Social Work Activities,Healthcare,SOC 2010,2
2021,2021 Q4,Ecuador,Education,Education,SOC 2010,2
2021,2021 Q4,Ecuador,Human Health and Social Work Activities,Healthcare,SOC 2010,2
2021,2021 Q4,Egypt,Construction,Engineering,SOC 2010,7
2021,2021 Q4,Egypt,Education,Education,SOC 2010,31
2021,2021 Q4,Egypt,Financial and Insurance Activities,Finance,SOC 2010,9
2021,2021 Q4,Egypt,Human Health and Social Work Activities,Healthcare,SOC 2010,203
2021,2021 Q4,Egypt,Information and Communications,Technology,SOC 2010,33
2021,2021 Q4,El Salvador,Financial and Insurance Activities,Finance,SOC 2010,2
2021,2021 Q4,Estonia,Construction,Engineering,SOC 2010,1
2021,2021 Q4,Estonia,Education,Education,SOC 2010,3
2021,2021 Q4,Estonia,Financial and Insurance Activities,Finance,SOC 2010,3
2021,2021 Q4,Estonia,Human Health and Social Work Activities,Healthcare,SOC 2010,1
2021,2021 Q4,Estonia,Information and Communications,Technology,SOC 2010,2
2021,2021 Q4,Eswatini,Human Health and Social Work Activities,Healthcare,SOC 2010,3
2021,2021 Q4,Ethiopia,Education,Education,SOC 2010,4
2021,2021 Q4,Ethiopia,Information and Communications,Technology,SOC 2010,3
2021,2021 Q4,Fiji,Education,Education,SOC 2010,1
2021,2021 Q4,Finland,Education,Education,SOC 2010,8
2021,2021 Q4,Finland,Financial and Insurance Activities,Finance,SOC 2010,7
2021,2021 Q4,Finland,Human Health and Social Work Activities,Healthcare,SOC 2010,4
2021,2021 Q4,Finland,Information and Communications,Technology,SOC 2010,4
2021,2021 Q4,France,Construction,Engineering,SOC 2010,48
2021,2021 Q4,France,Education,Education,SOC 2010,137
2021,2021 Q4,France,Financial and Insurance Activities,Finance,SOC 2010,170
2021,2021 Q4,France,Human Health and Social Work Activities,Healthcare,SOC 2010,7
2021,2021 Q4,France,Information and Communications,Technology,SOC 2010,92
2021,2021 Q4,"Gambia, The",Human Health and Social Work Activities,Healthcare,SOC 2010,4
2021,2021 Q4,Georgia,Construction,Engineering,SOC 2010,1
2021,2021 Q4,Georgia,Education,Education,SOC 2010,1
2021,2021 Q4,Georgia,Financial and Insurance Activities,Finance,SOC 2010,4
2021,2021 Q4,Georgia,Information and Communications,Technology,SOC 2010,2
2021,2021 Q4,Germany,Construction,Engineering,SOC 2010,12
2021,2021 Q4,Germany,Education,Education,SOC 2010,171
2021,2021 Q4,Germany,Financial and Insurance Activities,Finance,SOC 2010,107
2021,2021 Q4,Germany,Human Health and Social Work Activities,Healthcare,SOC 2010,63
2021,2021 Q4,Germany,Information and Communications,Technology,SOC 2010,45
2021,2021 Q4,Ghana,Education,Education,SOC 2010,16
2021,2021 Q4,Ghana,Financial and Insurance Activities,Finance,SOC 2010,19
2021,2021 Q4,Ghana,Human Health and Social Work Activities,Healthcare,SOC 2010,348
2021,2021 Q4,Ghana,Information and Communications,Technology,SOC 2010,5
2021,2021 Q4,Greece,Construction,Engineering,SOC 2010,8
2021,2021 Q4,Greece,Education,Education,SOC 2010,23
2021,2021 Q4,Greece,Financial and Insurance Activities,Finance,SOC 2010,16
2021,2021 Q4,Greece,Human Health and Social Work Activities,Healthcare,SOC 2010,55
2021,2021 Q4,Greece,Information and Communications,Technology,SOC 2010,12
2021,2021 Q4,Grenada,Human Health and Social Work Activities,Healthcare,SOC 2010,3
2021,2021 Q4,Guyana,Human Health and Social Work Activities,Healthcare,SOC 2010,31
2021,2021 Q4,Honduras,Information and Communications,Technology,SOC 2010,1
2021,2021 Q4,Hong Kong,Construction,Engineering,SOC 2010,1
2021,2021 Q4,Hong Kong,Education,Education,SOC 2010,4
2021,2021 Q4,Hong Kong,Financial and Insurance Activities,Finance,SOC 2010,7
2021,2021 Q4,Hong Kong,Human Health and Social Work Activities,Healthcare,SOC 2010,9
2021,2021 Q4,Hong Kong,Information and Communications,Technology,SOC 2010,8
2021,2021 Q4,Hungary,Construction,Engineering,SOC 2010,1
2021,2021 Q4,Hungary,Education,Education,SOC 2010,7
2021,2021 Q4,Hungary,Financial and Insurance Activities,Finance,SOC 2010,7
2021,2021 Q4,Hungary,Human Health and Social Work Activities,Healthcare,SOC 2010,2
2021,2021 Q4,Hungary,Information and Communications,Technology,SOC 2010,4
2021,2021 Q4,Iceland,Education,Education,SOC 2010,1
2021,2021 Q4,Iceland,Information and Communications,Technology,SOC 2010,1
2021,2021 Q4,India,Construction,Engineering,SOC 2010,74
2021,2021 Q4,India,Education,Education,SOC 2010,219
2021,2021 Q4,India,Financial and Insurance Activities,Finance,SOC 2010,605
2021,2021 Q4,India,Human Health and Social Work Activities,Healthcare,SOC 2010,4351
2021,2021 Q4,India,Information and Communications,Technology,SOC 2010,3664
2021,2021 Q4,Indonesia,Construction,Engineering,SOC 2010,1
2021,2021 Q4,Indonesia,Education,Education,SOC 2010,7
2021,2021 Q4,Indonesia,Financial and Insurance Activities,Finance,SOC 2010,6
2021,2021 Q4,Indonesia,Human Health and Social Work Activities,Healthcare,SOC 2010,3
2021,2021 Q4,Indonesia,Information and Communications,Technology,SOC 2010,5
2021,2021 Q4,Iran,Construction,Engineering,SOC 2010,2
2021,2021 Q4,Iran,Education,Education,SOC 2010,39
2021,2021 Q4,Iran,Financial and Insurance Activities,Finance,SOC 2010,4
2021,2021 Q4,Iran,Human Health and Social Work Activities,Healthcare,SOC 2010,16
2021,2021 Q4,Iran,Information and Communications,Technology,SOC 2010,11
2021,2021 Q4,Iraq,Education,Education,SOC 2010,8
2021,2021 Q4,Iraq,Human Health and Social Work Activities,Healthcare,SOC 2010,26
2021,2021 Q4,Israel,Education,Education,SOC 2010,8
2021,2021 Q4,Israel,Financial and Insurance Activities,Finance,SOC 2010,15
2021,2021 Q4,Israel,Information and Communications,Technology,SOC 2010,15
2021,2021 Q4,Italy,Construction,Engineering,SOC 2010,12
2021,2021 Q4,Italy,Education,Education,SOC 2010,120
2021,2021 Q4,Italy,Financial and Insurance Activities,Finance,SOC 2010,125
2021,2021 Q4,Italy,Human Health and Social Work Activities,Healthcare,SOC 2010,28
2021,2021 Q4,Italy,Information and Communications,Technology,SOC 2010,57
2021,2021 Q4,Jamaica,Education,Education,SOC 2010,12
2021,2021 Q4,Jamaica,Financial and Insurance Activities,Finance,SOC 2010,1
2021,2021 Q4,Jamaica,Human Health and Social Work Activities,Healthcare,SOC 2010,42
2021,2021 Q4,Jamaica,Information and Communications,Technology,SOC 2010,2
2021,2021 Q4,Japan,Construction,Engineering,SOC 2010,2
2021,2021 Q4,Japan,Education,Education,SOC 2010,14
2021,2021 Q4,Japan,Financial and Insurance Activities,Finance,SOC 2010,67
2021,2021 Q4,Japan,Human Health and Social Work Activities,Healthcare,SOC 2010,1
2021,2021 Q4,Japan,Information and Communications,Technology,SOC 2010,30
2021,2021 Q4,Jordan,Construction,Engineering,SOC 2010,2
2021,2021 Q4,Jordan,Education,Education,SOC 2010,8
2021,2021 Q4,Jordan,Financial and Insurance Activities,Finance,SOC 2010,3
2021,2021 Q4,Jordan,Human Health and Social Work Activities,Healthcare,SOC 2010,39
2021,2021 Q4,Jordan,Information and Communications,Technology,SOC 2010,5
2021,2021 Q4,Kazakhstan,Construction,Engineering,SOC 2010,1
2021,2021 Q4,Kazakhstan,Education,Education,SOC 2010,3
2021,2021 Q4,Kazakhstan,Financial and Insurance Activities,Finance,SOC 2010,2
2021,2021 Q4,Kazakhstan,Information and Communications,Technology,SOC 2010,11
2021,2021 Q4,Kenya,Education,Education,SOC 2010,10
2021,2021 Q4,Kenya,Financial and Insurance Activities,Finance,SOC 2010,14
2021,2021 Q4,Kenya,Human Health and Social Work Activities,Healthcare,SOC 2010,199
2021,2021 Q4,Kenya,Information and Communications,Technology,SOC 2010,6
2021,2021 Q4,Kosovo,Construction,Engineering,SOC 2010,1
2021,2021 Q4,Kosovo,Education,Education,SOC 2010,1
2021,2021 Q4,Kosovo,Human Health and Social Work Activities,Healthcare,SOC 2010,3
2021,2021 Q4,Kosovo,Information and Communications,Technology,SOC 2010,1
2021,2021 Q4,Kuwait,Education,Education,SOC 2010,1
2021,2021 Q4,Kuwait,Human Health and Social Work Activities,Healthcare,SOC 2010,4
2021,2021 Q4,Kyrgyzstan,Information and Communications,Technology,SOC 2010,1
2021,2021 Q4,Latvia,Education,Education,SOC 2010,1
2021,2021 Q4,Latvia,Information and Communications,Technology,SOC 2010,2
2021,2021 Q4,Lebanon,Construction,Engineering,SOC 2010,1
2021,2021 Q4,Lebanon,Education,Education,SOC 2010,12
2021,2021 Q4,Lebanon,Financial and Insurance Activities,Finance,SOC 2010,14
2021,2021 Q4,Lebanon,Human Health and Social Work Activities,Healthcare,SOC 2010,19
2021,2021 Q4,Lebanon,Information and Communications,Technology,SOC 2010,10
2021,2021 Q4,Lesotho,Education,Education,SOC 2010,1
2021,2021 Q4,Lesotho,Human Health and Social Work Activities,Healthcare,SOC 2010,9
2021,2021 Q4,Lesotho,Information and Communications,Technology,SOC 2010,1
2021,2021 Q4,Libya,Education,Education,SOC 2010,1
2021,2021 Q4,Libya,Human Health and Social Work Activities,Healthcare,SOC 2010,5
2021,2021 Q4,Libya,Information and Communications,Technology,SOC 2010,1
2021,2021 Q4,Lithuania,Construction,Engineering,SOC 2010,4
2021,2021 Q4,Lithuania,Education,Education,SOC 2010,3
2021,2021 Q4,Lithuania,Financial and Insurance Activities,Finance,SOC 2010,4
2021,2021 Q4,Lithuania,Information and Communications,Technology,SOC 2010,5
2021,2021 Q4,Luxembourg,Education,Education,SOC 2010,1
2021,2021 Q4,Luxembourg,Financial and Insurance Activities,Finance,SOC 2010,1
2021,2021 Q4,Luxembourg,Information and Communications,Technology,SOC 2010,1
2021,2021 Q4,Malawi,Education,Education,SOC 2010,3
2021,2021 Q4,Malawi,Financial and Insurance Activities,Finance,SOC 2010,1
2021,2021 Q4,Malawi,Human Health and Social Work Activities,Healthcare,SOC 2010,13
2021,2021 Q4,Malaysia,Construction,Engineering,SOC 2010,3
2021,2021 Q4,Malaysia,Education,Education,SOC 2010,20
2021,2021 Q4,Malaysia,Financial and Insurance Activities,Finance,SOC 2010,7
2021,2021 Q4,Malaysia,Human Health and Social Work Activities,Healthcare,SOC 2010,38
2021,2021 Q4,Malaysia,Information and Communications,Technology,SOC 2010,14
2021,2021 Q4,Maldives,Human Health and Social Work Activities,Healthcare,SOC 2010,1
2021,2021 Q4,Mali,Human Health and Social Work Activities,Healthcare,SOC 2010,1
2021,2021 Q4,Malta,Financial and Insurance Activities,Finance,SOC 2010,1
2021,2021 Q4,Malta,Human Health and Social Work Activities,Healthcare,SOC 2010,8
2021,2021 Q4,Mauritius,Education,Education,SOC 2010,1
2021,2021 Q4,Mauritius,Financial and Insurance Activities,Finance,SOC 2010,3
2021,2021 Q4,Mauritius,Human Health and Social Work Activities,Healthcare,SOC 2010,5
2021,2021 Q4,Mexico,Construction,Engineering,SOC 2010,2
2021,2021 Q4,Mexico,Education,Education,SOC 2010,15
2021,2021 Q4,Mexico,Financial and Insurance Activities,Finance,SOC 2010,13
2021,2021 Q4,Mexico,Human Health and Social Work Activities,Healthcare,SOC 2010,2
2021,2021 Q4,Mexico,Information and Communications,Technology,SOC 2010,5
2021,2021 Q4,Moldova,Information and Communications,Technology,SOC 2010,1
2021,2021 Q4,Mongolia,Education,Education,SOC 2010,2
2021,2021 Q4,Mongolia,Information and Communications,Technology,SOC 2010,1
2021,2021 Q4,Montenegro,Human Health and Social Work Activities,Healthcare,SOC 2010,1
2021,2021 Q4,Morocco,Construction,Engineering,SOC 2010,2
2021,2021 Q4,Morocco,Education,Education,SOC 2010,10
2021,2021 Q4,Morocco,Financial and Insurance Activities,Finance,SOC 2010,11
2021,2021 Q4,Morocco,Information and Communications,Technology,SOC 2010,5
2021,2021 Q4,Mozambique,Financial and Insurance Activities,Finance,SOC 2010,1
2021,2021 Q4,Myanmar (Burma),Education,Education,SOC 2010,2
2021,2021 Q4,Myanmar (Burma),Human Health and Social Work Activities,Healthcare,SOC 2010,21
2021,2021 Q4,Myanmar (Burma),Information and Communications,Technology,SOC 2010,3
2021,2021 Q4,Namibia,Construction,Engineering,SOC 2010,1
2021,2021 Q4,Namibia,Education,Education,SOC 2010,2
2021,2021 Q4,Namibia,Human Health and Social Work Activities,Healthcare,SOC 2010,2
2021,2021 Q4,Nepal,Education,Education,SOC 2010,1
2021,2021 Q4,Nepal,Financial and Insurance Activities,Finance,SOC 2010,41
2021,2021 Q4,Nepal,Human Health and Social Work Activities,Healthcare,SOC 2010,91
2021,2021 Q4,Nepal,Information and Communications,Technology,SOC 2010,2
2021,2021 Q4,Netherlands,Construction,Engineering,SOC 2010,9
2021,2021 Q4,Netherlands,Education,Education,SOC 2010,21
2021,2021 Q4,Netherlands,Financial and Insurance Activities,Finance,SOC 2010,36
2021,2021 Q4,Netherlands,Human Health and Social Work Activities,Healthcare,SOC 2010,9
2021,2021 Q4,Netherlands,Information and Communications,Technology,SOC 2010,22
2021,2021 Q4,New Zealand,Construction,Engineering,SOC 2010,1
2021,2021 Q4,New Zealand,Education,Education,SOC 2010,7
2021,2021 Q4,New Zealand,Financial and Insurance Activities,Finance,SOC 2010,5
2021,2021 Q4,New Zealand,Human Health and Social Work Activities,Healthcare,SOC 2010,11
2021,2021 Q4,New Zealand,Information and Communications,Technology,SOC 2010,10
2021,2021 Q4,Nicaragua,Financial and Insurance Activities,Finance,SOC 2010,1
2021,2021 Q4,Nigeria,Construction,Engineering,SOC 2010,2
2021,2021 Q4,Nigeria,Education,Education,SOC 2010,37
2021,2021 Q4,Nigeria,Financial and Insurance Activities,Finance,SOC 2010,55
2021,2021 Q4,Nigeria,Human Health and Social Work Activities,Healthcare,SOC 2010,1362
2021,2021 Q4,Nigeria,Information and Communications,Technology,SOC 2010,22
2021,2021 Q4,North Macedonia,Human Health and Social Work Activities,Healthcare,SOC 2010,1
2021,2021 Q4,North Macedonia,Information and Communications,Technology,SOC 2010,4
2021,2021 Q4,Norway,Education,Education,SOC 2010,5
2021,2021 Q4,Norway,Financial and Insurance Activities,Finance,SOC 2010,6
2021,2021 Q4,Norway,Human Health and Social Work Activities,Healthcare,SOC 2010,4
2021,2021 Q4,Norway,Information and Communications,Technology,SOC 2010,2
2021,2021 Q4,Occupied Palestinian Territories,Education,Education,SOC 2010,5
2021,2021 Q4,Occupied Palestinian Territories,Human Health and Social Work Activities,Healthcare,SOC 2010,43
2021,2021 Q4,Occupied Palestinian Territories,Information and Communications,Technology,SOC 2010,2
2021,2021 Q4,Oman,Education,Education,SOC 2010,1
2021,2021 Q4,Oman,Human Health and Social Work Activities,Healthcare,SOC 2010,4
2021,2021 Q4,Pakistan,Construction,Engineering,SOC 2010,4
2021,2021 Q4,Pakistan,Education,Education,SOC 2010,44
2021,2021 Q4,Pakistan,Financial and Insurance Activities,Finance,SOC 2010,48
2021,2021 Q4,Pakistan,Human Health and Social Work Activities,Healthcare,SOC 2010,337
2021,2021 Q4,Pakistan,Information and Communications,Technology,SOC 2010,38
2021,2021 Q4,Peru,Education,Education,SOC 2010,4
2021,2021 Q4,Peru,Financial and Insurance Activities,Finance,SOC 2010,4
2021,2021 Q4,Peru,Human Health and Social Work Activities,Healthcare,SOC 2010,1
2021,2021 Q4,Peru,Information and Communications,Technology,SOC 2010,1
2021,2021 Q4,Philippines,Construction,Engineering,SOC 2010,5
2021,2021 Q4,Philippines,Education,Education,SOC 2010,8
2021,2021 Q4,Philippines,Financial and Insurance Activities,Finance,SOC 2010,31
2021,2021 Q4,Philippines,Human Health and Social Work Activities,Healthcare,SOC 2010,1579
2021,2021 Q4,Philippines,Information and Communications,Technology,SOC 2010,25
2021,2021 Q4,Poland,Construction,Engineering,SOC 2010,3
2021,2021 Q4,Poland,Education,Education,SOC 2010,5
2021,2021 Q4,Poland,Financial and Insurance Activities,Finance,SOC 2010,34
2021,2021 Q4,Poland,Human Health and Social Work Activities,Healthcare,SOC 2010,5
2021,2021 Q4,Poland,Information and Communications,Technology,SOC 2010,14
2021,2021 Q4,Portugal,Construction,Engineering,SOC 2010,7
2021,2021 Q4,Portugal,Education,Education,SOC 2010,18
2021,2021 Q4,Portugal,Financial and Insurance Activities,Finance,SOC 2010,23
2021,2021 Q4,Portugal,Human Health and Social Work Activities,Healthcare,SOC 2010,37
2021,2021 Q4,Portugal,Information and Communications,Technology,SOC 2010,32
2021,2021 Q4,Qatar,Education,Education,SOC 2010,19
2021,2021 Q4,Qatar,Financial and Insurance Activities,Finance,SOC 2010,1
2021,2021 Q4,Qatar,Human Health and Social Work Activities,Healthcare,SOC 2010,1
2021,2021 Q4,Refugee,Human Health and Social Work Activities,Healthcare,SOC 2010,1
2021,2021 Q4,Romania,Construction,Engineering,SOC 2010,2
2021,2021 Q4,Romania,Education,Education,SOC 2010,5
2021,2021 Q4,Romania,Financial and Insurance Activities,Finance,SOC 2010,7
2021,2021 Q4,Romania,Human Health and Social Work Activities,Healthcare,SOC 2010,14
2021,2021 Q4,Romania,Information and Communications,Technology,SOC 2010,24
2021,2021 Q4,Russia,Construction,Engineering,SOC 2010,3
2021,2021 Q4,Russia,Education,Education,SOC 2010,22
2021,2021 Q4,Russia,Financial and Insurance Activities,Finance,SOC 2010,43
2021,2021 Q4,Russia,Human Health and Social Work Activities,Healthcare,SOC 2010,6
2021,2021 Q4,Russia,Information and Communications,Technology,SOC 2010,95
2021,2021 Q4,Rwanda,Education,Education,SOC 2010,1
2021,2021 Q4,Rwanda,Financial and Insurance Activities,Finance,SOC 2010,2
2021,2021 Q4,Saudi Arabia,Education,Education,SOC 2010,2
2021,2021 Q4,Saudi Arabia,Human Health and Social Work Activities,Healthcare,SOC 2010,12
2021,2021 Q4,Senegal,Education,Education,SOC 2010,1
2021,2021 Q4,Senegal,Information and Communications,Technology,SOC 2010,1
2021,2021 Q4,Serbia,Education,Education,SOC 2010,9
2021,2021 Q4,Serbia,Financial and Insurance Activities,Finance,SOC 2010,10
2021,2021 Q4,Serbia,Information and Communications,Technology,SOC 2010,4
2021,2021 Q4,Singapore,Education,Education,SOC 2010,6
2021,2021 Q4,Singapore,Financial and Insurance Activities,Finance,SOC 2010,17
2021,2021 Q4,Singapore,Human Health and Social Work Activities,Healthcare,SOC 2010,7
2021,2021 Q4,Singapore,Information and Communications,Technology,SOC 2010,14
2021,2021 Q4,Slovakia,Education,Education,SOC 2010,4
2021,2021 Q4,Slovakia,Financial and Insurance Activities,Finance,SOC 2010,1
2021,2021 Q4,Slovakia,Human Health and Social Work Activities,Healthcare,SOC 2010,2
2021,2021 Q4,Slovakia,Information and Communications,Technology,SOC 2010,2
2021,2021 Q4,Slovenia,Education,Education,SOC 2010,2
2021,2021 Q4,Slovenia,Information and Communications,Technology,SOC 2010,1
2021,2021 Q4,Somalia,Human Health and Social Work Activities,Healthcare,SOC 2010,3
2021,2021 Q4,Somalia,Information and Communications,Technology,SOC 2010,1
2021,2021 Q4,South Africa,Construction,Engineering,SOC 2010,24
2021,2021 Q4,South Africa,Education,Education,SOC 2010,36
2021,2021 Q4,South Africa,Financial and Insurance Activities,Finance,SOC 2010,61
2021,2021 Q4,South Africa,Human Health and Social Work Activities,Healthcare,SOC 2010,63
2021,2021 Q4,South Africa,Information and Communications,Technology,SOC 2010,52
2021,2021 Q4,South Korea,Construction,Engineering,SOC 2010,1
2021,2021 Q4,South Korea,Education,Education,SOC 2010,18
2021,2021 Q4,South Korea,Financial and Insurance Activities,Finance,SOC 2010,16
2021,2021 Q4,South Korea,Human Health and Social Work Activities,Healthcare,SOC 2010,8
2021,2021 Q4,South Korea,Information and Communications,Technology,SOC 2010,12
2021,2021 Q4,Spain,Construction,Engineering,SOC 2010,15
2021,2021 Q4,Spain,Education,Education,SOC 2010,114
2021,2021 Q4,Spain,Financial and Insurance Activities,Finance,SOC 2010,64
2021,2021 Q4,Spain,Human Health and Social Work Activities,Healthcare,SOC 2010,19
2021,2021 Q4,Spain,Information and Communications,Technology,SOC 2010,28
2021,2021 Q4,Sri Lanka,Construction,Engineering,SOC 2010,4
2021,2021 Q4,Sri Lanka,Education,Education,SOC 2010,19
2021,2021 Q4,Sri Lanka,Financial and Insurance Activities,Finance,SOC 2010,12
2021,2021 Q4,Sri Lanka,Human Health and Social Work Activities,Healthcare,SOC 2010,154
2021,2021 Q4,Sri Lanka,Information and Communications,Technology,SOC 2010,10
2021,2021 Q4,St Kitts and Nevis,Human Health and Social Work Activities,Healthcare,SOC 2010,2
2021,2021 Q4,St Kitts and Nevis,Information and Communications,Technology,SOC 2010,2
2021,2021 Q4,St Lucia,Education,Education,SOC 2010,1
2021,2021 Q4,St Lucia,Human Health and Social Work Activities,Healthcare,SOC 2010,4
2021,2021 Q4,St Vincent and the Grenadines,Financial and Insurance Activities,Finance,SOC 2010,1
2021,2021 Q4,St Vincent and the Grenadines,Human Health and Social Work Activities,Healthcare,SOC 2010,27
2021,2021 Q4,Stateless,Human Health and Social Work Activities,Healthcare,SOC 2010,4
2021,2021 Q4,Sudan,Education,Education,SOC 2010,2
2021,2021 Q4,Sudan,Financial and Insurance Activities,Finance,SOC 2010,1
2021,2021 Q4,Sudan,Human Health and Social Work Activities,Healthcare,SOC 2010,81
2021,2021 Q4,Sudan,Information and Communications,Technology,SOC 2010,2
2021,2021 Q4,Sweden,Education,Education,SOC 2010,12
2021,2021 Q4,Sweden,Financial and Insurance Activities,Finance,SOC 2010,23
2021,2021 Q4,Sweden,Human Health and Social Work Activities,Healthcare,SOC 2010,5
2021,2021 Q4,Sweden,Information and Communications,Technology,SOC 2010,11
2021,2021 Q4,Switzerland,Education,Education,SOC 2010,15
2021,2021 Q4,Switzerland,Financial and Insurance Activities,Finance,SOC 2010,29
2021,2021 Q4,Switzerland,Human Health and Social Work Activities,Healthcare,SOC 2010,5
2021,2021 Q4,Switzerland,Information and Communications,Technology,SOC 2010,5
2021,2021 Q4,Syria,Education,Education,SOC 2010,1
2021,2021 Q4,Syria,Human Health and Social Work Activities,Healthcare,SOC 2010,9
2021,2021 Q4,Syria,Information and Communications,Technology,SOC 2010,1
2021,2021 Q4,Taiwan,Construction,Engineering,SOC 2010,1
2021,2021 Q4,Taiwan,Education,Education,SOC 2010,3
2021,2021 Q4,Taiwan,Financial and Insurance Activities,Finance,SOC 2010,9
2021,2021 Q4,Taiwan,Human Health and Social Work Activities,Healthcare,SOC 2010,3
2021,2021 Q4,Taiwan,Information and Communications,Technology,SOC 2010,8
2021,2021 Q4,Tajikistan,Education,Education,SOC 2010,1
2021,2021 Q4,Tanzania,Construction,Engineering,SOC 2010,1
2021,2021 Q4,Tanzania,Education,Education,SOC 2010,1
2021,2021 Q4,Tanzania,Financial and Insurance Activities,Finance,SOC 2010,2
2021,2021 Q4,Tanzania,Human Health and Social Work Activities,Healthcare,SOC 2010,2
2021,2021 Q4,Thailand,Education,Education,SOC 2010,4
2021,2021 Q4,Thailand,Human Health and Social Work Activities,Healthcare,SOC 2010,5
2021,2021 Q4,Thailand,Information and Communications,Technology,SOC 2010,4
2021,2021 Q4,Trinidad and Tobago,Construction,Engineering,SOC 2010,1
2021,2021 Q4,Trinidad and Tobago,Education,Education,SOC 2010,3
2021,2021 Q4,Trinidad and Tobago,Human Health and Social Work Activities,Healthcare,SOC 2010,45
2021,2021 Q4,Tunisia,Construction,Engineering,SOC 2010,1
2021,2021 Q4,Tunisia,Education,Education,SOC 2010,1
2021,2021 Q4,Tunisia,Financial and Insurance Activities,Finance,SOC 2010,4
2021,2021 Q4,Tunisia,Human Health and Social Work Activities,Healthcare,SOC 2010,1
2021,2021 Q4,Tunisia,Information and Communications,Technology,SOC 2010,4
2021,2021 Q4,Turkey,Construction,Engineering,SOC 2010,13
2021,2021 Q4,Turkey,Education,Education,SOC 2010,104
2021,2021 Q4,Turkey,Financial and Insurance Activities,Finance,SOC 2010,20
2021,2021 Q4,Turkey,Human Health and Social Work Activities,Healthcare,SOC 2010,15
2021,2021 Q4,Turkey,Information and Communications,Technology,SOC 2010,57
2021,2021 Q4,Turkmenistan,Construction,Engineering,SOC 2010,1
2021,2021 Q4,Uganda,Education,Education,SOC 2010,5
2021,2021 Q4,Uganda,Financial and Insurance Activities,Finance,SOC 2010,2
2021,2021 Q4,Uganda,Human Health and Social Work Activities,Healthcare,SOC 2010,16
2021,2021 Q4,Uganda,Information and Communications,Technology,SOC 2010,1
2021,2021 Q4,Ukraine,Construction,Engineering,SOC 2010,7
2021,2021 Q4,Ukraine,Education,Education,SOC 2010,2
2021,2021 Q4,Ukraine,Financial and Insurance Activities,Finance,SOC 2010,10
2021,2021 Q4,Ukraine,Human Health and Social Work Activities,Healthcare,SOC 2010,7
2021,2021 Q4,Ukraine,Information and Communications,Technology,SOC 2010,34
2021,2021 Q4,United Arab Emirates,Education,Education,SOC 2010,1
2021,2021 Q4,United Arab Emirates,Human Health and Social Work Activities,Healthcare,SOC 2010,2
2021,2021 Q4,United States,Construction,Engineering,SOC 2010,8
2021,2021 Q4,United States,Education,Education,SOC 2010,151
2021,2021 Q4,United States,Financial and Insurance Activities,Finance,SOC 2010,181
2021,2021 Q4,United States,Human Health and Social Work Activities,Healthcare,SOC 2010,78
2021,2021 Q4,United States,Information and Communications,Technology,SOC 2010,229
2021,2021 Q4,Uruguay,Education,Education,SOC 2010,2
2021,2021 Q4,Uzbekistan,Education,Education,SOC 2010,1
2021,2021 Q4,Venezuela,Education,Education,SOC 2010,1
2021,2021 Q4,Venezuela,Financial and Insurance Activities,Finance,SOC 2010,2
2021,2021 Q4,Venezuela,Information and Communications,Technology,SOC 2010,1
2021,2021 Q4,Vietnam,Construction,Engineering,SOC 2010,1
2021,2021 Q4,Vietnam,Education,Education,SOC 2010,12
2021,2021 Q4,Vietnam,Information and Communications,Technology,SOC 2010,10
2021,2021 Q4,Yemen,Education,Education,SOC 2010,4
2021,2021 Q4,Yemen,Human Health and Social Work Activities,Healthcare,SOC 2010,4
2021,2021 Q4,Zambia,Financial and Insurance Activities,Finance,SOC 2010,3
2021,2021 Q4,Zambia,Human Health and Social Work Activities,Healthcare,SOC 2010,39
2021,2021 Q4,Zimbabwe,Construction,Engineering,SOC 2010,3
2021,2021 Q4,Zimbabwe,Education,Education,SOC 2010,10
2021,2021 Q4,Zimbabwe,Financial and Insurance Activities,Finance,SOC 2010,7
2021,2021 Q4,Zimbabwe,Human Health and Social Work Activities,Healthcare,SOC 2010,650
2021,2021 Q4,Zimbabwe,Information and Communications,Technology,SOC 2010,5
2022,2022 Q1,Afghanistan,Education,Education,SOC 2010,5
2022,2022 Q1,Afghanistan,Human Health and Social Work Activities,Healthcare,SOC 2010,2
2022,2022 Q1,Afghanistan,Information and Communications,Technology,SOC 2010,1
2022,2022 Q1,Albania,Construction,Engineering,SOC 2010,8
2022,2022 Q1,Albania,Education,Education,SOC 2010,5
2022,2022 Q1,Albania,Financial and Insurance Activities,Finance,SOC 2010,1
2022,2022 Q1,Albania,Human Health and Social Work Activities,Healthcare,SOC 2010,13
2022,2022 Q1,Albania,Information and Communications,Technology,SOC 2010,3
2022,2022 Q1,Algeria,Education,Education,SOC 2010,5
2022,2022 Q1,Algeria,Financial and Insurance Activities,Finance,SOC 2010,2
2022,2022 Q1,Algeria,Information and Communications,Technology,SOC 2010,2
2022,2022 Q1,Angola,Human Health and Social Work Activities,Healthcare,SOC 2010,1
2022,2022 Q1,Argentina,Education,Education,SOC 2010,5
2022,2022 Q1,Argentina,Financial and Insurance Activities,Finance,SOC 2010,11
2022,2022 Q1,Argentina,Human Health and Social Work Activities,Healthcare,SOC 2010,2
2022,2022 Q1,Argentina,Information and Communications,Technology,SOC 2010,14
2022,2022 Q1,Armenia,Education,Education,SOC 2010,1
2022,2022 Q1,Armenia,Financial and Insurance Activities,Finance,SOC 2010,1
2022,2022 Q1,Armenia,Information and Communications,Technology,SOC 2010,2
2022,2022 Q1,Australia,Construction,Engineering,SOC 2010,4
2022,2022 Q1,Australia,Education,Education,SOC 2010,22
2022,2022 Q1,Australia,Financial and Insurance Activities,Finance,SOC 2010,49
2022,2022 Q1,Australia,Human Health and Social Work Activities,Healthcare,SOC 2010,77
2022,2022 Q1,Australia,Information and Communications,Technology,SOC 2010,32
2022,2022 Q1,Austria,Construction,Engineering,SOC 2010,2
2022,2022 Q1,Austria,Education,Education,SOC 2010,9
2022,2022 Q1,Austria,Financial and Insurance Activities,Finance,SOC 2010,13
2022,2022 Q1,Austria,Information and Communications,Technology,SOC 2010,3
2022,2022 Q1,Azerbaijan,Education,Education,SOC 2010,1
2022,2022 Q1,Azerbaijan,Financial and Insurance Activities,Finance,SOC 2010,3
2022,2022 Q1,Azerbaijan,Human Health and Social Work Activities,Healthcare,SOC 2010,2
2022,2022 Q1,Azerbaijan,Information and Communications,Technology,SOC 2010,3
2022,2022 Q1,"Bahamas, The",Education,Education,SOC 2010,1
2022,2022 Q1,"Bahamas, The",Human Health and Social Work Activities,Healthcare,SOC 2010,2
2022,2022 Q1,Bahrain,Financial and Insurance Activities,Finance,SOC 2010,3
2022,2022 Q1,Bahrain,Human Health and Social Work Activities,Healthcare,SOC 2010,4
2022,2022 Q1,Bangladesh,Education,Education,SOC 2010,12
2022,2022 Q1,Bangladesh,Financial and Insurance Activities,Finance,SOC 2010,2
2022,2022 Q1,Bangladesh,Human Health and Social Work Activities,Healthcare,SOC 2010,40
2022,2022 Q1,Bangladesh,Information and Communications,Technology,SOC 2010,12
2022,2022 Q1,Barbados,Education,Education,SOC 2010,3
2022,2022 Q1,Barbados,Financial and Insurance Activities,Finance,SOC 2010,2
2022,2022 Q1,Barbados,Human Health and Social Work Activities,Healthcare,SOC 2010,10
2022,2022 Q1,Barbados,Information and Communications,Technology,SOC 2010,1
2022,2022 Q1,Belarus,Financial and Insurance Activities,Finance,SOC 2010,2
2022,2022 Q1,Belarus,Human Health and Social Work Activities,Healthcare,SOC 2010,1
2022,2022 Q1,Belarus,Information and Communications,Technology,SOC 2010,9
2022,2022 Q1,Belgium,Construction,Engineering,SOC 2010,1
2022,2022 Q1,Belgium,Education,Education,SOC 2010,38
2022,2022 Q1,Belgium,Financial and Insurance Activities,Finance,SOC 2010,23
2022,2022 Q1,Belgium,Human Health and Social Work Activities,Healthcare,SOC 2010,4
2022,2022 Q1,Belgium,Information and Communications,Technology,SOC 2010,8
2022,2022 Q1,Belize,Construction,Engineering,SOC 2010,1
2022,2022 Q1,Belize,Human Health and Social Work Activities,Healthcare,SOC 2010,2
2022,2022 Q1,Benin,Education,Education,SOC 2010,2
2022,2022 Q1,Bhutan,Education,Education,SOC 2010,1
2022,2022 Q1,Bosnia and Herzegovina,Education,Education,SOC 2010,1
2022,2022 Q1,Bosnia and Herzegovina,Financial and Insurance Activities,Finance,SOC 2010,3
2022,2022 Q1,Botswana,Financial and Insurance Activities,Finance,SOC 2010,1
2022,2022 Q1,Botswana,Human Health and Social Work Activities,Healthcare,SOC 2010,13
2022,2022 Q1,Brazil,Construction,Engineering,SOC 2010,6
2022,2022 Q1,Brazil,Education,Education,SOC 2010,46
2022,2022 Q1,Brazil,Financial and Insurance Activities,Finance,SOC 2010,21
2022,2022 Q1,Brazil,Human Health and Social Work Activities,Healthcare,SOC 2010,27
2022,2022 Q1,Brazil,Information and Communications,Technology,SOC 2010,59
2022,2022 Q1,Brunei,Human Health and Social Work Activities,Healthcare,SOC 2010,2
2022,2022 Q1,Bulgaria,Financial and Insurance Activities,Finance,SOC 2010,1
2022,2022 Q1,Bulgaria,Human Health and Social Work Activities,Healthcare,SOC 2010,4
2022,2022 Q1,Bulgaria,Information and Communications,Technology,SOC 2010,2
2022,2022 Q1,Burkina Faso,Education,Education,SOC 2010,2
2022,2022 Q1,Cameroon,Education,Education,SOC 2010,4
2022,2022 Q1,Cameroon,Financial and Insurance Activities,Finance,SOC 2010,2
2022,2022 Q1,Cameroon,Human Health and Social Work Activities,Healthcare,SOC 2010,13
2022,2022 Q1,Cameroon,Information and Communications,Technology,SOC 2010,1
2022,2022 Q1,Canada,Construction,Engineering,SOC 2010,2
2022,2022 Q1,Canada,Education,Education,SOC 2010,30
2022,2022 Q1,Canada,Financial and Insurance Activities,Finance,SOC 2010,38
2022,2022 Q1,Canada,Human Health and Social Work Activities,Healthcare,SOC 2010,36
2022,2022 Q1,Canada,Information and Communications,Technology,SOC 2010,35
2022,2022 Q1,Chile,Education,Education,SOC 2010,5
2022,2022 Q1,Chile,Financial and Insurance Activities,Finance,SOC 2010,2
2022,2022 Q1,Chile,Human Health and Social Work Activities,Healthcare,SOC 2010,1
2022,2022 Q1,Chile,Information and Communications,Technology,SOC 2010,4
2022,2022 Q1,China,Construction,Engineering,SOC 2010,3
2022,2022 Q1,China,Education,Education,SOC 2010,159
2022,2022 Q1,China,Financial and Insurance Activities,Finance,SOC 2010,43
2022,2022 Q1,China,Human Health and Social Work Activities,Healthcare,SOC 2010,7
2022,2022 Q1,China,Information and Communications,Technology,SOC 2010,61
2022,2022 Q1,Colombia,Construction,Engineering,SOC 2010,5
2022,2022 Q1,Colombia,Education,Education,SOC 2010,12
2022,2022 Q1,Colombia,Financial and Insurance Activities,Finance,SOC 2010,1
2022,2022 Q1,Colombia,Human Health and Social Work Activities,Healthcare,SOC 2010,8
2022,2022 Q1,Colombia,Information and Communications,Technology,SOC 2010,7
2022,2022 Q1,Congo,Education,Education,SOC 2010,2
2022,2022 Q1,Congo,Human Health and Social Work Activities,Healthcare,SOC 2010,1
2022,2022 Q1,Costa Rica,Education,Education,SOC 2010,1
2022,2022 Q1,Costa Rica,Human Health and Social Work Activities,Healthcare,SOC 2010,1
2022,2022 Q1,Costa Rica,Information and Communications,Technology,SOC 2010,1
2022,2022 Q1,Croatia,Education,Education,SOC 2010,2
2022,2022 Q1,Croatia,Financial and Insurance Activities,Finance,SOC 2010,1
2022,2022 Q1,Croatia,Human Health and Social Work Activities,Healthcare,SOC 2010,3
2022,2022 Q1,Croatia,Information and Communications,Technology,SOC 2010,3
2022,2022 Q1,Cuba,Information and Communications,Technology,SOC 2010,1
2022,2022 Q1,Cyprus,Education,Education,SOC 2010,5
2022,2022 Q1,Cyprus,Financial and Insurance Activities,Finance,SOC 2010,1
2022,2022 Q1,Cyprus,Human Health and Social Work Activities,Healthcare,SOC 2010,2
2022,2022 Q1,Czechia,Education,Education,SOC 2010,11
2022,2022 Q1,Czechia,Financial and Insurance Activities,Finance,SOC 2010,3
2022,2022 Q1,Czechia,Human Health and Social Work Activities,Healthcare,SOC 2010,1
2022,2022 Q1,Czechia,Information and Communications,Technology,SOC 2010,2
2022,2022 Q1,Denmark,Construction,Engineering,SOC 2010,3
2022,2022 Q1,Denmark,Education,Education,SOC 2010,9
2022,2022 Q1,Denmark,Financial and Insurance Activities,Finance,SOC 2010,5
2022,2022 Q1,Denmark,Information and Communications,Technology,SOC 2010,2
2022,2022 Q1,Djibouti,Human Health and Social Work Activities,Healthcare,SOC 2010,1
2022,2022 Q1,Dominica,Human Health and Social Work Activities,Healthcare,SOC 2010,4
2022,2022 Q1,Dominica,Information and Communications,Technology,SOC 2010,1
2022,2022 Q1,Ecuador,Education,Education,SOC 2010,16
2022,2022 Q1,Ecuador,Human Health and Social Work Activities,Healthcare,SOC 2010,1
2022,2022 Q1,Ecuador,Information and Communications,Technology,SOC 2010,1
2022,2022 Q1,Egypt,Construction,Engineering,SOC 2010,5
2022,2022 Q1,Egypt,Education,Education,SOC 2010,17
2022,2022 Q1,Egypt,Financial and Insurance Activities,Finance,SOC 2010,5
2022,2022 Q1,Egypt,Human Health and Social Work Activities,Healthcare,SOC 2010,188
2022,2022 Q1,Egypt,Information and Communications,Technology,SOC 2010,28
2022,2022 Q1,El Salvador,Education,Education,SOC 2010,1
2022,2022 Q1,Estonia,Education,Education,SOC 2010,2
2022,2022 Q1,Estonia,Financial and Insurance Activities,Finance,SOC 2010,1
2022,2022 Q1,Estonia,Human Health and Social Work Activities,Healthcare,SOC 2010,1
2022,2022 Q1,Estonia,Information and Communications,Technology,SOC 2010,2
2022,2022 Q1,Eswatini,Education,Education,SOC 2010,1
2022,2022 Q1,Eswatini,Human Health and Social Work Activities,Healthcare,SOC 2010,4
2022,2022 Q1,Ethiopia,Education,Education,SOC 2010,2
2022,2022 Q1,Ethiopia,Information and Communications,Technology,SOC 2010,1
2022,2022 Q1,Finland,Education,Education,SOC 2010,6
2022,2022 Q1,Finland,Financial and Insurance Activities,Finance,SOC 2010,6
2022,2022 Q1,Finland,Human Health and Social Work Activities,Healthcare,SOC 2010,3
2022,2022 Q1,Finland,Information and Communications,Technology,SOC 2010,3
2022,2022 Q1,France,Construction,Engineering,SOC 2010,33
2022,2022 Q1,France,Education,Education,SOC 2010,109
2022,2022 Q1,France,Financial and Insurance Activities,Finance,SOC 2010,167
2022,2022 Q1,France,Human Health and Social Work Activities,Healthcare,SOC 2010,10
2022,2022 Q1,France,Information and Communications,Technology,SOC 2010,83
2022,2022 Q1,"Gambia, The",Education,Education,SOC 2010,1
2022,2022 Q1,"Gambia, The",Human Health and Social Work Activities,Healthcare,SOC 2010,1
2022,2022 Q1,Georgia,Education,Education,SOC 2010,5
2022,2022 Q1,Georgia,Financial and Insurance Activities,Finance,SOC 2010,3
2022,2022 Q1,Germany,Construction,Engineering,SOC 2010,12
2022,2022 Q1,Germany,Education,Education,SOC 2010,167
2022,2022 Q1,Germany,Financial and Insurance Activities,Finance,SOC 2010,88
2022,2022 Q1,Germany,Human Health and Social Work Activities,Healthcare,SOC 2010,25
2022,2022 Q1,Germany,Information and Communications,Technology,SOC 2010,48
2022,2022 Q1,Ghana,Construction,Engineering,SOC 2010,1
2022,2022 Q1,Ghana,Education,Education,SOC 2010,15
2022,2022 Q1,Ghana,Financial and Insurance Activities,Finance,SOC 2010,6
2022,2022 Q1,Ghana,Human Health and Social Work Activities,Healthcare,SOC 2010,354
2022,2022 Q1,Ghana,Information and Communications,Technology,SOC 2010,5
2022,2022 Q1,Greece,Construction,Engineering,SOC 2010,6
2022,2022 Q1,Greece,Education,Education,SOC 2010,26
2022,2022 Q1,Greece,Financial and Insurance Activities,Finance,SOC 2010,12
2022,2022 Q1,Greece,Human Health and Social Work Activities,Healthcare,SOC 2010,35
2022,2022 Q1,Greece,Information and Communications,Technology,SOC 2010,10
2022,2022 Q1,Grenada,Construction,Engineering,SOC 2010,1
2022,2022 Q1,Grenada,Education,Education,SOC 2010,1
2022,2022 Q1,Grenada,Human Health and Social Work Activities,Healthcare,SOC 2010,4
2022,2022 Q1,Guinea,Financial and Insurance Activities,Finance,SOC 2010,1
2022,2022 Q1,Guinea,Information and Communications,Technology,SOC 2010,1
2022,2022 Q1,Guyana,Human Health and Social Work Activities,Healthcare,SOC 2010,55
2022,2022 Q1,Honduras,Education,Education,SOC 2010,1
2022,2022 Q1,Honduras,Human Health and Social Work Activities,Healthcare,SOC 2010,1
2022,2022 Q1,Hong Kong,Construction,Engineering,SOC 2010,1
2022,2022 Q1,Hong Kong,Education,Education,SOC 2010,9
2022,2022 Q1,Hong Kong,Financial and Insurance Activities,Finance,SOC 2010,10
2022,2022 Q1,Hong Kong,Human Health and Social Work Activities,Healthcare,SOC 2010,5
2022,2022 Q1,Hong Kong,Information and Communications,Technology,SOC 2010,1
2022,2022 Q1,Hungary,Construction,Engineering,SOC 2010,1
2022,2022 Q1,Hungary,Education,Education,SOC 2010,3
2022,2022 Q1,Hungary,Financial and Insurance Activities,Finance,SOC 2010,9
2022,2022 Q1,Hungary,Human Health and Social Work Activities,Healthcare,SOC 2010,4
2022,2022 Q1,Hungary,Information and Communications,Technology,SOC 2010,9
2022,2022 Q1,Iceland,Construction,Engineering,SOC 2010,1
2022,2022 Q1,Iceland,Education,Education,SOC 2010,2
2022,2022 Q1,India,Construction,Engineering,SOC 2010,84
2022,2022 Q1,India,Education,Education,SOC 2010,198
2022,2022 Q1,India,Financial and Insurance Activities,Finance,SOC 2010,663
2022,2022 Q1,India,Human Health and Social Work Activities,Healthcare,SOC 2010,5010
2022,2022 Q1,India,Information and Communications,Technology,SOC 2010,4022
2022,2022 Q1,Indonesia,Education,Education,SOC 2010,4
2022,2022 Q1,Indonesia,Financial and Insurance Activities,Finance,SOC 2010,3
2022,2022 Q1,Indonesia,Human Health and Social Work Activities,Healthcare,SOC 2010,3
2022,2022 Q1,Indonesia,Information and Communications,Technology,SOC 2010,4
2022,2022 Q1,Iran,Construction,Engineering,SOC 2010,2
2022,2022 Q1,Iran,Education,Education,SOC 2010,50
2022,2022 Q1,Iran,Financial and Insurance Activities,Finance,SOC 2010,3
2022,2022 Q1,Iran,Human Health and Social Work Activities,Healthcare,SOC 2010,7
2022,2022 Q1,Iran,Information and Communications,Technology,SOC 2010,16
2022,2022 Q1,Iraq,Construction,Engineering,SOC 2010,1
2022,2022 Q1,Iraq,Education,Education,SOC 2010,3
2022,2022 Q1,Iraq,Financial and Insurance Activities,Finance,SOC 2010,1
2022,2022 Q1,Iraq,Human Health and Social Work Activities,Healthcare,SOC 2010,23
2022,2022 Q1,Israel,Construction,Engineering,SOC 2010,1
2022,2022 Q1,Israel,Education,Education,SOC 2010,5
2022,2022 Q1,Israel,Financial and Insurance Activities,Finance,SOC 2010,4
2022,2022 Q1,Israel,Human Health and Social Work Activities,Healthcare,SOC 2010,6
2022,2022 Q1,Israel,Information and Communications,Technology,SOC 2010,13
2022,2022 Q1,Italy,Construction,Engineering,SOC 2010,9
2022,2022 Q1,Italy,Education,Education,SOC 2010,92
2022,2022 Q1,Italy,Financial and Insurance Activities,Finance,SOC 2010,103
2022,2022 Q1,Italy,Human Health and Social Work Activities,Healthcare,SOC 2010,21
2022,2022 Q1,Italy,Information and Communications,Technology,SOC 2010,44
2022,2022 Q1,Ivory Coast,Financial and Insurance Activities,Finance,SOC 2010,1
2022,2022 Q1,Jamaica,Education,Education,SOC 2010,4
2022,2022 Q1,Jamaica,Human Health and Social Work Activities,Healthcare,SOC 2010,81
2022,2022 Q1,Japan,Construction,Engineering,SOC 2010,2
2022,2022 Q1,Japan,Education,Education,SOC 2010,38
2022,2022 Q1,Japan,Financial and Insurance Activities,Finance,SOC 2010,97
2022,2022 Q1,Japan,Human Health and Social Work Activities,Healthcare,SOC 2010,8
2022,2022 Q1,Japan,Information and Communications,Technology,SOC 2010,40
2022,2022 Q1,Jordan,Education,Education,SOC 2010,5
2022,2022 Q1,Jordan,Financial and Insurance Activities,Finance,SOC 2010,2
2022,2022 Q1,Jordan,Human Health and Social Work Activities,Healthcare,SOC 2010,37
2022,2022 Q1,Jordan,Information and Communications,Technology,SOC 2010,7
2022,2022 Q1,Kazakhstan,Construction,Engineering,SOC 2010,1
2022,2022 Q1,Kazakhstan,Education,Education,SOC 2010,14
2022,2022 Q1,Kazakhstan,Financial and Insurance Activities,Finance,SOC 2010,4
2022,2022 Q1,Kazakhstan,Information and Communications,Technology,SOC 2010,12
2022,2022 Q1,Kenya,Education,Education,SOC 2010,13
2022,2022 Q1,Kenya,Financial and Insurance Activities,Finance,SOC 2010,9
2022,2022 Q1,Kenya,Human Health and Social Work Activities,Healthcare,SOC 2010,213
2022,2022 Q1,Kenya,Information and Communications,Technology,SOC 2010,12
2022,2022 Q1,Kosovo,Human Health and Social Work Activities,Healthcare,SOC 2010,1
2022,2022 Q1,Kuwait,Education,Education,SOC 2010,1
2022,2022 Q1,Kuwait,Financial and Insurance Activities,Finance,SOC 2010,1
2022,2022 Q1,Kuwait,Human Health and Social Work Activities,Healthcare,SOC 2010,5
2022,2022 Q1,Kyrgyzstan,Information and Communications,Technology,SOC 2010,1
2022,2022 Q1,Latvia,Construction,Engineering,SOC 2010,3
2022,2022 Q1,Latvia,Financial and Insurance Activities,Finance,SOC 2010,2
2022,2022 Q1,Latvia,Human Health and Social Work Activities,Healthcare,SOC 2010,1
2022,2022 Q1,Latvia,Information and Communications,Technology,SOC 2010,4
2022,2022 Q1,Lebanon,Construction,Engineering,SOC 2010,2
2022,2022 Q1,Lebanon,Education,Education,SOC 2010,10
2022,2022 Q1,Lebanon,Financial and Insurance Activities,Finance,SOC 2010,12
2022,2022 Q1,Lebanon,Human Health and Social Work Activities,Healthcare,SOC 2010,19
2022,2022 Q1,Lebanon,Information and Communications,Technology,SOC 2010,13
2022,2022 Q1,Lesotho,Human Health and Social Work Activities,Healthcare,SOC 2010,3
2022,2022 Q1,Liberia,Education,Education,SOC 2010,1
2022,2022 Q1,Liberia,Financial and Insurance Activities,Finance,SOC 2010,1
2022,2022 Q1,Libya,Financial and Insurance Activities,Finance,SOC 2010,1
2022,2022 Q1,Libya,Human Health and Social Work Activities,Healthcare,SOC 2010,8
2022,2022 Q1,Lithuania,Construction,Engineering,SOC 2010,3
2022,2022 Q1,Lithuania,Education,Education,SOC 2010,2
2022,2022 Q1,Lithuania,Financial and Insurance Activities,Finance,SOC 2010,2
2022,2022 Q1,Lithuania,Human Health and Social Work Activities,Healthcare,SOC 2010,2
2022,2022 Q1,Luxembourg,Financial and Insurance Activities,Finance,SOC 2010,2
2022,2022 Q1,Malawi,Education,Education,SOC 2010,1
2022,2022 Q1,Malawi,Human Health and Social Work Activities,Healthcare,SOC 2010,14
2022,2022 Q1,Malaysia,Construction,Engineering,SOC 2010,5
2022,2022 Q1,Malaysia,Education,Education,SOC 2010,15
2022,2022 Q1,Malaysia,Financial and Insurance Activities,Finance,SOC 2010,19
2022,2022 Q1,Malaysia,Human Health and Social Work Activities,Healthcare,SOC 2010,45
2022,2022 Q1,Malaysia,Information and Communications,Technology,SOC 2010,7
2022,2022 Q1,Maldives,Human Health and Social Work Activities,Healthcare,SOC 2010,1
2022,2022 Q1,Malta,Education,Education,SOC 2010,6
2022,2022 Q1,Malta,Financial and Insurance Activities,Finance,SOC 2010,2
2022,2022 Q1,Malta,Human Health and Social Work Activities,Healthcare,SOC 2010,4
2022,2022 Q1,Malta,Information and Communications,Technology,SOC 2010,1
2022,2022 Q1,Mauritius,Construction,Engineering,SOC 2010,1
2022,2022 Q1,Mauritius,Education,Education,SOC 2010,1
2022,2022 Q1,Mauritius,Financial and Insurance Activities,Finance,SOC 2010,4
2022,2022 Q1,Mauritius,Human Health and Social Work Activities,Healthcare,SOC 2010,6
2022,2022 Q1,Mexico,Construction,Engineering,SOC 2010,1
2022,2022 Q1,Mexico,Education,Education,SOC 2010,17
2022,2022 Q1,Mexico,Financial and Insurance Activities,Finance,SOC 2010,13
2022,2022 Q1,Mexico,Human Health and Social Work Activities,Healthcare,SOC 2010,3
2022,2022 Q1,Mexico,Information and Communications,Technology,SOC 2010,6
2022,2022 Q1,Moldova,Information and Communications,Technology,SOC 2010,2
2022,2022 Q1,Morocco,Construction,Engineering,SOC 2010,1
2022,2022 Q1,Morocco,Education,Education,SOC 2010,7
2022,2022 Q1,Morocco,Financial and Insurance Activities,Finance,SOC 2010,12
2022,2022 Q1,Morocco,Human Health and Social Work Activities,Healthcare,SOC 2010,2
2022,2022 Q1,Morocco,Information and Communications,Technology,SOC 2010,7
2022,2022 Q1,Mozambique,Human Health and Social Work Activities,Healthcare,SOC 2010,1
2022,2022 Q1,Mozambique,Information and Communications,Technology,SOC 2010,1
2022,2022 Q1,Myanmar (Burma),Education,Education,SOC 2010,1
2022,2022 Q1,Myanmar (Burma),Human Health and Social Work Activities,Healthcare,SOC 2010,23
2022,2022 Q1,Namibia,Education,Education,SOC 2010,6
2022,2022 Q1,Namibia,Financial and Insurance Activities,Finance,SOC 2010,2
2022,2022 Q1,Namibia,Human Health and Social Work Activities,Healthcare,SOC 2010,5
2022,2022 Q1,Nepal,Construction,Engineering,SOC 2010,4
2022,2022 Q1,Nepal,Education,Education,SOC 2010,1
2022,2022 Q1,Nepal,Financial and Insurance Activities,Finance,SOC 2010,18
2022,2022 Q1,Nepal,Human Health and Social Work Activities,Healthcare,SOC 2010,114
2022,2022 Q1,Nepal,Information and Communications,Technology,SOC 2010,6
2022,2022 Q1,Netherlands,Construction,Engineering,SOC 2010,9
2022,2022 Q1,Netherlands,Education,Education,SOC 2010,32
2022,2022 Q1,Netherlands,Financial and Insurance Activities,Finance,SOC 2010,47
2022,2022 Q1,Netherlands,Human Health and Social Work Activities,Healthcare,SOC 2010,7
2022,2022 Q1,Netherlands,Information and Communications,Technology,SOC 2010,13
2022,2022 Q1,New Zealand,Construction,Engineering,SOC 2010,1
2022,2022 Q1,New Zealand,Education,Education,SOC 2010,3
2022,2022 Q1,New Zealand,Financial and Insurance Activities,Finance,SOC 2010,11
2022,2022 Q1,New Zealand,Human Health and Social Work Activities,Healthcare,SOC 2010,10
2022,2022 Q1,New Zealand,Information and Communications,Technology,SOC 2010,7
2022,2022 Q1,Nicaragua,Human Health and Social Work Activities,Healthcare,SOC 2010,1
2022,2022 Q1,Nigeria,Construction,Engineering,SOC 2010,2
2022,2022 Q1,Nigeria,Education,Education,SOC 2010,40
2022,2022 Q1,Nigeria,Financial and Insurance Activities,Finance,SOC 2010,64
2022,2022 Q1,Nigeria,Human Health and Social Work Activities,Healthcare,SOC 2010,1692
2022,2022 Q1,Nigeria,Information and Communications,Technology,SOC 2010,40
2022,2022 Q1,North Macedonia,Information and Communications,Technology,SOC 2010,2
2022,2022 Q1,Norway,Construction,Engineering,SOC 2010,1
2022,2022 Q1,Norway,Education,Education,SOC 2010,5
2022,2022 Q1,Norway,Financial and Insurance Activities,Finance,SOC 2010,13
2022,2022 Q1,Norway,Human Health and Social Work Activities,Healthcare,SOC 2010,1
2022,2022 Q1,Norway,Information and Communications,Technology,SOC 2010,2
2022,2022 Q1,Occupied Palestinian Territories,Education,Education,SOC 2010,2
2022,2022 Q1,Occupied Palestinian Territories,Human Health and Social Work Activities,Healthcare,SOC 2010,61
2022,2022 Q1,Occupied Palestinian Territories,Information and Communications,Technology,SOC 2010,1
2022,2022 Q1,Other and unknown,Education,Education,SOC 2010,1
2022,2022 Q1,Other and unknown,Human Health and Social Work Activities,Healthcare,SOC 2010,2
2022,2022 Q1,Pakistan,Construction,Engineering,SOC 2010,6
2022,2022 Q1,Pakistan,Education,Education,SOC 2010,54
2022,2022 Q1,Pakistan,Financial and Insurance Activities,Finance,SOC 2010,44
2022,2022 Q1,Pakistan,Human Health and Social Work Activities,Healthcare,SOC 2010,281
2022,2022 Q1,Pakistan,Information and Communications,Technology,SOC 2010,36
2022,2022 Q1,Panama,Education,Education,SOC 2010,1
2022,2022 Q1,Peru,Education,Education,SOC 2010,4
2022,2022 Q1,Peru,Financial and Insurance Activities,Finance,SOC 2010,2
2022,2022 Q1,Peru,Human Health and Social Work Activities,Healthcare,SOC 2010,2
2022,2022 Q1,Peru,Information and Communications,Technology,SOC 2010,5
2022,2022 Q1,Philippines,Construction,Engineering,SOC 2010,36
2022,2022 Q1,Philippines,Education,Education,SOC 2010,5
2022,2022 Q1,Philippines,Financial and Insurance Activities,Finance,SOC 2010,27
2022,2022 Q1,Philippines,Human Health and Social Work Activities,Healthcare,SOC 2010,1728
2022,2022 Q1,Philippines,Information and Communications,Technology,SOC 2010,13
2022,2022 Q1,Poland,Construction,Engineering,SOC 2010,1
2022,2022 Q1,Poland,Education,Education,SOC 2010,9
2022,2022 Q1,Poland,Financial and Insurance Activities,Finance,SOC 2010,20
2022,2022 Q1,Poland,Human Health and Social Work Activities,Healthcare,SOC 2010,6
2022,2022 Q1,Poland,Information and Communications,Technology,SOC 2010,17
2022,2022 Q1,Portugal,Construction,Engineering,SOC 2010,12
2022,2022 Q1,Portugal,Education,Education,SOC 2010,14
2022,2022 Q1,Portugal,Financial and Insurance Activities,Finance,SOC 2010,35
2022,2022 Q1,Portugal,Human Health and Social Work Activities,Healthcare,SOC 2010,28
2022,2022 Q1,Portugal,Information and Communications,Technology,SOC 2010,36
2022,2022 Q1,Qatar,Education,Education,SOC 2010,4
2022,2022 Q1,Qatar,Financial and Insurance Activities,Finance,SOC 2010,2
2022,2022 Q1,Refugee,Education,Education,SOC 2010,1
2022,2022 Q1,Refugee,Human Health and Social Work Activities,Healthcare,SOC 2010,1
2022,2022 Q1,Romania,Construction,Engineering,SOC 2010,2
2022,2022 Q1,Romania,Education,Education,SOC 2010,6
2022,2022 Q1,Romania,Financial and Insurance Activities,Finance,SOC 2010,7
2022,2022 Q1,Romania,Human Health and Social Work Activities,Healthcare,SOC 2010,11
2022,2022 Q1,Romania,Information and Communications,Technology,SOC 2010,21
2022,2022 Q1,Russia,Construction,Engineering,SOC 2010,2
2022,2022 Q1,Russia,Education,Education,SOC 2010,11
2022,2022 Q1,Russia,Financial and Insurance Activities,Finance,SOC 2010,21
2022,2022 Q1,Russia,Human Health and Social Work Activities,Healthcare,SOC 2010,3
2022,2022 Q1,Russia,Information and Communications,Technology,SOC 2010,58
2022,2022 Q1,Rwanda,Human Health and Social Work Activities,Healthcare,SOC 2010,2
2022,2022 Q1,Saudi Arabia,Financial and Insurance Activities,Finance,SOC 2010,1
2022,2022 Q1,Saudi Arabia,Human Health and Social Work Activities,Healthcare,SOC 2010,11
2022,2022 Q1,Saudi Arabia,Information and Communications,Technology,SOC 2010,3
2022,2022 Q1,Senegal,Education,Education,SOC 2010,1
2022,2022 Q1,Senegal,Financial and Insurance Activities,Finance,SOC 2010,1
2022,2022 Q1,Senegal,Information and Communications,Technology,SOC 2010,2
2022,2022 Q1,Serbia,Education,Education,SOC 2010,6
2022,2022 Q1,Serbia,Financial and Insurance Activities,Finance,SOC 2010,5
2022,2022 Q1,Serbia,Human Health and Social Work Activities,Healthcare,SOC 2010,1
2022,2022 Q1,Serbia,Information and Communications,Technology,SOC 2010,3
2022,2022 Q1,Seychelles,Human Health and Social Work Activities,Healthcare,SOC 2010,1
2022,2022 Q1,Singapore,Education,Education,SOC 2010,3
2022,2022 Q1,Singapore,Financial and Insurance Activities,Finance,SOC 2010,19
2022,2022 Q1,Singapore,Human Health and Social Work Activities,Healthcare,SOC 2010,8
2022,2022 Q1,Singapore,Information and Communications,Technology,SOC 2010,13
2022,2022 Q1,Slovakia,Education,Education,SOC 2010,2
2022,2022 Q1,Slovakia,Financial and Insurance Activities,Finance,SOC 2010,2
2022,2022 Q1,Slovakia,Human Health and Social Work Activities,Healthcare,SOC 2010,1
2022,2022 Q1,Slovakia,Information and Communications,Technology,SOC 2010,3
2022,2022 Q1,Slovenia,Construction,Engineering,SOC 2010,1
2022,2022 Q1,Slovenia,Education,Education,SOC 2010,2
2022,2022 Q1,Slovenia,Information and Communications,Technology,SOC 2010,1
2022,2022 Q1,Somalia,Human Health and Social Work Activities,Healthcare,SOC 2010,5
2022,2022 Q1,South Africa,Construction,Engineering,SOC 2010,36
2022,2022 Q1,South Africa,Education,Education,SOC 2010,30
2022,2022 Q1,South Africa,Financial and Insurance Activities,Finance,SOC 2010,64
2022,2022 Q1,South Africa,Human Health and Social Work Activities,Healthcare,SOC 2010,77
2022,2022 Q1,South Africa,Information and Communications,Technology,SOC 2010,58
2022,2022 Q1,South Korea,Education,Education,SOC 2010,16
2022,2022 Q1,South Korea,Financial and Insurance Activities,Finance,SOC 2010,19
2022,2022 Q1,South Korea,Human Health and Social Work Activities,Healthcare,SOC 2010,10
2022,2022 Q1,South Korea,Information and Communications,Technology,SOC 2010,15
2022,2022 Q1,Spain,Construction,Engineering,SOC 2010,69
2022,2022 Q1,Spain,Education,Education,SOC 2010,118
2022,2022 Q1,Spain,Financial and Insurance Activities,Finance,SOC 2010,57
2022,2022 Q1,Spain,Human Health and Social Work Activities,Healthcare,SOC 2010,14
2022,2022 Q1,Spain,Information and Communications,Technology,SOC 2010,34
2022,2022 Q1,Sri Lanka,Construction,Engineering,SOC 2010,4
2022,2022 Q1,Sri Lanka,Education,Education,SOC 2010,14
2022,2022 Q1,Sri Lanka,Financial and Insurance Activities,Finance,SOC 2010,13
2022,2022 Q1,Sri Lanka,Human Health and Social Work Activities,Healthcare,SOC 2010,196
2022,2022 Q1,Sri Lanka,Information and Communications,Technology,SOC 2010,11
2022,2022 Q1,St Kitts and Nevis,Human Health and Social Work Activities,Healthcare,SOC 2010,2
2022,2022 Q1,St Lucia,Human Health and Social Work Activities,Healthcare,SOC 2010,7
2022,2022 Q1,St Vincent and the Grenadines,Human Health and Social Work Activities,Healthcare,SOC 2010,22
2022,2022 Q1,Stateless,Human Health and Social Work Activities,Healthcare,SOC 2010,1
2022,2022 Q1,Sudan,Construction,Engineering,SOC 2010,2
2022,2022 Q1,Sudan,Education,Education,SOC 2010,3
2022,2022 Q1,Sudan,Financial and Insurance Activities,Finance,SOC 2010,1
2022,2022 Q1,Sudan,Human Health and Social Work Activities,Healthcare,SOC 2010,86
2022,2022 Q1,Sudan,Information and Communications,Technology,SOC 2010,3
2022,2022 Q1,Sweden,Construction,Engineering,SOC 2010,1
2022,2022 Q1,Sweden,Education,Education,SOC 2010,10
2022,2022 Q1,Sweden,Financial and Insurance Activities,Finance,SOC 2010,21
2022,2022 Q1,Sweden,Human Health and Social Work Activities,Healthcare,SOC 2010,3
2022,2022 Q1,Sweden,Information and Communications,Technology,SOC 2010,11
2022,2022 Q1,Switzerland,Construction,Engineering,SOC 2010,2
2022,2022 Q1,Switzerland,Education,Education,SOC 2010,8
2022,2022 Q1,Switzerland,Financial and Insurance Activities,Finance,SOC 2010,19
2022,2022 Q1,Switzerland,Human Health and Social Work Activities,Healthcare,SOC 2010,6
2022,2022 Q1,Switzerland,Information and Communications,Technology,SOC 2010,3
2022,2022 Q1,Syria,Construction,Engineering,SOC 2010,1
2022,2022 Q1,Syria,Education,Education,SOC 2010,2
2022,2022 Q1,Syria,Financial and Insurance Activities,Finance,SOC 2010,1
2022,2022 Q1,Syria,Human Health and Social Work Activities,Healthcare,SOC 2010,14
2022,2022 Q1,Syria,Information and Communications,Technology,SOC 2010,1
2022,2022 Q1,Taiwan,Education,Education,SOC 2010,6
2022,2022 Q1,Taiwan,Financial and Insurance Activities,Finance,SOC 2010,6
2022,2022 Q1,Taiwan,Human Health and Social Work Activities,Healthcare,SOC 2010,4
2022,2022 Q1,Taiwan,Information and Communications,Technology,SOC 2010,13
2022,2022 Q1,Tajikistan,Financial and Insurance Activities,Finance,SOC 2010,1
2022,2022 Q1,Tanzania,Financial and Insurance Activities,Finance,SOC 2010,1
2022,2022 Q1,Tanzania,Human Health and Social Work Activities,Healthcare,SOC 2010,5
2022,2022 Q1,Thailand,Construction,Engineering,SOC 2010,2
2022,2022 Q1,Thailand,Education,Education,SOC 2010,8
2022,2022 Q1,Thailand,Financial and Insurance Activities,Finance,SOC 2010,1
2022,2022 Q1,Thailand,Human Health and Social Work Activities,Healthcare,SOC 2010,5
2022,2022 Q1,Thailand,Information and Communications,Technology,SOC 2010,1
2022,2022 Q1,Trinidad and Tobago,Construction,Engineering,SOC 2010,1
2022,2022 Q1,Trinidad and Tobago,Financial and Insurance Activities,Finance,SOC 2010,1
2022,2022 Q1,Trinidad and Tobago,Human Health and Social Work Activities,Healthcare,SOC 2010,37
2022,2022 Q1,Trinidad and Tobago,Information and Communications,Technology,SOC 2010,1
2022,2022 Q1,Tunisia,Education,Education,SOC 2010,3
2022,2022 Q1,Tunisia,Financial and Insurance Activities,Finance,SOC 2010,4
2022,2022 Q1,Tunisia,Human Health and Social Work Activities,Healthcare,SOC 2010,1
2022,2022 Q1,Tunisia,Information and Communications,Technology,SOC 2010,3
2022,2022 Q1,Turkey,Construction,Engineering,SOC 2010,11
2022,2022 Q1,Turkey,Education,Education,SOC 2010,91
2022,2022 Q1,Turkey,Financial and Insurance Activities,Finance,SOC 2010,36
2022,2022 Q1,Turkey,Human Health and Social Work Activities,Healthcare,SOC 2010,21
2022,2022 Q1,Turkey,Information and Communications,Technology,SOC 2010,48
2022,2022 Q1,Uganda,Education,Education,SOC 2010,12
2022,2022 Q1,Uganda,Financial and Insurance Activities,Finance,SOC 2010,1
2022,2022 Q1,Uganda,Human Health and Social Work Activities,Healthcare,SOC 2010,28
2022,2022 Q1,Uganda,Information and Communications,Technology,SOC 2010,1
2022,2022 Q1,Ukraine,Construction,Engineering,SOC 2010,5
2022,2022 Q1,Ukraine,Education,Education,SOC 2010,3
2022,2022 Q1,Ukraine,Financial and Insurance Activities,Finance,SOC 2010,17
2022,2022 Q1,Ukraine,Human Health and Social Work Activities,Healthcare,SOC 2010,4
2022,2022 Q1,Ukraine,Information and Communications,Technology,SOC 2010,28
2022,2022 Q1,United Arab Emirates,Human Health and Social Work Activities,Healthcare,SOC 2010,2
2022,2022 Q1,United States,Construction,Engineering,SOC 2010,18
2022,2022 Q1,United States,Education,Education,SOC 2010,120
2022,2022 Q1,United States,Financial and Insurance Activities,Finance,SOC 2010,173
2022,2022 Q1,United States,Human Health and Social Work Activities,Healthcare,SOC 2010,72
2022,2022 Q1,United States,Information and Communications,Technology,SOC 2010,254
2022,2022 Q1,Uruguay,Education,Education,SOC 2010,1
2022,2022 Q1,Uruguay,Financial and Insurance Activities,Finance,SOC 2010,1
2022,2022 Q1,Uruguay,Information and Communications,Technology,SOC 2010,2
2022,2022 Q1,Uzbekistan,Education,Education,SOC 2010,2
2022,2022 Q1,Uzbekistan,Human Health and Social Work Activities,Healthcare,SOC 2010,1
2022,2022 Q1,Vanuatu,Financial and Insurance Activities,Finance,SOC 2010,1
2022,2022 Q1,Venezuela,Financial and Insurance Activities,Finance,SOC 2010,1
2022,2022 Q1,Vietnam,Education,Education,SOC 2010,7
2022,2022 Q1,Vietnam,Financial and Insurance Activities,Finance,SOC 2010,5
2022,2022 Q1,Vietnam,Information and Communications,Technology,SOC 2010,6
2022,2022 Q1,Yemen,Education,Education,SOC 2010,4
2022,2022 Q1,Yemen,Human Health and Social Work Activities,Healthcare,SOC 2010,3
2022,2022 Q1,Zambia,Education,Education,SOC 2010,1
2022,2022 Q1,Zambia,Human Health and Social Work Activities,Healthcare,SOC 2010,78
2022,2022 Q1,Zimbabwe,Education,Education,SOC 2010,12
2022,2022 Q1,Zimbabwe,Financial and Insurance Activities,Finance,SOC 2010,10
2022,2022 Q1,Zimbabwe,Human Health and Social Work Activities,Healthcare,SOC 2010,1204
2022,2022 Q1,Zimbabwe,Information and Communications,Technology,SOC 2010,2
2022,2022 Q2,Afghanistan,Education,Education,SOC 2010,7
2022,2022 Q2,Afghanistan,Human Health and Social Work Activities,Healthcare,SOC 2010,5
2022,2022 Q2,Afghanistan,Information and Communications,Technology,SOC 2010,5
2022,2022 Q2,Albania,Construction,Engineering,SOC 2010,5
2022,2022 Q2,Albania,Education,Education,SOC 2010,1
2022,2022 Q2,Albania,Financial and Insurance Activities,Finance,SOC 2010,2
2022,2022 Q2,Albania,Human Health and Social Work Activities,Healthcare,SOC 2010,27
2022,2022 Q2,Albania,Information and Communications,Technology,SOC 2010,3
2022,2022 Q2,Algeria,Construction,Engineering,SOC 2010,2
2022,2022 Q2,Algeria,Education,Education,SOC 2010,1
2022,2022 Q2,Algeria,Financial and Insurance Activities,Finance,SOC 2010,2
2022,2022 Q2,Algeria,Human Health and Social Work Activities,Healthcare,SOC 2010,2
2022,2022 Q2,Algeria,Information and Communications,Technology,SOC 2010,1
2022,2022 Q2,Angola,Human Health and Social Work Activities,Healthcare,SOC 2010,1
2022,2022 Q2,Antigua and Barbuda,Human Health and Social Work Activities,Healthcare,SOC 2010,1
2022,2022 Q2,Argentina,Education,Education,SOC 2010,7
2022,2022 Q2,Argentina,Financial and Insurance Activities,Finance,SOC 2010,15
2022,2022 Q2,Argentina,Human Health and Social Work Activities,Healthcare,SOC 2010,3
2022,2022 Q2,Argentina,Information and Communications,Technology,SOC 2010,16
2022,2022 Q2,Armenia,Education,Education,SOC 2010,2
2022,2022 Q2,Armenia,Financial and Insurance Activities,Finance,SOC 2010,1
2022,2022 Q2,Australia,Construction,Engineering,SOC 2010,7
2022,2022 Q2,Australia,Education,Education,SOC 2010,33
2022,2022 Q2,Australia,Financial and Insurance Activities,Finance,SOC 2010,74
2022,2022 Q2,Australia,Human Health and Social Work Activities,Healthcare,SOC 2010,128
2022,2022 Q2,Australia,Information and Communications,Technology,SOC 2010,35
2022,2022 Q2,Austria,Construction,Engineering,SOC 2010,5
2022,2022 Q2,Austria,Education,Education,SOC 2010,8
2022,2022 Q2,Austria,Financial and Insurance Activities,Finance,SOC 2010,17
2022,2022 Q2,Austria,Human Health and Social Work Activities,Healthcare,SOC 2010,1
2022,2022 Q2,Austria,Information and Communications,Technology,SOC 2010,3
2022,2022 Q2,Azerbaijan,Construction,Engineering,SOC 2010,1
2022,2022 Q2,Azerbaijan,Education,Education,SOC 2010,4
2022,2022 Q2,Azerbaijan,Financial and Insurance Activities,Finance,SOC 2010,1
2022,2022 Q2,Azerbaijan,Information and Communications,Technology,SOC 2010,1
2022,2022 Q2,"Bahamas, The",Human Health and Social Work Activities,Healthcare,SOC 2010,1
2022,2022 Q2,Bahrain,Financial and Insurance Activities,Finance,SOC 2010,1
2022,2022 Q2,Bahrain,Human Health and Social Work Activities,Healthcare,SOC 2010,21
2022,2022 Q2,Bangladesh,Education,Education,SOC 2010,9
2022,2022 Q2,Bangladesh,Financial and Insurance Activities,Finance,SOC 2010,2
2022,2022 Q2,Bangladesh,Human Health and Social Work Activities,Healthcare,SOC 2010,68
2022,2022 Q2,Bangladesh,Information and Communications,Technology,SOC 2010,7
2022,2022 Q2,Barbados,Education,Education,SOC 2010,1
2022,2022 Q2,Barbados,Human Health and Social Work Activities,Healthcare,SOC 2010,14
2022,2022 Q2,Belarus,Education,Education,SOC 2010,7
2022,2022 Q2,Belarus,Financial and Insurance Activities,Finance,SOC 2010,3
2022,2022 Q2,Belarus,Human Health and Social Work Activities,Healthcare,SOC 2010,1
2022,2022 Q2,Belarus,Information and Communications,Technology,SOC 2010,17
2022,2022 Q2,Belgium,Education,Education,SOC 2010,6
2022,2022 Q2,Belgium,Financial and Insurance Activities,Finance,SOC 2010,25
2022,2022 Q2,Belgium,Human Health and Social Work Activities,Healthcare,SOC 2010,3
2022,2022 Q2,Belgium,Information and Communications,Technology,SOC 2010,9
2022,2022 Q2,Belize,Construction,Engineering,SOC 2010,18
2022,2022 Q2,Belize,Human Health and Social Work Activities,Healthcare,SOC 2010,3
2022,2022 Q2,Bhutan,Construction,Engineering,SOC 2010,1
2022,2022 Q2,Bhutan,Human Health and Social Work Activities,Healthcare,SOC 2010,1
2022,2022 Q2,Bolivia,Education,Education,SOC 2010,1
2022,2022 Q2,Bosnia and Herzegovina,Education,Education,SOC 2010,1
2022,2022 Q2,Bosnia and Herzegovina,Information and Communications,Technology,SOC 2010,1
2022,2022 Q2,Botswana,Human Health and Social Work Activities,Healthcare,SOC 2010,17
2022,2022 Q2,Brazil,Construction,Engineering,SOC 2010,5
2022,2022 Q2,Brazil,Education,Education,SOC 2010,58
2022,2022 Q2,Brazil,Financial and Insurance Activities,Finance,SOC 2010,33
2022,2022 Q2,Brazil,Human Health and Social Work Activities,Healthcare,SOC 2010,22
2022,2022 Q2,Brazil,Information and Communications,Technology,SOC 2010,60
2022,2022 Q2,Brunei,Education,Education,SOC 2010,1
2022,2022 Q2,Brunei,Human Health and Social Work Activities,Healthcare,SOC 2010,3
2022,2022 Q2,Bulgaria,Education,Education,SOC 2010,4
2022,2022 Q2,Bulgaria,Financial and Insurance Activities,Finance,SOC 2010,4
2022,2022 Q2,Bulgaria,Human Health and Social Work Activities,Healthcare,SOC 2010,3
2022,2022 Q2,Bulgaria,Information and Communications,Technology,SOC 2010,4
2022,2022 Q2,Burkina Faso,Education,Education,SOC 2010,2
2022,2022 Q2,Cameroon,Education,Education,SOC 2010,3
2022,2022 Q2,Cameroon,Financial and Insurance Activities,Finance,SOC 2010,4
2022,2022 Q2,Cameroon,Human Health and Social Work Activities,Healthcare,SOC 2010,56
2022,2022 Q2,Canada,Construction,Engineering,SOC 2010,1
2022,2022 Q2,Canada,Education,Education,SOC 2010,48
2022,2022 Q2,Canada,Financial and Insurance Activities,Finance,SOC 2010,48
2022,2022 Q2,Canada,Human Health and Social Work Activities,Healthcare,SOC 2010,82
2022,2022 Q2,Canada,Information and Communications,Technology,SOC 2010,30
2022,2022 Q2,Chile,Education,Education,SOC 2010,5
2022,2022 Q2,Chile,Financial and Insurance Activities,Finance,SOC 2010,2
2022,2022 Q2,Chile,Human Health and Social Work Activities,Healthcare,SOC 2010,3
2022,2022 Q2,China,Construction,Engineering,SOC 2010,2
2022,2022 Q2,China,Education,Education,SOC 2010,140
2022,2022 Q2,China,Financial and Insurance Activities,Finance,SOC 2010,83
2022,2022 Q2,China,Human Health and Social Work Activities,Healthcare,SOC 2010,6
2022,2022 Q2,China,Information and Communications,Technology,SOC 2010,66
2022,2022 Q2,Colombia,Construction,Engineering,SOC 2010,2
2022,2022 Q2,Colombia,Education,Education,SOC 2010,7
2022,2022 Q2,Colombia,Financial and Insurance Activities,Finance,SOC 2010,5
2022,2022 Q2,Colombia,Human Health and Social Work Activities,Healthcare,SOC 2010,5
2022,2022 Q2,Colombia,Information and Communications,Technology,SOC 2010,7
2022,2022 Q2,Congo (Democratic Republic),Education,Education,SOC 2010,1
2022,2022 Q2,Congo (Democratic Republic),Human Health and Social Work Activities,Healthcare,SOC 2010,4
2022,2022 Q2,Costa Rica,Education,Education,SOC 2010,1
2022,2022 Q2,Costa Rica,Financial and Insurance Activities,Finance,SOC 2010,2
2022,2022 Q2,Costa Rica,Information and Communications,Technology,SOC 2010,1
2022,2022 Q2,Croatia,Construction,Engineering,SOC 2010,1
2022,2022 Q2,Croatia,Education,Education,SOC 2010,7
2022,2022 Q2,Croatia,Financial and Insurance Activities,Finance,SOC 2010,3
2022,2022 Q2,Croatia,Human Health and Social Work Activities,Healthcare,SOC 2010,4
2022,2022 Q2,Croatia,Information and Communications,Technology,SOC 2010,5
2022,2022 Q2,Cuba,Education,Education,SOC 2010,1
2022,2022 Q2,Cyprus,Construction,Engineering,SOC 2010,1
2022,2022 Q2,Cyprus,Financial and Insurance Activities,Finance,SOC 2010,3
2022,2022 Q2,Cyprus,Human Health and Social Work Activities,Healthcare,SOC 2010,4
2022,2022 Q2,Cyprus,Information and Communications,Technology,SOC 2010,1
2022,2022 Q2,Czechia,Education,Education,SOC 2010,7
2022,2022 Q2,Czechia,Financial and Insurance Activities,Finance,SOC 2010,7
2022,2022 Q2,Czechia,Information and Communications,Technology,SOC 2010,4
2022,2022 Q2,Denmark,Construction,Engineering,SOC 2010,1
2022,2022 Q2,Denmark,Education,Education,SOC 2010,6
2022,2022 Q2,Denmark,Financial and Insurance Activities,Finance,SOC 2010,11
2022,2022 Q2,Denmark,Information and Communications,Technology,SOC 2010,4
2022,2022 Q2,Djibouti,Human Health and Social Work Activities,Healthcare,SOC 2010,1
2022,2022 Q2,Dominica,Human Health and Social Work Activities,Healthcare,SOC 2010,1
2022,2022 Q2,Dominican Republic,Information and Communications,Technology,SOC 2010,1
2022,2022 Q2,Ecuador,Education,Education,SOC 2010,6
2022,2022 Q2,Ecuador,Financial and Insurance Activities,Finance,SOC 2010,2
2022,2022 Q2,Ecuador,Human Health and Social Work Activities,Healthcare,SOC 2010,3
2022,2022 Q2,Ecuador,Information and Communications,Technology,SOC 2010,1
2022,2022 Q2,Egypt,Construction,Engineering,SOC 2010,13
2022,2022 Q2,Egypt,Education,Education,SOC 2010,47
2022,2022 Q2,Egypt,Financial and Insurance Activities,Finance,SOC 2010,6
2022,2022 Q2,Egypt,Human Health and Social Work Activities,Healthcare,SOC 2010,225
2022,2022 Q2,Egypt,Information and Communications,Technology,SOC 2010,31
2022,2022 Q2,Estonia,Education,Education,SOC 2010,2
2022,2022 Q2,Estonia,Financial and Insurance Activities,Finance,SOC 2010,2
2022,2022 Q2,Eswatini,Human Health and Social Work Activities,Healthcare,SOC 2010,10
2022,2022 Q2,Ethiopia,Education,Education,SOC 2010,6
2022,2022 Q2,Ethiopia,Financial and Insurance Activities,Finance,SOC 2010,1
2022,2022 Q2,Ethiopia,Human Health and Social Work Activities,Healthcare,SOC 2010,1
2022,2022 Q2,Finland,Education,Education,SOC 2010,12
2022,2022 Q2,Finland,Financial and Insurance Activities,Finance,SOC 2010,6
2022,2022 Q2,Finland,Human Health and Social Work Activities,Healthcare,SOC 2010,2
2022,2022 Q2,France,Construction,Engineering,SOC 2010,35
2022,2022 Q2,France,Education,Education,SOC 2010,135
2022,2022 Q2,France,Financial and Insurance Activities,Finance,SOC 2010,172
2022,2022 Q2,France,Human Health and Social Work Activities,Healthcare,SOC 2010,8
2022,2022 Q2,France,Information and Communications,Technology,SOC 2010,52
2022,2022 Q2,Gabon,Financial and Insurance Activities,Finance,SOC 2010,1
2022,2022 Q2,"Gambia, The",Human Health and Social Work Activities,Healthcare,SOC 2010,2
2022,2022 Q2,Georgia,Financial and Insurance Activities,Finance,SOC 2010,3
2022,2022 Q2,Georgia,Human Health and Social Work Activities,Healthcare,SOC 2010,1
2022,2022 Q2,Georgia,Information and Communications,Technology,SOC 2010,7
2022,2022 Q2,Germany,Construction,Engineering,SOC 2010,11
2022,2022 Q2,Germany,Education,Education,SOC 2010,161
2022,2022 Q2,Germany,Financial and Insurance Activities,Finance,SOC 2010,118
2022,2022 Q2,Germany,Human Health and Social Work Activities,Healthcare,SOC 2010,48
2022,2022 Q2,Germany,Information and Communications,Technology,SOC 2010,38
2022,2022 Q2,Ghana,Education,Education,SOC 2010,17
2022,2022 Q2,Ghana,Financial and Insurance Activities,Finance,SOC 2010,31
2022,2022 Q2,Ghana,Human Health and Social Work Activities,Healthcare,SOC 2010,579
2022,2022 Q2,Ghana,Information and Communications,Technology,SOC 2010,7
2022,2022 Q2,Greece,Construction,Engineering,SOC 2010,7
2022,2022 Q2,Greece,Education,Education,SOC 2010,27
2022,2022 Q2,Greece,Financial and Insurance Activities,Finance,SOC 2010,9
2022,2022 Q2,Greece,Human Health and Social Work Activities,Healthcare,SOC 2010,35
2022,2022 Q2,Greece,Information and Communications,Technology,SOC 2010,17
2022,2022 Q2,Grenada,Human Health and Social Work Activities,Healthcare,SOC 2010,2
2022,2022 Q2,Grenada,Information and Communications,Technology,SOC 2010,1
2022,2022 Q2,Guatemala,Human Health and Social Work Activities,Healthcare,SOC 2010,1
2022,2022 Q2,Guyana,Human Health and Social Work Activities,Healthcare,SOC 2010,49
2022,2022 Q2,Honduras,Information and Communications,Technology,SOC 2010,1
2022,2022 Q2,Hong Kong,Construction,Engineering,SOC 2010,1
2022,2022 Q2,Hong Kong,Financial and Insurance Activities,Finance,SOC 2010,10
2022,2022 Q2,Hong Kong,Human Health and Social Work Activities,Healthcare,SOC 2010,4
2022,2022 Q2,Hong Kong,Information and Communications,Technology,SOC 2010,6
2022,2022 Q2,Hungary,Education,Education,SOC 2010,6
2022,2022 Q2,Hungary,Financial and Insurance Activities,Finance,SOC 2010,9
2022,2022 Q2,Hungary,Human Health and Social Work Activities,Healthcare,SOC 2010,4
2022,2022 Q2,Hungary,Information and Communications,Technology,SOC 2010,9
2022,2022 Q2,Iceland,Education,Education,SOC 2010,1
2022,2022 Q2,Iceland,Information and Communications,Technology,SOC 2010,1
2022,2022 Q2,India,Construction,Engineering,SOC 2010,134
2022,2022 Q2,India,Education,Education,SOC 2010,234
2022,2022 Q2,India,Financial and Insurance Activities,Finance,SOC 2010,860
2022,2022 Q2,India,Human Health and Social Work Activities,Healthcare,SOC 2010,5878
2022,2022 Q2,India,Information and Communications,Technology,SOC 2010,4129
2022,2022 Q2,Indonesia,Education,Education,SOC 2010,11
2022,2022 Q2,Indonesia,Financial and Insurance Activities,Finance,SOC 2010,2
2022,2022 Q2,Indonesia,Human Health and Social Work Activities,Healthcare,SOC 2010,3
2022,2022 Q2,Indonesia,Information and Communications,Technology,SOC 2010,4
2022,2022 Q2,Iran,Construction,Engineering,SOC 2010,1
2022,2022 Q2,Iran,Education,Education,SOC 2010,38
2022,2022 Q2,Iran,Financial and Insurance Activities,Finance,SOC 2010,2
2022,2022 Q2,Iran,Human Health and Social Work Activities,Healthcare,SOC 2010,15
2022,2022 Q2,Iran,Information and Communications,Technology,SOC 2010,11
2022,2022 Q2,Iraq,Construction,Engineering,SOC 2010,1
2022,2022 Q2,Iraq,Education,Education,SOC 2010,5
2022,2022 Q2,Iraq,Human Health and Social Work Activities,Healthcare,SOC 2010,18
2022,2022 Q2,Iraq,Information and Communications,Technology,SOC 2010,1
2022,2022 Q2,Ireland,Human Health and Social Work Activities,Healthcare,SOC 2010,1
2022,2022 Q2,Israel,Education,Education,SOC 2010,4
2022,2022 Q2,Israel,Financial and Insurance Activities,Finance,SOC 2010,8
2022,2022 Q2,Israel,Human Health and Social Work Activities,Healthcare,SOC 2010,4
2022,2022 Q2,Israel,Information and Communications,Technology,SOC 2010,15
2022,2022 Q2,Italy,Construction,Engineering,SOC 2010,5
2022,2022 Q2,Italy,Education,Education,SOC 2010,114
2022,2022 Q2,Italy,Financial and Insurance Activities,Finance,SOC 2010,137
2022,2022 Q2,Italy,Human Health and Social Work Activities,Healthcare,SOC 2010,32
2022,2022 Q2,Italy,Information and Communications,Technology,SOC 2010,38
2022,2022 Q2,Ivory Coast,Education,Education,SOC 2010,2
2022,2022 Q2,Ivory Coast,Information and Communications,Technology,SOC 2010,1
2022,2022 Q2,Jamaica,Construction,Engineering,SOC 2010,3
2022,2022 Q2,Jamaica,Education,Education,SOC 2010,4
2022,2022 Q2,Jamaica,Human Health and Social Work Activities,Healthcare,SOC 2010,145
2022,2022 Q2,Jamaica,Information and Communications,Technology,SOC 2010,6
2022,2022 Q2,Japan,Construction,Engineering,SOC 2010,1
2022,2022 Q2,Japan,Education,Education,SOC 2010,24
2022,2022 Q2,Japan,Financial and Insurance Activities,Finance,SOC 2010,98
2022,2022 Q2,Japan,Human Health and Social Work Activities,Healthcare,SOC 2010,4
2022,2022 Q2,Japan,Information and Communications,Technology,SOC 2010,34
2022,2022 Q2,Jordan,Construction,Engineering,SOC 2010,5
2022,2022 Q2,Jordan,Education,Education,SOC 2010,5
2022,2022 Q2,Jordan,Financial and Insurance Activities,Finance,SOC 2010,1
2022,2022 Q2,Jordan,Human Health and Social Work Activities,Healthcare,SOC 2010,45
2022,2022 Q2,Jordan,Information and Communications,Technology,SOC 2010,3
2022,2022 Q2,Kazakhstan,Construction,Engineering,SOC 2010,2
2022,2022 Q2,Kazakhstan,Education,Education,SOC 2010,31
2022,2022 Q2,Kazakhstan,Financial and Insurance Activities,Finance,SOC 2010,6
2022,2022 Q2,Kazakhstan,Human Health and Social Work Activities,Healthcare,SOC 2010,4
2022,2022 Q2,Kazakhstan,Information and Communications,Technology,SOC 2010,22
2022,2022 Q2,Kenya,Construction,Engineering,SOC 2010,3
2022,2022 Q2,Kenya,Education,Education,SOC 2010,6
2022,2022 Q2,Kenya,Financial and Insurance Activities,Finance,SOC 2010,12
2022,2022 Q2,Kenya,Human Health and Social Work Activities,Healthcare,SOC 2010,303
2022,2022 Q2,Kenya,Information and Communications,Technology,SOC 2010,6
2022,2022 Q2,Kosovo,Construction,Engineering,SOC 2010,3
2022,2022 Q2,Kosovo,Information and Communications,Technology,SOC 2010,1
2022,2022 Q2,Kuwait,Education,Education,SOC 2010,1
2022,2022 Q2,Kuwait,Human Health and Social Work Activities,Healthcare,SOC 2010,13
2022,2022 Q2,Kyrgyzstan,Financial and Insurance Activities,Finance,SOC 2010,1
2022,2022 Q2,Kyrgyzstan,Human Health and Social Work Activities,Healthcare,SOC 2010,1
2022,2022 Q2,Kyrgyzstan,Information and Communications,Technology,SOC 2010,1
2022,2022 Q2,Latvia,Construction,Engineering,SOC 2010,1
2022,2022 Q2,Latvia,Financial and Insurance Activities,Finance,SOC 2010,1
2022,2022 Q2,Latvia,Human Health and Social Work Activities,Healthcare,SOC 2010,2
2022,2022 Q2,Lebanon,Construction,Engineering,SOC 2010,2
2022,2022 Q2,Lebanon,Education,Education,SOC 2010,9
2022,2022 Q2,Lebanon,Financial and Insurance Activities,Finance,SOC 2010,7
2022,2022 Q2,Lebanon,Human Health and Social Work Activities,Healthcare,SOC 2010,18
2022,2022 Q2,Lebanon,Information and Communications,Technology,SOC 2010,8
2022,2022 Q2,Lesotho,Human Health and Social Work Activities,Healthcare,SOC 2010,8
2022,2022 Q2,Lesotho,Information and Communications,Technology,SOC 2010,1
2022,2022 Q2,Libya,Human Health and Social Work Activities,Healthcare,SOC 2010,12
2022,2022 Q2,Lithuania,Construction,Engineering,SOC 2010,8
2022,2022 Q2,Lithuania,Education,Education,SOC 2010,2
2022,2022 Q2,Lithuania,Financial and Insurance Activities,Finance,SOC 2010,3
2022,2022 Q2,Lithuania,Human Health and Social Work Activities,Healthcare,SOC 2010,3
2022,2022 Q2,Luxembourg,Education,Education,SOC 2010,1
2022,2022 Q2,Madagascar,Education,Education,SOC 2010,2
2022,2022 Q2,Malawi,Education,Education,SOC 2010,1
2022,2022 Q2,Malawi,Financial and Insurance Activities,Finance,SOC 2010,1
2022,2022 Q2,Malawi,Human Health and Social Work Activities,Healthcare,SOC 2010,19
2022,2022 Q2,Malawi,Information and Communications,Technology,SOC 2010,2
2022,2022 Q2,Malaysia,Construction,Engineering,SOC 2010,5
2022,2022 Q2,Malaysia,Education,Education,SOC 2010,21
2022,2022 Q2,Malaysia,Financial and Insurance Activities,Finance,SOC 2010,19
2022,2022 Q2,Malaysia,Human Health and Social Work Activities,Healthcare,SOC 2010,194
2022,2022 Q2,Malaysia,Information and Communications,Technology,SOC 2010,8
2022,2022 Q2,Mali,Financial and Insurance Activities,Finance,SOC 2010,1
2022,2022 Q2,Malta,Human Health and Social Work Activities,Healthcare,SOC 2010,15
2022,2022 Q2,Malta,Information and Communications,Technology,SOC 2010,2
2022,2022 Q2,Mauritania,Human Health and Social Work Activities,Healthcare,SOC 2010,1
2022,2022 Q2,Mauritius,Construction,Engineering,SOC 2010,1
2022,2022 Q2,Mauritius,Education,Education,SOC 2010,2
2022,2022 Q2,Mauritius,Financial and Insurance Activities,Finance,SOC 2010,3
2022,2022 Q2,Mauritius,Human Health and Social Work Activities,Healthcare,SOC 2010,23
2022,2022 Q2,Mexico,Construction,Engineering,SOC 2010,4
2022,2022 Q2,Mexico,Education,Education,SOC 2010,11
2022,2022 Q2,Mexico,Financial and Insurance Activities,Finance,SOC 2010,10
2022,2022 Q2,Mexico,Human Health and Social Work Activities,Healthcare,SOC 2010,5
2022,2022 Q2,Mexico,Information and Communications,Technology,SOC 2010,6
2022,2022 Q2,Moldova,Education,Education,SOC 2010,1
2022,2022 Q2,Moldova,Financial and Insurance Activities,Finance,SOC 2010,1
2022,2022 Q2,Moldova,Information and Communications,Technology,SOC 2010,1
2022,2022 Q2,Mongolia,Financial and Insurance Activities,Finance,SOC 2010,1
2022,2022 Q2,Montenegro,Construction,Engineering,SOC 2010,1
2022,2022 Q2,Montenegro,Information and Communications,Technology,SOC 2010,1
2022,2022 Q2,Morocco,Construction,Engineering,SOC 2010,3
2022,2022 Q2,Morocco,Education,Education,SOC 2010,10
2022,2022 Q2,Morocco,Financial and Insurance Activities,Finance,SOC 2010,23
2022,2022 Q2,Morocco,Human Health and Social Work Activities,Healthcare,SOC 2010,3
2022,2022 Q2,Morocco,Information and Communications,Technology,SOC 2010,8
2022,2022 Q2,Mozambique,Education,Education,SOC 2010,1
2022,2022 Q2,Myanmar (Burma),Education,Education,SOC 2010,3
2022,2022 Q2,Myanmar (Burma),Human Health and Social Work Activities,Healthcare,SOC 2010,29
2022,2022 Q2,Myanmar (Burma),Information and Communications,Technology,SOC 2010,1
2022,2022 Q2,Namibia,Education,Education,SOC 2010,1
2022,2022 Q2,Namibia,Human Health and Social Work Activities,Healthcare,SOC 2010,4
2022,2022 Q2,Nepal,Construction,Engineering,SOC 2010,3
2022,2022 Q2,Nepal,Education,Education,SOC 2010,2
2022,2022 Q2,Nepal,Financial and Insurance Activities,Finance,SOC 2010,27
2022,2022 Q2,Nepal,Human Health and Social Work Activities,Healthcare,SOC 2010,132
2022,2022 Q2,Nepal,Information and Communications,Technology,SOC 2010,10
2022,2022 Q2,Netherlands,Construction,Engineering,SOC 2010,15
2022,2022 Q2,Netherlands,Education,Education,SOC 2010,21
2022,2022 Q2,Netherlands,Financial and Insurance Activities,Finance,SOC 2010,40
2022,2022 Q2,Netherlands,Human Health and Social Work Activities,Healthcare,SOC 2010,6
2022,2022 Q2,Netherlands,Information and Communications,Technology,SOC 2010,20
2022,2022 Q2,New Zealand,Construction,Engineering,SOC 2010,3
2022,2022 Q2,New Zealand,Education,Education,SOC 2010,11
2022,2022 Q2,New Zealand,Financial and Insurance Activities,Finance,SOC 2010,8
2022,2022 Q2,New Zealand,Human Health and Social Work Activities,Healthcare,SOC 2010,23
2022,2022 Q2,New Zealand,Information and Communications,Technology,SOC 2010,6
2022,2022 Q2,Nigeria,Construction,Engineering,SOC 2010,1
2022,2022 Q2,Nigeria,Education,Education,SOC 2010,40
2022,2022 Q2,Nigeria,Financial and Insurance Activities,Finance,SOC 2010,75
2022,2022 Q2,Nigeria,Human Health and Social Work Activities,Healthcare,SOC 2010,1943
2022,2022 Q2,Nigeria,Information and Communications,Technology,SOC 2010,27
2022,2022 Q2,North Macedonia,Education,Education,SOC 2010,3
2022,2022 Q2,North Macedonia,Financial and Insurance Activities,Finance,SOC 2010,1
2022,2022 Q2,North Macedonia,Information and Communications,Technology,SOC 2010,1
2022,2022 Q2,Norway,Construction,Engineering,SOC 2010,2
2022,2022 Q2,Norway,Education,Education,SOC 2010,8
2022,2022 Q2,Norway,Financial and Insurance Activities,Finance,SOC 2010,12
2022,2022 Q2,Norway,Human Health and Social Work Activities,Healthcare,SOC 2010,2
2022,2022 Q2,Norway,Information and Communications,Technology,SOC 2010,4
2022,2022 Q2,Occupied Palestinian Territories,Construction,Engineering,SOC 2010,1
2022,2022 Q2,Occupied Palestinian Territories,Education,Education,SOC 2010,3
2022,2022 Q2,Occupied Palestinian Territories,Human Health and Social Work Activities,Healthcare,SOC 2010,39
2022,2022 Q2,Occupied Palestinian Territories,Information and Communications,Technology,SOC 2010,4
2022,2022 Q2,Oman,Human Health and Social Work Activities,Healthcare,SOC 2010,7
2022,2022 Q2,Other and unknown,Financial and Insurance Activities,Finance,SOC 2010,1
2022,2022 Q2,Other and unknown,Human Health and Social Work Activities,Healthcare,SOC 2010,1
2022,2022 Q2,Pakistan,Construction,Engineering,SOC 2010,7
2022,2022 Q2,Pakistan,Education,Education,SOC 2010,29
2022,2022 Q2,Pakistan,Financial and Insurance Activities,Finance,SOC 2010,41
2022,2022 Q2,Pakistan,Human Health and Social Work Activities,Healthcare,SOC 2010,245
2022,2022 Q2,Pakistan,Information and Communications,Technology,SOC 2010,35
2022,2022 Q2,Panama,Construction,Engineering,SOC 2010,1
2022,2022 Q2,Peru,Construction,Engineering,SOC 2010,2
2022,2022 Q2,Peru,Education,Education,SOC 2010,1
2022,2022 Q2,Peru,Financial and Insurance Activities,Finance,SOC 2010,3
2022,2022 Q2,Peru,Human Health and Social Work Activities,Healthcare,SOC 2010,3
2022,2022 Q2,Peru,Information and Communications,Technology,SOC 2010,4
2022,2022 Q2,Philippines,Construction,Engineering,SOC 2010,16
2022,2022 Q2,Philippines,Education,Education,SOC 2010,10
2022,2022 Q2,Philippines,Financial and Insurance Activities,Finance,SOC 2010,28
2022,2022 Q2,Philippines,Human Health and Social Work Activities,Healthcare,SOC 2010,1984
2022,2022 Q2,Philippines,Information and Communications,Technology,SOC 2010,21
2022,2022 Q2,Poland,Construction,Engineering,SOC 2010,11
2022,2022 Q2,Poland,Education,Education,SOC 2010,50
2022,2022 Q2,Poland,Financial and Insurance Activities,Finance,SOC 2010,24
2022,2022 Q2,Poland,Human Health and Social Work Activities,Healthcare,SOC 2010,12
2022,2022 Q2,Poland,Information and Communications,Technology,SOC 2010,22
2022,2022 Q2,Portugal,Construction,Engineering,SOC 2010,28
2022,2022 Q2,Portugal,Education,Education,SOC 2010,15
2022,2022 Q2,Portugal,Financial and Insurance Activities,Finance,SOC 2010,31
2022,2022 Q2,Portugal,Human Health and Social Work Activities,Healthcare,SOC 2010,46
2022,2022 Q2,Portugal,Information and Communications,Technology,SOC 2010,26
2022,2022 Q2,Refugee,Education,Education,SOC 2010,2
2022,2022 Q2,Refugee,Information and Communications,Technology,SOC 2010,2
2022,2022 Q2,Romania,Construction,Engineering,SOC 2010,3
2022,2022 Q2,Romania,Education,Education,SOC 2010,45
2022,2022 Q2,Romania,Financial and Insurance Activities,Finance,SOC 2010,21
2022,2022 Q2,Romania,Human Health and Social Work Activities,Healthcare,SOC 2010,17
2022,2022 Q2,Romania,Information and Communications,Technology,SOC 2010,14
2022,2022 Q2,Russia,Construction,Engineering,SOC 2010,3
2022,2022 Q2,Russia,Education,Education,SOC 2010,53
2022,2022 Q2,Russia,Financial and Insurance Activities,Finance,SOC 2010,86
2022,2022 Q2,Russia,Human Health and Social Work Activities,Healthcare,SOC 2010,11
2022,2022 Q2,Russia,Information and Communications,Technology,SOC 2010,125
2022,2022 Q2,Rwanda,Financial and Insurance Activities,Finance,SOC 2010,1
2022,2022 Q2,Rwanda,Human Health and Social Work Activities,Healthcare,SOC 2010,3
2022,2022 Q2,Samoa,Human Health and Social Work Activities,Healthcare,SOC 2010,1
2022,2022 Q2,Sao Tome and Principe,Financial and Insurance Activities,Finance,SOC 2010,1
2022,2022 Q2,Sao Tome and Principe,Information and Communications,Technology,SOC 2010,1
2022,2022 Q2,Saudi Arabia,Education,Education,SOC 2010,2
2022,2022 Q2,Saudi Arabia,Financial and Insurance Activities,Finance,SOC 2010,3
2022,2022 Q2,Saudi Arabia,Human Health and Social Work Activities,Healthcare,SOC 2010,23
2022,2022 Q2,Senegal,Information and Communications,Technology,SOC 2010,1
2022,2022 Q2,Serbia,Education,Education,SOC 2010,10
2022,2022 Q2,Serbia,Financial and Insurance Activities,Finance,SOC 2010,4
2022,2022 Q2,Serbia,Human Health and Social Work Activities,Healthcare,SOC 2010,1
2022,2022 Q2,Serbia,Information and Communications,Technology,SOC 2010,14
2022,2022 Q2,Seychelles,Human Health and Social Work Activities,Healthcare,SOC 2010,1
2022,2022 Q2,Sierra Leone,Financial and Insurance Activities,Finance,SOC 2010,1
2022,2022 Q2,Sierra Leone,Human Health and Social Work Activities,Healthcare,SOC 2010,15
2022,2022 Q2,Singapore,Education,Education,SOC 2010,9
2022,2022 Q2,Singapore,Financial and Insurance Activities,Finance,SOC 2010,32
2022,2022 Q2,Singapore,Human Health and Social Work Activities,Healthcare,SOC 2010,25
2022,2022 Q2,Singapore,Information and Communications,Technology,SOC 2010,15
2022,2022 Q2,Slovakia,Education,Education,SOC 2010,6
2022,2022 Q2,Slovakia,Financial and Insurance Activities,Finance,SOC 2010,3
2022,2022 Q2,Slovakia,Information and Communications,Technology,SOC 2010,2
2022,2022 Q2,Slovenia,Education,Education,SOC 2010,3
2022,2022 Q2,Slovenia,Human Health and Social Work Activities,Healthcare,SOC 2010,2
2022,2022 Q2,Somalia,Human Health and Social Work Activities,Healthcare,SOC 2010,1
2022,2022 Q2,South Africa,Construction,Engineering,SOC 2010,33
2022,2022 Q2,South Africa,Education,Education,SOC 2010,29
2022,2022 Q2,South Africa,Financial and Insurance Activities,Finance,SOC 2010,88
2022,2022 Q2,South Africa,Human Health and Social Work Activities,Healthcare,SOC 2010,140
2022,2022 Q2,South Africa,Information and Communications,Technology,SOC 2010,61
2022,2022 Q2,South Korea,Construction,Engineering,SOC 2010,3
2022,2022 Q2,South Korea,Education,Education,SOC 2010,34
2022,2022 Q2,South Korea,Financial and Insurance Activities,Finance,SOC 2010,17
2022,2022 Q2,South Korea,Human Health and Social Work Activities,Healthcare,SOC 2010,7
2022,2022 Q2,South Korea,Information and Communications,Technology,SOC 2010,23
2022,2022 Q2,Spain,Construction,Engineering,SOC 2010,29
2022,2022 Q2,Spain,Education,Education,SOC 2010,92
2022,2022 Q2,Spain,Financial and Insurance Activities,Finance,SOC 2010,72
2022,2022 Q2,Spain,Human Health and Social Work Activities,Healthcare,SOC 2010,24
2022,2022 Q2,Spain,Information and Communications,Technology,SOC 2010,39
2022,2022 Q2,Sri Lanka,Construction,Engineering,SOC 2010,3
2022,2022 Q2,Sri Lanka,Education,Education,SOC 2010,24
2022,2022 Q2,Sri Lanka,Financial and Insurance Activities,Finance,SOC 2010,16
2022,2022 Q2,Sri Lanka,Human Health and Social Work Activities,Healthcare,SOC 2010,271
2022,2022 Q2,Sri Lanka,Information and Communications,Technology,SOC 2010,21
2022,2022 Q2,St Kitts and Nevis,Education,Education,SOC 2010,1
2022,2022 Q2,St Lucia,Construction,Engineering,SOC 2010,1
2022,2022 Q2,St Lucia,Human Health and Social Work Activities,Healthcare,SOC 2010,19
2022,2022 Q2,St Vincent and the Grenadines,Construction,Engineering,SOC 2010,10
2022,2022 Q2,St Vincent and the Grenadines,Human Health and Social Work Activities,Healthcare,SOC 2010,13
2022,2022 Q2,Sudan,Construction,Engineering,SOC 2010,1
2022,2022 Q2,Sudan,Education,Education,SOC 2010,1
2022,2022 Q2,Sudan,Human Health and Social Work Activities,Healthcare,SOC 2010,68
2022,2022 Q2,Sweden,Education,Education,SOC 2010,19
2022,2022 Q2,Sweden,Financial and Insurance Activities,Finance,SOC 2010,24
2022,2022 Q2,Sweden,Human Health and Social Work Activities,Healthcare,SOC 2010,4
2022,2022 Q2,Sweden,Information and Communications,Technology,SOC 2010,16
2022,2022 Q2,Switzerland,Construction,Engineering,SOC 2010,1
2022,2022 Q2,Switzerland,Education,Education,SOC 2010,11
2022,2022 Q2,Switzerland,Financial and Insurance Activities,Finance,SOC 2010,39
2022,2022 Q2,Switzerland,Human Health and Social Work Activities,Healthcare,SOC 2010,7
2022,2022 Q2,Switzerland,Information and Communications,Technology,SOC 2010,2
2022,2022 Q2,Syria,Education,Education,SOC 2010,3
2022,2022 Q2,Syria,Human Health and Social Work Activities,Healthcare,SOC 2010,12
2022,2022 Q2,Syria,Information and Communications,Technology,SOC 2010,1
2022,2022 Q2,Taiwan,Education,Education,SOC 2010,8
2022,2022 Q2,Taiwan,Financial and Insurance Activities,Finance,SOC 2010,7
2022,2022 Q2,Taiwan,Human Health and Social Work Activities,Healthcare,SOC 2010,6
2022,2022 Q2,Taiwan,Information and Communications,Technology,SOC 2010,7
2022,2022 Q2,Tajikistan,Education,Education,SOC 2010,1
2022,2022 Q2,Tajikistan,Information and Communications,Technology,SOC 2010,1
2022,2022 Q2,Tanzania,Education,Education,SOC 2010,1
2022,2022 Q2,Tanzania,Human Health and Social Work Activities,Healthcare,SOC 2010,10
2022,2022 Q2,Thailand,Construction,Engineering,SOC 2010,7
2022,2022 Q2,Thailand,Education,Education,SOC 2010,11
2022,2022 Q2,Thailand,Financial and Insurance Activities,Finance,SOC 2010,2
2022,2022 Q2,Thailand,Human Health and Social Work Activities,Healthcare,SOC 2010,4
2022,2022 Q2,Thailand,Information and Communications,Technology,SOC 2010,3
2022,2022 Q2,Togo,Financial and Insurance Activities,Finance,SOC 2010,1
2022,2022 Q2,Trinidad and Tobago,Education,Education,SOC 2010,6
2022,2022 Q2,Trinidad and Tobago,Human Health and Social Work Activities,Healthcare,SOC 2010,53
2022,2022 Q2,Tunisia,Construction,Engineering,SOC 2010,1
2022,2022 Q2,Tunisia,Education,Education,SOC 2010,6
2022,2022 Q2,Tunisia,Financial and Insurance Activities,Finance,SOC 2010,6
2022,2022 Q2,Tunisia,Human Health and Social Work Activities,Healthcare,SOC 2010,4
2022,2022 Q2,Tunisia,Information and Communications,Technology,SOC 2010,4
2022,2022 Q2,Turkey,Construction,Engineering,SOC 2010,26
2022,2022 Q2,Turkey,Education,Education,SOC 2010,81
2022,2022 Q2,Turkey,Financial and Insurance Activities,Finance,SOC 2010,47
2022,2022 Q2,Turkey,Human Health and Social Work Activities,Healthcare,SOC 2010,25
2022,2022 Q2,Turkey,Information and Communications,Technology,SOC 2010,72
2022,2022 Q2,Turkmenistan,Information and Communications,Technology,SOC 2010,1
2022,2022 Q2,Uganda,Education,Education,SOC 2010,3
2022,2022 Q2,Uganda,Financial and Insurance Activities,Finance,SOC 2010,2
2022,2022 Q2,Uganda,Human Health and Social Work Activities,Healthcare,SOC 2010,66
2022,2022 Q2,Uganda,Information and Communications,Technology,SOC 2010,2
2022,2022 Q2,Ukraine,Construction,Engineering,SOC 2010,4
2022,2022 Q2,Ukraine,Education,Education,SOC 2010,9
2022,2022 Q2,Ukraine,Financial and Insurance Activities,Finance,SOC 2010,13
2022,2022 Q2,Ukraine,Human Health and Social Work Activities,Healthcare,SOC 2010,2
2022,2022 Q2,Ukraine,Information and Communications,Technology,SOC 2010,39
2022,2022 Q2,United Arab Emirates,Financial and Insurance Activities,Finance,SOC 2010,4
2022,2022 Q2,United Arab Emirates,Human Health and Social Work Activities,Healthcare,SOC 2010,2
2022,2022 Q2,United States,Construction,Engineering,SOC 2010,6
2022,2022 Q2,United States,Education,Education,SOC 2010,487
2022,2022 Q2,United States,Financial and Insurance Activities,Finance,SOC 2010,246
2022,2022 Q2,United States,Human Health and Social Work Activities,Healthcare,SOC 2010,63
2022,2022 Q2,United States,Information and Communications,Technology,SOC 2010,231
2022,2022 Q2,Uruguay,Financial and Insurance Activities,Finance,SOC 2010,1
2022,2022 Q2,Uzbekistan,Construction,Engineering,SOC 2010,1
2022,2022 Q2,Uzbekistan,Education,Education,SOC 2010,1
2022,2022 Q2,Uzbekistan,Human Health and Social Work Activities,Healthcare,SOC 2010,1
2022,2022 Q2,Venezuela,Construction,Engineering,SOC 2010,2
2022,2022 Q2,Venezuela,Financial and Insurance Activities,Finance,SOC 2010,3
2022,2022 Q2,Venezuela,Human Health and Social Work Activities,Healthcare,SOC 2010,1
2022,2022 Q2,Venezuela,Information and Communications,Technology,SOC 2010,1
2022,2022 Q2,Vietnam,Construction,Engineering,SOC 2010,1
2022,2022 Q2,Vietnam,Education,Education,SOC 2010,11
2022,2022 Q2,Vietnam,Financial and Insurance Activities,Finance,SOC 2010,3
2022,2022 Q2,Vietnam,Information and Communications,Technology,SOC 2010,8
2022,2022 Q2,Yemen,Education,Education,SOC 2010,2
2022,2022 Q2,Yemen,Human Health and Social Work Activities,Healthcare,SOC 2010,3
2022,2022 Q2,Zambia,Education,Education,SOC 2010,3
2022,2022 Q2,Zambia,Financial and Insurance Activities,Finance,SOC 2010,3
2022,2022 Q2,Zambia,Human Health and Social Work Activities,Healthcare,SOC 2010,104
2022,2022 Q2,Zambia,Information and Communications,Technology,SOC 2010,1
2022,2022 Q2,Zimbabwe,Construction,Engineering,SOC 2010,6
2022,2022 Q2,Zimbabwe,Education,Education,SOC 2010,5
2022,2022 Q2,Zimbabwe,Financial and Insurance Activities,Finance,SOC 2010,14
2022,2022 Q2,Zimbabwe,Human Health and Social Work Activities,Healthcare,SOC 2010,1810
2022,2022 Q2,Zimbabwe,Information and Communications,Technology,SOC 2010,4
2022,2022 Q3,Afghanistan,Education,Education,SOC 2010,7
2022,2022 Q3,Afghanistan,Human Health and Social Work Activities,Healthcare,SOC 2010,3
2022,2022 Q3,Afghanistan,Information and Communications,Technology,SOC 2010,1
2022,2022 Q3,Albania,Construction,Engineering,SOC 2010,12
2022,2022 Q3,Albania,Education,Education,SOC 2010,1
2022,2022 Q3,Albania,Financial and Insurance Activities,Finance,SOC 2010,2
2022,2022 Q3,Albania,Human Health and Social Work Activities,Healthcare,SOC 2010,16
2022,2022 Q3,Albania,Information and Communications,Technology,SOC 2010,3
2022,2022 Q3,Algeria,Construction,Engineering,SOC 2010,1
2022,2022 Q3,Algeria,Education,Education,SOC 2010,3
2022,2022 Q3,Algeria,Financial and Insurance Activities,Finance,SOC 2010,1
2022,2022 Q3,Algeria,Human Health and Social Work Activities,Healthcare,SOC 2010,5
2022,2022 Q3,Algeria,Information and Communications,Technology,SOC 2010,1
2022,2022 Q3,Angola,Construction,Engineering,SOC 2010,1
2022,2022 Q3,Angola,Education,Education,SOC 2010,1
2022,2022 Q3,Angola,Information and Communications,Technology,SOC 2010,1
2022,2022 Q3,Antigua and Barbuda,Human Health and Social Work Activities,Healthcare,SOC 2010,5
2022,2022 Q3,Argentina,Education,Education,SOC 2010,19
2022,2022 Q3,Argentina,Financial and Insurance Activities,Finance,SOC 2010,9
2022,2022 Q3,Argentina,Human Health and Social Work Activities,Healthcare,SOC 2010,2
2022,2022 Q3,Argentina,Information and Communications,Technology,SOC 2010,14
2022,2022 Q3,Armenia,Financial and Insurance Activities,Finance,SOC 2010,3
2022,2022 Q3,Armenia,Information and Communications,Technology,SOC 2010,4
2022,2022 Q3,Australia,Construction,Engineering,SOC 2010,11
2022,2022 Q3,Australia,Education,Education,SOC 2010,56
2022,2022 Q3,Australia,Financial and Insurance Activities,Finance,SOC 2010,98
2022,2022 Q3,Australia,Human Health and Social Work Activities,Healthcare,SOC 2010,114
2022,2022 Q3,Australia,Information and Communications,Technology,SOC 2010,33
2022,2022 Q3,Austria,Construction,Engineering,SOC 2010,8
2022,2022 Q3,Austria,Education,Education,SOC 2010,36
2022,2022 Q3,Austria,Financial and Insurance Activities,Finance,SOC 2010,17
2022,2022 Q3,Austria,Human Health and Social Work Activities,Healthcare,SOC 2010,4
2022,2022 Q3,Austria,Information and Communications,Technology,SOC 2010,8
2022,2022 Q3,Azerbaijan,Construction,Engineering,SOC 2010,2
2022,2022 Q3,Azerbaijan,Education,Education,SOC 2010,2
2022,2022 Q3,Azerbaijan,Financial and Insurance Activities,Finance,SOC 2010,9
2022,2022 Q3,Azerbaijan,Human Health and Social Work Activities,Healthcare,SOC 2010,3
2022,2022 Q3,Azerbaijan,Information and Communications,Technology,SOC 2010,3
2022,2022 Q3,"Bahamas, The",Human Health and Social Work Activities,Healthcare,SOC 2010,2
2022,2022 Q3,Bahrain,Education,Education,SOC 2010,2
2022,2022 Q3,Bahrain,Human Health and Social Work Activities,Healthcare,SOC 2010,34
2022,2022 Q3,Bangladesh,Construction,Engineering,SOC 2010,4
2022,2022 Q3,Bangladesh,Education,Education,SOC 2010,25
2022,2022 Q3,Bangladesh,Financial and Insurance Activities,Finance,SOC 2010,4
2022,2022 Q3,Bangladesh,Human Health and Social Work Activities,Healthcare,SOC 2010,214
2022,2022 Q3,Bangladesh,Information and Communications,Technology,SOC 2010,14
2022,2022 Q3,Barbados,Education,Education,SOC 2010,1
2022,2022 Q3,Barbados,Financial and Insurance Activities,Finance,SOC 2010,1
2022,2022 Q3,Barbados,Human Health and Social Work Activities,Healthcare,SOC 2010,14
2022,2022 Q3,Belarus,Education,Education,SOC 2010,2
2022,2022 Q3,Belarus,Financial and Insurance Activities,Finance,SOC 2010,9
2022,2022 Q3,Belarus,Human Health and Social Work Activities,Healthcare,SOC 2010,3
2022,2022 Q3,Belarus,Information and Communications,Technology,SOC 2010,16
2022,2022 Q3,Belgium,Construction,Engineering,SOC 2010,2
2022,2022 Q3,Belgium,Education,Education,SOC 2010,24
2022,2022 Q3,Belgium,Financial and Insurance Activities,Finance,SOC 2010,33
2022,2022 Q3,Belgium,Human Health and Social Work Activities,Healthcare,SOC 2010,28
2022,2022 Q3,Belgium,Information and Communications,Technology,SOC 2010,17
2022,2022 Q3,Belize,Construction,Engineering,SOC 2010,156
2022,2022 Q3,Belize,Human Health and Social Work Activities,Healthcare,SOC 2010,4
2022,2022 Q3,Benin,Construction,Engineering,SOC 2010,1
2022,2022 Q3,Benin,Financial and Insurance Activities,Finance,SOC 2010,1
2022,2022 Q3,Bhutan,Human Health and Social Work Activities,Healthcare,SOC 2010,2
2022,2022 Q3,Bolivia,Education,Education,SOC 2010,1
2022,2022 Q3,Bolivia,Human Health and Social Work Activities,Healthcare,SOC 2010,2
2022,2022 Q3,Bosnia and Herzegovina,Construction,Engineering,SOC 2010,2
2022,2022 Q3,Bosnia and Herzegovina,Education,Education,SOC 2010,1
2022,2022 Q3,Bosnia and Herzegovina,Financial and Insurance Activities,Finance,SOC 2010,1
2022,2022 Q3,Bosnia and Herzegovina,Human Health and Social Work Activities,Healthcare,SOC 2010,1
2022,2022 Q3,Bosnia and Herzegovina,Information and Communications,Technology,SOC 2010,1
2022,2022 Q3,Botswana,Financial and Insurance Activities,Finance,SOC 2010,3
2022,2022 Q3,Botswana,Human Health and Social Work Activities,Healthcare,SOC 2010,49
2022,2022 Q3,Brazil,Construction,Engineering,SOC 2010,5
2022,2022 Q3,Brazil,Education,Education,SOC 2010,92
2022,2022 Q3,Brazil,Financial and Insurance Activities,Finance,SOC 2010,42
2022,2022 Q3,Brazil,Human Health and Social Work Activities,Healthcare,SOC 2010,77
2022,2022 Q3,Brazil,Information and Communications,Technology,SOC 2010,54
2022,2022 Q3,Brunei,Human Health and Social Work Activities,Healthcare,SOC 2010,1
2022,2022 Q3,Brunei,Information and Communications,Technology,SOC 2010,1
2022,2022 Q3,Bulgaria,Construction,Engineering,SOC 2010,2
2022,2022 Q3,Bulgaria,Education,Education,SOC 2010,5
2022,2022 Q3,Bulgaria,Financial and Insurance Activities,Finance,SOC 2010,6
2022,2022 Q3,Bulgaria,Human Health and Social Work Activities,Healthcare,SOC 2010,5
2022,2022 Q3,Bulgaria,Information and Communications,Technology,SOC 2010,10
2022,2022 Q3,Cameroon,Construction,Engineering,SOC 2010,1
2022,2022 Q3,Cameroon,Education,Education,SOC 2010,4
2022,2022 Q3,Cameroon,Financial and Insurance Activities,Finance,SOC 2010,7
2022,2022 Q3,Cameroon,Human Health and Social Work Activities,Healthcare,SOC 2010,122
2022,2022 Q3,Cameroon,Information and Communications,Technology,SOC 2010,2
2022,2022 Q3,Canada,Construction,Engineering,SOC 2010,5
2022,2022 Q3,Canada,Education,Education,SOC 2010,100
2022,2022 Q3,Canada,Financial and Insurance Activities,Finance,SOC 2010,70
2022,2022 Q3,Canada,Human Health and Social Work Activities,Healthcare,SOC 2010,130
2022,2022 Q3,Canada,Information and Communications,Technology,SOC 2010,38
2022,2022 Q3,Cape Verde,Construction,Engineering,SOC 2010,1
2022,2022 Q3,Chad,Financial and Insurance Activities,Finance,SOC 2010,1
2022,2022 Q3,Chile,Construction,Engineering,SOC 2010,1
2022,2022 Q3,Chile,Education,Education,SOC 2010,9
2022,2022 Q3,Chile,Financial and Insurance Activities,Finance,SOC 2010,3
2022,2022 Q3,Chile,Human Health and Social Work Activities,Healthcare,SOC 2010,4
2022,2022 Q3,Chile,Information and Communications,Technology,SOC 2010,1
2022,2022 Q3,China,Construction,Engineering,SOC 2010,1
2022,2022 Q3,China,Education,Education,SOC 2010,281
2022,2022 Q3,China,Financial and Insurance Activities,Finance,SOC 2010,138
2022,2022 Q3,China,Human Health and Social Work Activities,Healthcare,SOC 2010,13
2022,2022 Q3,China,Information and Communications,Technology,SOC 2010,89
2022,2022 Q3,Colombia,Construction,Engineering,SOC 2010,2
2022,2022 Q3,Colombia,Education,Education,SOC 2010,33
2022,2022 Q3,Colombia,Financial and Insurance Activities,Finance,SOC 2010,3
2022,2022 Q3,Colombia,Human Health and Social Work Activities,Healthcare,SOC 2010,17
2022,2022 Q3,Colombia,Information and Communications,Technology,SOC 2010,11
2022,2022 Q3,Congo (Democratic Republic),Human Health and Social Work Activities,Healthcare,SOC 2010,2
2022,2022 Q3,Congo (Democratic Republic),Information and Communications,Technology,SOC 2010,1
2022,2022 Q3,Costa Rica,Education,Education,SOC 2010,1
2022,2022 Q3,Costa Rica,Financial and Insurance Activities,Finance,SOC 2010,2
2022,2022 Q3,Costa Rica,Information and Communications,Technology,SOC 2010,1
2022,2022 Q3,Croatia,Construction,Engineering,SOC 2010,4
2022,2022 Q3,Croatia,Education,Education,SOC 2010,3
2022,2022 Q3,Croatia,Financial and Insurance Activities,Finance,SOC 2010,4
2022,2022 Q3,Croatia,Human Health and Social Work Activities,Healthcare,SOC 2010,6
2022,2022 Q3,Croatia,Information and Communications,Technology,SOC 2010,10
2022,2022 Q3,Cyprus,Education,Education,SOC 2010,5
2022,2022 Q3,Cyprus,Financial and Insurance Activities,Finance,SOC 2010,3
2022,2022 Q3,Cyprus,Human Health and Social Work Activities,Healthcare,SOC 2010,8
2022,2022 Q3,Cyprus,Information and Communications,Technology,SOC 2010,4
2022,2022 Q3,Czechia,Education,Education,SOC 2010,9
2022,2022 Q3,Czechia,Financial and Insurance Activities,Finance,SOC 2010,5
2022,2022 Q3,Czechia,Human Health and Social Work Activities,Healthcare,SOC 2010,2
2022,2022 Q3,Czechia,Information and Communications,Technology,SOC 2010,4
2022,2022 Q3,Denmark,Construction,Engineering,SOC 2010,1
2022,2022 Q3,Denmark,Education,Education,SOC 2010,13
2022,2022 Q3,Denmark,Financial and Insurance Activities,Finance,SOC 2010,19
2022,2022 Q3,Denmark,Human Health and Social Work Activities,Healthcare,SOC 2010,3
2022,2022 Q3,Denmark,Information and Communications,Technology,SOC 2010,11
2022,2022 Q3,Dominica,Human Health and Social Work Activities,Healthcare,SOC 2010,7
2022,2022 Q3,Dominican Republic,Information and Communications,Technology,SOC 2010,2
2022,2022 Q3,Ecuador,Education,Education,SOC 2010,11
2022,2022 Q3,Ecuador,Human Health and Social Work Activities,Healthcare,SOC 2010,6
2022,2022 Q3,Ecuador,Information and Communications,Technology,SOC 2010,1
2022,2022 Q3,Egypt,Construction,Engineering,SOC 2010,19
2022,2022 Q3,Egypt,Education,Education,SOC 2010,26
2022,2022 Q3,Egypt,Financial and Insurance Activities,Finance,SOC 2010,11
2022,2022 Q3,Egypt,Human Health and Social Work Activities,Healthcare,SOC 2010,254
2022,2022 Q3,Egypt,Information and Communications,Technology,SOC 2010,57
2022,2022 Q3,El Salvador,Information and Communications,Technology,SOC 2010,3
2022,2022 Q3,Eritrea,Education,Education,SOC 2010,1
2022,2022 Q3,Eritrea,Human Health and Social Work Activities,Healthcare,SOC 2010,1
2022,2022 Q3,Estonia,Financial and Insurance Activities,Finance,SOC 2010,1
2022,2022 Q3,Estonia,Human Health and Social Work Activities,Healthcare,SOC 2010,2
2022,2022 Q3,Estonia,Information and Communications,Technology,SOC 2010,2
2022,2022 Q3,Eswatini,Education,Education,SOC 2010,2
2022,2022 Q3,Eswatini,Human Health and Social Work Activities,Healthcare,SOC 2010,12
2022,2022 Q3,Ethiopia,Education,Education,SOC 2010,4
2022,2022 Q3,Ethiopia,Financial and Insurance Activities,Finance,SOC 2010,1
2022,2022 Q3,Ethiopia,Human Health and Social Work Activities,Healthcare,SOC 2010,3
2022,2022 Q3,Ethiopia,Information and Communications,Technology,SOC 2010,5
2022,2022 Q3,Fiji,Financial and Insurance Activities,Finance,SOC 2010,1
2022,2022 Q3,Fiji,Human Health and Social Work Activities,Healthcare,SOC 2010,1
2022,2022 Q3,Finland,Construction,Engineering,SOC 2010,1
2022,2022 Q3,Finland,Education,Education,SOC 2010,13
2022,2022 Q3,Finland,Financial and Insurance Activities,Finance,SOC 2010,5
2022,2022 Q3,Finland,Human Health and Social Work Activities,Healthcare,SOC 2010,4
2022,2022 Q3,Finland,Information and Communications,Technology,SOC 2010,3
2022,2022 Q3,France,Construction,Engineering,SOC 2010,50
2022,2022 Q3,France,Education,Education,SOC 2010,442
2022,2022 Q3,France,Financial and Insurance Activities,Finance,SOC 2010,290
2022,2022 Q3,France,Human Health and Social Work Activities,Healthcare,SOC 2010,22
2022,2022 Q3,France,Information and Communications,Technology,SOC 2010,78
2022,2022 Q3,"Gambia, The",Education,Education,SOC 2010,2
2022,2022 Q3,"Gambia, The",Human Health and Social Work Activities,Healthcare,SOC 2010,10
2022,2022 Q3,Georgia,Education,Education,SOC 2010,3
2022,2022 Q3,Georgia,Financial and Insurance Activities,Finance,SOC 2010,6
2022,2022 Q3,Georgia,Human Health and Social Work Activities,Healthcare,SOC 2010,1
2022,2022 Q3,Georgia,Information and Communications,Technology,SOC 2010,7
2022,2022 Q3,Germany,Construction,Engineering,SOC 2010,15
2022,2022 Q3,Germany,Education,Education,SOC 2010,431
2022,2022 Q3,Germany,Financial and Insurance Activities,Finance,SOC 2010,153
2022,2022 Q3,Germany,Human Health and Social Work Activities,Healthcare,SOC 2010,208
2022,2022 Q3,Germany,Information and Communications,Technology,SOC 2010,59
2022,2022 Q3,Ghana,Construction,Engineering,SOC 2010,1
2022,2022 Q3,Ghana,Education,Education,SOC 2010,24
2022,2022 Q3,Ghana,Financial and Insurance Activities,Finance,SOC 2010,38
2022,2022 Q3,Ghana,Human Health and Social Work Activities,Healthcare,SOC 2010,995
2022,2022 Q3,Ghana,Information and Communications,Technology,SOC 2010,9
2022,2022 Q3,Greece,Construction,Engineering,SOC 2010,8
2022,2022 Q3,Greece,Education,Education,SOC 2010,33
2022,2022 Q3,Greece,Financial and Insurance Activities,Finance,SOC 2010,18
2022,2022 Q3,Greece,Human Health and Social Work Activities,Healthcare,SOC 2010,66
2022,2022 Q3,Greece,Information and Communications,Technology,SOC 2010,17
2022,2022 Q3,Grenada,Education,Education,SOC 2010,1
2022,2022 Q3,Grenada,Financial and Insurance Activities,Finance,SOC 2010,1
2022,2022 Q3,Grenada,Human Health and Social Work Activities,Healthcare,SOC 2010,10
2022,2022 Q3,Guatemala,Education,Education,SOC 2010,2
2022,2022 Q3,Guatemala,Financial and Insurance Activities,Finance,SOC 2010,1
2022,2022 Q3,Guyana,Construction,Engineering,SOC 2010,1
2022,2022 Q3,Guyana,Education,Education,SOC 2010,1
2022,2022 Q3,Guyana,Financial and Insurance Activities,Finance,SOC 2010,1
2022,2022 Q3,Guyana,Human Health and Social Work Activities,Healthcare,SOC 2010,70
2022,2022 Q3,Haiti,Education,Education,SOC 2010,1
2022,2022 Q3,Honduras,Education,Education,SOC 2010,1
2022,2022 Q3,Honduras,Financial and Insurance Activities,Finance,SOC 2010,1
2022,2022 Q3,Hong Kong,Construction,Engineering,SOC 2010,3
2022,2022 Q3,Hong Kong,Education,Education,SOC 2010,6
2022,2022 Q3,Hong Kong,Financial and Insurance Activities,Finance,SOC 2010,27
2022,2022 Q3,Hong Kong,Human Health and Social Work Activities,Healthcare,SOC 2010,15
2022,2022 Q3,Hong Kong,Information and Communications,Technology,SOC 2010,12
2022,2022 Q3,Hungary,Construction,Engineering,SOC 2010,2
2022,2022 Q3,Hungary,Education,Education,SOC 2010,15
2022,2022 Q3,Hungary,Financial and Insurance Activities,Finance,SOC 2010,24
2022,2022 Q3,Hungary,Human Health and Social Work Activities,Healthcare,SOC 2010,9
2022,2022 Q3,Hungary,Information and Communications,Technology,SOC 2010,14
2022,2022 Q3,Iceland,Education,Education,SOC 2010,1
2022,2022 Q3,Iceland,Information and Communications,Technology,SOC 2010,2
2022,2022 Q3,India,Construction,Engineering,SOC 2010,169
2022,2022 Q3,India,Education,Education,SOC 2010,242
2022,2022 Q3,India,Financial and Insurance Activities,Finance,SOC 2010,1223
2022,2022 Q3,India,Human Health and Social Work Activities,Healthcare,SOC 2010,6802
2022,2022 Q3,India,Information and Communications,Technology,SOC 2010,4798
2022,2022 Q3,Indonesia,Education,Education,SOC 2010,5
2022,2022 Q3,Indonesia,Financial and Insurance Activities,Finance,SOC 2010,6
2022,2022 Q3,Indonesia,Human Health and Social Work Activities,Healthcare,SOC 2010,6
2022,2022 Q3,Indonesia,Information and Communications,Technology,SOC 2010,8
2022,2022 Q3,Iran,Construction,Engineering,SOC 2010,2
2022,2022 Q3,Iran,Education,Education,SOC 2010,51
2022,2022 Q3,Iran,Financial and Insurance Activities,Finance,SOC 2010,1
2022,2022 Q3,Iran,Human Health and Social Work Activities,Healthcare,SOC 2010,36
2022,2022 Q3,Iran,Information and Communications,Technology,SOC 2010,14
2022,2022 Q3,Iraq,Education,Education,SOC 2010,11
2022,2022 Q3,Iraq,Human Health and Social Work Activities,Healthcare,SOC 2010,60
2022,2022 Q3,Iraq,Information and Communications,Technology,SOC 2010,1
2022,2022 Q3,Israel,Construction,Engineering,SOC 2010,1
2022,2022 Q3,Israel,Education,Education,SOC 2010,44
2022,2022 Q3,Israel,Financial and Insurance Activities,Finance,SOC 2010,14
2022,2022 Q3,Israel,Human Health and Social Work Activities,Healthcare,SOC 2010,10
2022,2022 Q3,Israel,Information and Communications,Technology,SOC 2010,28
2022,2022 Q3,Italy,Construction,Engineering,SOC 2010,4
2022,2022 Q3,Italy,Education,Education,SOC 2010,150
2022,2022 Q3,Italy,Financial and Insurance Activities,Finance,SOC 2010,185
2022,2022 Q3,Italy,Human Health and Social Work Activities,Healthcare,SOC 2010,60
2022,2022 Q3,Italy,Information and Communications,Technology,SOC 2010,63
2022,2022 Q3,Ivory Coast,Financial and Insurance Activities,Finance,SOC 2010,4
2022,2022 Q3,Ivory Coast,Information and Communications,Technology,SOC 2010,1
2022,2022 Q3,Jamaica,Construction,Engineering,SOC 2010,12
2022,2022 Q3,Jamaica,Education,Education,SOC 2010,192
2022,2022 Q3,Jamaica,Financial and Insurance Activities,Finance,SOC 2010,5
2022,2022 Q3,Jamaica,Human Health and Social Work Activities,Healthcare,SOC 2010,189
2022,2022 Q3,Jamaica,Information and Communications,Technology,SOC 2010,1
2022,2022 Q3,Japan,Education,Education,SOC 2010,43
2022,2022 Q3,Japan,Financial and Insurance Activities,Finance,SOC 2010,55
2022,2022 Q3,Japan,Human Health and Social Work Activities,Healthcare,SOC 2010,8
2022,2022 Q3,Japan,Information and Communications,Technology,SOC 2010,39
2022,2022 Q3,Jordan,Construction,Engineering,SOC 2010,5
2022,2022 Q3,Jordan,Education,Education,SOC 2010,7
2022,2022 Q3,Jordan,Financial and Insurance Activities,Finance,SOC 2010,1
2022,2022 Q3,Jordan,Human Health and Social Work Activities,Healthcare,SOC 2010,52
2022,2022 Q3,Jordan,Information and Communications,Technology,SOC 2010,5
2022,2022 Q3,Kazakhstan,Construction,Engineering,SOC 2010,1
2022,2022 Q3,Kazakhstan,Education,Education,SOC 2010,12
2022,2022 Q3,Kazakhstan,Financial and Insurance Activities,Finance,SOC 2010,13
2022,2022 Q3,Kazakhstan,Information and Communications,Technology,SOC 2010,15
2022,2022 Q3,Kenya,Construction,Engineering,SOC 2010,1
2022,2022 Q3,Kenya,Education,Education,SOC 2010,36
2022,2022 Q3,Kenya,Financial and Insurance Activities,Finance,SOC 2010,17
2022,2022 Q3,Kenya,Human Health and Social Work Activities,Healthcare,SOC 2010,484
2022,2022 Q3,Kenya,Information and Communications,Technology,SOC 2010,9
2022,2022 Q3,Kosovo,Construction,Engineering,SOC 2010,6
2022,2022 Q3,Kosovo,Financial and Insurance Activities,Finance,SOC 2010,1
2022,2022 Q3,Kosovo,Human Health and Social Work Activities,Healthcare,SOC 2010,1
2022,2022 Q3,Kuwait,Construction,Engineering,SOC 2010,1
2022,2022 Q3,Kuwait,Financial and Insurance Activities,Finance,SOC 2010,1
2022,2022 Q3,Kuwait,Human Health and Social Work Activities,Healthcare,SOC 2010,14
2022,2022 Q3,Kyrgyzstan,Construction,Engineering,SOC 2010,1
2022,2022 Q3,Kyrgyzstan,Education,Education,SOC 2010,1
2022,2022 Q3,Kyrgyzstan,Financial and Insurance Activities,Finance,SOC 2010,3
2022,2022 Q3,Kyrgyzstan,Information and Communications,Technology,SOC 2010,1
2022,2022 Q3,Latvia,Construction,Engineering,SOC 2010,3
2022,2022 Q3,Latvia,Education,Education,SOC 2010,2
2022,2022 Q3,Latvia,Financial and Insurance Activities,Finance,SOC 2010,1
2022,2022 Q3,Latvia,Information and Communications,Technology,SOC 2010,3
2022,2022 Q3,Lebanon,Construction,Engineering,SOC 2010,2
2022,2022 Q3,Lebanon,Education,Education,SOC 2010,9
2022,2022 Q3,Lebanon,Financial and Insurance Activities,Finance,SOC 2010,11
2022,2022 Q3,Lebanon,Human Health and Social Work Activities,Healthcare,SOC 2010,35
2022,2022 Q3,Lebanon,Information and Communications,Technology,SOC 2010,12
2022,2022 Q3,Lesotho,Human Health and Social Work Activities,Healthcare,SOC 2010,11
2022,2022 Q3,Liberia,Human Health and Social Work Activities,Healthcare,SOC 2010,1
2022,2022 Q3,Libya,Education,Education,SOC 2010,2
2022,2022 Q3,Libya,Human Health and Social Work Activities,Healthcare,SOC 2010,14
2022,2022 Q3,Libya,Information and Communications,Technology,SOC 2010,1
2022,2022 Q3,Lithuania,Construction,Engineering,SOC 2010,3
2022,2022 Q3,Lithuania,Education,Education,SOC 2010,4
2022,2022 Q3,Lithuania,Financial and Insurance Activities,Finance,SOC 2010,4
2022,2022 Q3,Lithuania,Human Health and Social Work Activities,Healthcare,SOC 2010,4
2022,2022 Q3,Lithuania,Information and Communications,Technology,SOC 2010,2
2022,2022 Q3,Luxembourg,Financial and Insurance Activities,Finance,SOC 2010,2
2022,2022 Q3,Luxembourg,Human Health and Social Work Activities,Healthcare,SOC 2010,1
2022,2022 Q3,Luxembourg,Information and Communications,Technology,SOC 2010,3
2022,2022 Q3,Madagascar,Construction,Engineering,SOC 2010,1
2022,2022 Q3,Malawi,Education,Education,SOC 2010,3
2022,2022 Q3,Malawi,Human Health and Social Work Activities,Healthcare,SOC 2010,41
2022,2022 Q3,Malawi,Information and Communications,Technology,SOC 2010,1
2022,2022 Q3,Malaysia,Construction,Engineering,SOC 2010,10
2022,2022 Q3,Malaysia,Education,Education,SOC 2010,28
2022,2022 Q3,Malaysia,Financial and Insurance Activities,Finance,SOC 2010,33
2022,2022 Q3,Malaysia,Human Health and Social Work Activities,Healthcare,SOC 2010,156
2022,2022 Q3,Malaysia,Information and Communications,Technology,SOC 2010,7
2022,2022 Q3,Maldives,Human Health and Social Work Activities,Healthcare,SOC 2010,2
2022,2022 Q3,Mali,Education,Education,SOC 2010,1
2022,2022 Q3,Malta,Education,Education,SOC 2010,3
2022,2022 Q3,Malta,Financial and Insurance Activities,Finance,SOC 2010,2
2022,2022 Q3,Malta,Human Health and Social Work Activities,Healthcare,SOC 2010,26
2022,2022 Q3,Mauritania,Financial and Insurance Activities,Finance,SOC 2010,1
2022,2022 Q3,Mauritius,Construction,Engineering,SOC 2010,1
2022,2022 Q3,Mauritius,Education,Education,SOC 2010,3
2022,2022 Q3,Mauritius,Financial and Insurance Activities,Finance,SOC 2010,8
2022,2022 Q3,Mauritius,Human Health and Social Work Activities,Healthcare,SOC 2010,60
2022,2022 Q3,Mauritius,Information and Communications,Technology,SOC 2010,2
2022,2022 Q3,Mexico,Construction,Engineering,SOC 2010,1
2022,2022 Q3,Mexico,Education,Education,SOC 2010,37
2022,2022 Q3,Mexico,Financial and Insurance Activities,Finance,SOC 2010,20
2022,2022 Q3,Mexico,Human Health and Social Work Activities,Healthcare,SOC 2010,7
2022,2022 Q3,Mexico,Information and Communications,Technology,SOC 2010,12
2022,2022 Q3,Moldova,Financial and Insurance Activities,Finance,SOC 2010,1
2022,2022 Q3,Moldova,Human Health and Social Work Activities,Healthcare,SOC 2010,1
2022,2022 Q3,Mongolia,Financial and Insurance Activities,Finance,SOC 2010,2
2022,2022 Q3,Montenegro,Financial and Insurance Activities,Finance,SOC 2010,1
2022,2022 Q3,Morocco,Education,Education,SOC 2010,11
2022,2022 Q3,Morocco,Financial and Insurance Activities,Finance,SOC 2010,21
2022,2022 Q3,Morocco,Human Health and Social Work Activities,Healthcare,SOC 2010,8
2022,2022 Q3,Morocco,Information and Communications,Technology,SOC 2010,7
2022,2022 Q3,Myanmar (Burma),Construction,Engineering,SOC 2010,1
2022,2022 Q3,Myanmar (Burma),Education,Education,SOC 2010,1
2022,2022 Q3,Myanmar (Burma),Human Health and Social Work Activities,Healthcare,SOC 2010,21
2022,2022 Q3,Myanmar (Burma),Information and Communications,Technology,SOC 2010,2
2022,2022 Q3,Namibia,Construction,Engineering,SOC 2010,1
2022,2022 Q3,Namibia,Financial and Insurance Activities,Finance,SOC 2010,3
2022,2022 Q3,Namibia,Human Health and Social Work Activities,Healthcare,SOC 2010,6
2022,2022 Q3,Nepal,Construction,Engineering,SOC 2010,6
2022,2022 Q3,Nepal,Education,Education,SOC 2010,2
2022,2022 Q3,Nepal,Financial and Insurance Activities,Finance,SOC 2010,23
2022,2022 Q3,Nepal,Human Health and Social Work Activities,Healthcare,SOC 2010,204
2022,2022 Q3,Nepal,Information and Communications,Technology,SOC 2010,6
2022,2022 Q3,Netherlands,Construction,Engineering,SOC 2010,15
2022,2022 Q3,Netherlands,Education,Education,SOC 2010,62
2022,2022 Q3,Netherlands,Financial and Insurance Activities,Finance,SOC 2010,78
2022,2022 Q3,Netherlands,Human Health and Social Work Activities,Healthcare,SOC 2010,13
2022,2022 Q3,Netherlands,Information and Communications,Technology,SOC 2010,33
2022,2022 Q3,New Zealand,Construction,Engineering,SOC 2010,2
2022,2022 Q3,New Zealand,Education,Education,SOC 2010,11
2022,2022 Q3,New Zealand,Financial and Insurance Activities,Finance,SOC 2010,6
2022,2022 Q3,New Zealand,Human Health and Social Work Activities,Healthcare,SOC 2010,19
2022,2022 Q3,New Zealand,Information and Communications,Technology,SOC 2010,14
2022,2022 Q3,Niger,Human Health and Social Work Activities,Healthcare,SOC 2010,2
2022,2022 Q3,Nigeria,Construction,Engineering,SOC 2010,3
2022,2022 Q3,Nigeria,Education,Education,SOC 2010,80
2022,2022 Q3,Nigeria,Financial and Insurance Activities,Finance,SOC 2010,129
2022,2022 Q3,Nigeria,Human Health and Social Work Activities,Healthcare,SOC 2010,3339
2022,2022 Q3,Nigeria,Information and Communications,Technology,SOC 2010,36
2022,2022 Q3,North Macedonia,Construction,Engineering,SOC 2010,1
2022,2022 Q3,North Macedonia,Education,Education,SOC 2010,2
2022,2022 Q3,North Macedonia,Financial and Insurance Activities,Finance,SOC 2010,4
2022,2022 Q3,North Macedonia,Information and Communications,Technology,SOC 2010,4
2022,2022 Q3,Norway,Education,Education,SOC 2010,19
2022,2022 Q3,Norway,Financial and Insurance Activities,Finance,SOC 2010,18
2022,2022 Q3,Norway,Human Health and Social Work Activities,Healthcare,SOC 2010,1
2022,2022 Q3,Norway,Information and Communications,Technology,SOC 2010,10
2022,2022 Q3,Occupied Palestinian Territories,Education,Education,SOC 2010,3
2022,2022 Q3,Occupied Palestinian Territories,Human Health and Social Work Activities,Healthcare,SOC 2010,25
2022,2022 Q3,Occupied Palestinian Territories,Information and Communications,Technology,SOC 2010,1
2022,2022 Q3,Oman,Education,Education,SOC 2010,1
2022,2022 Q3,Oman,Human Health and Social Work Activities,Healthcare,SOC 2010,5
2022,2022 Q3,Oman,Information and Communications,Technology,SOC 2010,1
2022,2022 Q3,Other and unknown,Education,Education,SOC 2010,1
2022,2022 Q3,Other and unknown,Financial and Insurance Activities,Finance,SOC 2010,2
2022,2022 Q3,Other and unknown,Human Health and Social Work Activities,Healthcare,SOC 2010,6
2022,2022 Q3,Other and unknown,Information and Communications,Technology,SOC 2010,1
2022,2022 Q3,Pakistan,Construction,Engineering,SOC 2010,31
2022,2022 Q3,Pakistan,Education,Education,SOC 2010,91
2022,2022 Q3,Pakistan,Financial and Insurance Activities,Finance,SOC 2010,61
2022,2022 Q3,Pakistan,Human Health and Social Work Activities,Healthcare,SOC 2010,713
2022,2022 Q3,Pakistan,Information and Communications,Technology,SOC 2010,87
2022,2022 Q3,Paraguay,Education,Education,SOC 2010,1
2022,2022 Q3,Paraguay,Financial and Insurance Activities,Finance,SOC 2010,1
2022,2022 Q3,Peru,Construction,Engineering,SOC 2010,2
2022,2022 Q3,Peru,Education,Education,SOC 2010,4
2022,2022 Q3,Peru,Financial and Insurance Activities,Finance,SOC 2010,1
2022,2022 Q3,Peru,Human Health and Social Work Activities,Healthcare,SOC 2010,6
2022,2022 Q3,Peru,Information and Communications,Technology,SOC 2010,3
2022,2022 Q3,Philippines,Construction,Engineering,SOC 2010,18
2022,2022 Q3,Philippines,Education,Education,SOC 2010,29
2022,2022 Q3,Philippines,Financial and Insurance Activities,Finance,SOC 2010,43
2022,2022 Q3,Philippines,Human Health and Social Work Activities,Healthcare,SOC 2010,2283
2022,2022 Q3,Philippines,Information and Communications,Technology,SOC 2010,21
2022,2022 Q3,Poland,Construction,Engineering,SOC 2010,11
2022,2022 Q3,Poland,Education,Education,SOC 2010,29
2022,2022 Q3,Poland,Financial and Insurance Activities,Finance,SOC 2010,41
2022,2022 Q3,Poland,Human Health and Social Work Activities,Healthcare,SOC 2010,27
2022,2022 Q3,Poland,Information and Communications,Technology,SOC 2010,26
2022,2022 Q3,Portugal,Construction,Engineering,SOC 2010,14
2022,2022 Q3,Portugal,Education,Education,SOC 2010,24
2022,2022 Q3,Portugal,Financial and Insurance Activities,Finance,SOC 2010,41
2022,2022 Q3,Portugal,Human Health and Social Work Activities,Healthcare,SOC 2010,48
2022,2022 Q3,Portugal,Information and Communications,Technology,SOC 2010,49
2022,2022 Q3,Refugee,Financial and Insurance Activities,Finance,SOC 2010,2
2022,2022 Q3,Refugee,Human Health and Social Work Activities,Healthcare,SOC 2010,3
2022,2022 Q3,Romania,Construction,Engineering,SOC 2010,10
2022,2022 Q3,Romania,Education,Education,SOC 2010,8
2022,2022 Q3,Romania,Financial and Insurance Activities,Finance,SOC 2010,16
2022,2022 Q3,Romania,Human Health and Social Work Activities,Healthcare,SOC 2010,19
2022,2022 Q3,Romania,Information and Communications,Technology,SOC 2010,25
2022,2022 Q3,Russia,Construction,Engineering,SOC 2010,7
2022,2022 Q3,Russia,Education,Education,SOC 2010,31
2022,2022 Q3,Russia,Financial and Insurance Activities,Finance,SOC 2010,153
2022,2022 Q3,Russia,Human Health and Social Work Activities,Healthcare,SOC 2010,32
2022,2022 Q3,Russia,Information and Communications,Technology,SOC 2010,180
2022,2022 Q3,Rwanda,Human Health and Social Work Activities,Healthcare,SOC 2010,1
2022,2022 Q3,Rwanda,Information and Communications,Technology,SOC 2010,1
2022,2022 Q3,Saudi Arabia,Education,Education,SOC 2010,15
2022,2022 Q3,Saudi Arabia,Financial and Insurance Activities,Finance,SOC 2010,1
2022,2022 Q3,Saudi Arabia,Human Health and Social Work Activities,Healthcare,SOC 2010,15
2022,2022 Q3,Saudi Arabia,Information and Communications,Technology,SOC 2010,1
2022,2022 Q3,Senegal,Construction,Engineering,SOC 2010,1
2022,2022 Q3,Senegal,Education,Education,SOC 2010,1
2022,2022 Q3,Senegal,Financial and Insurance Activities,Finance,SOC 2010,4
2022,2022 Q3,Serbia,Construction,Engineering,SOC 2010,2
2022,2022 Q3,Serbia,Education,Education,SOC 2010,2
2022,2022 Q3,Serbia,Financial and Insurance Activities,Finance,SOC 2010,4
2022,2022 Q3,Serbia,Human Health and Social Work Activities,Healthcare,SOC 2010,1
2022,2022 Q3,Serbia,Information and Communications,Technology,SOC 2010,11
2022,2022 Q3,Seychelles,Human Health and Social Work Activities,Healthcare,SOC 2010,1
2022,2022 Q3,Sierra Leone,Human Health and Social Work Activities,Healthcare,SOC 2010,14
2022,2022 Q3,Singapore,Construction,Engineering,SOC 2010,3
2022,2022 Q3,Singapore,Education,Education,SOC 2010,8
2022,2022 Q3,Singapore,Financial and Insurance Activities,Finance,SOC 2010,50
2022,2022 Q3,Singapore,Human Health and Social Work Activities,Healthcare,SOC 2010,40
2022,2022 Q3,Singapore,Information and Communications,Technology,SOC 2010,10
2022,2022 Q3,Slovakia,Education,Education,SOC 2010,5
2022,2022 Q3,Slovakia,Financial and Insurance Activities,Finance,SOC 2010,5
2022,2022 Q3,Slovakia,Human Health and Social Work Activities,Healthcare,SOC 2010,2
2022,2022 Q3,Slovakia,Information and Communications,Technology,SOC 2010,4
2022,2022 Q3,Slovenia,Education,Education,SOC 2010,1
2022,2022 Q3,Slovenia,Financial and Insurance Activities,Finance,SOC 2010,1
2022,2022 Q3,Slovenia,Human Health and Social Work Activities,Healthcare,SOC 2010,2
2022,2022 Q3,Slovenia,Information and Communications,Technology,SOC 2010,1
2022,2022 Q3,Somalia,Education,Education,SOC 2010,1
2022,2022 Q3,Somalia,Financial and Insurance Activities,Finance,SOC 2010,1
2022,2022 Q3,Somalia,Human Health and Social Work Activities,Healthcare,SOC 2010,11
2022,2022 Q3,South Africa,Construction,Engineering,SOC 2010,46
2022,2022 Q3,South Africa,Education,Education,SOC 2010,78
2022,2022 Q3,South Africa,Financial and Insurance Activities,Finance,SOC 2010,74
2022,2022 Q3,South Africa,Human Health and Social Work Activities,Healthcare,SOC 2010,236
2022,2022 Q3,South Africa,Information and Communications,Technology,SOC 2010,85
2022,2022 Q3,South Korea,Construction,Engineering,SOC 2010,5
2022,2022 Q3,South Korea,Education,Education,SOC 2010,37
2022,2022 Q3,South Korea,Financial and Insurance Activities,Finance,SOC 2010,25
2022,2022 Q3,South Korea,Human Health and Social Work Activities,Healthcare,SOC 2010,17
2022,2022 Q3,South Korea,Information and Communications,Technology,SOC 2010,13
2022,2022 Q3,Spain,Construction,Engineering,SOC 2010,68
2022,2022 Q3,Spain,Education,Education,SOC 2010,270
2022,2022 Q3,Spain,Financial and Insurance Activities,Finance,SOC 2010,86
2022,2022 Q3,Spain,Human Health and Social Work Activities,Healthcare,SOC 2010,36
2022,2022 Q3,Spain,Information and Communications,Technology,SOC 2010,53
2022,2022 Q3,Sri Lanka,Construction,Engineering,SOC 2010,6
2022,2022 Q3,Sri Lanka,Education,Education,SOC 2010,32
2022,2022 Q3,Sri Lanka,Financial and Insurance Activities,Finance,SOC 2010,31
2022,2022 Q3,Sri Lanka,Human Health and Social Work Activities,Healthcare,SOC 2010,457
2022,2022 Q3,Sri Lanka,Information and Communications,Technology,SOC 2010,31
2022,2022 Q3,St Kitts and Nevis,Construction,Engineering,SOC 2010,1
2022,2022 Q3,St Kitts and Nevis,Human Health and Social Work Activities,Healthcare,SOC 2010,3
2022,2022 Q3,St Lucia,Construction,Engineering,SOC 2010,1
2022,2022 Q3,St Lucia,Education,Education,SOC 2010,1
2022,2022 Q3,St Lucia,Human Health and Social Work Activities,Healthcare,SOC 2010,16
2022,2022 Q3,St Vincent and the Grenadines,Construction,Engineering,SOC 2010,2
2022,2022 Q3,St Vincent and the Grenadines,Education,Education,SOC 2010,1
2022,2022 Q3,St Vincent and the Grenadines,Human Health and Social Work Activities,Healthcare,SOC 2010,17
2022,2022 Q3,Sudan,Construction,Engineering,SOC 2010,1
2022,2022 Q3,Sudan,Education,Education,SOC 2010,3
2022,2022 Q3,Sudan,Financial and Insurance Activities,Finance,SOC 2010,1
2022,2022 Q3,Sudan,Human Health and Social Work Activities,Healthcare,SOC 2010,127
2022,2022 Q3,Sudan,Information and Communications,Technology,SOC 2010,2
2022,2022 Q3,Sweden,Construction,Engineering,SOC 2010,5
2022,2022 Q3,Sweden,Education,Education,SOC 2010,30
2022,2022 Q3,Sweden,Financial and Insurance Activities,Finance,SOC 2010,45
2022,2022 Q3,Sweden,Human Health and Social Work Activities,Healthcare,SOC 2010,11
2022,2022 Q3,Sweden,Information and Communications,Technology,SOC 2010,29
2022,2022 Q3,Switzerland,Education,Education,SOC 2010,30
2022,2022 Q3,Switzerland,Financial and Insurance Activities,Finance,SOC 2010,35
2022,2022 Q3,Switzerland,Human Health and Social Work Activities,Healthcare,SOC 2010,11
2022,2022 Q3,Switzerland,Information and Communications,Technology,SOC 2010,11
2022,2022 Q3,Syria,Education,Education,SOC 2010,4
2022,2022 Q3,Syria,Financial and Insurance Activities,Finance,SOC 2010,1
2022,2022 Q3,Syria,Human Health and Social Work Activities,Healthcare,SOC 2010,20
2022,2022 Q3,Syria,Information and Communications,Technology,SOC 2010,1
2022,2022 Q3,Taiwan,Education,Education,SOC 2010,16
2022,2022 Q3,Taiwan,Financial and Insurance Activities,Finance,SOC 2010,9
2022,2022 Q3,Taiwan,Human Health and Social Work Activities,Healthcare,SOC 2010,16
2022,2022 Q3,Taiwan,Information and Communications,Technology,SOC 2010,15
2022,2022 Q3,Tajikistan,Education,Education,SOC 2010,1
2022,2022 Q3,Tanzania,Education,Education,SOC 2010,4
2022,2022 Q3,Tanzania,Human Health and Social Work Activities,Healthcare,SOC 2010,8
2022,2022 Q3,Thailand,Construction,Engineering,SOC 2010,3
2022,2022 Q3,Thailand,Education,Education,SOC 2010,13
2022,2022 Q3,Thailand,Financial and Insurance Activities,Finance,SOC 2010,2
2022,2022 Q3,Thailand,Human Health and Social Work Activities,Healthcare,SOC 2010,19
2022,2022 Q3,Thailand,Information and Communications,Technology,SOC 2010,2
2022,2022 Q3,Togo,Information and Communications,Technology,SOC 2010,2
2022,2022 Q3,Trinidad and Tobago,Construction,Engineering,SOC 2010,2
2022,2022 Q3,Trinidad and Tobago,Education,Education,SOC 2010,2
2022,2022 Q3,Trinidad and Tobago,Financial and Insurance Activities,Finance,SOC 2010,1
2022,2022 Q3,Trinidad and Tobago,Human Health and Social Work Activities,Healthcare,SOC 2010,58
2022,2022 Q3,Tunisia,Education,Education,SOC 2010,7
2022,2022 Q3,Tunisia,Financial and Insurance Activities,Finance,SOC 2010,4
2022,2022 Q3,Tunisia,Human Health and Social Work Activities,Healthcare,SOC 2010,4
2022,2022 Q3,Tunisia,Information and Communications,Technology,SOC 2010,3
2022,2022 Q3,Turkey,Construction,Engineering,SOC 2010,40
2022,2022 Q3,Turkey,Education,Education,SOC 2010,119
2022,2022 Q3,Turkey,Financial and Insurance Activities,Finance,SOC 2010,50
2022,2022 Q3,Turkey,Human Health and Social Work Activities,Healthcare,SOC 2010,34
2022,2022 Q3,Turkey,Information and Communications,Technology,SOC 2010,76
2022,2022 Q3,Turkmenistan,Construction,Engineering,SOC 2010,2
2022,2022 Q3,Uganda,Education,Education,SOC 2010,9
2022,2022 Q3,Uganda,Financial and Insurance Activities,Finance,SOC 2010,2
2022,2022 Q3,Uganda,Human Health and Social Work Activities,Healthcare,SOC 2010,154
2022,2022 Q3,Ukraine,Construction,Engineering,SOC 2010,2
2022,2022 Q3,Ukraine,Education,Education,SOC 2010,5
2022,2022 Q3,Ukraine,Financial and Insurance Activities,Finance,SOC 2010,26
2022,2022 Q3,Ukraine,Human Health and Social Work Activities,Healthcare,SOC 2010,6
2022,2022 Q3,Ukraine,Information and Communications,Technology,SOC 2010,50
2022,2022 Q3,United Arab Emirates,Financial and Insurance Activities,Finance,SOC 2010,3
2022,2022 Q3,United Arab Emirates,Information and Communications,Technology,SOC 2010,1
2022,2022 Q3,United States,Construction,Engineering,SOC 2010,10
2022,2022 Q3,United States,Education,Education,SOC 2010,319
2022,2022 Q3,United States,Financial and Insurance Activities,Finance,SOC 2010,369
2022,2022 Q3,United States,Human Health and Social Work Activities,Healthcare,SOC 2010,91
2022,2022 Q3,United States,Information and Communications,Technology,SOC 2010,303
2022,2022 Q3,Uruguay,Human Health and Social Work Activities,Healthcare,SOC 2010,1
2022,2022 Q3,Uzbekistan,Education,Education,SOC 2010,2
2022,2022 Q3,Uzbekistan,Information and Communications,Technology,SOC 2010,1
2022,2022 Q3,Venezuela,Financial and Insurance Activities,Finance,SOC 2010,1
2022,2022 Q3,Venezuela,Human Health and Social Work Activities,Healthcare,SOC 2010,1
2022,2022 Q3,Venezuela,Information and Communications,Technology,SOC 2010,3
2022,2022 Q3,Vietnam,Construction,Engineering,SOC 2010,1
2022,2022 Q3,Vietnam,Education,Education,SOC 2010,11
2022,2022 Q3,Vietnam,Financial and Insurance Activities,Finance,SOC 2010,4
2022,2022 Q3,Vietnam,Human Health and Social Work Activities,Healthcare,SOC 2010,5
2022,2022 Q3,Vietnam,Information and Communications,Technology,SOC 2010,8
2022,2022 Q3,Yemen,Education,Education,SOC 2010,2
2022,2022 Q3,Yemen,Human Health and Social Work Activities,Healthcare,SOC 2010,3
2022,2022 Q3,Zambia,Construction,Engineering,SOC 2010,1
2022,2022 Q3,Zambia,Education,Education,SOC 2010,3
2022,2022 Q3,Zambia,Financial and Insurance Activities,Finance,SOC 2010,4
2022,2022 Q3,Zambia,Human Health and Social Work Activities,Healthcare,SOC 2010,164
2022,2022 Q3,Zambia,Information and Communications,Technology,SOC 2010,1
2022,2022 Q3,Zimbabwe,Construction,Engineering,SOC 2010,3
2022,2022 Q3,Zimbabwe,Education,Education,SOC 2010,20
2022,2022 Q3,Zimbabwe,Financial and Insurance Activities,Finance,SOC 2010,39
2022,2022 Q3,Zimbabwe,Human Health and Social Work Activities,Healthcare,SOC 2010,3714
2022,2022 Q3,Zimbabwe,Information and Communications,Technology,SOC 2010,12
2022,2022 Q4,Afghanistan,Education,Education,SOC 2010,6
2022,2022 Q4,Afghanistan,Human Health and Social Work Activities,Healthcare,SOC 2010,4
2022,2022 Q4,Afghanistan,Information and Communications,Technology,SOC 2010,3
2022,2022 Q4,Albania,Construction,Engineering,SOC 2010,12
2022,2022 Q4,Albania,Education,Education,SOC 2010,4
2022,2022 Q4,Albania,Financial and Insurance Activities,Finance,SOC 2010,2
2022,2022 Q4,Albania,Human Health and Social Work Activities,Healthcare,SOC 2010,69
2022,2022 Q4,Albania,Information and Communications,Technology,SOC 2010,1
2022,2022 Q4,Algeria,Construction,Engineering,SOC 2010,1
2022,2022 Q4,Algeria,Education,Education,SOC 2010,2
2022,2022 Q4,Algeria,Human Health and Social Work Activities,Healthcare,SOC 2010,3
2022,2022 Q4,Algeria,Information and Communications,Technology,SOC 2010,2
2022,2022 Q4,Anguilla (British),Human Health and Social Work Activities,Healthcare,SOC 2010,1
2022,2022 Q4,Antigua and Barbuda,Human Health and Social Work Activities,Healthcare,SOC 2010,3
2022,2022 Q4,Argentina,Education,Education,SOC 2010,8
2022,2022 Q4,Argentina,Financial and Insurance Activities,Finance,SOC 2010,9
2022,2022 Q4,Argentina,Human Health and Social Work Activities,Healthcare,SOC 2010,4
2022,2022 Q4,Argentina,Information and Communications,Technology,SOC 2010,7
2022,2022 Q4,Armenia,Financial and Insurance Activities,Finance,SOC 2010,1
2022,2022 Q4,Armenia,Human Health and Social Work Activities,Healthcare,SOC 2010,1
2022,2022 Q4,Armenia,Information and Communications,Technology,SOC 2010,2
2022,2022 Q4,Australia,Construction,Engineering,SOC 2010,6
2022,2022 Q4,Australia,Education,Education,SOC 2010,51
2022,2022 Q4,Australia,Financial and Insurance Activities,Finance,SOC 2010,96
2022,2022 Q4,Australia,Human Health and Social Work Activities,Healthcare,SOC 2010,102
2022,2022 Q4,Australia,Information and Communications,Technology,SOC 2010,29
2022,2022 Q4,Austria,Construction,Engineering,SOC 2010,5
2022,2022 Q4,Austria,Education,Education,SOC 2010,11
2022,2022 Q4,Austria,Financial and Insurance Activities,Finance,SOC 2010,6
2022,2022 Q4,Austria,Human Health and Social Work Activities,Healthcare,SOC 2010,4
2022,2022 Q4,Austria,Information and Communications,Technology,SOC 2010,8
2022,2022 Q4,Azerbaijan,Construction,Engineering,SOC 2010,1
2022,2022 Q4,Azerbaijan,Education,Education,SOC 2010,1
2022,2022 Q4,Azerbaijan,Financial and Insurance Activities,Finance,SOC 2010,4
2022,2022 Q4,Azerbaijan,Human Health and Social Work Activities,Healthcare,SOC 2010,4
2022,2022 Q4,Azerbaijan,Information and Communications,Technology,SOC 2010,3
2022,2022 Q4,"Bahamas, The",Human Health and Social Work Activities,Healthcare,SOC 2010,1
2022,2022 Q4,Bahrain,Education,Education,SOC 2010,1
2022,2022 Q4,Bahrain,Human Health and Social Work Activities,Healthcare,SOC 2010,10
2022,2022 Q4,Bangladesh,Construction,Engineering,SOC 2010,3
2022,2022 Q4,Bangladesh,Education,Education,SOC 2010,25
2022,2022 Q4,Bangladesh,Financial and Insurance Activities,Finance,SOC 2010,7
2022,2022 Q4,Bangladesh,Human Health and Social Work Activities,Healthcare,SOC 2010,442
2022,2022 Q4,Bangladesh,Information and Communications,Technology,SOC 2010,8
2022,2022 Q4,Barbados,Human Health and Social Work Activities,Healthcare,SOC 2010,12
2022,2022 Q4,Belarus,Construction,Engineering,SOC 2010,1
2022,2022 Q4,Belarus,Education,Education,SOC 2010,1
2022,2022 Q4,Belarus,Financial and Insurance Activities,Finance,SOC 2010,3
2022,2022 Q4,Belarus,Human Health and Social Work Activities,Healthcare,SOC 2010,1
2022,2022 Q4,Belarus,Information and Communications,Technology,SOC 2010,21
2022,2022 Q4,Belgium,Construction,Engineering,SOC 2010,1
2022,2022 Q4,Belgium,Education,Education,SOC 2010,21
2022,2022 Q4,Belgium,Financial and Insurance Activities,Finance,SOC 2010,19
2022,2022 Q4,Belgium,Human Health and Social Work Activities,Healthcare,SOC 2010,8
2022,2022 Q4,Belgium,Information and Communications,Technology,SOC 2010,17
2022,2022 Q4,Belize,Construction,Engineering,SOC 2010,57
2022,2022 Q4,Belize,Human Health and Social Work Activities,Healthcare,SOC 2010,1
2022,2022 Q4,Benin,Education,Education,SOC 2010,1
2022,2022 Q4,Benin,Human Health and Social Work Activities,Healthcare,SOC 2010,3
2022,2022 Q4,Benin,Information and Communications,Technology,SOC 2010,1
2022,2022 Q4,Bhutan,Financial and Insurance Activities,Finance,SOC 2010,1
2022,2022 Q4,Bolivia,Financial and Insurance Activities,Finance,SOC 2010,4
2022,2022 Q4,Bosnia and Herzegovina,Education,Education,SOC 2010,1
2022,2022 Q4,Bosnia and Herzegovina,Financial and Insurance Activities,Finance,SOC 2010,1
2022,2022 Q4,Botswana,Construction,Engineering,SOC 2010,1
2022,2022 Q4,Botswana,Education,Education,SOC 2010,2
2022,2022 Q4,Botswana,Financial and Insurance Activities,Finance,SOC 2010,3
2022,2022 Q4,Botswana,Human Health and Social Work Activities,Healthcare,SOC 2010,113
2022,2022 Q4,Brazil,Construction,Engineering,SOC 2010,2
2022,2022 Q4,Brazil,Education,Education,SOC 2010,65
2022,2022 Q4,Brazil,Financial and Insurance Activities,Finance,SOC 2010,28
2022,2022 Q4,Brazil,Human Health and Social Work Activities,Healthcare,SOC 2010,50
2022,2022 Q4,Brazil,Information and Communications,Technology,SOC 2010,45
2022,2022 Q4,Brunei,Education,Education,SOC 2010,1
2022,2022 Q4,Bulgaria,Construction,Engineering,SOC 2010,1
2022,2022 Q4,Bulgaria,Education,Education,SOC 2010,1
2022,2022 Q4,Bulgaria,Financial and Insurance Activities,Finance,SOC 2010,3
2022,2022 Q4,Bulgaria,Human Health and Social Work Activities,Healthcare,SOC 2010,3
2022,2022 Q4,Bulgaria,Information and Communications,Technology,SOC 2010,5
2022,2022 Q4,Burkina Faso,Human Health and Social Work Activities,Healthcare,SOC 2010,1
2022,2022 Q4,Cambodia,Human Health and Social Work Activities,Healthcare,SOC 2010,1
2022,2022 Q4,Cameroon,Education,Education,SOC 2010,5
2022,2022 Q4,Cameroon,Financial and Insurance Activities,Finance,SOC 2010,5
2022,2022 Q4,Cameroon,Human Health and Social Work Activities,Healthcare,SOC 2010,162
2022,2022 Q4,Canada,Construction,Engineering,SOC 2010,6
2022,2022 Q4,Canada,Education,Education,SOC 2010,24
2022,2022 Q4,Canada,Financial and Insurance Activities,Finance,SOC 2010,51
2022,2022 Q4,Canada,Human Health and Social Work Activities,Healthcare,SOC 2010,61
2022,2022 Q4,Canada,Information and Communications,Technology,SOC 2010,29
2022,2022 Q4,Chile,Construction,Engineering,SOC 2010,1
2022,2022 Q4,Chile,Education,Education,SOC 2010,5
2022,2022 Q4,Chile,Financial and Insurance Activities,Finance,SOC 2010,4
2022,2022 Q4,Chile,Human Health and Social Work Activities,Healthcare,SOC 2010,2
2022,2022 Q4,Chile,Information and Communications,Technology,SOC 2010,3
2022,2022 Q4,China,Construction,Engineering,SOC 2010,1
2022,2022 Q4,China,Education,Education,SOC 2010,269
2022,2022 Q4,China,Financial and Insurance Activities,Finance,SOC 2010,107
2022,2022 Q4,China,Human Health and Social Work Activities,Healthcare,SOC 2010,8
2022,2022 Q4,China,Information and Communications,Technology,SOC 2010,63
2022,2022 Q4,Colombia,Construction,Engineering,SOC 2010,5
2022,2022 Q4,Colombia,Education,Education,SOC 2010,7
2022,2022 Q4,Colombia,Financial and Insurance Activities,Finance,SOC 2010,8
2022,2022 Q4,Colombia,Human Health and Social Work Activities,Healthcare,SOC 2010,8
2022,2022 Q4,Colombia,Information and Communications,Technology,SOC 2010,11
2022,2022 Q4,Congo (Democratic Republic),Construction,Engineering,SOC 2010,1
2022,2022 Q4,Congo (Democratic Republic),Education,Education,SOC 2010,2
2022,2022 Q4,Congo (Democratic Republic),Financial and Insurance Activities,Finance,SOC 2010,1
2022,2022 Q4,Congo (Democratic Republic),Human Health and Social Work Activities,Healthcare,SOC 2010,3
2022,2022 Q4,Costa Rica,Education,Education,SOC 2010,1
2022,2022 Q4,Costa Rica,Financial and Insurance Activities,Finance,SOC 2010,2
2022,2022 Q4,Costa Rica,Information and Communications,Technology,SOC 2010,2
2022,2022 Q4,Croatia,Construction,Engineering,SOC 2010,2
2022,2022 Q4,Croatia,Education,Education,SOC 2010,1
2022,2022 Q4,Croatia,Financial and Insurance Activities,Finance,SOC 2010,3
2022,2022 Q4,Croatia,Human Health and Social Work Activities,Healthcare,SOC 2010,5
2022,2022 Q4,Croatia,Information and Communications,Technology,SOC 2010,3
2022,2022 Q4,Cuba,Education,Education,SOC 2010,1
2022,2022 Q4,Cyprus,Construction,Engineering,SOC 2010,1
2022,2022 Q4,Cyprus,Education,Education,SOC 2010,2
2022,2022 Q4,Cyprus,Financial and Insurance Activities,Finance,SOC 2010,2
2022,2022 Q4,Cyprus,Human Health and Social Work Activities,Healthcare,SOC 2010,5
2022,2022 Q4,Cyprus,Information and Communications,Technology,SOC 2010,2
2022,2022 Q4,Czechia,Education,Education,SOC 2010,12
2022,2022 Q4,Czechia,Financial and Insurance Activities,Finance,SOC 2010,5
2022,2022 Q4,Czechia,Human Health and Social Work Activities,Healthcare,SOC 2010,3
2022,2022 Q4,Czechia,Information and Communications,Technology,SOC 2010,4
2022,2022 Q4,Denmark,Construction,Engineering,SOC 2010,1
2022,2022 Q4,Denmark,Education,Education,SOC 2010,4
2022,2022 Q4,Denmark,Financial and Insurance Activities,Finance,SOC 2010,13
2022,2022 Q4,Denmark,Human Health and Social Work Activities,Healthcare,SOC 2010,6
2022,2022 Q4,Denmark,Information and Communications,Technology,SOC 2010,9
2022,2022 Q4,Dominica,Education,Education,SOC 2010,1
2022,2022 Q4,Dominica,Human Health and Social Work Activities,Healthcare,SOC 2010,4
2022,2022 Q4,Dominican Republic,Human Health and Social Work Activities,Healthcare,SOC 2010,2
2022,2022 Q4,Dominican Republic,Information and Communications,Technology,SOC 2010,1
2022,2022 Q4,Ecuador,Construction,Engineering,SOC 2010,1
2022,2022 Q4,Ecuador,Education,Education,SOC 2010,3
2022,2022 Q4,Ecuador,Human Health and Social Work Activities,Healthcare,SOC 2010,1
2022,2022 Q4,Ecuador,Information and Communications,Technology,SOC 2010,1
2022,2022 Q4,Egypt,Construction,Engineering,SOC 2010,15
2022,2022 Q4,Egypt,Education,Education,SOC 2010,15
2022,2022 Q4,Egypt,Financial and Insurance Activities,Finance,SOC 2010,13
2022,2022 Q4,Egypt,Human Health and Social Work Activities,Healthcare,SOC 2010,222
2022,2022 Q4,Egypt,Information and Communications,Technology,SOC 2010,27
2022,2022 Q4,Eritrea,Human Health and Social Work Activities,Healthcare,SOC 2010,2
2022,2022 Q4,Estonia,Information and Communications,Technology,SOC 2010,2
2022,2022 Q4,Eswatini,Financial and Insurance Activities,Finance,SOC 2010,1
2022,2022 Q4,Eswatini,Human Health and Social Work Activities,Healthcare,SOC 2010,7
2022,2022 Q4,Ethiopia,Construction,Engineering,SOC 2010,1
2022,2022 Q4,Ethiopia,Education,Education,SOC 2010,3
2022,2022 Q4,Ethiopia,Financial and Insurance Activities,Finance,SOC 2010,3
2022,2022 Q4,Ethiopia,Human Health and Social Work Activities,Healthcare,SOC 2010,6
2022,2022 Q4,Fiji,Human Health and Social Work Activities,Healthcare,SOC 2010,1
2022,2022 Q4,Finland,Education,Education,SOC 2010,5
2022,2022 Q4,Finland,Financial and Insurance Activities,Finance,SOC 2010,4
2022,2022 Q4,Finland,Human Health and Social Work Activities,Healthcare,SOC 2010,3
2022,2022 Q4,Finland,Information and Communications,Technology,SOC 2010,5
2022,2022 Q4,France,Construction,Engineering,SOC 2010,30
2022,2022 Q4,France,Education,Education,SOC 2010,200
2022,2022 Q4,France,Financial and Insurance Activities,Finance,SOC 2010,182
2022,2022 Q4,France,Human Health and Social Work Activities,Healthcare,SOC 2010,16
2022,2022 Q4,France,Information and Communications,Technology,SOC 2010,60
2022,2022 Q4,"Gambia, The",Education,Education,SOC 2010,3
2022,2022 Q4,"Gambia, The",Human Health and Social Work Activities,Healthcare,SOC 2010,22
2022,2022 Q4,Georgia,Education,Education,SOC 2010,3
2022,2022 Q4,Georgia,Financial and Insurance Activities,Finance,SOC 2010,4
2022,2022 Q4,Georgia,Human Health and Social Work Activities,Healthcare,SOC 2010,1
2022,2022 Q4,Georgia,Information and Communications,Technology,SOC 2010,1
2022,2022 Q4,Germany,Construction,Engineering,SOC 2010,10
2022,2022 Q4,Germany,Education,Education,SOC 2010,153
2022,2022 Q4,Germany,Financial and Insurance Activities,Finance,SOC 2010,113
2022,2022 Q4,Germany,Human Health and Social Work Activities,Healthcare,SOC 2010,31
2022,2022 Q4,Germany,Information and Communications,Technology,SOC 2010,35
2022,2022 Q4,Ghana,Construction,Engineering,SOC 2010,1
2022,2022 Q4,Ghana,Education,Education,SOC 2010,24
2022,2022 Q4,Ghana,Financial and Insurance Activities,Finance,SOC 2010,28
2022,2022 Q4,Ghana,Human Health and Social Work Activities,Healthcare,SOC 2010,1293
2022,2022 Q4,Ghana,Information and Communications,Technology,SOC 2010,6
2022,2022 Q4,Greece,Construction,Engineering,SOC 2010,8
2022,2022 Q4,Greece,Education,Education,SOC 2010,20
2022,2022 Q4,Greece,Financial and Insurance Activities,Finance,SOC 2010,14
2022,2022 Q4,Greece,Human Health and Social Work Activities,Healthcare,SOC 2010,56
2022,2022 Q4,Greece,Information and Communications,Technology,SOC 2010,9
2022,2022 Q4,Grenada,Human Health and Social Work Activities,Healthcare,SOC 2010,3
2022,2022 Q4,Guatemala,Human Health and Social Work Activities,Healthcare,SOC 2010,1
2022,2022 Q4,Guinea,Human Health and Social Work Activities,Healthcare,SOC 2010,1
2022,2022 Q4,Guyana,Financial and Insurance Activities,Finance,SOC 2010,9
2022,2022 Q4,Guyana,Human Health and Social Work Activities,Healthcare,SOC 2010,95
2022,2022 Q4,Honduras,Education,Education,SOC 2010,1
2022,2022 Q4,Honduras,Human Health and Social Work Activities,Healthcare,SOC 2010,2
2022,2022 Q4,Hong Kong,Construction,Engineering,SOC 2010,2
2022,2022 Q4,Hong Kong,Education,Education,SOC 2010,6
2022,2022 Q4,Hong Kong,Financial and Insurance Activities,Finance,SOC 2010,22
2022,2022 Q4,Hong Kong,Human Health and Social Work Activities,Healthcare,SOC 2010,9
2022,2022 Q4,Hong Kong,Information and Communications,Technology,SOC 2010,15
2022,2022 Q4,Hungary,Construction,Engineering,SOC 2010,2
2022,2022 Q4,Hungary,Education,Education,SOC 2010,8
2022,2022 Q4,Hungary,Financial and Insurance Activities,Finance,SOC 2010,18
2022,2022 Q4,Hungary,Human Health and Social Work Activities,Healthcare,SOC 2010,12
2022,2022 Q4,Hungary,Information and Communications,Technology,SOC 2010,11
2022,2022 Q4,Iceland,Financial and Insurance Activities,Finance,SOC 2010,1
2022,2022 Q4,Iceland,Information and Communications,Technology,SOC 2010,1
2022,2022 Q4,India,Construction,Engineering,SOC 2010,170
2022,2022 Q4,India,Education,Education,SOC 2010,193
2022,2022 Q4,India,Financial and Insurance Activities,Finance,SOC 2010,905
2022,2022 Q4,India,Human Health and Social Work Activities,Healthcare,SOC 2010,7095
2022,2022 Q4,India,Information and Communications,Technology,SOC 2010,3361
2022,2022 Q4,Indonesia,Construction,Engineering,SOC 2010,1
2022,2022 Q4,Indonesia,Education,Education,SOC 2010,8
2022,2022 Q4,Indonesia,Financial and Insurance Activities,Finance,SOC 2010,6
2022,2022 Q4,Indonesia,Human Health and Social Work Activities,Healthcare,SOC 2010,24
2022,2022 Q4,Indonesia,Information and Communications,Technology,SOC 2010,7
2022,2022 Q4,Iran,Construction,Engineering,SOC 2010,8
2022,2022 Q4,Iran,Education,Education,SOC 2010,42
2022,2022 Q4,Iran,Financial and Insurance Activities,Finance,SOC 2010,4
2022,2022 Q4,Iran,Human Health and Social Work Activities,Healthcare,SOC 2010,54
2022,2022 Q4,Iran,Information and Communications,Technology,SOC 2010,27
2022,2022 Q4,Iraq,Education,Education,SOC 2010,2
2022,2022 Q4,Iraq,Human Health and Social Work Activities,Healthcare,SOC 2010,35
2022,2022 Q4,Iraq,Information and Communications,Technology,SOC 2010,1
2022,2022 Q4,Israel,Education,Education,SOC 2010,11
2022,2022 Q4,Israel,Financial and Insurance Activities,Finance,SOC 2010,12
2022,2022 Q4,Israel,Human Health and Social Work Activities,Healthcare,SOC 2010,11
2022,2022 Q4,Israel,Information and Communications,Technology,SOC 2010,11
2022,2022 Q4,Italy,Construction,Engineering,SOC 2010,6
2022,2022 Q4,Italy,Education,Education,SOC 2010,103
2022,2022 Q4,Italy,Financial and Insurance Activities,Finance,SOC 2010,107
2022,2022 Q4,Italy,Human Health and Social Work Activities,Healthcare,SOC 2010,45
2022,2022 Q4,Italy,Information and Communications,Technology,SOC 2010,40
2022,2022 Q4,Ivory Coast,Financial and Insurance Activities,Finance,SOC 2010,4
2022,2022 Q4,Ivory Coast,Human Health and Social Work Activities,Healthcare,SOC 2010,1
2022,2022 Q4,Ivory Coast,Information and Communications,Technology,SOC 2010,1
2022,2022 Q4,Jamaica,Education,Education,SOC 2010,37
2022,2022 Q4,Jamaica,Financial and Insurance Activities,Finance,SOC 2010,3
2022,2022 Q4,Jamaica,Human Health and Social Work Activities,Healthcare,SOC 2010,248
2022,2022 Q4,Japan,Construction,Engineering,SOC 2010,2
2022,2022 Q4,Japan,Education,Education,SOC 2010,18
2022,2022 Q4,Japan,Financial and Insurance Activities,Finance,SOC 2010,58
2022,2022 Q4,Japan,Human Health and Social Work Activities,Healthcare,SOC 2010,4
2022,2022 Q4,Japan,Information and Communications,Technology,SOC 2010,25
2022,2022 Q4,Jordan,Education,Education,SOC 2010,3
2022,2022 Q4,Jordan,Financial and Insurance Activities,Finance,SOC 2010,1
2022,2022 Q4,Jordan,Human Health and Social Work Activities,Healthcare,SOC 2010,59
2022,2022 Q4,Jordan,Information and Communications,Technology,SOC 2010,6
2022,2022 Q4,Kazakhstan,Education,Education,SOC 2010,4
2022,2022 Q4,Kazakhstan,Financial and Insurance Activities,Finance,SOC 2010,10
2022,2022 Q4,Kazakhstan,Human Health and Social Work Activities,Healthcare,SOC 2010,1
2022,2022 Q4,Kazakhstan,Information and Communications,Technology,SOC 2010,5
2022,2022 Q4,Kenya,Construction,Engineering,SOC 2010,3
2022,2022 Q4,Kenya,Education,Education,SOC 2010,11
2022,2022 Q4,Kenya,Financial and Insurance Activities,Finance,SOC 2010,12
2022,2022 Q4,Kenya,Human Health and Social Work Activities,Healthcare,SOC 2010,482
2022,2022 Q4,Kenya,Information and Communications,Technology,SOC 2010,5
2022,2022 Q4,Kosovo,Construction,Engineering,SOC 2010,5
2022,2022 Q4,Kosovo,Education,Education,SOC 2010,1
2022,2022 Q4,Kosovo,Human Health and Social Work Activities,Healthcare,SOC 2010,1
2022,2022 Q4,Kosovo,Information and Communications,Technology,SOC 2010,1
2022,2022 Q4,Kuwait,Human Health and Social Work Activities,Healthcare,SOC 2010,4
2022,2022 Q4,Kyrgyzstan,Construction,Engineering,SOC 2010,3
2022,2022 Q4,Kyrgyzstan,Information and Communications,Technology,SOC 2010,1
2022,2022 Q4,Latvia,Construction,Engineering,SOC 2010,2
2022,2022 Q4,Latvia,Financial and Insurance Activities,Finance,SOC 2010,2
2022,2022 Q4,Latvia,Human Health and Social Work Activities,Healthcare,SOC 2010,1
2022,2022 Q4,Latvia,Information and Communications,Technology,SOC 2010,1
2022,2022 Q4,Lebanon,Construction,Engineering,SOC 2010,1
2022,2022 Q4,Lebanon,Education,Education,SOC 2010,2
2022,2022 Q4,Lebanon,Financial and Insurance Activities,Finance,SOC 2010,7
2022,2022 Q4,Lebanon,Human Health and Social Work Activities,Healthcare,SOC 2010,19
2022,2022 Q4,Lebanon,Information and Communications,Technology,SOC 2010,7
2022,2022 Q4,Lesotho,Human Health and Social Work Activities,Healthcare,SOC 2010,14
2022,2022 Q4,Libya,Education,Education,SOC 2010,2
2022,2022 Q4,Libya,Human Health and Social Work Activities,Healthcare,SOC 2010,10
2022,2022 Q4,Lithuania,Construction,Engineering,SOC 2010,2
2022,2022 Q4,Lithuania,Education,Education,SOC 2010,4
2022,2022 Q4,Lithuania,Financial and Insurance Activities,Finance,SOC 2010,3
2022,2022 Q4,Lithuania,Human Health and Social Work Activities,Healthcare,SOC 2010,3
2022,2022 Q4,Lithuania,Information and Communications,Technology,SOC 2010,3
2022,2022 Q4,Luxembourg,Education,Education,SOC 2010,1
2022,2022 Q4,Luxembourg,Financial and Insurance Activities,Finance,SOC 2010,2
2022,2022 Q4,Malawi,Education,Education,SOC 2010,5
2022,2022 Q4,Malawi,Financial and Insurance Activities,Finance,SOC 2010,1
2022,2022 Q4,Malawi,Human Health and Social Work Activities,Healthcare,SOC 2010,61
2022,2022 Q4,Malaysia,Construction,Engineering,SOC 2010,14
2022,2022 Q4,Malaysia,Education,Education,SOC 2010,20
2022,2022 Q4,Malaysia,Financial and Insurance Activities,Finance,SOC 2010,29
2022,2022 Q4,Malaysia,Human Health and Social Work Activities,Healthcare,SOC 2010,58
2022,2022 Q4,Malaysia,Information and Communications,Technology,SOC 2010,7
2022,2022 Q4,Maldives,Education,Education,SOC 2010,1
2022,2022 Q4,Maldives,Information and Communications,Technology,SOC 2010,1
2022,2022 Q4,Malta,Education,Education,SOC 2010,3
2022,2022 Q4,Malta,Financial and Insurance Activities,Finance,SOC 2010,3
2022,2022 Q4,Malta,Human Health and Social Work Activities,Healthcare,SOC 2010,12
2022,2022 Q4,Mauritania,Information and Communications,Technology,SOC 2010,1
2022,2022 Q4,Mauritius,Education,Education,SOC 2010,6
2022,2022 Q4,Mauritius,Financial and Insurance Activities,Finance,SOC 2010,6
2022,2022 Q4,Mauritius,Human Health and Social Work Activities,Healthcare,SOC 2010,48
2022,2022 Q4,Mauritius,Information and Communications,Technology,SOC 2010,5
2022,2022 Q4,Mexico,Education,Education,SOC 2010,17
2022,2022 Q4,Mexico,Financial and Insurance Activities,Finance,SOC 2010,12
2022,2022 Q4,Mexico,Human Health and Social Work Activities,Healthcare,SOC 2010,9
2022,2022 Q4,Mexico,Information and Communications,Technology,SOC 2010,6
2022,2022 Q4,Moldova,Financial and Insurance Activities,Finance,SOC 2010,1
2022,2022 Q4,Mongolia,Education,Education,SOC 2010,1
2022,2022 Q4,Mongolia,Financial and Insurance Activities,Finance,SOC 2010,1
2022,2022 Q4,Mongolia,Human Health and Social Work Activities,Healthcare,SOC 2010,4
2022,2022 Q4,Mongolia,Information and Communications,Technology,SOC 2010,1
2022,2022 Q4,Montenegro,Financial and Insurance Activities,Finance,SOC 2010,1
2022,2022 Q4,Morocco,Construction,Engineering,SOC 2010,1
2022,2022 Q4,Morocco,Education,Education,SOC 2010,5
2022,2022 Q4,Morocco,Financial and Insurance Activities,Finance,SOC 2010,12
2022,2022 Q4,Morocco,Human Health and Social Work Activities,Healthcare,SOC 2010,14
2022,2022 Q4,Morocco,Information and Communications,Technology,SOC 2010,10
2022,2022 Q4,Mozambique,Construction,Engineering,SOC 2010,1
2022,2022 Q4,Mozambique,Human Health and Social Work Activities,Healthcare,SOC 2010,2
2022,2022 Q4,Mozambique,Information and Communications,Technology,SOC 2010,1
2022,2022 Q4,Myanmar (Burma),Construction,Engineering,SOC 2010,1
2022,2022 Q4,Myanmar (Burma),Education,Education,SOC 2010,3
2022,2022 Q4,Myanmar (Burma),Human Health and Social Work Activities,Healthcare,SOC 2010,28
2022,2022 Q4,Myanmar (Burma),Information and Communications,Technology,SOC 2010,4
2022,2022 Q4,Namibia,Education,Education,SOC 2010,1
2022,2022 Q4,Namibia,Human Health and Social Work Activities,Healthcare,SOC 2010,10
2022,2022 Q4,Nepal,Construction,Engineering,SOC 2010,9
2022,2022 Q4,Nepal,Education,Education,SOC 2010,4
2022,2022 Q4,Nepal,Financial and Insurance Activities,Finance,SOC 2010,25
2022,2022 Q4,Nepal,Human Health and Social Work Activities,Healthcare,SOC 2010,187
2022,2022 Q4,Nepal,Information and Communications,Technology,SOC 2010,5
2022,2022 Q4,Netherlands,Construction,Engineering,SOC 2010,72
2022,2022 Q4,Netherlands,Education,Education,SOC 2010,31
2022,2022 Q4,Netherlands,Financial and Insurance Activities,Finance,SOC 2010,45
2022,2022 Q4,Netherlands,Human Health and Social Work Activities,Healthcare,SOC 2010,12
2022,2022 Q4,Netherlands,Information and Communications,Technology,SOC 2010,16
2022,2022 Q4,New Zealand,Construction,Engineering,SOC 2010,3
2022,2022 Q4,New Zealand,Education,Education,SOC 2010,7
2022,2022 Q4,New Zealand,Financial and Insurance Activities,Finance,SOC 2010,13
2022,2022 Q4,New Zealand,Human Health and Social Work Activities,Healthcare,SOC 2010,17
2022,2022 Q4,New Zealand,Information and Communications,Technology,SOC 2010,7
2022,2022 Q4,Nicaragua,Education,Education,SOC 2010,1
2022,2022 Q4,Niger,Human Health and Social Work Activities,Healthcare,SOC 2010,1
2022,2022 Q4,Nigeria,Construction,Engineering,SOC 2010,4
2022,2022 Q4,Nigeria,Education,Education,SOC 2010,64
2022,2022 Q4,Nigeria,Financial and Insurance Activities,Finance,SOC 2010,96
2022,2022 Q4,Nigeria,Human Health and Social Work Activities,Healthcare,SOC 2010,4620
2022,2022 Q4,Nigeria,Information and Communications,Technology,SOC 2010,43
2022,2022 Q4,North Macedonia,Financial and Insurance Activities,Finance,SOC 2010,1
2022,2022 Q4,North Macedonia,Human Health and Social Work Activities,Healthcare,SOC 2010,3
2022,2022 Q4,North Macedonia,Information and Communications,Technology,SOC 2010,1
2022,2022 Q4,Norway,Education,Education,SOC 2010,5
2022,2022 Q4,Norway,Financial and Insurance Activities,Finance,SOC 2010,15
2022,2022 Q4,Norway,Human Health and Social Work Activities,Healthcare,SOC 2010,1
2022,2022 Q4,Norway,Information and Communications,Technology,SOC 2010,4
2022,2022 Q4,Occupied Palestinian Territories,Education,Education,SOC 2010,2
2022,2022 Q4,Occupied Palestinian Territories,Financial and Insurance Activities,Finance,SOC 2010,1
2022,2022 Q4,Occupied Palestinian Territories,Human Health and Social Work Activities,Healthcare,SOC 2010,6
2022,2022 Q4,Oman,Construction,Engineering,SOC 2010,2
2022,2022 Q4,Oman,Education,Education,SOC 2010,3
2022,2022 Q4,Oman,Human Health and Social Work Activities,Healthcare,SOC 2010,3
2022,2022 Q4,Other and unknown,Human Health and Social Work Activities,Healthcare,SOC 2010,3
2022,2022 Q4,Other and unknown,Information and Communications,Technology,SOC 2010,1
2022,2022 Q4,Pakistan,Construction,Engineering,SOC 2010,20
2022,2022 Q4,Pakistan,Education,Education,SOC 2010,77
2022,2022 Q4,Pakistan,Financial and Insurance Activities,Finance,SOC 2010,51
2022,2022 Q4,Pakistan,Human Health and Social Work Activities,Healthcare,SOC 2010,842
2022,2022 Q4,Pakistan,Information and Communications,Technology,SOC 2010,72
2022,2022 Q4,Panama,Information and Communications,Technology,SOC 2010,2
2022,2022 Q4,Peru,Education,Education,SOC 2010,2
2022,2022 Q4,Peru,Financial and Insurance Activities,Finance,SOC 2010,1
2022,2022 Q4,Peru,Human Health and Social Work Activities,Healthcare,SOC 2010,3
2022,2022 Q4,Peru,Information and Communications,Technology,SOC 2010,1
2022,2022 Q4,Philippines,Construction,Engineering,SOC 2010,15
2022,2022 Q4,Philippines,Education,Education,SOC 2010,15
2022,2022 Q4,Philippines,Financial and Insurance Activities,Finance,SOC 2010,31
2022,2022 Q4,Philippines,Human Health and Social Work Activities,Healthcare,SOC 2010,2162
2022,2022 Q4,Philippines,Information and Communications,Technology,SOC 2010,12
2022,2022 Q4,Poland,Construction,Engineering,SOC 2010,9
2022,2022 Q4,Poland,Education,Education,SOC 2010,16
2022,2022 Q4,Poland,Financial and Insurance Activities,Finance,SOC 2010,35
2022,2022 Q4,Poland,Human Health and Social Work Activities,Healthcare,SOC 2010,19
2022,2022 Q4,Poland,Information and Communications,Technology,SOC 2010,17
2022,2022 Q4,Portugal,Construction,Engineering,SOC 2010,18
2022,2022 Q4,Portugal,Education,Education,SOC 2010,29
2022,2022 Q4,Portugal,Financial and Insurance Activities,Finance,SOC 2010,28
2022,2022 Q4,Portugal,Human Health and Social Work Activities,Healthcare,SOC 2010,46
2022,2022 Q4,Portugal,Information and Communications,Technology,SOC 2010,22
2022,2022 Q4,Refugee,Construction,Engineering,SOC 2010,1
2022,2022 Q4,Refugee,Human Health and Social Work Activities,Healthcare,SOC 2010,2
2022,2022 Q4,Refugee,Information and Communications,Technology,SOC 2010,1
2022,2022 Q4,Romania,Construction,Engineering,SOC 2010,6
2022,2022 Q4,Romania,Education,Education,SOC 2010,5
2022,2022 Q4,Romania,Financial and Insurance Activities,Finance,SOC 2010,17
2022,2022 Q4,Romania,Human Health and Social Work Activities,Healthcare,SOC 2010,26
2022,2022 Q4,Romania,Information and Communications,Technology,SOC 2010,14
2022,2022 Q4,Russia,Construction,Engineering,SOC 2010,5
2022,2022 Q4,Russia,Education,Education,SOC 2010,27
2022,2022 Q4,Russia,Financial and Insurance Activities,Finance,SOC 2010,136
2022,2022 Q4,Russia,Human Health and Social Work Activities,Healthcare,SOC 2010,15
2022,2022 Q4,Russia,Information and Communications,Technology,SOC 2010,152
2022,2022 Q4,Rwanda,Education,Education,SOC 2010,1
2022,2022 Q4,Rwanda,Human Health and Social Work Activities,Healthcare,SOC 2010,3
2022,2022 Q4,Saudi Arabia,Education,Education,SOC 2010,74
2022,2022 Q4,Saudi Arabia,Financial and Insurance Activities,Finance,SOC 2010,2
2022,2022 Q4,Saudi Arabia,Human Health and Social Work Activities,Healthcare,SOC 2010,10
2022,2022 Q4,Saudi Arabia,Information and Communications,Technology,SOC 2010,1
2022,2022 Q4,Senegal,Education,Education,SOC 2010,1
2022,2022 Q4,Serbia,Construction,Engineering,SOC 2010,2
2022,2022 Q4,Serbia,Education,Education,SOC 2010,3
2022,2022 Q4,Serbia,Financial and Insurance Activities,Finance,SOC 2010,5
2022,2022 Q4,Serbia,Human Health and Social Work Activities,Healthcare,SOC 2010,1
2022,2022 Q4,Serbia,Information and Communications,Technology,SOC 2010,4
2022,2022 Q4,Sierra Leone,Human Health and Social Work Activities,Healthcare,SOC 2010,25
2022,2022 Q4,Singapore,Education,Education,SOC 2010,9
2022,2022 Q4,Singapore,Financial and Insurance Activities,Finance,SOC 2010,36
2022,2022 Q4,Singapore,Human Health and Social Work Activities,Healthcare,SOC 2010,19
2022,2022 Q4,Singapore,Information and Communications,Technology,SOC 2010,9
2022,2022 Q4,Slovakia,Financial and Insurance Activities,Finance,SOC 2010,3
2022,2022 Q4,Slovakia,Human Health and Social Work Activities,Healthcare,SOC 2010,1
2022,2022 Q4,Slovakia,Information and Communications,Technology,SOC 2010,1
2022,2022 Q4,Slovenia,Education,Education,SOC 2010,4
2022,2022 Q4,Slovenia,Financial and Insurance Activities,Finance,SOC 2010,2
2022,2022 Q4,Slovenia,Human Health and Social Work Activities,Healthcare,SOC 2010,3
2022,2022 Q4,Somalia,Human Health and Social Work Activities,Healthcare,SOC 2010,4
2022,2022 Q4,South Africa,Construction,Engineering,SOC 2010,40
2022,2022 Q4,South Africa,Education,Education,SOC 2010,51
2022,2022 Q4,South Africa,Financial and Insurance Activities,Finance,SOC 2010,90
2022,2022 Q4,South Africa,Human Health and Social Work Activities,Healthcare,SOC 2010,301
2022,2022 Q4,South Africa,Information and Communications,Technology,SOC 2010,78
2022,2022 Q4,South Korea,Construction,Engineering,SOC 2010,10
2022,2022 Q4,South Korea,Education,Education,SOC 2010,18
2022,2022 Q4,South Korea,Financial and Insurance Activities,Finance,SOC 2010,16
2022,2022 Q4,South Korea,Human Health and Social Work Activities,Healthcare,SOC 2010,12
2022,2022 Q4,South Korea,Information and Communications,Technology,SOC 2010,17
2022,2022 Q4,Spain,Construction,Engineering,SOC 2010,25
2022,2022 Q4,Spain,Education,Education,SOC 2010,128
2022,2022 Q4,Spain,Financial and Insurance Activities,Finance,SOC 2010,62
2022,2022 Q4,Spain,Human Health and Social Work Activities,Healthcare,SOC 2010,38
2022,2022 Q4,Spain,Information and Communications,Technology,SOC 2010,28
2022,2022 Q4,Sri Lanka,Construction,Engineering,SOC 2010,15
2022,2022 Q4,Sri Lanka,Education,Education,SOC 2010,17
2022,2022 Q4,Sri Lanka,Financial and Insurance Activities,Finance,SOC 2010,28
2022,2022 Q4,Sri Lanka,Human Health and Social Work Activities,Healthcare,SOC 2010,553
2022,2022 Q4,Sri Lanka,Information and Communications,Technology,SOC 2010,32
2022,2022 Q4,St Kitts and Nevis,Education,Education,SOC 2010,2
2022,2022 Q4,St Kitts and Nevis,Financial and Insurance Activities,Finance,SOC 2010,1
2022,2022 Q4,St Kitts and Nevis,Human Health and Social Work Activities,Healthcare,SOC 2010,2
2022,2022 Q4,St Lucia,Human Health and Social Work Activities,Healthcare,SOC 2010,14
2022,2022 Q4,St Vincent and the Grenadines,Human Health and Social Work Activities,Healthcare,SOC 2010,13
2022,2022 Q4,Sudan,Construction,Engineering,SOC 2010,1
2022,2022 Q4,Sudan,Education,Education,SOC 2010,1
2022,2022 Q4,Sudan,Human Health and Social Work Activities,Healthcare,SOC 2010,98
2022,2022 Q4,Sudan,Information and Communications,Technology,SOC 2010,2
2022,2022 Q4,Sweden,Construction,Engineering,SOC 2010,2
2022,2022 Q4,Sweden,Education,Education,SOC 2010,12
2022,2022 Q4,Sweden,Financial and Insurance Activities,Finance,SOC 2010,21
2022,2022 Q4,Sweden,Human Health and Social Work Activities,Healthcare,SOC 2010,9
2022,2022 Q4,Sweden,Information and Communications,Technology,SOC 2010,17
2022,2022 Q4,Switzerland,Education,Education,SOC 2010,13
2022,2022 Q4,Switzerland,Financial and Insurance Activities,Finance,SOC 2010,38
2022,2022 Q4,Switzerland,Human Health and Social Work Activities,Healthcare,SOC 2010,6
2022,2022 Q4,Switzerland,Information and Communications,Technology,SOC 2010,4
2022,2022 Q4,Syria,Construction,Engineering,SOC 2010,1
2022,2022 Q4,Syria,Education,Education,SOC 2010,1
2022,2022 Q4,Syria,Financial and Insurance Activities,Finance,SOC 2010,1
2022,2022 Q4,Syria,Human Health and Social Work Activities,Healthcare,SOC 2010,10
2022,2022 Q4,Syria,Information and Communications,Technology,SOC 2010,5
2022,2022 Q4,Taiwan,Education,Education,SOC 2010,4
2022,2022 Q4,Taiwan,Financial and Insurance Activities,Finance,SOC 2010,5
2022,2022 Q4,Taiwan,Human Health and Social Work Activities,Healthcare,SOC 2010,4
2022,2022 Q4,Taiwan,Information and Communications,Technology,SOC 2010,6
2022,2022 Q4,Tajikistan,Construction,Engineering,SOC 2010,1
2022,2022 Q4,Tanzania,Education,Education,SOC 2010,2
2022,2022 Q4,Tanzania,Financial and Insurance Activities,Finance,SOC 2010,2
2022,2022 Q4,Tanzania,Human Health and Social Work Activities,Healthcare,SOC 2010,32
2022,2022 Q4,Thailand,Education,Education,SOC 2010,9
2022,2022 Q4,Thailand,Financial and Insurance Activities,Finance,SOC 2010,2
2022,2022 Q4,Thailand,Human Health and Social Work Activities,Healthcare,SOC 2010,3
2022,2022 Q4,Thailand,Information and Communications,Technology,SOC 2010,2
2022,2022 Q4,Togo,Financial and Insurance Activities,Finance,SOC 2010,1
2022,2022 Q4,Togo,Human Health and Social Work Activities,Healthcare,SOC 2010,1
2022,2022 Q4,Trinidad and Tobago,Construction,Engineering,SOC 2010,1
2022,2022 Q4,Trinidad and Tobago,Education,Education,SOC 2010,3
2022,2022 Q4,Trinidad and Tobago,Financial and Insurance Activities,Finance,SOC 2010,2
2022,2022 Q4,Trinidad and Tobago,Human Health and Social Work Activities,Healthcare,SOC 2010,67
2022,2022 Q4,Trinidad and Tobago,Information and Communications,Technology,SOC 2010,16
2022,2022 Q4,Tunisia,Construction,Engineering,SOC 2010,3
2022,2022 Q4,Tunisia,Education,Education,SOC 2010,3
2022,2022 Q4,Tunisia,Financial and Insurance Activities,Finance,SOC 2010,6
2022,2022 Q4,Tunisia,Human Health and Social Work Activities,Healthcare,SOC 2010,4
2022,2022 Q4,Tunisia,Information and Communications,Technology,SOC 2010,6
2022,2022 Q4,Turkey,Construction,Engineering,SOC 2010,51
2022,2022 Q4,Turkey,Education,Education,SOC 2010,76
2022,2022 Q4,Turkey,Financial and Insurance Activities,Finance,SOC 2010,28
2022,2022 Q4,Turkey,Human Health and Social Work Activities,Healthcare,SOC 2010,41
2022,2022 Q4,Turkey,Information and Communications,Technology,SOC 2010,60
2022,2022 Q4,Turkmenistan,Education,Education,SOC 2010,1
2022,2022 Q4,Turkmenistan,Financial and Insurance Activities,Finance,SOC 2010,1
2022,2022 Q4,Turkmenistan,Human Health and Social Work Activities,Healthcare,SOC 2010,2
2022,2022 Q4,Turkmenistan,Information and Communications,Technology,SOC 2010,1
2022,2022 Q4,Uganda,Education,Education,SOC 2010,5
2022,2022 Q4,Uganda,Human Health and Social Work Activities,Healthcare,SOC 2010,220
2022,2022 Q4,Uganda,Information and Communications,Technology,SOC 2010,4
2022,2022 Q4,Ukraine,Education,Education,SOC 2010,7
2022,2022 Q4,Ukraine,Financial and Insurance Activities,Finance,SOC 2010,16
2022,2022 Q4,Ukraine,Information and Communications,Technology,SOC 2010,20
2022,2022 Q4,United Arab Emirates,Financial and Insurance Activities,Finance,SOC 2010,1
2022,2022 Q4,United Arab Emirates,Human Health and Social Work Activities,Healthcare,SOC 2010,1
2022,2022 Q4,United States,Construction,Engineering,SOC 2010,8
2022,2022 Q4,United States,Education,Education,SOC 2010,147
2022,2022 Q4,United States,Financial and Insurance Activities,Finance,SOC 2010,231
2022,2022 Q4,United States,Human Health and Social Work Activities,Healthcare,SOC 2010,71
2022,2022 Q4,United States,Information and Communications,Technology,SOC 2010,175
2022,2022 Q4,Uruguay,Education,Education,SOC 2010,1
2022,2022 Q4,Uruguay,Information and Communications,Technology,SOC 2010,2
2022,2022 Q4,Uzbekistan,Education,Education,SOC 2010,1
2022,2022 Q4,Uzbekistan,Financial and Insurance Activities,Finance,SOC 2010,1
2022,2022 Q4,Vanuatu,Construction,Engineering,SOC 2010,1
2022,2022 Q4,Venezuela,Construction,Engineering,SOC 2010,1
2022,2022 Q4,Venezuela,Education,Education,SOC 2010,1
2022,2022 Q4,Venezuela,Financial and Insurance Activities,Finance,SOC 2010,2
2022,2022 Q4,Venezuela,Human Health and Social Work Activities,Healthcare,SOC 2010,2
2022,2022 Q4,Vietnam,Education,Education,SOC 2010,4
2022,2022 Q4,Vietnam,Financial and Insurance Activities,Finance,SOC 2010,2
2022,2022 Q4,Vietnam,Human Health and Social Work Activities,Healthcare,SOC 2010,2
2022,2022 Q4,Vietnam,Information and Communications,Technology,SOC 2010,7
2022,2022 Q4,Yemen,Education,Education,SOC 2010,1
2022,2022 Q4,Yemen,Financial and Insurance Activities,Finance,SOC 2010,1
2022,2022 Q4,Yemen,Human Health and Social Work Activities,Healthcare,SOC 2010,1
2022,2022 Q4,Yemen,Information and Communications,Technology,SOC 2010,1
2022,2022 Q4,Zambia,Education,Education,SOC 2010,2
2022,2022 Q4,Zambia,Financial and Insurance Activities,Finance,SOC 2010,3
2022,2022 Q4,Zambia,Human Health and Social Work Activities,Healthcare,SOC 2010,241
2022,2022 Q4,Zambia,Information and Communications,Technology,SOC 2010,2
2022,2022 Q4,Zimbabwe,Construction,Engineering,SOC 2010,7
2022,2022 Q4,Zimbabwe,Education,Education,SOC 2010,12
2022,2022 Q4,Zimbabwe,Financial and Insurance Activities,Finance,SOC 2010,55
2022,2022 Q4,Zimbabwe,Human Health and Social Work Activities,Healthcare,SOC 2010,4800
2022,2022 Q4,Zimbabwe,Information and Communications,Technology,SOC 2010,13
2023,2023 Q1,Afghanistan,Education,Education,SOC 2010,4
2023,2023 Q1,Afghanistan,Human Health and Social Work Activities,Healthcare,SOC 2010,7
2023,2023 Q1,Afghanistan,Information and Communications,Technology,SOC 2010,1
2023,2023 Q1,Albania,Construction,Engineering,SOC 2010,10
2023,2023 Q1,Albania,Education,Education,SOC 2010,1
2023,2023 Q1,Albania,Financial and Insurance Activities,Finance,SOC 2010,3
2023,2023 Q1,Albania,Human Health and Social Work Activities,Healthcare,SOC 2010,68
2023,2023 Q1,Algeria,Education,Education,SOC 2010,3
2023,2023 Q1,Algeria,Financial and Insurance Activities,Finance,SOC 2010,1
2023,2023 Q1,Algeria,Human Health and Social Work Activities,Healthcare,SOC 2010,5
2023,2023 Q1,Algeria,Information and Communications,Technology,SOC 2010,1
2023,2023 Q1,Antigua and Barbuda,Financial and Insurance Activities,Finance,SOC 2010,1
2023,2023 Q1,Antigua and Barbuda,Human Health and Social Work Activities,Healthcare,SOC 2010,5
2023,2023 Q1,Argentina,Education,Education,SOC 2010,15
2023,2023 Q1,Argentina,Financial and Insurance Activities,Finance,SOC 2010,13
2023,2023 Q1,Argentina,Human Health and Social Work Activities,Healthcare,SOC 2010,1
2023,2023 Q1,Argentina,Information and Communications,Technology,SOC 2010,6
2023,2023 Q1,Armenia,Information and Communications,Technology,SOC 2010,2
2023,2023 Q1,Australia,Construction,Engineering,SOC 2010,13
2023,2023 Q1,Australia,Education,Education,SOC 2010,44
2023,2023 Q1,Australia,Financial and Insurance Activities,Finance,SOC 2010,79
2023,2023 Q1,Australia,Human Health and Social Work Activities,Healthcare,SOC 2010,130
2023,2023 Q1,Australia,Information and Communications,Technology,SOC 2010,36
2023,2023 Q1,Austria,Construction,Engineering,SOC 2010,4
2023,2023 Q1,Austria,Education,Education,SOC 2010,9
2023,2023 Q1,Austria,Financial and Insurance Activities,Finance,SOC 2010,18
2023,2023 Q1,Austria,Human Health and Social Work Activities,Healthcare,SOC 2010,3
2023,2023 Q1,Austria,Information and Communications,Technology,SOC 2010,6
2023,2023 Q1,Azerbaijan,Construction,Engineering,SOC 2010,1
2023,2023 Q1,Azerbaijan,Education,Education,SOC 2010,1
2023,2023 Q1,Azerbaijan,Financial and Insurance Activities,Finance,SOC 2010,1
2023,2023 Q1,Azerbaijan,Human Health and Social Work Activities,Healthcare,SOC 2010,1
2023,2023 Q1,Azerbaijan,Information and Communications,Technology,SOC 2010,2
2023,2023 Q1,"Bahamas, The",Human Health and Social Work Activities,Healthcare,SOC 2010,1
2023,2023 Q1,Bahrain,Education,Education,SOC 2010,1
2023,2023 Q1,Bahrain,Financial and Insurance Activities,Finance,SOC 2010,1
2023,2023 Q1,Bahrain,Human Health and Social Work Activities,Healthcare,SOC 2010,5
2023,2023 Q1,Bangladesh,Construction,Engineering,SOC 2010,6
2023,2023 Q1,Bangladesh,Education,Education,SOC 2010,10
2023,2023 Q1,Bangladesh,Financial and Insurance Activities,Finance,SOC 2010,6
2023,2023 Q1,Bangladesh,Human Health and Social Work Activities,Healthcare,SOC 2010,1159
2023,2023 Q1,Bangladesh,Information and Communications,Technology,SOC 2010,13
2023,2023 Q1,Barbados,Education,Education,SOC 2010,1
2023,2023 Q1,Barbados,Financial and Insurance Activities,Finance,SOC 2010,2
2023,2023 Q1,Barbados,Human Health and Social Work Activities,Healthcare,SOC 2010,10
2023,2023 Q1,Belarus,Financial and Insurance Activities,Finance,SOC 2010,4
2023,2023 Q1,Belarus,Human Health and Social Work Activities,Healthcare,SOC 2010,2
2023,2023 Q1,Belarus,Information and Communications,Technology,SOC 2010,18
2023,2023 Q1,Belgium,Construction,Engineering,SOC 2010,3
2023,2023 Q1,Belgium,Education,Education,SOC 2010,14
2023,2023 Q1,Belgium,Financial and Insurance Activities,Finance,SOC 2010,23
2023,2023 Q1,Belgium,Human Health and Social Work Activities,Healthcare,SOC 2010,10
2023,2023 Q1,Belgium,Information and Communications,Technology,SOC 2010,12
2023,2023 Q1,Belize,Construction,Engineering,SOC 2010,31
2023,2023 Q1,Belize,Human Health and Social Work Activities,Healthcare,SOC 2010,3
2023,2023 Q1,Benin,Education,Education,SOC 2010,2
2023,2023 Q1,Benin,Human Health and Social Work Activities,Healthcare,SOC 2010,1
2023,2023 Q1,Bolivia,Human Health and Social Work Activities,Healthcare,SOC 2010,1
2023,2023 Q1,Bosnia and Herzegovina,Education,Education,SOC 2010,2
2023,2023 Q1,Bosnia and Herzegovina,Information and Communications,Technology,SOC 2010,1
2023,2023 Q1,Botswana,Education,Education,SOC 2010,4
2023,2023 Q1,Botswana,Financial and Insurance Activities,Finance,SOC 2010,5
2023,2023 Q1,Botswana,Human Health and Social Work Activities,Healthcare,SOC 2010,89
2023,2023 Q1,Brazil,Construction,Engineering,SOC 2010,4
2023,2023 Q1,Brazil,Education,Education,SOC 2010,45
2023,2023 Q1,Brazil,Financial and Insurance Activities,Finance,SOC 2010,18
2023,2023 Q1,Brazil,Human Health and Social Work Activities,Healthcare,SOC 2010,41
2023,2023 Q1,Brazil,Information and Communications,Technology,SOC 2010,25
2023,2023 Q1,Brunei,Human Health and Social Work Activities,Healthcare,SOC 2010,1
2023,2023 Q1,Bulgaria,Construction,Engineering,SOC 2010,1
2023,2023 Q1,Bulgaria,Financial and Insurance Activities,Finance,SOC 2010,3
2023,2023 Q1,Bulgaria,Human Health and Social Work Activities,Healthcare,SOC 2010,3
2023,2023 Q1,Bulgaria,Information and Communications,Technology,SOC 2010,3
2023,2023 Q1,Burundi,Human Health and Social Work Activities,Healthcare,SOC 2010,1
2023,2023 Q1,Cameroon,Education,Education,SOC 2010,10
2023,2023 Q1,Cameroon,Financial and Insurance Activities,Finance,SOC 2010,2
2023,2023 Q1,Cameroon,Human Health and Social Work Activities,Healthcare,SOC 2010,265
2023,2023 Q1,Canada,Construction,Engineering,SOC 2010,7
2023,2023 Q1,Canada,Education,Education,SOC 2010,25
2023,2023 Q1,Canada,Financial and Insurance Activities,Finance,SOC 2010,44
2023,2023 Q1,Canada,Human Health and Social Work Activities,Healthcare,SOC 2010,57
2023,2023 Q1,Canada,Information and Communications,Technology,SOC 2010,24
2023,2023 Q1,Chile,Construction,Engineering,SOC 2010,4
2023,2023 Q1,Chile,Education,Education,SOC 2010,9
2023,2023 Q1,Chile,Financial and Insurance Activities,Finance,SOC 2010,3
2023,2023 Q1,Chile,Human Health and Social Work Activities,Healthcare,SOC 2010,3
2023,2023 Q1,China,Construction,Engineering,SOC 2010,5
2023,2023 Q1,China,Education,Education,SOC 2010,239
2023,2023 Q1,China,Financial and Insurance Activities,Finance,SOC 2010,113
2023,2023 Q1,China,Human Health and Social Work Activities,Healthcare,SOC 2010,11
2023,2023 Q1,China,Information and Communications,Technology,SOC 2010,75
2023,2023 Q1,Colombia,Construction,Engineering,SOC 2010,3
2023,2023 Q1,Colombia,Education,Education,SOC 2010,11
2023,2023 Q1,Colombia,Financial and Insurance Activities,Finance,SOC 2010,10
2023,2023 Q1,Colombia,Human Health and Social Work Activities,Healthcare,SOC 2010,11
2023,2023 Q1,Colombia,Information and Communications,Technology,SOC 2010,3
2023,2023 Q1,Congo (Democratic Republic),Education,Education,SOC 2010,1
2023,2023 Q1,Congo (Democratic Republic),Human Health and Social Work Activities,Healthcare,SOC 2010,1
2023,2023 Q1,Congo (Democratic Republic),Information and Communications,Technology,SOC 2010,2
2023,2023 Q1,Costa Rica,Education,Education,SOC 2010,2
2023,2023 Q1,Costa Rica,Financial and Insurance Activities,Finance,SOC 2010,1
2023,2023 Q1,Costa Rica,Information and Communications,Technology,SOC 2010,1
2023,2023 Q1,Croatia,Financial and Insurance Activities,Finance,SOC 2010,2
2023,2023 Q1,Croatia,Human Health and Social Work Activities,Healthcare,SOC 2010,4
2023,2023 Q1,Croatia,Information and Communications,Technology,SOC 2010,1
2023,2023 Q1,Cuba,Construction,Engineering,SOC 2010,1
2023,2023 Q1,Cuba,Education,Education,SOC 2010,1
2023,2023 Q1,Cuba,Human Health and Social Work Activities,Healthcare,SOC 2010,1
2023,2023 Q1,Cyprus,Education,Education,SOC 2010,1
2023,2023 Q1,Cyprus,Financial and Insurance Activities,Finance,SOC 2010,4
2023,2023 Q1,Cyprus,Human Health and Social Work Activities,Healthcare,SOC 2010,3
2023,2023 Q1,Cyprus,Information and Communications,Technology,SOC 2010,1
2023,2023 Q1,Czechia,Education,Education,SOC 2010,8
2023,2023 Q1,Czechia,Financial and Insurance Activities,Finance,SOC 2010,4
2023,2023 Q1,Czechia,Human Health and Social Work Activities,Healthcare,SOC 2010,2
2023,2023 Q1,Czechia,Information and Communications,Technology,SOC 2010,1
2023,2023 Q1,Denmark,Construction,Engineering,SOC 2010,1
2023,2023 Q1,Denmark,Education,Education,SOC 2010,12
2023,2023 Q1,Denmark,Financial and Insurance Activities,Finance,SOC 2010,9
2023,2023 Q1,Denmark,Human Health and Social Work Activities,Healthcare,SOC 2010,2
2023,2023 Q1,Denmark,Information and Communications,Technology,SOC 2010,5
2023,2023 Q1,Dominica,Financial and Insurance Activities,Finance,SOC 2010,1
2023,2023 Q1,Dominica,Human Health and Social Work Activities,Healthcare,SOC 2010,7
2023,2023 Q1,Dominican Republic,Financial and Insurance Activities,Finance,SOC 2010,1
2023,2023 Q1,Ecuador,Education,Education,SOC 2010,5
2023,2023 Q1,Ecuador,Financial and Insurance Activities,Finance,SOC 2010,1
2023,2023 Q1,Ecuador,Human Health and Social Work Activities,Healthcare,SOC 2010,7
2023,2023 Q1,Ecuador,Information and Communications,Technology,SOC 2010,2
2023,2023 Q1,Egypt,Construction,Engineering,SOC 2010,12
2023,2023 Q1,Egypt,Education,Education,SOC 2010,14
2023,2023 Q1,Egypt,Financial and Insurance Activities,Finance,SOC 2010,11
2023,2023 Q1,Egypt,Human Health and Social Work Activities,Healthcare,SOC 2010,200
2023,2023 Q1,Egypt,Information and Communications,Technology,SOC 2010,16
2023,2023 Q1,El Salvador,Financial and Insurance Activities,Finance,SOC 2010,1
2023,2023 Q1,Estonia,Financial and Insurance Activities,Finance,SOC 2010,1
2023,2023 Q1,Estonia,Human Health and Social Work Activities,Healthcare,SOC 2010,2
2023,2023 Q1,Estonia,Information and Communications,Technology,SOC 2010,1
2023,2023 Q1,Eswatini,Financial and Insurance Activities,Finance,SOC 2010,1
2023,2023 Q1,Eswatini,Human Health and Social Work Activities,Healthcare,SOC 2010,15
2023,2023 Q1,Eswatini,Information and Communications,Technology,SOC 2010,1
2023,2023 Q1,Ethiopia,Education,Education,SOC 2010,3
2023,2023 Q1,Ethiopia,Financial and Insurance Activities,Finance,SOC 2010,1
2023,2023 Q1,Ethiopia,Human Health and Social Work Activities,Healthcare,SOC 2010,2
2023,2023 Q1,Ethiopia,Information and Communications,Technology,SOC 2010,1
2023,2023 Q1,Fiji,Construction,Engineering,SOC 2010,1
2023,2023 Q1,Fiji,Human Health and Social Work Activities,Healthcare,SOC 2010,1
2023,2023 Q1,Finland,Construction,Engineering,SOC 2010,2
2023,2023 Q1,Finland,Education,Education,SOC 2010,6
2023,2023 Q1,Finland,Financial and Insurance Activities,Finance,SOC 2010,4
2023,2023 Q1,Finland,Human Health and Social Work Activities,Healthcare,SOC 2010,3
2023,2023 Q1,Finland,Information and Communications,Technology,SOC 2010,3
2023,2023 Q1,France,Construction,Engineering,SOC 2010,33
2023,2023 Q1,France,Education,Education,SOC 2010,163
2023,2023 Q1,France,Financial and Insurance Activities,Finance,SOC 2010,194
2023,2023 Q1,France,Human Health and Social Work Activities,Healthcare,SOC 2010,9
2023,2023 Q1,France,Information and Communications,Technology,SOC 2010,47
2023,2023 Q1,"Gambia, The",Education,Education,SOC 2010,2
2023,2023 Q1,"Gambia, The",Human Health and Social Work Activities,Healthcare,SOC 2010,31
2023,2023 Q1,Georgia,Education,Education,SOC 2010,3
2023,2023 Q1,Georgia,Information and Communications,Technology,SOC 2010,2
2023,2023 Q1,Germany,Construction,Engineering,SOC 2010,16
2023,2023 Q1,Germany,Education,Education,SOC 2010,85
2023,2023 Q1,Germany,Financial and Insurance Activities,Finance,SOC 2010,99
2023,2023 Q1,Germany,Human Health and Social Work Activities,Healthcare,SOC 2010,29
2023,2023 Q1,Germany,Information and Communications,Technology,SOC 2010,41
2023,2023 Q1,Ghana,Construction,Engineering,SOC 2010,3
2023,2023 Q1,Ghana,Education,Education,SOC 2010,31
2023,2023 Q1,Ghana,Financial and Insurance Activities,Finance,SOC 2010,23
2023,2023 Q1,Ghana,Human Health and Social Work Activities,Healthcare,SOC 2010,2640
2023,2023 Q1,Ghana,Information and Communications,Technology,SOC 2010,14
2023,2023 Q1,Greece,Construction,Engineering,SOC 2010,11
2023,2023 Q1,Greece,Education,Education,SOC 2010,26
2023,2023 Q1,Greece,Financial and Insurance Activities,Finance,SOC 2010,20
2023,2023 Q1,Greece,Human Health and Social Work Activities,Healthcare,SOC 2010,52
2023,2023 Q1,Greece,Information and Communications,Technology,SOC 2010,10
2023,2023 Q1,Grenada,Human Health and Social Work Activities,Healthcare,SOC 2010,7
2023,2023 Q1,Grenada,Information and Communications,Technology,SOC 2010,2
2023,2023 Q1,Guatemala,Financial and Insurance Activities,Finance,SOC 2010,2
2023,2023 Q1,Guatemala,Human Health and Social Work Activities,Healthcare,SOC 2010,1
2023,2023 Q1,Guyana,Financial and Insurance Activities,Finance,SOC 2010,13
2023,2023 Q1,Guyana,Human Health and Social Work Activities,Healthcare,SOC 2010,86
2023,2023 Q1,Honduras,Financial and Insurance Activities,Finance,SOC 2010,1
2023,2023 Q1,Honduras,Human Health and Social Work Activities,Healthcare,SOC 2010,1
2023,2023 Q1,Hong Kong,Construction,Engineering,SOC 2010,1
2023,2023 Q1,Hong Kong,Education,Education,SOC 2010,4
2023,2023 Q1,Hong Kong,Financial and Insurance Activities,Finance,SOC 2010,9
2023,2023 Q1,Hong Kong,Human Health and Social Work Activities,Healthcare,SOC 2010,11
2023,2023 Q1,Hong Kong,Information and Communications,Technology,SOC 2010,6
2023,2023 Q1,Hungary,Construction,Engineering,SOC 2010,1
2023,2023 Q1,Hungary,Education,Education,SOC 2010,6
2023,2023 Q1,Hungary,Financial and Insurance Activities,Finance,SOC 2010,7
2023,2023 Q1,Hungary,Human Health and Social Work Activities,Healthcare,SOC 2010,5
2023,2023 Q1,Hungary,Information and Communications,Technology,SOC 2010,7
2023,2023 Q1,Iceland,Financial and Insurance Activities,Finance,SOC 2010,1
2023,2023 Q1,Iceland,Human Health and Social Work Activities,Healthcare,SOC 2010,1
2023,2023 Q1,India,Construction,Engineering,SOC 2010,131
2023,2023 Q1,India,Education,Education,SOC 2010,212
2023,2023 Q1,India,Financial and Insurance Activities,Finance,SOC 2010,624
2023,2023 Q1,India,Human Health and Social Work Activities,Healthcare,SOC 2010,9672
2023,2023 Q1,India,Information and Communications,Technology,SOC 2010,2951
2023,2023 Q1,Indonesia,Education,Education,SOC 2010,3
2023,2023 Q1,Indonesia,Financial and Insurance Activities,Finance,SOC 2010,4
2023,2023 Q1,Indonesia,Human Health and Social Work Activities,Healthcare,SOC 2010,2
2023,2023 Q1,Indonesia,Information and Communications,Technology,SOC 2010,2
2023,2023 Q1,Iran,Construction,Engineering,SOC 2010,2
2023,2023 Q1,Iran,Education,Education,SOC 2010,29
2023,2023 Q1,Iran,Financial and Insurance Activities,Finance,SOC 2010,1
2023,2023 Q1,Iran,Human Health and Social Work Activities,Healthcare,SOC 2010,60
2023,2023 Q1,Iran,Information and Communications,Technology,SOC 2010,14
2023,2023 Q1,Iraq,Education,Education,SOC 2010,4
2023,2023 Q1,Iraq,Financial and Insurance Activities,Finance,SOC 2010,1
2023,2023 Q1,Iraq,Human Health and Social Work Activities,Healthcare,SOC 2010,33
2023,2023 Q1,Israel,Education,Education,SOC 2010,3
2023,2023 Q1,Israel,Financial and Insurance Activities,Finance,SOC 2010,10
2023,2023 Q1,Israel,Human Health and Social Work Activities,Healthcare,SOC 2010,5
2023,2023 Q1,Israel,Information and Communications,Technology,SOC 2010,6
2023,2023 Q1,Italy,Construction,Engineering,SOC 2010,10
2023,2023 Q1,Italy,Education,Education,SOC 2010,80
2023,2023 Q1,Italy,Financial and Insurance Activities,Finance,SOC 2010,92
2023,2023 Q1,Italy,Human Health and Social Work Activities,Healthcare,SOC 2010,35
2023,2023 Q1,Italy,Information and Communications,Technology,SOC 2010,33
2023,2023 Q1,Ivory Coast,Human Health and Social Work Activities,Healthcare,SOC 2010,1
2023,2023 Q1,Jamaica,Construction,Engineering,SOC 2010,8
2023,2023 Q1,Jamaica,Education,Education,SOC 2010,44
2023,2023 Q1,Jamaica,Financial and Insurance Activities,Finance,SOC 2010,3
2023,2023 Q1,Jamaica,Human Health and Social Work Activities,Healthcare,SOC 2010,250
2023,2023 Q1,Jamaica,Information and Communications,Technology,SOC 2010,1
2023,2023 Q1,Japan,Construction,Engineering,SOC 2010,2
2023,2023 Q1,Japan,Education,Education,SOC 2010,43
2023,2023 Q1,Japan,Financial and Insurance Activities,Finance,SOC 2010,106
2023,2023 Q1,Japan,Human Health and Social Work Activities,Healthcare,SOC 2010,8
2023,2023 Q1,Japan,Information and Communications,Technology,SOC 2010,50
2023,2023 Q1,Jordan,Education,Education,SOC 2010,1
2023,2023 Q1,Jordan,Financial and Insurance Activities,Finance,SOC 2010,2
2023,2023 Q1,Jordan,Human Health and Social Work Activities,Healthcare,SOC 2010,51
2023,2023 Q1,Jordan,Information and Communications,Technology,SOC 2010,4
2023,2023 Q1,Kazakhstan,Education,Education,SOC 2010,7
2023,2023 Q1,Kazakhstan,Financial and Insurance Activities,Finance,SOC 2010,4
2023,2023 Q1,Kazakhstan,Human Health and Social Work Activities,Healthcare,SOC 2010,1
2023,2023 Q1,Kazakhstan,Information and Communications,Technology,SOC 2010,1
2023,2023 Q1,Kenya,Construction,Engineering,SOC 2010,1
2023,2023 Q1,Kenya,Education,Education,SOC 2010,37
2023,2023 Q1,Kenya,Financial and Insurance Activities,Finance,SOC 2010,15
2023,2023 Q1,Kenya,Human Health and Social Work Activities,Healthcare,SOC 2010,800
2023,2023 Q1,Kenya,Information and Communications,Technology,SOC 2010,4
2023,2023 Q1,Kosovo,Construction,Engineering,SOC 2010,6
2023,2023 Q1,Kosovo,Information and Communications,Technology,SOC 2010,2
2023,2023 Q1,Kuwait,Financial and Insurance Activities,Finance,SOC 2010,1
2023,2023 Q1,Kuwait,Human Health and Social Work Activities,Healthcare,SOC 2010,2
2023,2023 Q1,Kyrgyzstan,Construction,Engineering,SOC 2010,1
2023,2023 Q1,Kyrgyzstan,Financial and Insurance Activities,Finance,SOC 2010,1
2023,2023 Q1,Kyrgyzstan,Information and Communications,Technology,SOC 2010,2
2023,2023 Q1,Latvia,Construction,Engineering,SOC 2010,2
2023,2023 Q1,Latvia,Financial and Insurance Activities,Finance,SOC 2010,6
2023,2023 Q1,Latvia,Information and Communications,Technology,SOC 2010,2
2023,2023 Q1,Lebanon,Construction,Engineering,SOC 2010,3
2023,2023 Q1,Lebanon,Education,Education,SOC 2010,5
2023,2023 Q1,Lebanon,Financial and Insurance Activities,Finance,SOC 2010,4
2023,2023 Q1,Lebanon,Human Health and Social Work Activities,Healthcare,SOC 2010,20
2023,2023 Q1,Lebanon,Information and Communications,Technology,SOC 2010,4
2023,2023 Q1,Lesotho,Human Health and Social Work Activities,Healthcare,SOC 2010,15
2023,2023 Q1,Liberia,Human Health and Social Work Activities,Healthcare,SOC 2010,4
2023,2023 Q1,Libya,Human Health and Social Work Activities,Healthcare,SOC 2010,11
2023,2023 Q1,Lithuania,Construction,Engineering,SOC 2010,4
2023,2023 Q1,Lithuania,Financial and Insurance Activities,Finance,SOC 2010,5
2023,2023 Q1,Lithuania,Human Health and Social Work Activities,Healthcare,SOC 2010,3
2023,2023 Q1,Luxembourg,Education,Education,SOC 2010,1
2023,2023 Q1,Luxembourg,Financial and Insurance Activities,Finance,SOC 2010,3
2023,2023 Q1,Luxembourg,Information and Communications,Technology,SOC 2010,1
2023,2023 Q1,Malawi,Education,Education,SOC 2010,2
2023,2023 Q1,Malawi,Human Health and Social Work Activities,Healthcare,SOC 2010,61
2023,2023 Q1,Malaysia,Construction,Engineering,SOC 2010,8
2023,2023 Q1,Malaysia,Education,Education,SOC 2010,17
2023,2023 Q1,Malaysia,Financial and Insurance Activities,Finance,SOC 2010,23
2023,2023 Q1,Malaysia,Human Health and Social Work Activities,Healthcare,SOC 2010,42
2023,2023 Q1,Malaysia,Information and Communications,Technology,SOC 2010,10
2023,2023 Q1,Malta,Education,Education,SOC 2010,5
2023,2023 Q1,Malta,Financial and Insurance Activities,Finance,SOC 2010,3
2023,2023 Q1,Malta,Human Health and Social Work Activities,Healthcare,SOC 2010,6
2023,2023 Q1,Malta,Information and Communications,Technology,SOC 2010,3
2023,2023 Q1,Mauritius,Education,Education,SOC 2010,2
2023,2023 Q1,Mauritius,Financial and Insurance Activities,Finance,SOC 2010,4
2023,2023 Q1,Mauritius,Human Health and Social Work Activities,Healthcare,SOC 2010,47
2023,2023 Q1,Mexico,Construction,Engineering,SOC 2010,1
2023,2023 Q1,Mexico,Education,Education,SOC 2010,18
2023,2023 Q1,Mexico,Financial and Insurance Activities,Finance,SOC 2010,15
2023,2023 Q1,Mexico,Human Health and Social Work Activities,Healthcare,SOC 2010,8
2023,2023 Q1,Mexico,Information and Communications,Technology,SOC 2010,2
2023,2023 Q1,Moldova,Information and Communications,Technology,SOC 2010,1
2023,2023 Q1,Mongolia,Financial and Insurance Activities,Finance,SOC 2010,1
2023,2023 Q1,Mongolia,Human Health and Social Work Activities,Healthcare,SOC 2010,1
2023,2023 Q1,Montenegro,Education,Education,SOC 2010,1
2023,2023 Q1,Montenegro,Information and Communications,Technology,SOC 2010,1
2023,2023 Q1,Morocco,Construction,Engineering,SOC 2010,3
2023,2023 Q1,Morocco,Education,Education,SOC 2010,12
2023,2023 Q1,Morocco,Financial and Insurance Activities,Finance,SOC 2010,20
2023,2023 Q1,Morocco,Human Health and Social Work Activities,Healthcare,SOC 2010,12
2023,2023 Q1,Morocco,Information and Communications,Technology,SOC 2010,4
2023,2023 Q1,Mozambique,Education,Education,SOC 2010,1
2023,2023 Q1,Mozambique,Human Health and Social Work Activities,Healthcare,SOC 2010,1
2023,2023 Q1,Myanmar (Burma),Education,Education,SOC 2010,4
2023,2023 Q1,Myanmar (Burma),Human Health and Social Work Activities,Healthcare,SOC 2010,26
2023,2023 Q1,Namibia,Education,Education,SOC 2010,1
2023,2023 Q1,Namibia,Human Health and Social Work Activities,Healthcare,SOC 2010,7
2023,2023 Q1,Nepal,Construction,Engineering,SOC 2010,23
2023,2023 Q1,Nepal,Education,Education,SOC 2010,1
2023,2023 Q1,Nepal,Financial and Insurance Activities,Finance,SOC 2010,9
2023,2023 Q1,Nepal,Human Health and Social Work Activities,Healthcare,SOC 2010,318
2023,2023 Q1,Nepal,Information and Communications,Technology,SOC 2010,1
2023,2023 Q1,Netherlands,Construction,Engineering,SOC 2010,22
2023,2023 Q1,Netherlands,Education,Education,SOC 2010,25
2023,2023 Q1,Netherlands,Financial and Insurance Activities,Finance,SOC 2010,31
2023,2023 Q1,Netherlands,Human Health and Social Work Activities,Healthcare,SOC 2010,12
2023,2023 Q1,Netherlands,Information and Communications,Technology,SOC 2010,18
2023,2023 Q1,New Zealand,Construction,Engineering,SOC 2010,1
2023,2023 Q1,New Zealand,Education,Education,SOC 2010,3
2023,2023 Q1,New Zealand,Financial and Insurance Activities,Finance,SOC 2010,12
2023,2023 Q1,New Zealand,Human Health and Social Work Activities,Healthcare,SOC 2010,20
2023,2023 Q1,New Zealand,Information and Communications,Technology,SOC 2010,9
2023,2023 Q1,Nicaragua,Financial and Insurance Activities,Finance,SOC 2010,1
2023,2023 Q1,Nigeria,Construction,Engineering,SOC 2010,3
2023,2023 Q1,Nigeria,Education,Education,SOC 2010,86
2023,2023 Q1,Nigeria,Financial and Insurance Activities,Finance,SOC 2010,67
2023,2023 Q1,Nigeria,Human Health and Social Work Activities,Healthcare,SOC 2010,7331
2023,2023 Q1,Nigeria,Information and Communications,Technology,SOC 2010,52
2023,2023 Q1,North Macedonia,Construction,Engineering,SOC 2010,2
2023,2023 Q1,North Macedonia,Education,Education,SOC 2010,1
2023,2023 Q1,Norway,Education,Education,SOC 2010,4
2023,2023 Q1,Norway,Financial and Insurance Activities,Finance,SOC 2010,6
2023,2023 Q1,Norway,Human Health and Social Work Activities,Healthcare,SOC 2010,1
2023,2023 Q1,Norway,Information and Communications,Technology,SOC 2010,1
2023,2023 Q1,Occupied Palestinian Territories,Construction,Engineering,SOC 2010,2
2023,2023 Q1,Occupied Palestinian Territories,Education,Education,SOC 2010,2
2023,2023 Q1,Occupied Palestinian Territories,Financial and Insurance Activities,Finance,SOC 2010,1
2023,2023 Q1,Occupied Palestinian Territories,Human Health and Social Work Activities,Healthcare,SOC 2010,17
2023,2023 Q1,Occupied Palestinian Territories,Information and Communications,Technology,SOC 2010,2
2023,2023 Q1,Oman,Human Health and Social Work Activities,Healthcare,SOC 2010,1
2023,2023 Q1,Other and unknown,Education,Education,SOC 2010,1
2023,2023 Q1,Other and unknown,Human Health and Social Work Activities,Healthcare,SOC 2010,5
2023,2023 Q1,Other and unknown,Information and Communications,Technology,SOC 2010,1
2023,2023 Q1,Pakistan,Construction,Engineering,SOC 2010,49
2023,2023 Q1,Pakistan,Education,Education,SOC 2010,74
2023,2023 Q1,Pakistan,Financial and Insurance Activities,Finance,SOC 2010,45
2023,2023 Q1,Pakistan,Human Health and Social Work Activities,Healthcare,SOC 2010,1504
2023,2023 Q1,Pakistan,Information and Communications,Technology,SOC 2010,96
2023,2023 Q1,Paraguay,Education,Education,SOC 2010,1
2023,2023 Q1,Peru,Education,Education,SOC 2010,6
2023,2023 Q1,Peru,Human Health and Social Work Activities,Healthcare,SOC 2010,3
2023,2023 Q1,Philippines,Construction,Engineering,SOC 2010,30
2023,2023 Q1,Philippines,Education,Education,SOC 2010,23
2023,2023 Q1,Philippines,Financial and Insurance Activities,Finance,SOC 2010,40
2023,2023 Q1,Philippines,Human Health and Social Work Activities,Healthcare,SOC 2010,2177
2023,2023 Q1,Philippines,Information and Communications,Technology,SOC 2010,24
2023,2023 Q1,Poland,Construction,Engineering,SOC 2010,63
2023,2023 Q1,Poland,Education,Education,SOC 2010,10
2023,2023 Q1,Poland,Financial and Insurance Activities,Finance,SOC 2010,23
2023,2023 Q1,Poland,Human Health and Social Work Activities,Healthcare,SOC 2010,14
2023,2023 Q1,Poland,Information and Communications,Technology,SOC 2010,6
2023,2023 Q1,Portugal,Construction,Engineering,SOC 2010,18
2023,2023 Q1,Portugal,Education,Education,SOC 2010,12
2023,2023 Q1,Portugal,Financial and Insurance Activities,Finance,SOC 2010,30
2023,2023 Q1,Portugal,Human Health and Social Work Activities,Healthcare,SOC 2010,53
2023,2023 Q1,Portugal,Information and Communications,Technology,SOC 2010,25
2023,2023 Q1,Refugee,Human Health and Social Work Activities,Healthcare,SOC 2010,1
2023,2023 Q1,Romania,Construction,Engineering,SOC 2010,7
2023,2023 Q1,Romania,Education,Education,SOC 2010,4
2023,2023 Q1,Romania,Financial and Insurance Activities,Finance,SOC 2010,11
2023,2023 Q1,Romania,Human Health and Social Work Activities,Healthcare,SOC 2010,24
2023,2023 Q1,Romania,Information and Communications,Technology,SOC 2010,11
2023,2023 Q1,Russia,Construction,Engineering,SOC 2010,5
2023,2023 Q1,Russia,Education,Education,SOC 2010,11
2023,2023 Q1,Russia,Financial and Insurance Activities,Finance,SOC 2010,82
2023,2023 Q1,Russia,Human Health and Social Work Activities,Healthcare,SOC 2010,12
2023,2023 Q1,Russia,Information and Communications,Technology,SOC 2010,76
2023,2023 Q1,Rwanda,Education,Education,SOC 2010,1
2023,2023 Q1,Rwanda,Human Health and Social Work Activities,Healthcare,SOC 2010,7
2023,2023 Q1,Saudi Arabia,Construction,Engineering,SOC 2010,1
2023,2023 Q1,Saudi Arabia,Education,Education,SOC 2010,6
2023,2023 Q1,Saudi Arabia,Human Health and Social Work Activities,Healthcare,SOC 2010,12
2023,2023 Q1,Senegal,Education,Education,SOC 2010,1
2023,2023 Q1,Senegal,Financial and Insurance Activities,Finance,SOC 2010,2
2023,2023 Q1,Senegal,Human Health and Social Work Activities,Healthcare,SOC 2010,2
2023,2023 Q1,Serbia,Construction,Engineering,SOC 2010,2
2023,2023 Q1,Serbia,Education,Education,SOC 2010,1
2023,2023 Q1,Serbia,Financial and Insurance Activities,Finance,SOC 2010,2
2023,2023 Q1,Serbia,Human Health and Social Work Activities,Healthcare,SOC 2010,1
2023,2023 Q1,Serbia,Information and Communications,Technology,SOC 2010,4
2023,2023 Q1,Seychelles,Human Health and Social Work Activities,Healthcare,SOC 2010,1
2023,2023 Q1,Sierra Leone,Human Health and Social Work Activities,Healthcare,SOC 2010,41
2023,2023 Q1,Singapore,Education,Education,SOC 2010,9
2023,2023 Q1,Singapore,Financial and Insurance Activities,Finance,SOC 2010,38
2023,2023 Q1,Singapore,Human Health and Social Work Activities,Healthcare,SOC 2010,19
2023,2023 Q1,Singapore,Information and Communications,Technology,SOC 2010,5
2023,2023 Q1,Slovakia,Construction,Engineering,SOC 2010,2
2023,2023 Q1,Slovakia,Education,Education,SOC 2010,2
2023,2023 Q1,Slovakia,Financial and Insurance Activities,Finance,SOC 2010,2
2023,2023 Q1,Slovakia,Information and Communications,Technology,SOC 2010,5
2023,2023 Q1,Slovenia,Education,Education,SOC 2010,3
2023,2023 Q1,Slovenia,Financial and Insurance Activities,Finance,SOC 2010,1
2023,2023 Q1,Slovenia,Human Health and Social Work Activities,Healthcare,SOC 2010,1
2023,2023 Q1,Somalia,Human Health and Social Work Activities,Healthcare,SOC 2010,10
2023,2023 Q1,South Africa,Construction,Engineering,SOC 2010,48
2023,2023 Q1,South Africa,Education,Education,SOC 2010,55
2023,2023 Q1,South Africa,Financial and Insurance Activities,Finance,SOC 2010,55
2023,2023 Q1,South Africa,Human Health and Social Work Activities,Healthcare,SOC 2010,279
2023,2023 Q1,South Africa,Information and Communications,Technology,SOC 2010,66
2023,2023 Q1,South Korea,Construction,Engineering,SOC 2010,6
2023,2023 Q1,South Korea,Education,Education,SOC 2010,26
2023,2023 Q1,South Korea,Financial and Insurance Activities,Finance,SOC 2010,23
2023,2023 Q1,South Korea,Human Health and Social Work Activities,Healthcare,SOC 2010,13
2023,2023 Q1,South Korea,Information and Communications,Technology,SOC 2010,9
2023,2023 Q1,South Sudan,Human Health and Social Work Activities,Healthcare,SOC 2010,1
2023,2023 Q1,Spain,Construction,Engineering,SOC 2010,58
2023,2023 Q1,Spain,Education,Education,SOC 2010,72
2023,2023 Q1,Spain,Financial and Insurance Activities,Finance,SOC 2010,66
2023,2023 Q1,Spain,Human Health and Social Work Activities,Healthcare,SOC 2010,46
2023,2023 Q1,Spain,Information and Communications,Technology,SOC 2010,27
2023,2023 Q1,Sri Lanka,Construction,Engineering,SOC 2010,20
2023,2023 Q1,Sri Lanka,Education,Education,SOC 2010,24
2023,2023 Q1,Sri Lanka,Financial and Insurance Activities,Finance,SOC 2010,24
2023,2023 Q1,Sri Lanka,Human Health and Social Work Activities,Healthcare,SOC 2010,988
2023,2023 Q1,Sri Lanka,Information and Communications,Technology,SOC 2010,12
2023,2023 Q1,St Kitts and Nevis,Human Health and Social Work Activities,Healthcare,SOC 2010,2
2023,2023 Q1,St Kitts and Nevis,Information and Communications,Technology,SOC 2010,1
2023,2023 Q1,St Lucia,Human Health and Social Work Activities,Healthcare,SOC 2010,9
2023,2023 Q1,St Vincent and the Grenadines,Human Health and Social Work Activities,Healthcare,SOC 2010,20
2023,2023 Q1,Stateless,Human Health and Social Work Activities,Healthcare,SOC 2010,1
2023,2023 Q1,Stateless,Information and Communications,Technology,SOC 2010,1
2023,2023 Q1,Sudan,Education,Education,SOC 2010,2
2023,2023 Q1,Sudan,Human Health and Social Work Activities,Healthcare,SOC 2010,59
2023,2023 Q1,Suriname,Human Health and Social Work Activities,Healthcare,SOC 2010,1
2023,2023 Q1,Sweden,Construction,Engineering,SOC 2010,5
2023,2023 Q1,Sweden,Education,Education,SOC 2010,12
2023,2023 Q1,Sweden,Financial and Insurance Activities,Finance,SOC 2010,18
2023,2023 Q1,Sweden,Human Health and Social Work Activities,Healthcare,SOC 2010,2
2023,2023 Q1,Sweden,Information and Communications,Technology,SOC 2010,15
2023,2023 Q1,Switzerland,Construction,Engineering,SOC 2010,2
2023,2023 Q1,Switzerland,Education,Education,SOC 2010,9
2023,2023 Q1,Switzerland,Financial and Insurance Activities,Finance,SOC 2010,18
2023,2023 Q1,Switzerland,Human Health and Social Work Activities,Healthcare,SOC 2010,7
2023,2023 Q1,Switzerland,Information and Communications,Technology,SOC 2010,2
2023,2023 Q1,Syria,Education,Education,SOC 2010,2
2023,2023 Q1,Syria,Human Health and Social Work Activities,Healthcare,SOC 2010,15
2023,2023 Q1,Syria,Information and Communications,Technology,SOC 2010,1
2023,2023 Q1,Taiwan,Education,Education,SOC 2010,6
2023,2023 Q1,Taiwan,Financial and Insurance Activities,Finance,SOC 2010,4
2023,2023 Q1,Taiwan,Human Health and Social Work Activities,Healthcare,SOC 2010,12
2023,2023 Q1,Taiwan,Information and Communications,Technology,SOC 2010,3
2023,2023 Q1,Tajikistan,Financial and Insurance Activities,Finance,SOC 2010,1
2023,2023 Q1,Tajikistan,Human Health and Social Work Activities,Healthcare,SOC 2010,1
2023,2023 Q1,Tajikistan,Information and Communications,Technology,SOC 2010,1
2023,2023 Q1,Tanzania,Education,Education,SOC 2010,1
2023,2023 Q1,Tanzania,Financial and Insurance Activities,Finance,SOC 2010,2
2023,2023 Q1,Tanzania,Human Health and Social Work Activities,Healthcare,SOC 2010,28
2023,2023 Q1,Thailand,Construction,Engineering,SOC 2010,6
2023,2023 Q1,Thailand,Education,Education,SOC 2010,14
2023,2023 Q1,Thailand,Financial and Insurance Activities,Finance,SOC 2010,2
2023,2023 Q1,Thailand,Human Health and Social Work Activities,Healthcare,SOC 2010,9
2023,2023 Q1,Thailand,Information and Communications,Technology,SOC 2010,2
2023,2023 Q1,Togo,Education,Education,SOC 2010,2
2023,2023 Q1,Trinidad and Tobago,Education,Education,SOC 2010,1
2023,2023 Q1,Trinidad and Tobago,Financial and Insurance Activities,Finance,SOC 2010,1
2023,2023 Q1,Trinidad and Tobago,Human Health and Social Work Activities,Healthcare,SOC 2010,65
2023,2023 Q1,Tunisia,Education,Education,SOC 2010,6
2023,2023 Q1,Tunisia,Financial and Insurance Activities,Finance,SOC 2010,2
2023,2023 Q1,Tunisia,Human Health and Social Work Activities,Healthcare,SOC 2010,3
2023,2023 Q1,Tunisia,Information and Communications,Technology,SOC 2010,5
2023,2023 Q1,Turkey,Construction,Engineering,SOC 2010,58
2023,2023 Q1,Turkey,Education,Education,SOC 2010,48
2023,2023 Q1,Turkey,Financial and Insurance Activities,Finance,SOC 2010,18
2023,2023 Q1,Turkey,Human Health and Social Work Activities,Healthcare,SOC 2010,47
2023,2023 Q1,Turkey,Information and Communications,Technology,SOC 2010,34
2023,2023 Q1,Turkmenistan,Construction,Engineering,SOC 2010,1
2023,2023 Q1,Uganda,Construction,Engineering,SOC 2010,1
2023,2023 Q1,Uganda,Education,Education,SOC 2010,18
2023,2023 Q1,Uganda,Financial and Insurance Activities,Finance,SOC 2010,1
2023,2023 Q1,Uganda,Human Health and Social Work Activities,Healthcare,SOC 2010,274
2023,2023 Q1,Uganda,Information and Communications,Technology,SOC 2010,3
2023,2023 Q1,Ukraine,Education,Education,SOC 2010,6
2023,2023 Q1,Ukraine,Financial and Insurance Activities,Finance,SOC 2010,9
2023,2023 Q1,Ukraine,Human Health and Social Work Activities,Healthcare,SOC 2010,2
2023,2023 Q1,Ukraine,Information and Communications,Technology,SOC 2010,12
2023,2023 Q1,United Arab Emirates,Financial and Insurance Activities,Finance,SOC 2010,1
2023,2023 Q1,United Arab Emirates,Human Health and Social Work Activities,Healthcare,SOC 2010,1
2023,2023 Q1,United States,Construction,Engineering,SOC 2010,7
2023,2023 Q1,United States,Education,Education,SOC 2010,125
2023,2023 Q1,United States,Financial and Insurance Activities,Finance,SOC 2010,236
2023,2023 Q1,United States,Human Health and Social Work Activities,Healthcare,SOC 2010,67
2023,2023 Q1,United States,Information and Communications,Technology,SOC 2010,166
2023,2023 Q1,Uzbekistan,Construction,Engineering,SOC 2010,5
2023,2023 Q1,Uzbekistan,Financial and Insurance Activities,Finance,SOC 2010,1
2023,2023 Q1,Vanuatu,Education,Education,SOC 2010,1
2023,2023 Q1,Vanuatu,Financial and Insurance Activities,Finance,SOC 2010,1
2023,2023 Q1,Vanuatu,Information and Communications,Technology,SOC 2010,1
2023,2023 Q1,Venezuela,Construction,Engineering,SOC 2010,2
2023,2023 Q1,Venezuela,Education,Education,SOC 2010,1
2023,2023 Q1,Venezuela,Information and Communications,Technology,SOC 2010,1
2023,2023 Q1,Vietnam,Construction,Engineering,SOC 2010,1
2023,2023 Q1,Vietnam,Education,Education,SOC 2010,6
2023,2023 Q1,Vietnam,Financial and Insurance Activities,Finance,SOC 2010,3
2023,2023 Q1,Vietnam,Information and Communications,Technology,SOC 2010,5
2023,2023 Q1,Yemen,Education,Education,SOC 2010,5
2023,2023 Q1,Yemen,Human Health and Social Work Activities,Healthcare,SOC 2010,5
2023,2023 Q1,Zambia,Education,Education,SOC 2010,2
2023,2023 Q1,Zambia,Financial and Insurance Activities,Finance,SOC 2010,3
2023,2023 Q1,Zambia,Human Health and Social Work Activities,Healthcare,SOC 2010,282
2023,2023 Q1,Zimbabwe,Construction,Engineering,SOC 2010,6
2023,2023 Q1,Zimbabwe,Education,Education,SOC 2010,28
2023,2023 Q1,Zimbabwe,Financial and Insurance Activities,Finance,SOC 2010,31
2023,2023 Q1,Zimbabwe,Human Health and Social Work Activities,Healthcare,SOC 2010,6238
2023,2023 Q1,Zimbabwe,Information and Communications,Technology,SOC 2010,8
2023,2023 Q2,Afghanistan,Construction,Engineering,SOC 2010,2
2023,2023 Q2,Afghanistan,Human Health and Social Work Activities,Healthcare,SOC 2010,11
2023,2023 Q2,Afghanistan,Information and Communications,Technology,SOC 2010,1
2023,2023 Q2,Albania,Construction,Engineering,SOC 2010,10
2023,2023 Q2,Albania,Education,Education,SOC 2010,2
2023,2023 Q2,Albania,Financial and Insurance Activities,Finance,SOC 2010,2
2023,2023 Q2,Albania,Human Health and Social Work Activities,Healthcare,SOC 2010,58
2023,2023 Q2,Algeria,Construction,Engineering,SOC 2010,3
2023,2023 Q2,Algeria,Education,Education,SOC 2010,3
2023,2023 Q2,Algeria,Financial and Insurance Activities,Finance,SOC 2010,4
2023,2023 Q2,Algeria,Human Health and Social Work Activities,Healthcare,SOC 2010,3
2023,2023 Q2,Algeria,Information and Communications,Technology,SOC 2010,1
2023,2023 Q2,Antigua and Barbuda,Education,Education,SOC 2010,1
2023,2023 Q2,Antigua and Barbuda,Human Health and Social Work Activities,Healthcare,SOC 2010,2
2023,2023 Q2,Argentina,Construction,Engineering,SOC 2010,2
2023,2023 Q2,Argentina,Education,Education,SOC 2010,10
2023,2023 Q2,Argentina,Financial and Insurance Activities,Finance,SOC 2010,6
2023,2023 Q2,Argentina,Human Health and Social Work Activities,Healthcare,SOC 2010,5
2023,2023 Q2,Argentina,Information and Communications,Technology,SOC 2010,2
2023,2023 Q2,Armenia,Education,Education,SOC 2010,2
2023,2023 Q2,Armenia,Financial and Insurance Activities,Finance,SOC 2010,2
2023,2023 Q2,Armenia,Human Health and Social Work Activities,Healthcare,SOC 2010,1
2023,2023 Q2,Armenia,Information and Communications,Technology,SOC 2010,1
2023,2023 Q2,Australia,Construction,Engineering,SOC 2010,11
2023,2023 Q2,Australia,Education,Education,SOC 2010,45
2023,2023 Q2,Australia,Financial and Insurance Activities,Finance,SOC 2010,66
2023,2023 Q2,Australia,Human Health and Social Work Activities,Healthcare,SOC 2010,159
2023,2023 Q2,Australia,Information and Communications,Technology,SOC 2010,23
2023,2023 Q2,Austria,Construction,Engineering,SOC 2010,12
2023,2023 Q2,Austria,Education,Education,SOC 2010,14
2023,2023 Q2,Austria,Financial and Insurance Activities,Finance,SOC 2010,19
2023,2023 Q2,Austria,Human Health and Social Work Activities,Healthcare,SOC 2010,3
2023,2023 Q2,Austria,Information and Communications,Technology,SOC 2010,3
2023,2023 Q2,Azerbaijan,Education,Education,SOC 2010,1
2023,2023 Q2,Azerbaijan,Financial and Insurance Activities,Finance,SOC 2010,3
2023,2023 Q2,Azerbaijan,Information and Communications,Technology,SOC 2010,2
2023,2023 Q2,"Bahamas, The",Human Health and Social Work Activities,Healthcare,SOC 2010,1
2023,2023 Q2,Bahrain,Financial and Insurance Activities,Finance,SOC 2010,1
2023,2023 Q2,Bahrain,Human Health and Social Work Activities,Healthcare,SOC 2010,31
2023,2023 Q2,Bangladesh,Construction,Engineering,SOC 2010,5
2023,2023 Q2,Bangladesh,Education,Education,SOC 2010,19
2023,2023 Q2,Bangladesh,Financial and Insurance Activities,Finance,SOC 2010,6
2023,2023 Q2,Bangladesh,Human Health and Social Work Activities,Healthcare,SOC 2010,1940
2023,2023 Q2,Bangladesh,Information and Communications,Technology,SOC 2010,16
2023,2023 Q2,Barbados,Human Health and Social Work Activities,Healthcare,SOC 2010,13
2023,2023 Q2,Belarus,Education,Education,SOC 2010,1
2023,2023 Q2,Belarus,Financial and Insurance Activities,Finance,SOC 2010,3
2023,2023 Q2,Belarus,Human Health and Social Work Activities,Healthcare,SOC 2010,1
2023,2023 Q2,Belarus,Information and Communications,Technology,SOC 2010,7
2023,2023 Q2,Belgium,Construction,Engineering,SOC 2010,5
2023,2023 Q2,Belgium,Education,Education,SOC 2010,13
2023,2023 Q2,Belgium,Financial and Insurance Activities,Finance,SOC 2010,22
2023,2023 Q2,Belgium,Human Health and Social Work Activities,Healthcare,SOC 2010,6
2023,2023 Q2,Belgium,Information and Communications,Technology,SOC 2010,4
2023,2023 Q2,Belize,Construction,Engineering,SOC 2010,10
2023,2023 Q2,Belize,Human Health and Social Work Activities,Healthcare,SOC 2010,2
2023,2023 Q2,Bhutan,Human Health and Social Work Activities,Healthcare,SOC 2010,2
2023,2023 Q2,Bhutan,Information and Communications,Technology,SOC 2010,1
2023,2023 Q2,Bolivia,Construction,Engineering,SOC 2010,1
2023,2023 Q2,Bosnia and Herzegovina,Education,Education,SOC 2010,2
2023,2023 Q2,Bosnia and Herzegovina,Information and Communications,Technology,SOC 2010,1
2023,2023 Q2,Botswana,Education,Education,SOC 2010,2
2023,2023 Q2,Botswana,Financial and Insurance Activities,Finance,SOC 2010,2
2023,2023 Q2,Botswana,Human Health and Social Work Activities,Healthcare,SOC 2010,104
2023,2023 Q2,Brazil,Construction,Engineering,SOC 2010,4
2023,2023 Q2,Brazil,Education,Education,SOC 2010,53
2023,2023 Q2,Brazil,Financial and Insurance Activities,Finance,SOC 2010,23
2023,2023 Q2,Brazil,Human Health and Social Work Activities,Healthcare,SOC 2010,44
2023,2023 Q2,Brazil,Information and Communications,Technology,SOC 2010,19
2023,2023 Q2,Brunei,Human Health and Social Work Activities,Healthcare,SOC 2010,1
2023,2023 Q2,Bulgaria,Education,Education,SOC 2010,3
2023,2023 Q2,Bulgaria,Financial and Insurance Activities,Finance,SOC 2010,8
2023,2023 Q2,Bulgaria,Human Health and Social Work Activities,Healthcare,SOC 2010,6
2023,2023 Q2,Bulgaria,Information and Communications,Technology,SOC 2010,6
2023,2023 Q2,Cambodia,Human Health and Social Work Activities,Healthcare,SOC 2010,2
2023,2023 Q2,Cameroon,Construction,Engineering,SOC 2010,1
2023,2023 Q2,Cameroon,Education,Education,SOC 2010,5
2023,2023 Q2,Cameroon,Financial and Insurance Activities,Finance,SOC 2010,1
2023,2023 Q2,Cameroon,Human Health and Social Work Activities,Healthcare,SOC 2010,269
2023,2023 Q2,Canada,Construction,Engineering,SOC 2010,1
2023,2023 Q2,Canada,Education,Education,SOC 2010,31
2023,2023 Q2,Canada,Financial and Insurance Activities,Finance,SOC 2010,60
2023,2023 Q2,Canada,Human Health and Social Work Activities,Healthcare,SOC 2010,78
2023,2023 Q2,Canada,Information and Communications,Technology,SOC 2010,24
2023,2023 Q2,Cape Verde,Financial and Insurance Activities,Finance,SOC 2010,1
2023,2023 Q2,Chile,Construction,Engineering,SOC 2010,2
2023,2023 Q2,Chile,Education,Education,SOC 2010,3
2023,2023 Q2,Chile,Financial and Insurance Activities,Finance,SOC 2010,6
2023,2023 Q2,Chile,Information and Communications,Technology,SOC 2010,3
2023,2023 Q2,China,Construction,Engineering,SOC 2010,3
2023,2023 Q2,China,Education,Education,SOC 2010,182
2023,2023 Q2,China,Financial and Insurance Activities,Finance,SOC 2010,118
2023,2023 Q2,China,Human Health and Social Work Activities,Healthcare,SOC 2010,9
2023,2023 Q2,China,Information and Communications,Technology,SOC 2010,79
2023,2023 Q2,Colombia,Construction,Engineering,SOC 2010,4
2023,2023 Q2,Colombia,Education,Education,SOC 2010,15
2023,2023 Q2,Colombia,Financial and Insurance Activities,Finance,SOC 2010,9
2023,2023 Q2,Colombia,Human Health and Social Work Activities,Healthcare,SOC 2010,5
2023,2023 Q2,Colombia,Information and Communications,Technology,SOC 2010,2
2023,2023 Q2,Congo,Financial and Insurance Activities,Finance,SOC 2010,1
2023,2023 Q2,Congo (Democratic Republic),Education,Education,SOC 2010,2
2023,2023 Q2,Congo (Democratic Republic),Human Health and Social Work Activities,Healthcare,SOC 2010,2
2023,2023 Q2,Costa Rica,Education,Education,SOC 2010,1
2023,2023 Q2,Croatia,Construction,Engineering,SOC 2010,5
2023,2023 Q2,Croatia,Education,Education,SOC 2010,4
2023,2023 Q2,Croatia,Financial and Insurance Activities,Finance,SOC 2010,3
2023,2023 Q2,Croatia,Human Health and Social Work Activities,Healthcare,SOC 2010,1
2023,2023 Q2,Croatia,Information and Communications,Technology,SOC 2010,2
2023,2023 Q2,Cuba,Education,Education,SOC 2010,1
2023,2023 Q2,Cuba,Information and Communications,Technology,SOC 2010,2
2023,2023 Q2,Cyprus,Education,Education,SOC 2010,1
2023,2023 Q2,Cyprus,Financial and Insurance Activities,Finance,SOC 2010,2
2023,2023 Q2,Cyprus,Human Health and Social Work Activities,Healthcare,SOC 2010,14
2023,2023 Q2,Czechia,Education,Education,SOC 2010,5
2023,2023 Q2,Czechia,Financial and Insurance Activities,Finance,SOC 2010,3
2023,2023 Q2,Czechia,Human Health and Social Work Activities,Healthcare,SOC 2010,1
2023,2023 Q2,Czechia,Information and Communications,Technology,SOC 2010,1
2023,2023 Q2,Denmark,Education,Education,SOC 2010,8
2023,2023 Q2,Denmark,Financial and Insurance Activities,Finance,SOC 2010,10
2023,2023 Q2,Denmark,Human Health and Social Work Activities,Healthcare,SOC 2010,4
2023,2023 Q2,Denmark,Information and Communications,Technology,SOC 2010,1
2023,2023 Q2,Dominica,Financial and Insurance Activities,Finance,SOC 2010,1
2023,2023 Q2,Dominica,Human Health and Social Work Activities,Healthcare,SOC 2010,3
2023,2023 Q2,Dominican Republic,Construction,Engineering,SOC 2010,1
2023,2023 Q2,Dominican Republic,Education,Education,SOC 2010,1
2023,2023 Q2,Ecuador,Construction,Engineering,SOC 2010,1
2023,2023 Q2,Ecuador,Education,Education,SOC 2010,3
2023,2023 Q2,Ecuador,Human Health and Social Work Activities,Healthcare,SOC 2010,2
2023,2023 Q2,Ecuador,Information and Communications,Technology,SOC 2010,1
2023,2023 Q2,Egypt,Construction,Engineering,SOC 2010,8
2023,2023 Q2,Egypt,Education,Education,SOC 2010,22
2023,2023 Q2,Egypt,Financial and Insurance Activities,Finance,SOC 2010,11
2023,2023 Q2,Egypt,Human Health and Social Work Activities,Healthcare,SOC 2010,227
2023,2023 Q2,Egypt,Information and Communications,Technology,SOC 2010,15
2023,2023 Q2,El Salvador,Financial and Insurance Activities,Finance,SOC 2010,1
2023,2023 Q2,El Salvador,Information and Communications,Technology,SOC 2010,1
2023,2023 Q2,Eritrea,Education,Education,SOC 2010,1
2023,2023 Q2,Estonia,Financial and Insurance Activities,Finance,SOC 2010,1
2023,2023 Q2,Eswatini,Human Health and Social Work Activities,Healthcare,SOC 2010,27
2023,2023 Q2,Ethiopia,Education,Education,SOC 2010,4
2023,2023 Q2,Ethiopia,Financial and Insurance Activities,Finance,SOC 2010,2
2023,2023 Q2,Ethiopia,Human Health and Social Work Activities,Healthcare,SOC 2010,7
2023,2023 Q2,Ethiopia,Information and Communications,Technology,SOC 2010,2
2023,2023 Q2,Finland,Construction,Engineering,SOC 2010,1
2023,2023 Q2,Finland,Education,Education,SOC 2010,9
2023,2023 Q2,Finland,Financial and Insurance Activities,Finance,SOC 2010,7
2023,2023 Q2,Finland,Human Health and Social Work Activities,Healthcare,SOC 2010,7
2023,2023 Q2,Finland,Information and Communications,Technology,SOC 2010,1
2023,2023 Q2,France,Construction,Engineering,SOC 2010,32
2023,2023 Q2,France,Education,Education,SOC 2010,179
2023,2023 Q2,France,Financial and Insurance Activities,Finance,SOC 2010,226
2023,2023 Q2,France,Human Health and Social Work Activities,Healthcare,SOC 2010,12
2023,2023 Q2,France,Information and Communications,Technology,SOC 2010,41
2023,2023 Q2,"Gambia, The",Education,Education,SOC 2010,2
2023,2023 Q2,"Gambia, The",Human Health and Social Work Activities,Healthcare,SOC 2010,30
2023,2023 Q2,Georgia,Education,Education,SOC 2010,1
2023,2023 Q2,Georgia,Financial and Insurance Activities,Finance,SOC 2010,3
2023,2023 Q2,Georgia,Human Health and Social Work Activities,Healthcare,SOC 2010,1
2023,2023 Q2,Germany,Construction,Engineering,SOC 2010,16
2023,2023 Q2,Germany,Education,Education,SOC 2010,161
2023,2023 Q2,Germany,Financial and Insurance Activities,Finance,SOC 2010,162
2023,2023 Q2,Germany,Human Health and Social Work Activities,Healthcare,SOC 2010,97
2023,2023 Q2,Germany,Information and Communications,Technology,SOC 2010,38
2023,2023 Q2,Ghana,Construction,Engineering,SOC 2010,9
2023,2023 Q2,Ghana,Education,Education,SOC 2010,18
2023,2023 Q2,Ghana,Financial and Insurance Activities,Finance,SOC 2010,23
2023,2023 Q2,Ghana,Human Health and Social Work Activities,Healthcare,SOC 2010,3217
2023,2023 Q2,Ghana,Information and Communications,Technology,SOC 2010,11
2023,2023 Q2,Greece,Construction,Engineering,SOC 2010,7
2023,2023 Q2,Greece,Education,Education,SOC 2010,27
2023,2023 Q2,Greece,Financial and Insurance Activities,Finance,SOC 2010,13
2023,2023 Q2,Greece,Human Health and Social Work Activities,Healthcare,SOC 2010,43
2023,2023 Q2,Greece,Information and Communications,Technology,SOC 2010,6
2023,2023 Q2,Grenada,Financial and Insurance Activities,Finance,SOC 2010,1
2023,2023 Q2,Grenada,Human Health and Social Work Activities,Healthcare,SOC 2010,7
2023,2023 Q2,Guyana,Construction,Engineering,SOC 2010,4
2023,2023 Q2,Guyana,Human Health and Social Work Activities,Healthcare,SOC 2010,78
2023,2023 Q2,Honduras,Financial and Insurance Activities,Finance,SOC 2010,1
2023,2023 Q2,Honduras,Human Health and Social Work Activities,Healthcare,SOC 2010,1
2023,2023 Q2,Hong Kong,Construction,Engineering,SOC 2010,1
2023,2023 Q2,Hong Kong,Education,Education,SOC 2010,11
2023,2023 Q2,Hong Kong,Financial and Insurance Activities,Finance,SOC 2010,15
2023,2023 Q2,Hong Kong,Human Health and Social Work Activities,Healthcare,SOC 2010,8
2023,2023 Q2,Hong Kong,Information and Communications,Technology,SOC 2010,1
2023,2023 Q2,Hungary,Construction,Engineering,SOC 2010,1
2023,2023 Q2,Hungary,Education,Education,SOC 2010,7
2023,2023 Q2,Hungary,Financial and Insurance Activities,Finance,SOC 2010,18
2023,2023 Q2,Hungary,Human Health and Social Work Activities,Healthcare,SOC 2010,8
2023,2023 Q2,Hungary,Information and Communications,Technology,SOC 2010,4
2023,2023 Q2,Iceland,Financial and Insurance Activities,Finance,SOC 2010,2
2023,2023 Q2,Iceland,Human Health and Social Work Activities,Healthcare,SOC 2010,1
2023,2023 Q2,India,Construction,Engineering,SOC 2010,153
2023,2023 Q2,India,Education,Education,SOC 2010,204
2023,2023 Q2,India,Financial and Insurance Activities,Finance,SOC 2010,557
2023,2023 Q2,India,Human Health and Social Work Activities,Healthcare,SOC 2010,9542
2023,2023 Q2,India,Information and Communications,Technology,SOC 2010,2546
2023,2023 Q2,Indonesia,Education,Education,SOC 2010,7
2023,2023 Q2,Indonesia,Financial and Insurance Activities,Finance,SOC 2010,4
2023,2023 Q2,Indonesia,Human Health and Social Work Activities,Healthcare,SOC 2010,5
2023,2023 Q2,Indonesia,Information and Communications,Technology,SOC 2010,3
2023,2023 Q2,Iran,Construction,Engineering,SOC 2010,6
2023,2023 Q2,Iran,Education,Education,SOC 2010,38
2023,2023 Q2,Iran,Financial and Insurance Activities,Finance,SOC 2010,5
2023,2023 Q2,Iran,Human Health and Social Work Activities,Healthcare,SOC 2010,47
2023,2023 Q2,Iran,Information and Communications,Technology,SOC 2010,10
2023,2023 Q2,Iraq,Education,Education,SOC 2010,3
2023,2023 Q2,Iraq,Human Health and Social Work Activities,Healthcare,SOC 2010,33
2023,2023 Q2,Iraq,Information and Communications,Technology,SOC 2010,1
2023,2023 Q2,Israel,Education,Education,SOC 2010,7
2023,2023 Q2,Israel,Financial and Insurance Activities,Finance,SOC 2010,10
2023,2023 Q2,Israel,Human Health and Social Work Activities,Healthcare,SOC 2010,7
2023,2023 Q2,Israel,Information and Communications,Technology,SOC 2010,9
2023,2023 Q2,Italy,Construction,Engineering,SOC 2010,13
2023,2023 Q2,Italy,Education,Education,SOC 2010,98
2023,2023 Q2,Italy,Financial and Insurance Activities,Finance,SOC 2010,169
2023,2023 Q2,Italy,Human Health and Social Work Activities,Healthcare,SOC 2010,42
2023,2023 Q2,Italy,Information and Communications,Technology,SOC 2010,27
2023,2023 Q2,Ivory Coast,Financial and Insurance Activities,Finance,SOC 2010,5
2023,2023 Q2,Jamaica,Education,Education,SOC 2010,32
2023,2023 Q2,Jamaica,Human Health and Social Work Activities,Healthcare,SOC 2010,168
2023,2023 Q2,Jamaica,Information and Communications,Technology,SOC 2010,1
2023,2023 Q2,Japan,Construction,Engineering,SOC 2010,1
2023,2023 Q2,Japan,Education,Education,SOC 2010,25
2023,2023 Q2,Japan,Financial and Insurance Activities,Finance,SOC 2010,115
2023,2023 Q2,Japan,Human Health and Social Work Activities,Healthcare,SOC 2010,4
2023,2023 Q2,Japan,Information and Communications,Technology,SOC 2010,44
2023,2023 Q2,Jordan,Education,Education,SOC 2010,2
2023,2023 Q2,Jordan,Human Health and Social Work Activities,Healthcare,SOC 2010,51
2023,2023 Q2,Jordan,Information and Communications,Technology,SOC 2010,5
2023,2023 Q2,Kazakhstan,Education,Education,SOC 2010,7
2023,2023 Q2,Kazakhstan,Financial and Insurance Activities,Finance,SOC 2010,9
2023,2023 Q2,Kazakhstan,Information and Communications,Technology,SOC 2010,5
2023,2023 Q2,Kenya,Education,Education,SOC 2010,16
2023,2023 Q2,Kenya,Financial and Insurance Activities,Finance,SOC 2010,12
2023,2023 Q2,Kenya,Human Health and Social Work Activities,Healthcare,SOC 2010,658
2023,2023 Q2,Kenya,Information and Communications,Technology,SOC 2010,4
2023,2023 Q2,Kosovo,Construction,Engineering,SOC 2010,2
2023,2023 Q2,Kuwait,Education,Education,SOC 2010,1
2023,2023 Q2,Kuwait,Human Health and Social Work Activities,Healthcare,SOC 2010,5
2023,2023 Q2,Kuwait,Information and Communications,Technology,SOC 2010,1
2023,2023 Q2,Kyrgyzstan,Construction,Engineering,SOC 2010,2
2023,2023 Q2,Kyrgyzstan,Human Health and Social Work Activities,Healthcare,SOC 2010,1
2023,2023 Q2,Kyrgyzstan,Information and Communications,Technology,SOC 2010,1
2023,2023 Q2,Latvia,Construction,Engineering,SOC 2010,2
2023,2023 Q2,Latvia,Financial and Insurance Activities,Finance,SOC 2010,5
2023,2023 Q2,Latvia,Human Health and Social Work Activities,Healthcare,SOC 2010,1
2023,2023 Q2,Lebanon,Construction,Engineering,SOC 2010,2
2023,2023 Q2,Lebanon,Education,Education,SOC 2010,7
2023,2023 Q2,Lebanon,Financial and Insurance Activities,Finance,SOC 2010,6
2023,2023 Q2,Lebanon,Human Health and Social Work Activities,Healthcare,SOC 2010,20
2023,2023 Q2,Lebanon,Information and Communications,Technology,SOC 2010,6
2023,2023 Q2,Lesotho,Human Health and Social Work Activities,Healthcare,SOC 2010,13
2023,2023 Q2,Liberia,Human Health and Social Work Activities,Healthcare,SOC 2010,3
2023,2023 Q2,Libya,Education,Education,SOC 2010,1
2023,2023 Q2,Libya,Financial and Insurance Activities,Finance,SOC 2010,2
2023,2023 Q2,Libya,Human Health and Social Work Activities,Healthcare,SOC 2010,9
2023,2023 Q2,Liechtenstein,Human Health and Social Work Activities,Healthcare,SOC 2010,1
2023,2023 Q2,Lithuania,Construction,Engineering,SOC 2010,2
2023,2023 Q2,Lithuania,Education,Education,SOC 2010,1
2023,2023 Q2,Lithuania,Financial and Insurance Activities,Finance,SOC 2010,2
2023,2023 Q2,Lithuania,Human Health and Social Work Activities,Healthcare,SOC 2010,5
2023,2023 Q2,Madagascar,Education,Education,SOC 2010,1
2023,2023 Q2,Malawi,Construction,Engineering,SOC 2010,2
2023,2023 Q2,Malawi,Education,Education,SOC 2010,1
2023,2023 Q2,Malawi,Financial and Insurance Activities,Finance,SOC 2010,1
2023,2023 Q2,Malawi,Human Health and Social Work Activities,Healthcare,SOC 2010,67
2023,2023 Q2,Malaysia,Construction,Engineering,SOC 2010,44
2023,2023 Q2,Malaysia,Education,Education,SOC 2010,17
2023,2023 Q2,Malaysia,Financial and Insurance Activities,Finance,SOC 2010,19
2023,2023 Q2,Malaysia,Human Health and Social Work Activities,Healthcare,SOC 2010,195
2023,2023 Q2,Malaysia,Information and Communications,Technology,SOC 2010,3
2023,2023 Q2,Maldives,Education,Education,SOC 2010,1
2023,2023 Q2,Maldives,Human Health and Social Work Activities,Healthcare,SOC 2010,3
2023,2023 Q2,Mali,Education,Education,SOC 2010,1
2023,2023 Q2,Malta,Education,Education,SOC 2010,1
2023,2023 Q2,Malta,Financial and Insurance Activities,Finance,SOC 2010,4
2023,2023 Q2,Malta,Human Health and Social Work Activities,Healthcare,SOC 2010,14
2023,2023 Q2,Mauritius,Education,Education,SOC 2010,1
2023,2023 Q2,Mauritius,Financial and Insurance Activities,Finance,SOC 2010,1
2023,2023 Q2,Mauritius,Human Health and Social Work Activities,Healthcare,SOC 2010,32
2023,2023 Q2,Mauritius,Information and Communications,Technology,SOC 2010,1
2023,2023 Q2,Mexico,Construction,Engineering,SOC 2010,4
2023,2023 Q2,Mexico,Education,Education,SOC 2010,17
2023,2023 Q2,Mexico,Financial and Insurance Activities,Finance,SOC 2010,10
2023,2023 Q2,Mexico,Human Health and Social Work Activities,Healthcare,SOC 2010,3
2023,2023 Q2,Mexico,Information and Communications,Technology,SOC 2010,3
2023,2023 Q2,Moldova,Construction,Engineering,SOC 2010,1
2023,2023 Q2,Moldova,Education,Education,SOC 2010,1
2023,2023 Q2,Moldova,Information and Communications,Technology,SOC 2010,2
2023,2023 Q2,Mongolia,Education,Education,SOC 2010,1
2023,2023 Q2,Mongolia,Financial and Insurance Activities,Finance,SOC 2010,1
2023,2023 Q2,Mongolia,Human Health and Social Work Activities,Healthcare,SOC 2010,2
2023,2023 Q2,Montenegro,Financial and Insurance Activities,Finance,SOC 2010,1
2023,2023 Q2,Montenegro,Information and Communications,Technology,SOC 2010,1
2023,2023 Q2,Morocco,Education,Education,SOC 2010,12
2023,2023 Q2,Morocco,Financial and Insurance Activities,Finance,SOC 2010,16
2023,2023 Q2,Morocco,Human Health and Social Work Activities,Healthcare,SOC 2010,6
2023,2023 Q2,Morocco,Information and Communications,Technology,SOC 2010,1
2023,2023 Q2,Mozambique,Human Health and Social Work Activities,Healthcare,SOC 2010,4
2023,2023 Q2,Myanmar (Burma),Education,Education,SOC 2010,2
2023,2023 Q2,Myanmar (Burma),Human Health and Social Work Activities,Healthcare,SOC 2010,24
2023,2023 Q2,Namibia,Human Health and Social Work Activities,Healthcare,SOC 2010,8
2023,2023 Q2,Nepal,Construction,Engineering,SOC 2010,14
2023,2023 Q2,Nepal,Education,Education,SOC 2010,4
2023,2023 Q2,Nepal,Financial and Insurance Activities,Finance,SOC 2010,2
2023,2023 Q2,Nepal,Human Health and Social Work Activities,Healthcare,SOC 2010,250
2023,2023 Q2,Nepal,Information and Communications,Technology,SOC 2010,3
2023,2023 Q2,Netherlands,Construction,Engineering,SOC 2010,128
2023,2023 Q2,Netherlands,Education,Education,SOC 2010,17
2023,2023 Q2,Netherlands,Financial and Insurance Activities,Finance,SOC 2010,54
2023,2023 Q2,Netherlands,Human Health and Social Work Activities,Healthcare,SOC 2010,9
2023,2023 Q2,Netherlands,Information and Communications,Technology,SOC 2010,20
2023,2023 Q2,New Zealand,Construction,Engineering,SOC 2010,3
2023,2023 Q2,New Zealand,Education,Education,SOC 2010,8
2023,2023 Q2,New Zealand,Financial and Insurance Activities,Finance,SOC 2010,10
2023,2023 Q2,New Zealand,Human Health and Social Work Activities,Healthcare,SOC 2010,28
2023,2023 Q2,New Zealand,Information and Communications,Technology,SOC 2010,4
2023,2023 Q2,Nigeria,Construction,Engineering,SOC 2010,4
2023,2023 Q2,Nigeria,Education,Education,SOC 2010,63
2023,2023 Q2,Nigeria,Financial and Insurance Activities,Finance,SOC 2010,58
2023,2023 Q2,Nigeria,Human Health and Social Work Activities,Healthcare,SOC 2010,6573
2023,2023 Q2,Nigeria,Information and Communications,Technology,SOC 2010,28
2023,2023 Q2,North Macedonia,Construction,Engineering,SOC 2010,1
2023,2023 Q2,North Macedonia,Education,Education,SOC 2010,1
2023,2023 Q2,North Macedonia,Information and Communications,Technology,SOC 2010,2
2023,2023 Q2,Norway,Construction,Engineering,SOC 2010,1
2023,2023 Q2,Norway,Education,Education,SOC 2010,8
2023,2023 Q2,Norway,Financial and Insurance Activities,Finance,SOC 2010,22
2023,2023 Q2,Norway,Human Health and Social Work Activities,Healthcare,SOC 2010,7
2023,2023 Q2,Norway,Information and Communications,Technology,SOC 2010,4
2023,2023 Q2,Occupied Palestinian Territories,Construction,Engineering,SOC 2010,1
2023,2023 Q2,Occupied Palestinian Territories,Education,Education,SOC 2010,3
2023,2023 Q2,Occupied Palestinian Territories,Financial and Insurance Activities,Finance,SOC 2010,1
2023,2023 Q2,Occupied Palestinian Territories,Human Health and Social Work Activities,Healthcare,SOC 2010,50
2023,2023 Q2,Oman,Human Health and Social Work Activities,Healthcare,SOC 2010,2
2023,2023 Q2,Other and unknown,Human Health and Social Work Activities,Healthcare,SOC 2010,3
2023,2023 Q2,Pakistan,Construction,Engineering,SOC 2010,80
2023,2023 Q2,Pakistan,Education,Education,SOC 2010,77
2023,2023 Q2,Pakistan,Financial and Insurance Activities,Finance,SOC 2010,25
2023,2023 Q2,Pakistan,Human Health and Social Work Activities,Healthcare,SOC 2010,2141
2023,2023 Q2,Pakistan,Information and Communications,Technology,SOC 2010,94
2023,2023 Q2,Panama,Education,Education,SOC 2010,1
2023,2023 Q2,Panama,Financial and Insurance Activities,Finance,SOC 2010,1
2023,2023 Q2,Panama,Information and Communications,Technology,SOC 2010,1
2023,2023 Q2,Paraguay,Financial and Insurance Activities,Finance,SOC 2010,1
2023,2023 Q2,Peru,Education,Education,SOC 2010,2
2023,2023 Q2,Peru,Financial and Insurance Activities,Finance,SOC 2010,3
2023,2023 Q2,Philippines,Construction,Engineering,SOC 2010,38
2023,2023 Q2,Philippines,Education,Education,SOC 2010,15
2023,2023 Q2,Philippines,Financial and Insurance Activities,Finance,SOC 2010,22
2023,2023 Q2,Philippines,Human Health and Social Work Activities,Healthcare,SOC 2010,1475
2023,2023 Q2,Philippines,Information and Communications,Technology,SOC 2010,21
2023,2023 Q2,Poland,Construction,Engineering,SOC 2010,24
2023,2023 Q2,Poland,Education,Education,SOC 2010,22
2023,2023 Q2,Poland,Financial and Insurance Activities,Finance,SOC 2010,27
2023,2023 Q2,Poland,Human Health and Social Work Activities,Healthcare,SOC 2010,17
2023,2023 Q2,Poland,Information and Communications,Technology,SOC 2010,10
2023,2023 Q2,Portugal,Construction,Engineering,SOC 2010,10
2023,2023 Q2,Portugal,Education,Education,SOC 2010,13
2023,2023 Q2,Portugal,Financial and Insurance Activities,Finance,SOC 2010,32
2023,2023 Q2,Portugal,Human Health and Social Work Activities,Healthcare,SOC 2010,45
2023,2023 Q2,Portugal,Information and Communications,Technology,SOC 2010,12
2023,2023 Q2,Refugee,Education,Education,SOC 2010,1
2023,2023 Q2,Refugee,Human Health and Social Work Activities,Healthcare,SOC 2010,2
2023,2023 Q2,Romania,Construction,Engineering,SOC 2010,14
2023,2023 Q2,Romania,Education,Education,SOC 2010,22
2023,2023 Q2,Romania,Financial and Insurance Activities,Finance,SOC 2010,15
2023,2023 Q2,Romania,Human Health and Social Work Activities,Healthcare,SOC 2010,28
2023,2023 Q2,Romania,Information and Communications,Technology,SOC 2010,8
2023,2023 Q2,Russia,Construction,Engineering,SOC 2010,1
2023,2023 Q2,Russia,Education,Education,SOC 2010,18
2023,2023 Q2,Russia,Financial and Insurance Activities,Finance,SOC 2010,54
2023,2023 Q2,Russia,Human Health and Social Work Activities,Healthcare,SOC 2010,6
2023,2023 Q2,Russia,Information and Communications,Technology,SOC 2010,47
2023,2023 Q2,Rwanda,Education,Education,SOC 2010,1
2023,2023 Q2,Rwanda,Human Health and Social Work Activities,Healthcare,SOC 2010,10
2023,2023 Q2,Rwanda,Information and Communications,Technology,SOC 2010,2
2023,2023 Q2,Saudi Arabia,Construction,Engineering,SOC 2010,1
2023,2023 Q2,Saudi Arabia,Education,Education,SOC 2010,5
2023,2023 Q2,Saudi Arabia,Financial and Insurance Activities,Finance,SOC 2010,5
2023,2023 Q2,Saudi Arabia,Human Health and Social Work Activities,Healthcare,SOC 2010,17
2023,2023 Q2,Saudi Arabia,Information and Communications,Technology,SOC 2010,1
2023,2023 Q2,Senegal,Financial and Insurance Activities,Finance,SOC 2010,1
2023,2023 Q2,Senegal,Human Health and Social Work Activities,Healthcare,SOC 2010,1
2023,2023 Q2,Serbia,Education,Education,SOC 2010,2
2023,2023 Q2,Serbia,Financial and Insurance Activities,Finance,SOC 2010,7
2023,2023 Q2,Serbia,Human Health and Social Work Activities,Healthcare,SOC 2010,1
2023,2023 Q2,Serbia,Information and Communications,Technology,SOC 2010,2
2023,2023 Q2,Seychelles,Human Health and Social Work Activities,Healthcare,SOC 2010,1
2023,2023 Q2,Sierra Leone,Financial and Insurance Activities,Finance,SOC 2010,1
2023,2023 Q2,Sierra Leone,Human Health and Social Work Activities,Healthcare,SOC 2010,58
2023,2023 Q2,Singapore,Construction,Engineering,SOC 2010,1
2023,2023 Q2,Singapore,Education,Education,SOC 2010,11
2023,2023 Q2,Singapore,Financial and Insurance Activities,Finance,SOC 2010,27
2023,2023 Q2,Singapore,Human Health and Social Work Activities,Healthcare,SOC 2010,24
2023,2023 Q2,Singapore,Information and Communications,Technology,SOC 2010,7
2023,2023 Q2,Slovakia,Financial and Insurance Activities,Finance,SOC 2010,6
2023,2023 Q2,Slovakia,Human Health and Social Work Activities,Healthcare,SOC 2010,4
2023,2023 Q2,Slovenia,Human Health and Social Work Activities,Healthcare,SOC 2010,3
2023,2023 Q2,Slovenia,Information and Communications,Technology,SOC 2010,3
2023,2023 Q2,Somalia,Education,Education,SOC 2010,1
2023,2023 Q2,Somalia,Human Health and Social Work Activities,Healthcare,SOC 2010,8
2023,2023 Q2,South Africa,Construction,Engineering,SOC 2010,46
2023,2023 Q2,South Africa,Education,Education,SOC 2010,42
2023,2023 Q2,South Africa,Financial and Insurance Activities,Finance,SOC 2010,67
2023,2023 Q2,South Africa,Human Health and Social Work Activities,Healthcare,SOC 2010,201
2023,2023 Q2,South Africa,Information and Communications,Technology,SOC 2010,59
2023,2023 Q2,South Korea,Construction,Engineering,SOC 2010,5
2023,2023 Q2,South Korea,Education,Education,SOC 2010,28
2023,2023 Q2,South Korea,Financial and Insurance Activities,Finance,SOC 2010,23
2023,2023 Q2,South Korea,Human Health and Social Work Activities,Healthcare,SOC 2010,16
2023,2023 Q2,South Korea,Information and Communications,Technology,SOC 2010,9
2023,2023 Q2,Spain,Construction,Engineering,SOC 2010,53
2023,2023 Q2,Spain,Education,Education,SOC 2010,77
2023,2023 Q2,Spain,Financial and Insurance Activities,Finance,SOC 2010,80
2023,2023 Q2,Spain,Human Health and Social Work Activities,Healthcare,SOC 2010,44
2023,2023 Q2,Spain,Information and Communications,Technology,SOC 2010,39
2023,2023 Q2,Sri Lanka,Construction,Engineering,SOC 2010,14
2023,2023 Q2,Sri Lanka,Education,Education,SOC 2010,35
2023,2023 Q2,Sri Lanka,Financial and Insurance Activities,Finance,SOC 2010,16
2023,2023 Q2,Sri Lanka,Human Health and Social Work Activities,Healthcare,SOC 2010,818
2023,2023 Q2,Sri Lanka,Information and Communications,Technology,SOC 2010,17
2023,2023 Q2,St Kitts and Nevis,Construction,Engineering,SOC 2010,1
2023,2023 Q2,St Kitts and Nevis,Human Health and Social Work Activities,Healthcare,SOC 2010,2
2023,2023 Q2,St Lucia,Human Health and Social Work Activities,Healthcare,SOC 2010,21
2023,2023 Q2,St Vincent and the Grenadines,Financial and Insurance Activities,Finance,SOC 2010,1
2023,2023 Q2,St Vincent and the Grenadines,Human Health and Social Work Activities,Healthcare,SOC 2010,9
2023,2023 Q2,Stateless,Human Health and Social Work Activities,Healthcare,SOC 2010,2
2023,2023 Q2,Sudan,Human Health and Social Work Activities,Healthcare,SOC 2010,68
2023,2023 Q2,Sudan,Information and Communications,Technology,SOC 2010,2
2023,2023 Q2,Suriname,Human Health and Social Work Activities,Healthcare,SOC 2010,2
2023,2023 Q2,Sweden,Education,Education,SOC 2010,21
2023,2023 Q2,Sweden,Financial and Insurance Activities,Finance,SOC 2010,46
2023,2023 Q2,Sweden,Human Health and Social Work Activities,Healthcare,SOC 2010,5
2023,2023 Q2,Sweden,Information and Communications,Technology,SOC 2010,11
2023,2023 Q2,Switzerland,Construction,Engineering,SOC 2010,1
2023,2023 Q2,Switzerland,Education,Education,SOC 2010,18
2023,2023 Q2,Switzerland,Financial and Insurance Activities,Finance,SOC 2010,30
2023,2023 Q2,Switzerland,Human Health and Social Work Activities,Healthcare,SOC 2010,8
2023,2023 Q2,Switzerland,Information and Communications,Technology,SOC 2010,1
2023,2023 Q2,Syria,Construction,Engineering,SOC 2010,2
2023,2023 Q2,Syria,Education,Education,SOC 2010,3
2023,2023 Q2,Syria,Human Health and Social Work Activities,Healthcare,SOC 2010,20
2023,2023 Q2,Syria,Information and Communications,Technology,SOC 2010,2
2023,2023 Q2,Taiwan,Education,Education,SOC 2010,13
2023,2023 Q2,Taiwan,Financial and Insurance Activities,Finance,SOC 2010,6
2023,2023 Q2,Taiwan,Human Health and Social Work Activities,Healthcare,SOC 2010,16
2023,2023 Q2,Taiwan,Information and Communications,Technology,SOC 2010,4
2023,2023 Q2,Tajikistan,Human Health and Social Work Activities,Healthcare,SOC 2010,1
2023,2023 Q2,Tanzania,Financial and Insurance Activities,Finance,SOC 2010,3
2023,2023 Q2,Tanzania,Human Health and Social Work Activities,Healthcare,SOC 2010,54
2023,2023 Q2,Thailand,Construction,Engineering,SOC 2010,1
2023,2023 Q2,Thailand,Education,Education,SOC 2010,11
2023,2023 Q2,Thailand,Human Health and Social Work Activities,Healthcare,SOC 2010,18
2023,2023 Q2,Thailand,Information and Communications,Technology,SOC 2010,2
2023,2023 Q2,Togo,Human Health and Social Work Activities,Healthcare,SOC 2010,1
2023,2023 Q2,Trinidad and Tobago,Education,Education,SOC 2010,1
2023,2023 Q2,Trinidad and Tobago,Human Health and Social Work Activities,Healthcare,SOC 2010,40
2023,2023 Q2,Trinidad and Tobago,Information and Communications,Technology,SOC 2010,8
2023,2023 Q2,Tunisia,Construction,Engineering,SOC 2010,1
2023,2023 Q2,Tunisia,Education,Education,SOC 2010,5
2023,2023 Q2,Tunisia,Financial and Insurance Activities,Finance,SOC 2010,3
2023,2023 Q2,Tunisia,Human Health and Social Work Activities,Healthcare,SOC 2010,8
2023,2023 Q2,Tunisia,Information and Communications,Technology,SOC 2010,4
2023,2023 Q2,Turkey,Construction,Engineering,SOC 2010,44
2023,2023 Q2,Turkey,Education,Education,SOC 2010,71
2023,2023 Q2,Turkey,Financial and Insurance Activities,Finance,SOC 2010,28
2023,2023 Q2,Turkey,Human Health and Social Work Activities,Healthcare,SOC 2010,59
2023,2023 Q2,Turkey,Information and Communications,Technology,SOC 2010,39
2023,2023 Q2,Uganda,Education,Education,SOC 2010,5
2023,2023 Q2,Uganda,Financial and Insurance Activities,Finance,SOC 2010,4
2023,2023 Q2,Uganda,Human Health and Social Work Activities,Healthcare,SOC 2010,298
2023,2023 Q2,Uganda,Information and Communications,Technology,SOC 2010,1
2023,2023 Q2,Ukraine,Construction,Engineering,SOC 2010,3
2023,2023 Q2,Ukraine,Education,Education,SOC 2010,7
2023,2023 Q2,Ukraine,Financial and Insurance Activities,Finance,SOC 2010,8
2023,2023 Q2,Ukraine,Human Health and Social Work Activities,Healthcare,SOC 2010,3
2023,2023 Q2,Ukraine,Information and Communications,Technology,SOC 2010,44
2023,2023 Q2,United Arab Emirates,Financial and Insurance Activities,Finance,SOC 2010,1
2023,2023 Q2,United Arab Emirates,Human Health and Social Work Activities,Healthcare,SOC 2010,3
2023,2023 Q2,United States,Construction,Engineering,SOC 2010,4
2023,2023 Q2,United States,Education,Education,SOC 2010,489
2023,2023 Q2,United States,Financial and Insurance Activities,Finance,SOC 2010,269
2023,2023 Q2,United States,Human Health and Social Work Activities,Healthcare,SOC 2010,72
2023,2023 Q2,United States,Information and Communications,Technology,SOC 2010,161
2023,2023 Q2,Uruguay,Education,Education,SOC 2010,1
2023,2023 Q2,Vanuatu,Information and Communications,Technology,SOC 2010,2
2023,2023 Q2,Venezuela,Education,Education,SOC 2010,1
2023,2023 Q2,Venezuela,Financial and Insurance Activities,Finance,SOC 2010,1
2023,2023 Q2,Venezuela,Human Health and Social Work Activities,Healthcare,SOC 2010,2
2023,2023 Q2,Vietnam,Construction,Engineering,SOC 2010,2
2023,2023 Q2,Vietnam,Education,Education,SOC 2010,6
2023,2023 Q2,Vietnam,Financial and Insurance Activities,Finance,SOC 2010,4
2023,2023 Q2,Vietnam,Human Health and Social Work Activities,Healthcare,SOC 2010,1
2023,2023 Q2,Vietnam,Information and Communications,Technology,SOC 2010,3
2023,2023 Q2,Yemen,Education,Education,SOC 2010,1
2023,2023 Q2,Yemen,Human Health and Social Work Activities,Healthcare,SOC 2010,7
2023,2023 Q2,Zambia,Education,Education,SOC 2010,4
2023,2023 Q2,Zambia,Financial and Insurance Activities,Finance,SOC 2010,1
2023,2023 Q2,Zambia,Human Health and Social Work Activities,Healthcare,SOC 2010,257
2023,2023 Q2,Zimbabwe,Construction,Engineering,SOC 2010,9
2023,2023 Q2,Zimbabwe,Education,Education,SOC 2010,16
2023,2023 Q2,Zimbabwe,Financial and Insurance Activities,Finance,SOC 2010,17
2023,2023 Q2,Zimbabwe,Human Health and Social Work Activities,Healthcare,SOC 2010,4546
2023,2023 Q2,Zimbabwe,Information and Communications,Technology,SOC 2010,12
2023,2023 Q3,Afghanistan,Education,Education,SOC 2010,5
2023,2023 Q3,Afghanistan,Financial and Insurance Activities,Finance,SOC 2010,1
2023,2023 Q3,Afghanistan,Human Health and Social Work Activities,Healthcare,SOC 2010,27
2023,2023 Q3,Albania,Construction,Engineering,SOC 2010,10
2023,2023 Q3,Albania,Education,Education,SOC 2010,4
2023,2023 Q3,Albania,Financial and Insurance Activities,Finance,SOC 2010,2
2023,2023 Q3,Albania,Human Health and Social Work Activities,Healthcare,SOC 2010,81
2023,2023 Q3,Albania,Information and Communications,Technology,SOC 2010,1
2023,2023 Q3,Algeria,Construction,Engineering,SOC 2010,2
2023,2023 Q3,Algeria,Education,Education,SOC 2010,1
2023,2023 Q3,Algeria,Financial and Insurance Activities,Finance,SOC 2010,2
2023,2023 Q3,Algeria,Human Health and Social Work Activities,Healthcare,SOC 2010,6
2023,2023 Q3,Algeria,Information and Communications,Technology,SOC 2010,1
2023,2023 Q3,Andorra,Human Health and Social Work Activities,Healthcare,SOC 2010,1
2023,2023 Q3,Angola,Human Health and Social Work Activities,Healthcare,SOC 2010,2
2023,2023 Q3,Angola,Information and Communications,Technology,SOC 2010,1
2023,2023 Q3,Antigua and Barbuda,Human Health and Social Work Activities,Healthcare,SOC 2010,2
2023,2023 Q3,Antigua and Barbuda,Information and Communications,Technology,SOC 2010,1
2023,2023 Q3,Argentina,Construction,Engineering,SOC 2010,1
2023,2023 Q3,Argentina,Education,Education,SOC 2010,19
2023,2023 Q3,Argentina,Financial and Insurance Activities,Finance,SOC 2010,5
2023,2023 Q3,Argentina,Human Health and Social Work Activities,Healthcare,SOC 2010,6
2023,2023 Q3,Argentina,Information and Communications,Technology,SOC 2010,6
2023,2023 Q3,Armenia,Education,Education,SOC 2010,1
2023,2023 Q3,Armenia,Financial and Insurance Activities,Finance,SOC 2010,2
2023,2023 Q3,Australia,Construction,Engineering,SOC 2010,5
2023,2023 Q3,Australia,Education,Education,SOC 2010,56
2023,2023 Q3,Australia,Financial and Insurance Activities,Finance,SOC 2010,58
2023,2023 Q3,Australia,Human Health and Social Work Activities,Healthcare,SOC 2010,80
2023,2023 Q3,Australia,Information and Communications,Technology,SOC 2010,21
2023,2023 Q3,Austria,Construction,Engineering,SOC 2010,6
2023,2023 Q3,Austria,Education,Education,SOC 2010,31
2023,2023 Q3,Austria,Financial and Insurance Activities,Finance,SOC 2010,10
2023,2023 Q3,Austria,Human Health and Social Work Activities,Healthcare,SOC 2010,2
2023,2023 Q3,Austria,Information and Communications,Technology,SOC 2010,1
2023,2023 Q3,Azerbaijan,Construction,Engineering,SOC 2010,1
2023,2023 Q3,Azerbaijan,Financial and Insurance Activities,Finance,SOC 2010,2
2023,2023 Q3,Azerbaijan,Human Health and Social Work Activities,Healthcare,SOC 2010,1
2023,2023 Q3,Azerbaijan,Information and Communications,Technology,SOC 2010,2
2023,2023 Q3,"Bahamas, The",Human Health and Social Work Activities,Healthcare,SOC 2010,1
2023,2023 Q3,Bahrain,Education,Education,SOC 2010,1
2023,2023 Q3,Bahrain,Financial and Insurance Activities,Finance,SOC 2010,1
2023,2023 Q3,Bahrain,Human Health and Social Work Activities,Healthcare,SOC 2010,22
2023,2023 Q3,Bangladesh,Construction,Engineering,SOC 2010,12
2023,2023 Q3,Bangladesh,Education,Education,SOC 2010,17
2023,2023 Q3,Bangladesh,Financial and Insurance Activities,Finance,SOC 2010,1
2023,2023 Q3,Bangladesh,Human Health and Social Work Activities,Healthcare,SOC 2010,3836
2023,2023 Q3,Bangladesh,Information and Communications,Technology,SOC 2010,50
2023,2023 Q3,Barbados,Human Health and Social Work Activities,Healthcare,SOC 2010,12
2023,2023 Q3,Belarus,Education,Education,SOC 2010,1
2023,2023 Q3,Belarus,Financial and Insurance Activities,Finance,SOC 2010,1
2023,2023 Q3,Belarus,Human Health and Social Work Activities,Healthcare,SOC 2010,2
2023,2023 Q3,Belarus,Information and Communications,Technology,SOC 2010,7
2023,2023 Q3,Belgium,Construction,Engineering,SOC 2010,17
2023,2023 Q3,Belgium,Education,Education,SOC 2010,24
2023,2023 Q3,Belgium,Financial and Insurance Activities,Finance,SOC 2010,27
2023,2023 Q3,Belgium,Human Health and Social Work Activities,Healthcare,SOC 2010,27
2023,2023 Q3,Belgium,Information and Communications,Technology,SOC 2010,8
2023,2023 Q3,Belize,Construction,Engineering,SOC 2010,28
2023,2023 Q3,Belize,Human Health and Social Work Activities,Healthcare,SOC 2010,1
2023,2023 Q3,Benin,Human Health and Social Work Activities,Healthcare,SOC 2010,1
2023,2023 Q3,Bhutan,Human Health and Social Work Activities,Healthcare,SOC 2010,1
2023,2023 Q3,Bolivia,Education,Education,SOC 2010,2
2023,2023 Q3,Bosnia and Herzegovina,Education,Education,SOC 2010,1
2023,2023 Q3,Bosnia and Herzegovina,Human Health and Social Work Activities,Healthcare,SOC 2010,2
2023,2023 Q3,Botswana,Education,Education,SOC 2010,1
2023,2023 Q3,Botswana,Financial and Insurance Activities,Finance,SOC 2010,1
2023,2023 Q3,Botswana,Human Health and Social Work Activities,Healthcare,SOC 2010,102
2023,2023 Q3,Brazil,Construction,Engineering,SOC 2010,3
2023,2023 Q3,Brazil,Education,Education,SOC 2010,77
2023,2023 Q3,Brazil,Financial and Insurance Activities,Finance,SOC 2010,19
2023,2023 Q3,Brazil,Human Health and Social Work Activities,Healthcare,SOC 2010,27
2023,2023 Q3,Brazil,Information and Communications,Technology,SOC 2010,23
2023,2023 Q3,Brunei,Education,Education,SOC 2010,1
2023,2023 Q3,Bulgaria,Construction,Engineering,SOC 2010,4
2023,2023 Q3,Bulgaria,Education,Education,SOC 2010,2
2023,2023 Q3,Bulgaria,Human Health and Social Work Activities,Healthcare,SOC 2010,2
2023,2023 Q3,Bulgaria,Information and Communications,Technology,SOC 2010,3
2023,2023 Q3,Burkina Faso,Education,Education,SOC 2010,1
2023,2023 Q3,Burundi,Human Health and Social Work Activities,Healthcare,SOC 2010,3
2023,2023 Q3,Burundi,Information and Communications,Technology,SOC 2010,1
2023,2023 Q3,Cameroon,Construction,Engineering,SOC 2010,2
2023,2023 Q3,Cameroon,Education,Education,SOC 2010,8
2023,2023 Q3,Cameroon,Financial and Insurance Activities,Finance,SOC 2010,1
2023,2023 Q3,Cameroon,Human Health and Social Work Activities,Healthcare,SOC 2010,407
2023,2023 Q3,Cameroon,Information and Communications,Technology,SOC 2010,1
2023,2023 Q3,Canada,Construction,Engineering,SOC 2010,1
2023,2023 Q3,Canada,Education,Education,SOC 2010,64
2023,2023 Q3,Canada,Financial and Insurance Activities,Finance,SOC 2010,57
2023,2023 Q3,Canada,Human Health and Social Work Activities,Healthcare,SOC 2010,90
2023,2023 Q3,Canada,Information and Communications,Technology,SOC 2010,27
2023,2023 Q3,Chile,Education,Education,SOC 2010,14
2023,2023 Q3,Chile,Human Health and Social Work Activities,Healthcare,SOC 2010,5
2023,2023 Q3,Chile,Information and Communications,Technology,SOC 2010,3
2023,2023 Q3,China,Construction,Engineering,SOC 2010,7
2023,2023 Q3,China,Education,Education,SOC 2010,282
2023,2023 Q3,China,Financial and Insurance Activities,Finance,SOC 2010,236
2023,2023 Q3,China,Human Health and Social Work Activities,Healthcare,SOC 2010,18
2023,2023 Q3,China,Information and Communications,Technology,SOC 2010,85
2023,2023 Q3,Colombia,Education,Education,SOC 2010,21
2023,2023 Q3,Colombia,Financial and Insurance Activities,Finance,SOC 2010,4
2023,2023 Q3,Colombia,Human Health and Social Work Activities,Healthcare,SOC 2010,16
2023,2023 Q3,Colombia,Information and Communications,Technology,SOC 2010,2
2023,2023 Q3,Congo (Democratic Republic),Construction,Engineering,SOC 2010,1
2023,2023 Q3,Congo (Democratic Republic),Education,Education,SOC 2010,1
2023,2023 Q3,Congo (Democratic Republic),Human Health and Social Work Activities,Healthcare,SOC 2010,9
2023,2023 Q3,Costa Rica,Education,Education,SOC 2010,2
2023,2023 Q3,Costa Rica,Financial and Insurance Activities,Finance,SOC 2010,1
2023,2023 Q3,Costa Rica,Information and Communications,Technology,SOC 2010,2
2023,2023 Q3,Croatia,Construction,Engineering,SOC 2010,3
2023,2023 Q3,Croatia,Education,Education,SOC 2010,7
2023,2023 Q3,Croatia,Financial and Insurance Activities,Finance,SOC 2010,4
2023,2023 Q3,Croatia,Human Health and Social Work Activities,Healthcare,SOC 2010,7
2023,2023 Q3,Croatia,Information and Communications,Technology,SOC 2010,2
2023,2023 Q3,Cuba,Human Health and Social Work Activities,Healthcare,SOC 2010,3
2023,2023 Q3,Cyprus,Construction,Engineering,SOC 2010,2
2023,2023 Q3,Cyprus,Education,Education,SOC 2010,4
2023,2023 Q3,Cyprus,Financial and Insurance Activities,Finance,SOC 2010,1
2023,2023 Q3,Cyprus,Human Health and Social Work Activities,Healthcare,SOC 2010,7
2023,2023 Q3,Cyprus,Information and Communications,Technology,SOC 2010,3
2023,2023 Q3,Czechia,Education,Education,SOC 2010,13
2023,2023 Q3,Czechia,Financial and Insurance Activities,Finance,SOC 2010,5
2023,2023 Q3,Czechia,Human Health and Social Work Activities,Healthcare,SOC 2010,7
2023,2023 Q3,Czechia,Information and Communications,Technology,SOC 2010,4
2023,2023 Q3,Denmark,Construction,Engineering,SOC 2010,3
2023,2023 Q3,Denmark,Education,Education,SOC 2010,12
2023,2023 Q3,Denmark,Financial and Insurance Activities,Finance,SOC 2010,13
2023,2023 Q3,Denmark,Human Health and Social Work Activities,Healthcare,SOC 2010,2
2023,2023 Q3,Denmark,Information and Communications,Technology,SOC 2010,4
2023,2023 Q3,Dominica,Human Health and Social Work Activities,Healthcare,SOC 2010,4
2023,2023 Q3,Dominica,Information and Communications,Technology,SOC 2010,1
2023,2023 Q3,Dominican Republic,Education,Education,SOC 2010,1
2023,2023 Q3,Dominican Republic,Financial and Insurance Activities,Finance,SOC 2010,1
2023,2023 Q3,Ecuador,Construction,Engineering,SOC 2010,1
2023,2023 Q3,Ecuador,Education,Education,SOC 2010,11
2023,2023 Q3,Ecuador,Financial and Insurance Activities,Finance,SOC 2010,2
2023,2023 Q3,Ecuador,Human Health and Social Work Activities,Healthcare,SOC 2010,8
2023,2023 Q3,Egypt,Construction,Engineering,SOC 2010,8
2023,2023 Q3,Egypt,Education,Education,SOC 2010,20
2023,2023 Q3,Egypt,Financial and Insurance Activities,Finance,SOC 2010,8
2023,2023 Q3,Egypt,Human Health and Social Work Activities,Healthcare,SOC 2010,300
2023,2023 Q3,Egypt,Information and Communications,Technology,SOC 2010,11
2023,2023 Q3,El Salvador,Education,Education,SOC 2010,1
2023,2023 Q3,El Salvador,Financial and Insurance Activities,Finance,SOC 2010,1
2023,2023 Q3,El Salvador,Human Health and Social Work Activities,Healthcare,SOC 2010,1
2023,2023 Q3,Eritrea,Human Health and Social Work Activities,Healthcare,SOC 2010,2
2023,2023 Q3,Estonia,Education,Education,SOC 2010,2
2023,2023 Q3,Estonia,Financial and Insurance Activities,Finance,SOC 2010,1
2023,2023 Q3,Eswatini,Education,Education,SOC 2010,3
2023,2023 Q3,Eswatini,Financial and Insurance Activities,Finance,SOC 2010,1
2023,2023 Q3,Eswatini,Human Health and Social Work Activities,Healthcare,SOC 2010,46
2023,2023 Q3,Ethiopia,Education,Education,SOC 2010,3
2023,2023 Q3,Ethiopia,Financial and Insurance Activities,Finance,SOC 2010,1
2023,2023 Q3,Ethiopia,Human Health and Social Work Activities,Healthcare,SOC 2010,11
2023,2023 Q3,Ethiopia,Information and Communications,Technology,SOC 2010,1
2023,2023 Q3,Fiji,Human Health and Social Work Activities,Healthcare,SOC 2010,1
2023,2023 Q3,Finland,Construction,Engineering,SOC 2010,1
2023,2023 Q3,Finland,Education,Education,SOC 2010,13
2023,2023 Q3,Finland,Financial and Insurance Activities,Finance,SOC 2010,8
2023,2023 Q3,Finland,Human Health and Social Work Activities,Healthcare,SOC 2010,3
2023,2023 Q3,Finland,Information and Communications,Technology,SOC 2010,5
2023,2023 Q3,France,Construction,Engineering,SOC 2010,22
2023,2023 Q3,France,Education,Education,SOC 2010,466
2023,2023 Q3,France,Financial and Insurance Activities,Finance,SOC 2010,159
2023,2023 Q3,France,Human Health and Social Work Activities,Healthcare,SOC 2010,27
2023,2023 Q3,France,Information and Communications,Technology,SOC 2010,38
2023,2023 Q3,Gabon,Construction,Engineering,SOC 2010,1
2023,2023 Q3,"Gambia, The",Education,Education,SOC 2010,5
2023,2023 Q3,"Gambia, The",Human Health and Social Work Activities,Healthcare,SOC 2010,35
2023,2023 Q3,Georgia,Education,Education,SOC 2010,1
2023,2023 Q3,Georgia,Financial and Insurance Activities,Finance,SOC 2010,1
2023,2023 Q3,Germany,Construction,Engineering,SOC 2010,12
2023,2023 Q3,Germany,Education,Education,SOC 2010,247
2023,2023 Q3,Germany,Financial and Insurance Activities,Finance,SOC 2010,123
2023,2023 Q3,Germany,Human Health and Social Work Activities,Healthcare,SOC 2010,174
2023,2023 Q3,Germany,Information and Communications,Technology,SOC 2010,33
2023,2023 Q3,Ghana,Construction,Engineering,SOC 2010,15
2023,2023 Q3,Ghana,Education,Education,SOC 2010,59
2023,2023 Q3,Ghana,Financial and Insurance Activities,Finance,SOC 2010,11
2023,2023 Q3,Ghana,Human Health and Social Work Activities,Healthcare,SOC 2010,4940
2023,2023 Q3,Ghana,Information and Communications,Technology,SOC 2010,15
2023,2023 Q3,Greece,Construction,Engineering,SOC 2010,12
2023,2023 Q3,Greece,Education,Education,SOC 2010,20
2023,2023 Q3,Greece,Financial and Insurance Activities,Finance,SOC 2010,6
2023,2023 Q3,Greece,Human Health and Social Work Activities,Healthcare,SOC 2010,60
2023,2023 Q3,Greece,Information and Communications,Technology,SOC 2010,8
2023,2023 Q3,Grenada,Human Health and Social Work Activities,Healthcare,SOC 2010,5
2023,2023 Q3,Guatemala,Education,Education,SOC 2010,1
2023,2023 Q3,Guatemala,Financial and Insurance Activities,Finance,SOC 2010,1
2023,2023 Q3,Guinea,Human Health and Social Work Activities,Healthcare,SOC 2010,3
2023,2023 Q3,Guinea,Information and Communications,Technology,SOC 2010,1
2023,2023 Q3,Guyana,Education,Education,SOC 2010,2
2023,2023 Q3,Guyana,Human Health and Social Work Activities,Healthcare,SOC 2010,49
2023,2023 Q3,Honduras,Education,Education,SOC 2010,1
2023,2023 Q3,Honduras,Human Health and Social Work Activities,Healthcare,SOC 2010,1
2023,2023 Q3,Hong Kong,Construction,Engineering,SOC 2010,1
2023,2023 Q3,Hong Kong,Education,Education,SOC 2010,9
2023,2023 Q3,Hong Kong,Financial and Insurance Activities,Finance,SOC 2010,16
2023,2023 Q3,Hong Kong,Human Health and Social Work Activities,Healthcare,SOC 2010,7
2023,2023 Q3,Hong Kong,Information and Communications,Technology,SOC 2010,3
2023,2023 Q3,Hungary,Education,Education,SOC 2010,8
2023,2023 Q3,Hungary,Financial and Insurance Activities,Finance,SOC 2010,12
2023,2023 Q3,Hungary,Human Health and Social Work Activities,Healthcare,SOC 2010,7
2023,2023 Q3,Hungary,Information and Communications,Technology,SOC 2010,4
2023,2023 Q3,Iceland,Education,Education,SOC 2010,1
2023,2023 Q3,Iceland,Information and Communications,Technology,SOC 2010,2
2023,2023 Q3,India,Construction,Engineering,SOC 2010,186
2023,2023 Q3,India,Education,Education,SOC 2010,197
2023,2023 Q3,India,Financial and Insurance Activities,Finance,SOC 2010,493
2023,2023 Q3,India,Human Health and Social Work Activities,Healthcare,SOC 2010,11255
2023,2023 Q3,India,Information and Communications,Technology,SOC 2010,2557
2023,2023 Q3,Indonesia,Education,Education,SOC 2010,10
2023,2023 Q3,Indonesia,Financial and Insurance Activities,Finance,SOC 2010,4
2023,2023 Q3,Indonesia,Human Health and Social Work Activities,Healthcare,SOC 2010,13
2023,2023 Q3,Indonesia,Information and Communications,Technology,SOC 2010,2
2023,2023 Q3,Iran,Construction,Engineering,SOC 2010,5
2023,2023 Q3,Iran,Education,Education,SOC 2010,41
2023,2023 Q3,Iran,Financial and Insurance Activities,Finance,SOC 2010,2
2023,2023 Q3,Iran,Human Health and Social Work Activities,Healthcare,SOC 2010,90
2023,2023 Q3,Iran,Information and Communications,Technology,SOC 2010,5
2023,2023 Q3,Iraq,Education,Education,SOC 2010,2
2023,2023 Q3,Iraq,Human Health and Social Work Activities,Healthcare,SOC 2010,39
2023,2023 Q3,Iraq,Information and Communications,Technology,SOC 2010,2
2023,2023 Q3,Israel,Construction,Engineering,SOC 2010,1
2023,2023 Q3,Israel,Education,Education,SOC 2010,33
2023,2023 Q3,Israel,Financial and Insurance Activities,Finance,SOC 2010,6
2023,2023 Q3,Israel,Human Health and Social Work Activities,Healthcare,SOC 2010,14
2023,2023 Q3,Israel,Information and Communications,Technology,SOC 2010,16
2023,2023 Q3,Italy,Construction,Engineering,SOC 2010,11
2023,2023 Q3,Italy,Education,Education,SOC 2010,111
2023,2023 Q3,Italy,Financial and Insurance Activities,Finance,SOC 2010,115
2023,2023 Q3,Italy,Human Health and Social Work Activities,Healthcare,SOC 2010,54
2023,2023 Q3,Italy,Information and Communications,Technology,SOC 2010,29
2023,2023 Q3,Ivory Coast,Education,Education,SOC 2010,1
2023,2023 Q3,Ivory Coast,Human Health and Social Work Activities,Healthcare,SOC 2010,4
2023,2023 Q3,Jamaica,Construction,Engineering,SOC 2010,2
2023,2023 Q3,Jamaica,Education,Education,SOC 2010,355
2023,2023 Q3,Jamaica,Financial and Insurance Activities,Finance,SOC 2010,1
2023,2023 Q3,Jamaica,Human Health and Social Work Activities,Healthcare,SOC 2010,175
2023,2023 Q3,Jamaica,Information and Communications,Technology,SOC 2010,2
2023,2023 Q3,Japan,Construction,Engineering,SOC 2010,4
2023,2023 Q3,Japan,Education,Education,SOC 2010,33
2023,2023 Q3,Japan,Financial and Insurance Activities,Finance,SOC 2010,55
2023,2023 Q3,Japan,Human Health and Social Work Activities,Healthcare,SOC 2010,6
2023,2023 Q3,Japan,Information and Communications,Technology,SOC 2010,38
2023,2023 Q3,Jordan,Construction,Engineering,SOC 2010,1
2023,2023 Q3,Jordan,Education,Education,SOC 2010,4
2023,2023 Q3,Jordan,Financial and Insurance Activities,Finance,SOC 2010,1
2023,2023 Q3,Jordan,Human Health and Social Work Activities,Healthcare,SOC 2010,76
2023,2023 Q3,Jordan,Information and Communications,Technology,SOC 2010,2
2023,2023 Q3,Kazakhstan,Construction,Engineering,SOC 2010,2
2023,2023 Q3,Kazakhstan,Education,Education,SOC 2010,10
2023,2023 Q3,Kazakhstan,Financial and Insurance Activities,Finance,SOC 2010,4
2023,2023 Q3,Kazakhstan,Information and Communications,Technology,SOC 2010,2
2023,2023 Q3,Kenya,Construction,Engineering,SOC 2010,2
2023,2023 Q3,Kenya,Education,Education,SOC 2010,15
2023,2023 Q3,Kenya,Financial and Insurance Activities,Finance,SOC 2010,5
2023,2023 Q3,Kenya,Human Health and Social Work Activities,Healthcare,SOC 2010,797
2023,2023 Q3,Kenya,Information and Communications,Technology,SOC 2010,1
2023,2023 Q3,Kosovo,Construction,Engineering,SOC 2010,7
2023,2023 Q3,Kosovo,Financial and Insurance Activities,Finance,SOC 2010,1
2023,2023 Q3,Kosovo,Human Health and Social Work Activities,Healthcare,SOC 2010,1
2023,2023 Q3,Kuwait,Education,Education,SOC 2010,1
2023,2023 Q3,Kuwait,Financial and Insurance Activities,Finance,SOC 2010,1
2023,2023 Q3,Kuwait,Human Health and Social Work Activities,Healthcare,SOC 2010,1
2023,2023 Q3,Kyrgyzstan,Construction,Engineering,SOC 2010,2
2023,2023 Q3,Kyrgyzstan,Education,Education,SOC 2010,1
2023,2023 Q3,Kyrgyzstan,Information and Communications,Technology,SOC 2010,2
2023,2023 Q3,Laos,Human Health and Social Work Activities,Healthcare,SOC 2010,1
2023,2023 Q3,Latvia,Construction,Engineering,SOC 2010,2
2023,2023 Q3,Latvia,Education,Education,SOC 2010,2
2023,2023 Q3,Latvia,Financial and Insurance Activities,Finance,SOC 2010,2
2023,2023 Q3,Latvia,Human Health and Social Work Activities,Healthcare,SOC 2010,1
2023,2023 Q3,Latvia,Information and Communications,Technology,SOC 2010,1
2023,2023 Q3,Lebanon,Education,Education,SOC 2010,6
2023,2023 Q3,Lebanon,Financial and Insurance Activities,Finance,SOC 2010,9
2023,2023 Q3,Lebanon,Human Health and Social Work Activities,Healthcare,SOC 2010,23
2023,2023 Q3,Lebanon,Information and Communications,Technology,SOC 2010,3
2023,2023 Q3,Lesotho,Education,Education,SOC 2010,1
2023,2023 Q3,Lesotho,Human Health and Social Work Activities,Healthcare,SOC 2010,19
2023,2023 Q3,Liberia,Human Health and Social Work Activities,Healthcare,SOC 2010,6
2023,2023 Q3,Libya,Construction,Engineering,SOC 2010,1
2023,2023 Q3,Libya,Financial and Insurance Activities,Finance,SOC 2010,1
2023,2023 Q3,Libya,Human Health and Social Work Activities,Healthcare,SOC 2010,14
2023,2023 Q3,Lithuania,Construction,Engineering,SOC 2010,5
2023,2023 Q3,Lithuania,Education,Education,SOC 2010,3
2023,2023 Q3,Lithuania,Financial and Insurance Activities,Finance,SOC 2010,4
2023,2023 Q3,Lithuania,Human Health and Social Work Activities,Healthcare,SOC 2010,6
2023,2023 Q3,Luxembourg,Education,Education,SOC 2010,1
2023,2023 Q3,Luxembourg,Financial and Insurance Activities,Finance,SOC 2010,3
2023,2023 Q3,Macau,Education,Education,SOC 2010,1
2023,2023 Q3,Macau,Human Health and Social Work Activities,Healthcare,SOC 2010,1
2023,2023 Q3,Madagascar,Human Health and Social Work Activities,Healthcare,SOC 2010,1
2023,2023 Q3,Malawi,Education,Education,SOC 2010,6
2023,2023 Q3,Malawi,Human Health and Social Work Activities,Healthcare,SOC 2010,57
2023,2023 Q3,Malawi,Information and Communications,Technology,SOC 2010,7
2023,2023 Q3,Malaysia,Construction,Engineering,SOC 2010,5
2023,2023 Q3,Malaysia,Education,Education,SOC 2010,19
2023,2023 Q3,Malaysia,Financial and Insurance Activities,Finance,SOC 2010,31
2023,2023 Q3,Malaysia,Human Health and Social Work Activities,Healthcare,SOC 2010,69
2023,2023 Q3,Malaysia,Information and Communications,Technology,SOC 2010,8
2023,2023 Q3,Maldives,Human Health and Social Work Activities,Healthcare,SOC 2010,4
2023,2023 Q3,Mali,Education,Education,SOC 2010,1
2023,2023 Q3,Malta,Education,Education,SOC 2010,1
2023,2023 Q3,Malta,Financial and Insurance Activities,Finance,SOC 2010,1
2023,2023 Q3,Malta,Human Health and Social Work Activities,Healthcare,SOC 2010,10
2023,2023 Q3,Mauritius,Education,Education,SOC 2010,3
2023,2023 Q3,Mauritius,Financial and Insurance Activities,Finance,SOC 2010,5
2023,2023 Q3,Mauritius,Human Health and Social Work Activities,Healthcare,SOC 2010,47
2023,2023 Q3,Mauritius,Information and Communications,Technology,SOC 2010,2
2023,2023 Q3,Mexico,Construction,Engineering,SOC 2010,1
2023,2023 Q3,Mexico,Education,Education,SOC 2010,35
2023,2023 Q3,Mexico,Financial and Insurance Activities,Finance,SOC 2010,12
2023,2023 Q3,Mexico,Human Health and Social Work Activities,Healthcare,SOC 2010,5
2023,2023 Q3,Mexico,Information and Communications,Technology,SOC 2010,6
2023,2023 Q3,Moldova,Human Health and Social Work Activities,Healthcare,SOC 2010,2
2023,2023 Q3,Mongolia,Education,Education,SOC 2010,2
2023,2023 Q3,Mongolia,Financial and Insurance Activities,Finance,SOC 2010,2
2023,2023 Q3,Mongolia,Human Health and Social Work Activities,Healthcare,SOC 2010,1
2023,2023 Q3,Montenegro,Financial and Insurance Activities,Finance,SOC 2010,1
2023,2023 Q3,Morocco,Construction,Engineering,SOC 2010,1
2023,2023 Q3,Morocco,Education,Education,SOC 2010,6
2023,2023 Q3,Morocco,Financial and Insurance Activities,Finance,SOC 2010,14
2023,2023 Q3,Morocco,Human Health and Social Work Activities,Healthcare,SOC 2010,26
2023,2023 Q3,Morocco,Information and Communications,Technology,SOC 2010,1
2023,2023 Q3,Mozambique,Education,Education,SOC 2010,1
2023,2023 Q3,Mozambique,Financial and Insurance Activities,Finance,SOC 2010,1
2023,2023 Q3,Mozambique,Human Health and Social Work Activities,Healthcare,SOC 2010,2
2023,2023 Q3,Myanmar (Burma),Construction,Engineering,SOC 2010,2
2023,2023 Q3,Myanmar (Burma),Education,Education,SOC 2010,2
2023,2023 Q3,Myanmar (Burma),Financial and Insurance Activities,Finance,SOC 2010,1
2023,2023 Q3,Myanmar (Burma),Human Health and Social Work Activities,Healthcare,SOC 2010,42
2023,2023 Q3,Namibia,Human Health and Social Work Activities,Healthcare,SOC 2010,6
2023,2023 Q3,Nepal,Construction,Engineering,SOC 2010,4
2023,2023 Q3,Nepal,Education,Education,SOC 2010,3
2023,2023 Q3,Nepal,Financial and Insurance Activities,Finance,SOC 2010,24
2023,2023 Q3,Nepal,Human Health and Social Work Activities,Healthcare,SOC 2010,399
2023,2023 Q3,Nepal,Information and Communications,Technology,SOC 2010,5
2023,2023 Q3,Netherlands,Construction,Engineering,SOC 2010,31
2023,2023 Q3,Netherlands,Education,Education,SOC 2010,33
2023,2023 Q3,Netherlands,Financial and Insurance Activities,Finance,SOC 2010,58
2023,2023 Q3,Netherlands,Human Health and Social Work Activities,Healthcare,SOC 2010,12
2023,2023 Q3,Netherlands,Information and Communications,Technology,SOC 2010,26
2023,2023 Q3,New Zealand,Construction,Engineering,SOC 2010,2
2023,2023 Q3,New Zealand,Education,Education,SOC 2010,7
2023,2023 Q3,New Zealand,Financial and Insurance Activities,Finance,SOC 2010,4
2023,2023 Q3,New Zealand,Human Health and Social Work Activities,Healthcare,SOC 2010,19
2023,2023 Q3,New Zealand,Information and Communications,Technology,SOC 2010,11
2023,2023 Q3,Niger,Financial and Insurance Activities,Finance,SOC 2010,1
2023,2023 Q3,Nigeria,Construction,Engineering,SOC 2010,3
2023,2023 Q3,Nigeria,Education,Education,SOC 2010,99
2023,2023 Q3,Nigeria,Financial and Insurance Activities,Finance,SOC 2010,28
2023,2023 Q3,Nigeria,Human Health and Social Work Activities,Healthcare,SOC 2010,7560
2023,2023 Q3,Nigeria,Information and Communications,Technology,SOC 2010,41
2023,2023 Q3,North Macedonia,Financial and Insurance Activities,Finance,SOC 2010,2
2023,2023 Q3,North Macedonia,Human Health and Social Work Activities,Healthcare,SOC 2010,3
2023,2023 Q3,Norway,Education,Education,SOC 2010,12
2023,2023 Q3,Norway,Financial and Insurance Activities,Finance,SOC 2010,14
2023,2023 Q3,Norway,Human Health and Social Work Activities,Healthcare,SOC 2010,1
2023,2023 Q3,Norway,Information and Communications,Technology,SOC 2010,4
2023,2023 Q3,Occupied Palestinian Territories,Education,Education,SOC 2010,1
2023,2023 Q3,Occupied Palestinian Territories,Financial and Insurance Activities,Finance,SOC 2010,1
2023,2023 Q3,Occupied Palestinian Territories,Human Health and Social Work Activities,Healthcare,SOC 2010,40
2023,2023 Q3,Occupied Palestinian Territories,Information and Communications,Technology,SOC 2010,1
2023,2023 Q3,Oman,Education,Education,SOC 2010,2
2023,2023 Q3,Oman,Human Health and Social Work Activities,Healthcare,SOC 2010,5
2023,2023 Q3,Other and unknown,Financial and Insurance Activities,Finance,SOC 2010,1
2023,2023 Q3,Other and unknown,Human Health and Social Work Activities,Healthcare,SOC 2010,2
2023,2023 Q3,Other and unknown,Information and Communications,Technology,SOC 2010,1
2023,2023 Q3,Pakistan,Construction,Engineering,SOC 2010,112
2023,2023 Q3,Pakistan,Education,Education,SOC 2010,111
2023,2023 Q3,Pakistan,Financial and Insurance Activities,Finance,SOC 2010,52
2023,2023 Q3,Pakistan,Human Health and Social Work Activities,Healthcare,SOC 2010,3415
2023,2023 Q3,Pakistan,Information and Communications,Technology,SOC 2010,162
2023,2023 Q3,Panama,Financial and Insurance Activities,Finance,SOC 2010,1
2023,2023 Q3,Panama,Human Health and Social Work Activities,Healthcare,SOC 2010,1
2023,2023 Q3,Paraguay,Education,Education,SOC 2010,1
2023,2023 Q3,Peru,Education,Education,SOC 2010,6
2023,2023 Q3,Peru,Financial and Insurance Activities,Finance,SOC 2010,4
2023,2023 Q3,Peru,Human Health and Social Work Activities,Healthcare,SOC 2010,3
2023,2023 Q3,Philippines,Construction,Engineering,SOC 2010,31
2023,2023 Q3,Philippines,Education,Education,SOC 2010,28
2023,2023 Q3,Philippines,Financial and Insurance Activities,Finance,SOC 2010,20
2023,2023 Q3,Philippines,Human Health and Social Work Activities,Healthcare,SOC 2010,1642
2023,2023 Q3,Philippines,Information and Communications,Technology,SOC 2010,19
2023,2023 Q3,Poland,Construction,Engineering,SOC 2010,9
2023,2023 Q3,Poland,Education,Education,SOC 2010,23
2023,2023 Q3,Poland,Financial and Insurance Activities,Finance,SOC 2010,26
2023,2023 Q3,Poland,Human Health and Social Work Activities,Healthcare,SOC 2010,11
2023,2023 Q3,Poland,Information and Communications,Technology,SOC 2010,5
2023,2023 Q3,Portugal,Construction,Engineering,SOC 2010,10
2023,2023 Q3,Portugal,Education,Education,SOC 2010,17
2023,2023 Q3,Portugal,Financial and Insurance Activities,Finance,SOC 2010,22
2023,2023 Q3,Portugal,Human Health and Social Work Activities,Healthcare,SOC 2010,24
2023,2023 Q3,Portugal,Information and Communications,Technology,SOC 2010,15
2023,2023 Q3,Qatar,Financial and Insurance Activities,Finance,SOC 2010,1
2023,2023 Q3,Refugee,Human Health and Social Work Activities,Healthcare,SOC 2010,1
2023,2023 Q3,Romania,Construction,Engineering,SOC 2010,8
2023,2023 Q3,Romania,Education,Education,SOC 2010,5
2023,2023 Q3,Romania,Financial and Insurance Activities,Finance,SOC 2010,13
2023,2023 Q3,Romania,Human Health and Social Work Activities,Healthcare,SOC 2010,19
2023,2023 Q3,Romania,Information and Communications,Technology,SOC 2010,8
2023,2023 Q3,Russia,Construction,Engineering,SOC 2010,3
2023,2023 Q3,Russia,Education,Education,SOC 2010,18
2023,2023 Q3,Russia,Financial and Insurance Activities,Finance,SOC 2010,34
2023,2023 Q3,Russia,Human Health and Social Work Activities,Healthcare,SOC 2010,7
2023,2023 Q3,Russia,Information and Communications,Technology,SOC 2010,118
2023,2023 Q3,Rwanda,Human Health and Social Work Activities,Healthcare,SOC 2010,10
2023,2023 Q3,Saudi Arabia,Construction,Engineering,SOC 2010,1
2023,2023 Q3,Saudi Arabia,Education,Education,SOC 2010,43
2023,2023 Q3,Saudi Arabia,Financial and Insurance Activities,Finance,SOC 2010,8
2023,2023 Q3,Saudi Arabia,Human Health and Social Work Activities,Healthcare,SOC 2010,10
2023,2023 Q3,Saudi Arabia,Information and Communications,Technology,SOC 2010,1
2023,2023 Q3,Senegal,Financial and Insurance Activities,Finance,SOC 2010,1
2023,2023 Q3,Senegal,Human Health and Social Work Activities,Healthcare,SOC 2010,1
2023,2023 Q3,Serbia,Education,Education,SOC 2010,6
2023,2023 Q3,Serbia,Financial and Insurance Activities,Finance,SOC 2010,7
2023,2023 Q3,Serbia,Human Health and Social Work Activities,Healthcare,SOC 2010,3
2023,2023 Q3,Serbia,Information and Communications,Technology,SOC 2010,3
2023,2023 Q3,Seychelles,Human Health and Social Work Activities,Healthcare,SOC 2010,1
2023,2023 Q3,Sierra Leone,Human Health and Social Work Activities,Healthcare,SOC 2010,47
2023,2023 Q3,Singapore,Construction,Engineering,SOC 2010,1
2023,2023 Q3,Singapore,Education,Education,SOC 2010,8
2023,2023 Q3,Singapore,Financial and Insurance Activities,Finance,SOC 2010,38
2023,2023 Q3,Singapore,Human Health and Social Work Activities,Healthcare,SOC 2010,28
2023,2023 Q3,Singapore,Information and Communications,Technology,SOC 2010,9
2023,2023 Q3,Slovakia,Construction,Engineering,SOC 2010,1
2023,2023 Q3,Slovakia,Education,Education,SOC 2010,5
2023,2023 Q3,Slovakia,Financial and Insurance Activities,Finance,SOC 2010,1
2023,2023 Q3,Slovenia,Construction,Engineering,SOC 2010,1
2023,2023 Q3,Slovenia,Education,Education,SOC 2010,1
2023,2023 Q3,Slovenia,Financial and Insurance Activities,Finance,SOC 2010,2
2023,2023 Q3,Slovenia,Human Health and Social Work Activities,Healthcare,SOC 2010,2
2023,2023 Q3,Slovenia,Information and Communications,Technology,SOC 2010,1
2023,2023 Q3,Somalia,Education,Education,SOC 2010,1
2023,2023 Q3,Somalia,Human Health and Social Work Activities,Healthcare,SOC 2010,14
2023,2023 Q3,South Africa,Construction,Engineering,SOC 2010,26
2023,2023 Q3,South Africa,Education,Education,SOC 2010,135
2023,2023 Q3,South Africa,Financial and Insurance Activities,Finance,SOC 2010,40
2023,2023 Q3,South Africa,Human Health and Social Work Activities,Healthcare,SOC 2010,242
2023,2023 Q3,South Africa,Information and Communications,Technology,SOC 2010,51
2023,2023 Q3,South Korea,Construction,Engineering,SOC 2010,6
2023,2023 Q3,South Korea,Education,Education,SOC 2010,36
2023,2023 Q3,South Korea,Financial and Insurance Activities,Finance,SOC 2010,9
2023,2023 Q3,South Korea,Human Health and Social Work Activities,Healthcare,SOC 2010,8
2023,2023 Q3,South Korea,Information and Communications,Technology,SOC 2010,6
2023,2023 Q3,South Sudan,Education,Education,SOC 2010,1
2023,2023 Q3,Spain,Construction,Engineering,SOC 2010,25
2023,2023 Q3,Spain,Education,Education,SOC 2010,298
2023,2023 Q3,Spain,Financial and Insurance Activities,Finance,SOC 2010,79
2023,2023 Q3,Spain,Human Health and Social Work Activities,Healthcare,SOC 2010,35
2023,2023 Q3,Spain,Information and Communications,Technology,SOC 2010,25
2023,2023 Q3,Sri Lanka,Construction,Engineering,SOC 2010,23
2023,2023 Q3,Sri Lanka,Education,Education,SOC 2010,43
2023,2023 Q3,Sri Lanka,Financial and Insurance Activities,Finance,SOC 2010,13
2023,2023 Q3,Sri Lanka,Human Health and Social Work Activities,Healthcare,SOC 2010,1008
2023,2023 Q3,Sri Lanka,Information and Communications,Technology,SOC 2010,36
2023,2023 Q3,St Kitts and Nevis,Human Health and Social Work Activities,Healthcare,SOC 2010,1
2023,2023 Q3,St Kitts and Nevis,Information and Communications,Technology,SOC 2010,1
2023,2023 Q3,St Lucia,Education,Education,SOC 2010,1
2023,2023 Q3,St Lucia,Financial and Insurance Activities,Finance,SOC 2010,1
2023,2023 Q3,St Lucia,Human Health and Social Work Activities,Healthcare,SOC 2010,26
2023,2023 Q3,St Vincent and the Grenadines,Education,Education,SOC 2010,2
2023,2023 Q3,St Vincent and the Grenadines,Human Health and Social Work Activities,Healthcare,SOC 2010,8
2023,2023 Q3,Stateless,Human Health and Social Work Activities,Healthcare,SOC 2010,1
2023,2023 Q3,Sudan,Human Health and Social Work Activities,Healthcare,SOC 2010,88
2023,2023 Q3,Sudan,Information and Communications,Technology,SOC 2010,2
2023,2023 Q3,Suriname,Human Health and Social Work Activities,Healthcare,SOC 2010,2
2023,2023 Q3,Sweden,Construction,Engineering,SOC 2010,3
2023,2023 Q3,Sweden,Education,Education,SOC 2010,18
2023,2023 Q3,Sweden,Financial and Insurance Activities,Finance,SOC 2010,21
2023,2023 Q3,Sweden,Human Health and Social Work Activities,Healthcare,SOC 2010,13
2023,2023 Q3,Sweden,Information and Communications,Technology,SOC 2010,24
2023,2023 Q3,Switzerland,Education,Education,SOC 2010,30
2023,2023 Q3,Switzerland,Financial and Insurance Activities,Finance,SOC 2010,27
2023,2023 Q3,Switzerland,Human Health and Social Work Activities,Healthcare,SOC 2010,7
2023,2023 Q3,Switzerland,Information and Communications,Technology,SOC 2010,6
2023,2023 Q3,Syria,Construction,Engineering,SOC 2010,1
2023,2023 Q3,Syria,Education,Education,SOC 2010,1
2023,2023 Q3,Syria,Human Health and Social Work Activities,Healthcare,SOC 2010,20
2023,2023 Q3,Syria,Information and Communications,Technology,SOC 2010,1
2023,2023 Q3,Taiwan,Education,Education,SOC 2010,10
2023,2023 Q3,Taiwan,Financial and Insurance Activities,Finance,SOC 2010,6
2023,2023 Q3,Taiwan,Human Health and Social Work Activities,Healthcare,SOC 2010,20
2023,2023 Q3,Taiwan,Information and Communications,Technology,SOC 2010,5
2023,2023 Q3,Tajikistan,Construction,Engineering,SOC 2010,1
2023,2023 Q3,Tanzania,Education,Education,SOC 2010,4
2023,2023 Q3,Tanzania,Human Health and Social Work Activities,Healthcare,SOC 2010,54
2023,2023 Q3,Thailand,Education,Education,SOC 2010,9
2023,2023 Q3,Thailand,Financial and Insurance Activities,Finance,SOC 2010,4
2023,2023 Q3,Thailand,Human Health and Social Work Activities,Healthcare,SOC 2010,17
2023,2023 Q3,Thailand,Information and Communications,Technology,SOC 2010,2
2023,2023 Q3,Trinidad and Tobago,Education,Education,SOC 2010,5
2023,2023 Q3,Trinidad and Tobago,Financial and Insurance Activities,Finance,SOC 2010,1
2023,2023 Q3,Trinidad and Tobago,Human Health and Social Work Activities,Healthcare,SOC 2010,75
2023,2023 Q3,Trinidad and Tobago,Information and Communications,Technology,SOC 2010,1
2023,2023 Q3,Tunisia,Construction,Engineering,SOC 2010,1
2023,2023 Q3,Tunisia,Education,Education,SOC 2010,4
2023,2023 Q3,Tunisia,Human Health and Social Work Activities,Healthcare,SOC 2010,12
2023,2023 Q3,Tunisia,Information and Communications,Technology,SOC 2010,2
2023,2023 Q3,Turkey,Construction,Engineering,SOC 2010,50
2023,2023 Q3,Turkey,Education,Education,SOC 2010,111
2023,2023 Q3,Turkey,Financial and Insurance Activities,Finance,SOC 2010,27
2023,2023 Q3,Turkey,Human Health and Social Work Activities,Healthcare,SOC 2010,76
2023,2023 Q3,Turkey,Information and Communications,Technology,SOC 2010,41
2023,2023 Q3,Turkmenistan,Education,Education,SOC 2010,1
2023,2023 Q3,Uganda,Education,Education,SOC 2010,12
2023,2023 Q3,Uganda,Human Health and Social Work Activities,Healthcare,SOC 2010,402
2023,2023 Q3,Uganda,Information and Communications,Technology,SOC 2010,1
2023,2023 Q3,Ukraine,Construction,Engineering,SOC 2010,2
2023,2023 Q3,Ukraine,Education,Education,SOC 2010,3
2023,2023 Q3,Ukraine,Financial and Insurance Activities,Finance,SOC 2010,10
2023,2023 Q3,Ukraine,Human Health and Social Work Activities,Healthcare,SOC 2010,1
2023,2023 Q3,Ukraine,Information and Communications,Technology,SOC 2010,8
2023,2023 Q3,United Arab Emirates,Education,Education,SOC 2010,1
2023,2023 Q3,United Arab Emirates,Human Health and Social Work Activities,Healthcare,SOC 2010,2
2023,2023 Q3,United States,Construction,Engineering,SOC 2010,23
2023,2023 Q3,United States,Education,Education,SOC 2010,278
2023,2023 Q3,United States,Financial and Insurance Activities,Finance,SOC 2010,266
2023,2023 Q3,United States,Human Health and Social Work Activities,Healthcare,SOC 2010,89
2023,2023 Q3,United States,Information and Communications,Technology,SOC 2010,184
2023,2023 Q3,Uruguay,Financial and Insurance Activities,Finance,SOC 2010,1
2023,2023 Q3,Uzbekistan,Construction,Engineering,SOC 2010,5
2023,2023 Q3,Uzbekistan,Education,Education,SOC 2010,1
2023,2023 Q3,Uzbekistan,Financial and Insurance Activities,Finance,SOC 2010,1
2023,2023 Q3,Uzbekistan,Human Health and Social Work Activities,Healthcare,SOC 2010,3
2023,2023 Q3,Vanuatu,Information and Communications,Technology,SOC 2010,3
2023,2023 Q3,Venezuela,Construction,Engineering,SOC 2010,1
2023,2023 Q3,Venezuela,Education,Education,SOC 2010,3
2023,2023 Q3,Venezuela,Human Health and Social Work Activities,Healthcare,SOC 2010,1
2023,2023 Q3,Vietnam,Education,Education,SOC 2010,14
2023,2023 Q3,Vietnam,Financial and Insurance Activities,Finance,SOC 2010,1
2023,2023 Q3,Vietnam,Human Health and Social Work Activities,Healthcare,SOC 2010,6
2023,2023 Q3,Vietnam,Information and Communications,Technology,SOC 2010,3
2023,2023 Q3,Yemen,Education,Education,SOC 2010,2
2023,2023 Q3,Yemen,Human Health and Social Work Activities,Healthcare,SOC 2010,6
2023,2023 Q3,Yemen,Information and Communications,Technology,SOC 2010,1
2023,2023 Q3,Zambia,Construction,Engineering,SOC 2010,1
2023,2023 Q3,Zambia,Education,Education,SOC 2010,7
2023,2023 Q3,Zambia,Financial and Insurance Activities,Finance,SOC 2010,1
2023,2023 Q3,Zambia,Human Health and Social Work Activities,Healthcare,SOC 2010,191
2023,2023 Q3,Zimbabwe,Construction,Engineering,SOC 2010,15
2023,2023 Q3,Zimbabwe,Education,Education,SOC 2010,77
2023,2023 Q3,Zimbabwe,Financial and Insurance Activities,Finance,SOC 2010,9
2023,2023 Q3,Zimbabwe,Human Health and Social Work Activities,Healthcare,SOC 2010,4681
2023,2023 Q3,Zimbabwe,Information and Communications,Technology,SOC 2010,7
2023,2023 Q4,Afghanistan,Construction,Engineering,SOC 2010,2
2023,2023 Q4,Afghanistan,Education,Education,SOC 2010,5
2023,2023 Q4,Afghanistan,Human Health and Social Work Activities,Healthcare,SOC 2010,26
2023,2023 Q4,Afghanistan,Information and Communications,Technology,SOC 2010,2
2023,2023 Q4,Albania,Construction,Engineering,SOC 2010,19
2023,2023 Q4,Albania,Education,Education,SOC 2010,2
2023,2023 Q4,Albania,Financial and Insurance Activities,Finance,SOC 2010,1
2023,2023 Q4,Albania,Human Health and Social Work Activities,Healthcare,SOC 2010,66
2023,2023 Q4,Algeria,Construction,Engineering,SOC 2010,1
2023,2023 Q4,Algeria,Education,Education,SOC 2010,5
2023,2023 Q4,Algeria,Financial and Insurance Activities,Finance,SOC 2010,1
2023,2023 Q4,Algeria,Human Health and Social Work Activities,Healthcare,SOC 2010,3
2023,2023 Q4,Algeria,Information and Communications,Technology,SOC 2010,2
2023,2023 Q4,Angola,Construction,Engineering,SOC 2010,1
2023,2023 Q4,Angola,Human Health and Social Work Activities,Healthcare,SOC 2010,1
2023,2023 Q4,Argentina,Construction,Engineering,SOC 2010,1
2023,2023 Q4,Argentina,Education,Education,SOC 2010,3
2023,2023 Q4,Argentina,Financial and Insurance Activities,Finance,SOC 2010,2
2023,2023 Q4,Argentina,Human Health and Social Work Activities,Healthcare,SOC 2010,1
2023,2023 Q4,Argentina,Information and Communications,Technology,SOC 2010,3
2023,2023 Q4,Armenia,Financial and Insurance Activities,Finance,SOC 2010,1
2023,2023 Q4,Armenia,Information and Communications,Technology,SOC 2010,2
2023,2023 Q4,Australia,Construction,Engineering,SOC 2010,4
2023,2023 Q4,Australia,Education,Education,SOC 2010,34
2023,2023 Q4,Australia,Financial and Insurance Activities,Finance,SOC 2010,63
2023,2023 Q4,Australia,Human Health and Social Work Activities,Healthcare,SOC 2010,80
2023,2023 Q4,Australia,Information and Communications,Technology,SOC 2010,29
2023,2023 Q4,Austria,Construction,Engineering,SOC 2010,4
2023,2023 Q4,Austria,Education,Education,SOC 2010,11
2023,2023 Q4,Austria,Financial and Insurance Activities,Finance,SOC 2010,9
2023,2023 Q4,Austria,Human Health and Social Work Activities,Healthcare,SOC 2010,3
2023,2023 Q4,Azerbaijan,Education,Education,SOC 2010,1
2023,2023 Q4,"Bahamas, The",Human Health and Social Work Activities,Healthcare,SOC 2010,1
2023,2023 Q4,Bahrain,Education,Education,SOC 2010,1
2023,2023 Q4,Bahrain,Financial and Insurance Activities,Finance,SOC 2010,1
2023,2023 Q4,Bahrain,Human Health and Social Work Activities,Healthcare,SOC 2010,9
2023,2023 Q4,Bangladesh,Construction,Engineering,SOC 2010,38
2023,2023 Q4,Bangladesh,Education,Education,SOC 2010,31
2023,2023 Q4,Bangladesh,Financial and Insurance Activities,Finance,SOC 2010,5
2023,2023 Q4,Bangladesh,Human Health and Social Work Activities,Healthcare,SOC 2010,2301
2023,2023 Q4,Bangladesh,Information and Communications,Technology,SOC 2010,48
2023,2023 Q4,Barbados,Human Health and Social Work Activities,Healthcare,SOC 2010,3
2023,2023 Q4,Belarus,Construction,Engineering,SOC 2010,3
2023,2023 Q4,Belarus,Education,Education,SOC 2010,2
2023,2023 Q4,Belarus,Financial and Insurance Activities,Finance,SOC 2010,1
2023,2023 Q4,Belarus,Human Health and Social Work Activities,Healthcare,SOC 2010,1
2023,2023 Q4,Belarus,Information and Communications,Technology,SOC 2010,9
2023,2023 Q4,Belgium,Construction,Engineering,SOC 2010,3
2023,2023 Q4,Belgium,Education,Education,SOC 2010,13
2023,2023 Q4,Belgium,Financial and Insurance Activities,Finance,SOC 2010,25
2023,2023 Q4,Belgium,Human Health and Social Work Activities,Healthcare,SOC 2010,8
2023,2023 Q4,Belgium,Information and Communications,Technology,SOC 2010,7
2023,2023 Q4,Benin,Human Health and Social Work Activities,Healthcare,SOC 2010,1
2023,2023 Q4,Botswana,Education,Education,SOC 2010,1
2023,2023 Q4,Botswana,Human Health and Social Work Activities,Healthcare,SOC 2010,83
2023,2023 Q4,Brazil,Construction,Engineering,SOC 2010,4
2023,2023 Q4,Brazil,Education,Education,SOC 2010,41
2023,2023 Q4,Brazil,Financial and Insurance Activities,Finance,SOC 2010,11
2023,2023 Q4,Brazil,Human Health and Social Work Activities,Healthcare,SOC 2010,18
2023,2023 Q4,Brazil,Information and Communications,Technology,SOC 2010,15
2023,2023 Q4,Brunei,Human Health and Social Work Activities,Healthcare,SOC 2010,1
2023,2023 Q4,Bulgaria,Construction,Engineering,SOC 2010,1
2023,2023 Q4,Bulgaria,Education,Education,SOC 2010,2
2023,2023 Q4,Bulgaria,Financial and Insurance Activities,Finance,SOC 2010,2
2023,2023 Q4,Bulgaria,Human Health and Social Work Activities,Healthcare,SOC 2010,3
2023,2023 Q4,Bulgaria,Information and Communications,Technology,SOC 2010,3
2023,2023 Q4,Cameroon,Construction,Engineering,SOC 2010,1
2023,2023 Q4,Cameroon,Education,Education,SOC 2010,3
2023,2023 Q4,Cameroon,Financial and Insurance Activities,Finance,SOC 2010,1
2023,2023 Q4,Cameroon,Human Health and Social Work Activities,Healthcare,SOC 2010,418
2023,2023 Q4,Canada,Construction,Engineering,SOC 2010,4
2023,2023 Q4,Canada,Education,Education,SOC 2010,24
2023,2023 Q4,Canada,Financial and Insurance Activities,Finance,SOC 2010,35
2023,2023 Q4,Canada,Human Health and Social Work Activities,Healthcare,SOC 2010,29
2023,2023 Q4,Canada,Information and Communications,Technology,SOC 2010,11
2023,2023 Q4,Cape Verde,Human Health and Social Work Activities,Healthcare,SOC 2010,1
2023,2023 Q4,Chile,Construction,Engineering,SOC 2010,1
2023,2023 Q4,Chile,Education,Education,SOC 2010,8
2023,2023 Q4,Chile,Financial and Insurance Activities,Finance,SOC 2010,3
2023,2023 Q4,Chile,Human Health and Social Work Activities,Healthcare,SOC 2010,3
2023,2023 Q4,China,Construction,Engineering,SOC 2010,4
2023,2023 Q4,China,Education,Education,SOC 2010,270
2023,2023 Q4,China,Financial and Insurance Activities,Finance,SOC 2010,65
2023,2023 Q4,China,Human Health and Social Work Activities,Healthcare,SOC 2010,12
2023,2023 Q4,China,Information and Communications,Technology,SOC 2010,51
2023,2023 Q4,Colombia,Construction,Engineering,SOC 2010,3
2023,2023 Q4,Colombia,Education,Education,SOC 2010,13
2023,2023 Q4,Colombia,Financial and Insurance Activities,Finance,SOC 2010,1
2023,2023 Q4,Colombia,Information and Communications,Technology,SOC 2010,5
2023,2023 Q4,Congo,Construction,Engineering,SOC 2010,1
2023,2023 Q4,Congo,Information and Communications,Technology,SOC 2010,1
2023,2023 Q4,Congo (Democratic Republic),Human Health and Social Work Activities,Healthcare,SOC 2010,3
2023,2023 Q4,Costa Rica,Construction,Engineering,SOC 2010,2
2023,2023 Q4,Costa Rica,Human Health and Social Work Activities,Healthcare,SOC 2010,1
2023,2023 Q4,Costa Rica,Information and Communications,Technology,SOC 2010,1
2023,2023 Q4,Croatia,Construction,Engineering,SOC 2010,1
2023,2023 Q4,Croatia,Education,Education,SOC 2010,3
2023,2023 Q4,Croatia,Financial and Insurance Activities,Finance,SOC 2010,3
2023,2023 Q4,Croatia,Human Health and Social Work Activities,Healthcare,SOC 2010,1
2023,2023 Q4,Croatia,Information and Communications,Technology,SOC 2010,3
2023,2023 Q4,Cuba,Financial and Insurance Activities,Finance,SOC 2010,1
2023,2023 Q4,Cuba,Human Health and Social Work Activities,Healthcare,SOC 2010,2
2023,2023 Q4,Cyprus,Construction,Engineering,SOC 2010,1
2023,2023 Q4,Cyprus,Financial and Insurance Activities,Finance,SOC 2010,2
2023,2023 Q4,Cyprus,Human Health and Social Work Activities,Healthcare,SOC 2010,5
2023,2023 Q4,Cyprus,Information and Communications,Technology,SOC 2010,1
2023,2023 Q4,Czechia,Education,Education,SOC 2010,4
2023,2023 Q4,Czechia,Financial and Insurance Activities,Finance,SOC 2010,2
2023,2023 Q4,Czechia,Information and Communications,Technology,SOC 2010,2
2023,2023 Q4,Denmark,Construction,Engineering,SOC 2010,1
2023,2023 Q4,Denmark,Education,Education,SOC 2010,7
2023,2023 Q4,Denmark,Financial and Insurance Activities,Finance,SOC 2010,9
2023,2023 Q4,Denmark,Human Health and Social Work Activities,Healthcare,SOC 2010,1
2023,2023 Q4,Denmark,Information and Communications,Technology,SOC 2010,1
2023,2023 Q4,Djibouti,Human Health and Social Work Activities,Healthcare,SOC 2010,1
2023,2023 Q4,Dominica,Construction,Engineering,SOC 2010,1
2023,2023 Q4,Dominica,Education,Education,SOC 2010,1
2023,2023 Q4,Dominica,Human Health and Social Work Activities,Healthcare,SOC 2010,4
2023,2023 Q4,Dominica,Information and Communications,Technology,SOC 2010,1
2023,2023 Q4,Ecuador,Construction,Engineering,SOC 2010,1
2023,2023 Q4,Ecuador,Education,Education,SOC 2010,12
2023,2023 Q4,Ecuador,Financial and Insurance Activities,Finance,SOC 2010,3
2023,2023 Q4,Ecuador,Human Health and Social Work Activities,Healthcare,SOC 2010,2
2023,2023 Q4,Ecuador,Information and Communications,Technology,SOC 2010,1
2023,2023 Q4,Egypt,Construction,Engineering,SOC 2010,9
2023,2023 Q4,Egypt,Education,Education,SOC 2010,14
2023,2023 Q4,Egypt,Financial and Insurance Activities,Finance,SOC 2010,6
2023,2023 Q4,Egypt,Human Health and Social Work Activities,Healthcare,SOC 2010,206
2023,2023 Q4,Egypt,Information and Communications,Technology,SOC 2010,13
2023,2023 Q4,Eritrea,Human Health and Social Work Activities,Healthcare,SOC 2010,1
2023,2023 Q4,Estonia,Education,Education,SOC 2010,1
2023,2023 Q4,Estonia,Financial and Insurance Activities,Finance,SOC 2010,1
2023,2023 Q4,Eswatini,Education,Education,SOC 2010,1
2023,2023 Q4,Eswatini,Human Health and Social Work Activities,Healthcare,SOC 2010,41
2023,2023 Q4,Ethiopia,Education,Education,SOC 2010,2
2023,2023 Q4,Ethiopia,Human Health and Social Work Activities,Healthcare,SOC 2010,4
2023,2023 Q4,Finland,Construction,Engineering,SOC 2010,3
2023,2023 Q4,Finland,Education,Education,SOC 2010,3
2023,2023 Q4,Finland,Financial and Insurance Activities,Finance,SOC 2010,2
2023,2023 Q4,Finland,Human Health and Social Work Activities,Healthcare,SOC 2010,4
2023,2023 Q4,Finland,Information and Communications,Technology,SOC 2010,1
2023,2023 Q4,France,Construction,Engineering,SOC 2010,27
2023,2023 Q4,France,Education,Education,SOC 2010,155
2023,2023 Q4,France,Financial and Insurance Activities,Finance,SOC 2010,140
2023,2023 Q4,France,Human Health and Social Work Activities,Healthcare,SOC 2010,9
2023,2023 Q4,France,Information and Communications,Technology,SOC 2010,35
2023,2023 Q4,"Gambia, The",Education,Education,SOC 2010,2
2023,2023 Q4,"Gambia, The",Human Health and Social Work Activities,Healthcare,SOC 2010,25
2023,2023 Q4,Georgia,Construction,Engineering,SOC 2010,1
2023,2023 Q4,Georgia,Education,Education,SOC 2010,2
2023,2023 Q4,Georgia,Financial and Insurance Activities,Finance,SOC 2010,1
2023,2023 Q4,Georgia,Information and Communications,Technology,SOC 2010,1
2023,2023 Q4,Germany,Construction,Engineering,SOC 2010,14
2023,2023 Q4,Germany,Education,Education,SOC 2010,88
2023,2023 Q4,Germany,Financial and Insurance Activities,Finance,SOC 2010,88
2023,2023 Q4,Germany,Human Health and Social Work Activities,Healthcare,SOC 2010,27
2023,2023 Q4,Germany,Information and Communications,Technology,SOC 2010,31
2023,2023 Q4,Ghana,Construction,Engineering,SOC 2010,21
2023,2023 Q4,Ghana,Education,Education,SOC 2010,41
2023,2023 Q4,Ghana,Financial and Insurance Activities,Finance,SOC 2010,3
2023,2023 Q4,Ghana,Human Health and Social Work Activities,Healthcare,SOC 2010,2844
2023,2023 Q4,Ghana,Information and Communications,Technology,SOC 2010,14
2023,2023 Q4,Greece,Construction,Engineering,SOC 2010,9
2023,2023 Q4,Greece,Education,Education,SOC 2010,28
2023,2023 Q4,Greece,Financial and Insurance Activities,Finance,SOC 2010,2
2023,2023 Q4,Greece,Human Health and Social Work Activities,Healthcare,SOC 2010,53
2023,2023 Q4,Greece,Information and Communications,Technology,SOC 2010,5
2023,2023 Q4,Grenada,Human Health and Social Work Activities,Healthcare,SOC 2010,2
2023,2023 Q4,Guatemala,Human Health and Social Work Activities,Healthcare,SOC 2010,1
2023,2023 Q4,Guinea,Human Health and Social Work Activities,Healthcare,SOC 2010,2
2023,2023 Q4,Guyana,Education,Education,SOC 2010,1
2023,2023 Q4,Guyana,Human Health and Social Work Activities,Healthcare,SOC 2010,32
2023,2023 Q4,Guyana,Information and Communications,Technology,SOC 2010,1
2023,2023 Q4,Honduras,Education,Education,SOC 2010,1
2023,2023 Q4,Honduras,Information and Communications,Technology,SOC 2010,1
2023,2023 Q4,Hong Kong,Education,Education,SOC 2010,4
2023,2023 Q4,Hong Kong,Financial and Insurance Activities,Finance,SOC 2010,7
2023,2023 Q4,Hong Kong,Human Health and Social Work Activities,Healthcare,SOC 2010,4
2023,2023 Q4,Hungary,Construction,Engineering,SOC 2010,1
2023,2023 Q4,Hungary,Education,Education,SOC 2010,6
2023,2023 Q4,Hungary,Financial and Insurance Activities,Finance,SOC 2010,13
2023,2023 Q4,Hungary,Human Health and Social Work Activities,Healthcare,SOC 2010,10
2023,2023 Q4,Hungary,Information and Communications,Technology,SOC 2010,7
2023,2023 Q4,India,Construction,Engineering,SOC 2010,402
2023,2023 Q4,India,Education,Education,SOC 2010,203
2023,2023 Q4,India,Financial and Insurance Activities,Finance,SOC 2010,303
2023,2023 Q4,India,Human Health and Social Work Activities,Healthcare,SOC 2010,7230
2023,2023 Q4,India,Information and Communications,Technology,SOC 2010,1989
2023,2023 Q4,Indonesia,Education,Education,SOC 2010,2
2023,2023 Q4,Indonesia,Financial and Insurance Activities,Finance,SOC 2010,3
2023,2023 Q4,Indonesia,Human Health and Social Work Activities,Healthcare,SOC 2010,4
2023,2023 Q4,Indonesia,Information and Communications,Technology,SOC 2010,5
2023,2023 Q4,Iran,Construction,Engineering,SOC 2010,5
2023,2023 Q4,Iran,Education,Education,SOC 2010,31
2023,2023 Q4,Iran,Human Health and Social Work Activities,Healthcare,SOC 2010,91
2023,2023 Q4,Iran,Information and Communications,Technology,SOC 2010,12
2023,2023 Q4,Iraq,Construction,Engineering,SOC 2010,1
2023,2023 Q4,Iraq,Education,Education,SOC 2010,2
2023,2023 Q4,Iraq,Human Health and Social Work Activities,Healthcare,SOC 2010,32
2023,2023 Q4,Iraq,Information and Communications,Technology,SOC 2010,3
2023,2023 Q4,Israel,Education,Education,SOC 2010,13
2023,2023 Q4,Israel,Financial and Insurance Activities,Finance,SOC 2010,17
2023,2023 Q4,Israel,Human Health and Social Work Activities,Healthcare,SOC 2010,4
2023,2023 Q4,Israel,Information and Communications,Technology,SOC 2010,12
2023,2023 Q4,Italy,Construction,Engineering,SOC 2010,12
2023,2023 Q4,Italy,Education,Education,SOC 2010,56
2023,2023 Q4,Italy,Financial and Insurance Activities,Finance,SOC 2010,100
2023,2023 Q4,Italy,Human Health and Social Work Activities,Healthcare,SOC 2010,45
2023,2023 Q4,Italy,Information and Communications,Technology,SOC 2010,22
2023,2023 Q4,Ivory Coast,Education,Education,SOC 2010,1
2023,2023 Q4,Ivory Coast,Human Health and Social Work Activities,Healthcare,SOC 2010,1
2023,2023 Q4,Jamaica,Education,Education,SOC 2010,52
2023,2023 Q4,Jamaica,Financial and Insurance Activities,Finance,SOC 2010,1
2023,2023 Q4,Jamaica,Human Health and Social Work Activities,Healthcare,SOC 2010,77
2023,2023 Q4,Japan,Construction,Engineering,SOC 2010,1
2023,2023 Q4,Japan,Education,Education,SOC 2010,11
2023,2023 Q4,Japan,Financial and Insurance Activities,Finance,SOC 2010,45
2023,2023 Q4,Japan,Human Health and Social Work Activities,Healthcare,SOC 2010,4
2023,2023 Q4,Japan,Information and Communications,Technology,SOC 2010,37
2023,2023 Q4,Jordan,Construction,Engineering,SOC 2010,2
2023,2023 Q4,Jordan,Education,Education,SOC 2010,7
2023,2023 Q4,Jordan,Financial and Insurance Activities,Finance,SOC 2010,3
2023,2023 Q4,Jordan,Human Health and Social Work Activities,Healthcare,SOC 2010,59
2023,2023 Q4,Jordan,Information and Communications,Technology,SOC 2010,1
2023,2023 Q4,Kazakhstan,Education,Education,SOC 2010,3
2023,2023 Q4,Kazakhstan,Financial and Insurance Activities,Finance,SOC 2010,1
2023,2023 Q4,Kazakhstan,Human Health and Social Work Activities,Healthcare,SOC 2010,1
2023,2023 Q4,Kazakhstan,Information and Communications,Technology,SOC 2010,1
2023,2023 Q4,Kenya,Construction,Engineering,SOC 2010,5
2023,2023 Q4,Kenya,Education,Education,SOC 2010,12
2023,2023 Q4,Kenya,Financial and Insurance Activities,Finance,SOC 2010,6
2023,2023 Q4,Kenya,Human Health and Social Work Activities,Healthcare,SOC 2010,509
2023,2023 Q4,Kenya,Information and Communications,Technology,SOC 2010,3
2023,2023 Q4,Kuwait,Education,Education,SOC 2010,1
2023,2023 Q4,Kuwait,Human Health and Social Work Activities,Healthcare,SOC 2010,15
2023,2023 Q4,Kyrgyzstan,Construction,Engineering,SOC 2010,1
2023,2023 Q4,Kyrgyzstan,Education,Education,SOC 2010,1
2023,2023 Q4,Kyrgyzstan,Information and Communications,Technology,SOC 2010,1
2023,2023 Q4,Latvia,Construction,Engineering,SOC 2010,1
2023,2023 Q4,Latvia,Education,Education,SOC 2010,1
2023,2023 Q4,Latvia,Financial and Insurance Activities,Finance,SOC 2010,5
2023,2023 Q4,Latvia,Human Health and Social Work Activities,Healthcare,SOC 2010,1
2023,2023 Q4,Latvia,Information and Communications,Technology,SOC 2010,2
2023,2023 Q4,Lebanon,Construction,Engineering,SOC 2010,2
2023,2023 Q4,Lebanon,Education,Education,SOC 2010,1
2023,2023 Q4,Lebanon,Financial and Insurance Activities,Finance,SOC 2010,3
2023,2023 Q4,Lebanon,Human Health and Social Work Activities,Healthcare,SOC 2010,11
2023,2023 Q4,Lebanon,Information and Communications,Technology,SOC 2010,10
2023,2023 Q4,Lesotho,Financial and Insurance Activities,Finance,SOC 2010,1
2023,2023 Q4,Lesotho,Human Health and Social Work Activities,Healthcare,SOC 2010,15
2023,2023 Q4,Liberia,Human Health and Social Work Activities,Healthcare,SOC 2010,4
2023,2023 Q4,Libya,Financial and Insurance Activities,Finance,SOC 2010,1
2023,2023 Q4,Libya,Human Health and Social Work Activities,Healthcare,SOC 2010,5
2023,2023 Q4,Lithuania,Construction,Engineering,SOC 2010,5
2023,2023 Q4,Lithuania,Education,Education,SOC 2010,2
2023,2023 Q4,Lithuania,Financial and Insurance Activities,Finance,SOC 2010,3
2023,2023 Q4,Lithuania,Human Health and Social Work Activities,Healthcare,SOC 2010,5
2023,2023 Q4,Lithuania,Information and Communications,Technology,SOC 2010,3
2023,2023 Q4,Luxembourg,Education,Education,SOC 2010,1
2023,2023 Q4,Luxembourg,Financial and Insurance Activities,Finance,SOC 2010,2
2023,2023 Q4,Macau,Financial and Insurance Activities,Finance,SOC 2010,1
2023,2023 Q4,Madagascar,Financial and Insurance Activities,Finance,SOC 2010,1
2023,2023 Q4,Madagascar,Information and Communications,Technology,SOC 2010,1
2023,2023 Q4,Malawi,Education,Education,SOC 2010,2
2023,2023 Q4,Malawi,Financial and Insurance Activities,Finance,SOC 2010,1
2023,2023 Q4,Malawi,Human Health and Social Work Activities,Healthcare,SOC 2010,52
2023,2023 Q4,Malaysia,Construction,Engineering,SOC 2010,3
2023,2023 Q4,Malaysia,Education,Education,SOC 2010,12
2023,2023 Q4,Malaysia,Financial and Insurance Activities,Finance,SOC 2010,13
2023,2023 Q4,Malaysia,Human Health and Social Work Activities,Healthcare,SOC 2010,42
2023,2023 Q4,Malaysia,Information and Communications,Technology,SOC 2010,3
2023,2023 Q4,Malta,Education,Education,SOC 2010,1
2023,2023 Q4,Malta,Financial and Insurance Activities,Finance,SOC 2010,1
2023,2023 Q4,Malta,Human Health and Social Work Activities,Healthcare,SOC 2010,6
2023,2023 Q4,Malta,Information and Communications,Technology,SOC 2010,2
2023,2023 Q4,Mauritania,Information and Communications,Technology,SOC 2010,1
2023,2023 Q4,Mauritius,Financial and Insurance Activities,Finance,SOC 2010,2
2023,2023 Q4,Mauritius,Human Health and Social Work Activities,Healthcare,SOC 2010,22
2023,2023 Q4,Mexico,Construction,Engineering,SOC 2010,2
2023,2023 Q4,Mexico,Education,Education,SOC 2010,12
2023,2023 Q4,Mexico,Financial and Insurance Activities,Finance,SOC 2010,7
2023,2023 Q4,Mexico,Human Health and Social Work Activities,Healthcare,SOC 2010,6
2023,2023 Q4,Mexico,Information and Communications,Technology,SOC 2010,3
2023,2023 Q4,Moldova,Education,Education,SOC 2010,1
2023,2023 Q4,Moldova,Human Health and Social Work Activities,Healthcare,SOC 2010,1
2023,2023 Q4,Mongolia,Education,Education,SOC 2010,2
2023,2023 Q4,Mongolia,Financial and Insurance Activities,Finance,SOC 2010,1
2023,2023 Q4,Mongolia,Human Health and Social Work Activities,Healthcare,SOC 2010,1
2023,2023 Q4,Morocco,Construction,Engineering,SOC 2010,1
2023,2023 Q4,Morocco,Education,Education,SOC 2010,4
2023,2023 Q4,Morocco,Financial and Insurance Activities,Finance,SOC 2010,10
2023,2023 Q4,Morocco,Human Health and Social Work Activities,Healthcare,SOC 2010,11
2023,2023 Q4,Morocco,Information and Communications,Technology,SOC 2010,2
2023,2023 Q4,Mozambique,Human Health and Social Work Activities,Healthcare,SOC 2010,2
2023,2023 Q4,Mozambique,Information and Communications,Technology,SOC 2010,1
2023,2023 Q4,Myanmar (Burma),Construction,Engineering,SOC 2010,1
2023,2023 Q4,Myanmar (Burma),Human Health and Social Work Activities,Healthcare,SOC 2010,39
2023,2023 Q4,Namibia,Human Health and Social Work Activities,Healthcare,SOC 2010,3
2023,2023 Q4,Nepal,Construction,Engineering,SOC 2010,6
2023,2023 Q4,Nepal,Education,Education,SOC 2010,2
2023,2023 Q4,Nepal,Financial and Insurance Activities,Finance,SOC 2010,19
2023,2023 Q4,Nepal,Human Health and Social Work Activities,Healthcare,SOC 2010,297
2023,2023 Q4,Nepal,Information and Communications,Technology,SOC 2010,6
2023,2023 Q4,Netherlands,Construction,Engineering,SOC 2010,33
2023,2023 Q4,Netherlands,Education,Education,SOC 2010,18
2023,2023 Q4,Netherlands,Financial and Insurance Activities,Finance,SOC 2010,35
2023,2023 Q4,Netherlands,Human Health and Social Work Activities,Healthcare,SOC 2010,8
2023,2023 Q4,Netherlands,Information and Communications,Technology,SOC 2010,15
2023,2023 Q4,New Zealand,Education,Education,SOC 2010,2
2023,2023 Q4,New Zealand,Financial and Insurance Activities,Finance,SOC 2010,5
2023,2023 Q4,New Zealand,Human Health and Social Work Activities,Healthcare,SOC 2010,8
2023,2023 Q4,New Zealand,Information and Communications,Technology,SOC 2010,1
2023,2023 Q4,Niger,Human Health and Social Work Activities,Healthcare,SOC 2010,1
2023,2023 Q4,Nigeria,Construction,Engineering,SOC 2010,13
2023,2023 Q4,Nigeria,Education,Education,SOC 2010,86
2023,2023 Q4,Nigeria,Financial and Insurance Activities,Finance,SOC 2010,25
2023,2023 Q4,Nigeria,Human Health and Social Work Activities,Healthcare,SOC 2010,4137
2023,2023 Q4,Nigeria,Information and Communications,Technology,SOC 2010,47
2023,2023 Q4,North Korea,Education,Education,SOC 2010,1
2023,2023 Q4,North Macedonia,Education,Education,SOC 2010,2
2023,2023 Q4,North Macedonia,Information and Communications,Technology,SOC 2010,1
2023,2023 Q4,Norway,Education,Education,SOC 2010,5
2023,2023 Q4,Norway,Financial and Insurance Activities,Finance,SOC 2010,26
2023,2023 Q4,Norway,Information and Communications,Technology,SOC 2010,2
2023,2023 Q4,Occupied Palestinian Territories,Education,Education,SOC 2010,1
2023,2023 Q4,Occupied Palestinian Territories,Human Health and Social Work Activities,Healthcare,SOC 2010,23
2023,2023 Q4,Oman,Education,Education,SOC 2010,2
2023,2023 Q4,Oman,Human Health and Social Work Activities,Healthcare,SOC 2010,5
2023,2023 Q4,Other and unknown,Human Health and Social Work Activities,Healthcare,SOC 2010,1
2023,2023 Q4,Pakistan,Construction,Engineering,SOC 2010,317
2023,2023 Q4,Pakistan,Education,Education,SOC 2010,108
2023,2023 Q4,Pakistan,Financial and Insurance Activities,Finance,SOC 2010,44
2023,2023 Q4,Pakistan,Human Health and Social Work Activities,Healthcare,SOC 2010,3322
2023,2023 Q4,Pakistan,Information and Communications,Technology,SOC 2010,229
2023,2023 Q4,Paraguay,Construction,Engineering,SOC 2010,1
2023,2023 Q4,Peru,Construction,Engineering,SOC 2010,1
2023,2023 Q4,Peru,Education,Education,SOC 2010,2
2023,2023 Q4,Peru,Human Health and Social Work Activities,Healthcare,SOC 2010,3
2023,2023 Q4,Peru,Information and Communications,Technology,SOC 2010,1
2023,2023 Q4,Philippines,Construction,Engineering,SOC 2010,23
2023,2023 Q4,Philippines,Education,Education,SOC 2010,17
2023,2023 Q4,Philippines,Financial and Insurance Activities,Finance,SOC 2010,13
2023,2023 Q4,Philippines,Human Health and Social Work Activities,Healthcare,SOC 2010,1097
2023,2023 Q4,Philippines,Information and Communications,Technology,SOC 2010,14
2023,2023 Q4,Poland,Construction,Engineering,SOC 2010,23
2023,2023 Q4,Poland,Education,Education,SOC 2010,10
2023,2023 Q4,Poland,Financial and Insurance Activities,Finance,SOC 2010,18
2023,2023 Q4,Poland,Human Health and Social Work Activities,Healthcare,SOC 2010,8
2023,2023 Q4,Poland,Information and Communications,Technology,SOC 2010,10
2023,2023 Q4,Portugal,Construction,Engineering,SOC 2010,12
2023,2023 Q4,Portugal,Education,Education,SOC 2010,16
2023,2023 Q4,Portugal,Financial and Insurance Activities,Finance,SOC 2010,20
2023,2023 Q4,Portugal,Human Health and Social Work Activities,Healthcare,SOC 2010,49
2023,2023 Q4,Portugal,Information and Communications,Technology,SOC 2010,7
2023,2023 Q4,Qatar,Financial and Insurance Activities,Finance,SOC 2010,1
2023,2023 Q4,Refugee,Education,Education,SOC 2010,1
2023,2023 Q4,Refugee,Human Health and Social Work Activities,Healthcare,SOC 2010,1
2023,2023 Q4,Romania,Construction,Engineering,SOC 2010,40
2023,2023 Q4,Romania,Education,Education,SOC 2010,4
2023,2023 Q4,Romania,Financial and Insurance Activities,Finance,SOC 2010,8
2023,2023 Q4,Romania,Human Health and Social Work Activities,Healthcare,SOC 2010,13
2023,2023 Q4,Romania,Information and Communications,Technology,SOC 2010,6
2023,2023 Q4,Russia,Construction,Engineering,SOC 2010,3
2023,2023 Q4,Russia,Education,Education,SOC 2010,11
2023,2023 Q4,Russia,Financial and Insurance Activities,Finance,SOC 2010,32
2023,2023 Q4,Russia,Human Health and Social Work Activities,Healthcare,SOC 2010,3
2023,2023 Q4,Russia,Information and Communications,Technology,SOC 2010,39
2023,2023 Q4,Rwanda,Human Health and Social Work Activities,Healthcare,SOC 2010,7
2023,2023 Q4,Saudi Arabia,Education,Education,SOC 2010,14
2023,2023 Q4,Saudi Arabia,Financial and Insurance Activities,Finance,SOC 2010,4
2023,2023 Q4,Saudi Arabia,Human Health and Social Work Activities,Healthcare,SOC 2010,17
2023,2023 Q4,Saudi Arabia,Information and Communications,Technology,SOC 2010,1
2023,2023 Q4,Senegal,Education,Education,SOC 2010,2
2023,2023 Q4,Serbia,Construction,Engineering,SOC 2010,2
2023,2023 Q4,Serbia,Education,Education,SOC 2010,2
2023,2023 Q4,Serbia,Human Health and Social Work Activities,Healthcare,SOC 2010,1
2023,2023 Q4,Sierra Leone,Construction,Engineering,SOC 2010,1
2023,2023 Q4,Sierra Leone,Education,Education,SOC 2010,1
2023,2023 Q4,Sierra Leone,Human Health and Social Work Activities,Healthcare,SOC 2010,48
2023,2023 Q4,Singapore,Education,Education,SOC 2010,2
2023,2023 Q4,Singapore,Financial and Insurance Activities,Finance,SOC 2010,15
2023,2023 Q4,Singapore,Human Health and Social Work Activities,Healthcare,SOC 2010,12
2023,2023 Q4,Singapore,Information and Communications,Technology,SOC 2010,5
2023,2023 Q4,Slovakia,Construction,Engineering,SOC 2010,1
2023,2023 Q4,Slovakia,Education,Education,SOC 2010,1
2023,2023 Q4,Slovenia,Construction,Engineering,SOC 2010,1
2023,2023 Q4,Slovenia,Education,Education,SOC 2010,4
2023,2023 Q4,Slovenia,Human Health and Social Work Activities,Healthcare,SOC 2010,2
2023,2023 Q4,Somalia,Human Health and Social Work Activities,Healthcare,SOC 2010,24
2023,2023 Q4,South Africa,Construction,Engineering,SOC 2010,27
2023,2023 Q4,South Africa,Education,Education,SOC 2010,41
2023,2023 Q4,South Africa,Financial and Insurance Activities,Finance,SOC 2010,72
2023,2023 Q4,South Africa,Human Health and Social Work Activities,Healthcare,SOC 2010,177
2023,2023 Q4,South Africa,Information and Communications,Technology,SOC 2010,31
2023,2023 Q4,South Korea,Construction,Engineering,SOC 2010,2
2023,2023 Q4,South Korea,Education,Education,SOC 2010,26
2023,2023 Q4,South Korea,Financial and Insurance Activities,Finance,SOC 2010,20
2023,2023 Q4,South Korea,Human Health and Social Work Activities,Healthcare,SOC 2010,7
2023,2023 Q4,South Korea,Information and Communications,Technology,SOC 2010,6
2023,2023 Q4,South Sudan,Human Health and Social Work Activities,Healthcare,SOC 2010,1
2023,2023 Q4,Spain,Construction,Engineering,SOC 2010,43
2023,2023 Q4,Spain,Education,Education,SOC 2010,67
2023,2023 Q4,Spain,Financial and Insurance Activities,Finance,SOC 2010,45
2023,2023 Q4,Spain,Human Health and Social Work Activities,Healthcare,SOC 2010,33
2023,2023 Q4,Spain,Information and Communications,Technology,SOC 2010,17
2023,2023 Q4,Sri Lanka,Construction,Engineering,SOC 2010,32
2023,2023 Q4,Sri Lanka,Education,Education,SOC 2010,31
2023,2023 Q4,Sri Lanka,Financial and Insurance Activities,Finance,SOC 2010,8
2023,2023 Q4,Sri Lanka,Human Health and Social Work Activities,Healthcare,SOC 2010,721
2023,2023 Q4,Sri Lanka,Information and Communications,Technology,SOC 2010,26
2023,2023 Q4,St Kitts and Nevis,Construction,Engineering,SOC 2010,3
2023,2023 Q4,St Kitts and Nevis,Education,Education,SOC 2010,1
2023,2023 Q4,St Kitts and Nevis,Human Health and Social Work Activities,Healthcare,SOC 2010,1
2023,2023 Q4,St Kitts and Nevis,Information and Communications,Technology,SOC 2010,1
2023,2023 Q4,St Lucia,Education,Education,SOC 2010,3
2023,2023 Q4,St Lucia,Human Health and Social Work Activities,Healthcare,SOC 2010,22
2023,2023 Q4,St Vincent and the Grenadines,Human Health and Social Work Activities,Healthcare,SOC 2010,2
2023,2023 Q4,Stateless,Human Health and Social Work Activities,Healthcare,SOC 2010,1
2023,2023 Q4,Sudan,Construction,Engineering,SOC 2010,2
2023,2023 Q4,Sudan,Financial and Insurance Activities,Finance,SOC 2010,1
2023,2023 Q4,Sudan,Human Health and Social Work Activities,Healthcare,SOC 2010,77
2023,2023 Q4,Sudan,Information and Communications,Technology,SOC 2010,3
2023,2023 Q4,Suriname,Human Health and Social Work Activities,Healthcare,SOC 2010,1
2023,2023 Q4,Sweden,Construction,Engineering,SOC 2010,6
2023,2023 Q4,Sweden,Education,Education,SOC 2010,10
2023,2023 Q4,Sweden,Financial and Insurance Activities,Finance,SOC 2010,29
2023,2023 Q4,Sweden,Human Health and Social Work Activities,Healthcare,SOC 2010,6
2023,2023 Q4,Sweden,Information and Communications,Technology,SOC 2010,6
2023,2023 Q4,Switzerland,Construction,Engineering,SOC 2010,1
2023,2023 Q4,Switzerland,Education,Education,SOC 2010,7
2023,2023 Q4,Switzerland,Financial and Insurance Activities,Finance,SOC 2010,14
2023,2023 Q4,Switzerland,Human Health and Social Work Activities,Healthcare,SOC 2010,4
2023,2023 Q4,Switzerland,Information and Communications,Technology,SOC 2010,4
2023,2023 Q4,Syria,Construction,Engineering,SOC 2010,1
2023,2023 Q4,Syria,Education,Education,SOC 2010,1
2023,2023 Q4,Syria,Human Health and Social Work Activities,Healthcare,SOC 2010,8
2023,2023 Q4,Syria,Information and Communications,Technology,SOC 2010,1
2023,2023 Q4,Taiwan,Education,Education,SOC 2010,3
2023,2023 Q4,Taiwan,Financial and Insurance Activities,Finance,SOC 2010,6
2023,2023 Q4,Taiwan,Human Health and Social Work Activities,Healthcare,SOC 2010,17
2023,2023 Q4,Taiwan,Information and Communications,Technology,SOC 2010,1
2023,2023 Q4,Tajikistan,Financial and Insurance Activities,Finance,SOC 2010,1
2023,2023 Q4,Tanzania,Financial and Insurance Activities,Finance,SOC 2010,1
2023,2023 Q4,Tanzania,Human Health and Social Work Activities,Healthcare,SOC 2010,35
2023,2023 Q4,Tanzania,Information and Communications,Technology,SOC 2010,1
2023,2023 Q4,Thailand,Construction,Engineering,SOC 2010,5
2023,2023 Q4,Thailand,Education,Education,SOC 2010,6
2023,2023 Q4,Thailand,Human Health and Social Work Activities,Healthcare,SOC 2010,10
2023,2023 Q4,Thailand,Information and Communications,Technology,SOC 2010,1
2023,2023 Q4,Trinidad and Tobago,Education,Education,SOC 2010,4
2023,2023 Q4,Trinidad and Tobago,Human Health and Social Work Activities,Healthcare,SOC 2010,44
2023,2023 Q4,Trinidad and Tobago,Information and Communications,Technology,SOC 2010,1
2023,2023 Q4,Tunisia,Construction,Engineering,SOC 2010,2
2023,2023 Q4,Tunisia,Education,Education,SOC 2010,3
2023,2023 Q4,Tunisia,Financial and Insurance Activities,Finance,SOC 2010,3
2023,2023 Q4,Tunisia,Human Health and Social Work Activities,Healthcare,SOC 2010,7
2023,2023 Q4,Turkey,Construction,Engineering,SOC 2010,37
2023,2023 Q4,Turkey,Education,Education,SOC 2010,50
2023,2023 Q4,Turkey,Financial and Insurance Activities,Finance,SOC 2010,24
2023,2023 Q4,Turkey,Human Health and Social Work Activities,Healthcare,SOC 2010,46
2023,2023 Q4,Turkey,Information and Communications,Technology,SOC 2010,46
2023,2023 Q4,Uganda,Education,Education,SOC 2010,9
2023,2023 Q4,Uganda,Financial and Insurance Activities,Finance,SOC 2010,2
2023,2023 Q4,Uganda,Human Health and Social Work Activities,Healthcare,SOC 2010,261
2023,2023 Q4,Ukraine,Construction,Engineering,SOC 2010,1
2023,2023 Q4,Ukraine,Education,Education,SOC 2010,3
2023,2023 Q4,Ukraine,Financial and Insurance Activities,Finance,SOC 2010,2
2023,2023 Q4,Ukraine,Information and Communications,Technology,SOC 2010,10
2023,2023 Q4,United Arab Emirates,Financial and Insurance Activities,Finance,SOC 2010,1
2023,2023 Q4,United Arab Emirates,Human Health and Social Work Activities,Healthcare,SOC 2010,1
2023,2023 Q4,United States,Construction,Engineering,SOC 2010,9
2023,2023 Q4,United States,Education,Education,SOC 2010,150
2023,2023 Q4,United States,Financial and Insurance Activities,Finance,SOC 2010,206
2023,2023 Q4,United States,Human Health and Social Work Activities,Healthcare,SOC 2010,47
2023,2023 Q4,United States,Information and Communications,Technology,SOC 2010,118
2023,2023 Q4,Uruguay,Financial and Insurance Activities,Finance,SOC 2010,1
2023,2023 Q4,Uzbekistan,Construction,Engineering,SOC 2010,4
2023,2023 Q4,Uzbekistan,Education,Education,SOC 2010,2
2023,2023 Q4,Uzbekistan,Financial and Insurance Activities,Finance,SOC 2010,1
2023,2023 Q4,Uzbekistan,Information and Communications,Technology,SOC 2010,1
2023,2023 Q4,Vanuatu,Information and Communications,Technology,SOC 2010,2
2023,2023 Q4,Venezuela,Construction,Engineering,SOC 2010,2
2023,2023 Q4,Venezuela,Information and Communications,Technology,SOC 2010,1
2023,2023 Q4,Vietnam,Education,Education,SOC 2010,11
2023,2023 Q4,Vietnam,Financial and Insurance Activities,Finance,SOC 2010,2
2023,2023 Q4,Vietnam,Human Health and Social Work Activities,Healthcare,SOC 2010,4
2023,2023 Q4,Vietnam,Information and Communications,Technology,SOC 2010,3
2023,2023 Q4,Yemen,Education,Education,SOC 2010,1
2023,2023 Q4,Yemen,Human Health and Social Work Activities,Healthcare,SOC 2010,2
2023,2023 Q4,Zambia,Education,Education,SOC 2010,3
2023,2023 Q4,Zambia,Human Health and Social Work Activities,Healthcare,SOC 2010,162
2023,2023 Q4,Zimbabwe,Construction,Engineering,SOC 2010,26
2023,2023 Q4,Zimbabwe,Education,Education,SOC 2010,23
2023,2023 Q4,Zimbabwe,Financial and Insurance Activities,Finance,SOC 2010,6
2023,2023 Q4,Zimbabwe,Human Health and Social Work Activities,Healthcare,SOC 2010,2533
2023,2023 Q4,Zimbabwe,Information and Communications,Technology,SOC 2010,6
2024,2024 Q1,Afghanistan,Construction,Engineering,SOC 2010,3
2024,2024 Q1,Afghanistan,Education,Education,SOC 2010,3
2024,2024 Q1,Afghanistan,Human Health and Social Work Activities,Healthcare,SOC 2010,15
2024,2024 Q1,Afghanistan,Information and Communications,Technology,SOC 2010,1
2024,2024 Q1,Albania,Construction,Engineering,SOC 2010,11
2024,2024 Q1,Albania,Education,Education,SOC 2010,4
2024,2024 Q1,Albania,Financial and Insurance Activities,Finance,SOC 2010,1
2024,2024 Q1,Albania,Human Health and Social Work Activities,Healthcare,SOC 2010,6
2024,2024 Q1,Algeria,Construction,Engineering,SOC 2010,1
2024,2024 Q1,Algeria,Education,Education,SOC 2010,3
2024,2024 Q1,Algeria,Financial and Insurance Activities,Finance,SOC 2010,1
2024,2024 Q1,Algeria,Human Health and Social Work Activities,Healthcare,SOC 2010,4
2024,2024 Q1,Antigua and Barbuda,Human Health and Social Work Activities,Healthcare,SOC 2010,1
2024,2024 Q1,Argentina,Construction,Engineering,SOC 2010,1
2024,2024 Q1,Argentina,Education,Education,SOC 2010,3
2024,2024 Q1,Argentina,Financial and Insurance Activities,Finance,SOC 2010,14
2024,2024 Q1,Argentina,Information and Communications,Technology,SOC 2010,4
2024,2024 Q1,Armenia,Financial and Insurance Activities,Finance,SOC 2010,2
2024,2024 Q1,Australia,Construction,Engineering,SOC 2010,3
2024,2024 Q1,Australia,Education,Education,SOC 2010,22
2024,2024 Q1,Australia,Financial and Insurance Activities,Finance,SOC 2010,64
2024,2024 Q1,Australia,Human Health and Social Work Activities,Healthcare,SOC 2010,133
2024,2024 Q1,Australia,Information and Communications,Technology,SOC 2010,14
2024,2024 Q1,Austria,Construction,Engineering,SOC 2010,5
2024,2024 Q1,Austria,Education,Education,SOC 2010,10
2024,2024 Q1,Austria,Financial and Insurance Activities,Finance,SOC 2010,13
2024,2024 Q1,Austria,Human Health and Social Work Activities,Healthcare,SOC 2010,1
2024,2024 Q1,Austria,Information and Communications,Technology,SOC 2010,5
2024,2024 Q1,Azerbaijan,Financial and Insurance Activities,Finance,SOC 2010,2
2024,2024 Q1,Azerbaijan,Human Health and Social Work Activities,Healthcare,SOC 2010,1
2024,2024 Q1,Azerbaijan,Information and Communications,Technology,SOC 2010,1
2024,2024 Q1,Bahrain,Construction,Engineering,SOC 2010,1
2024,2024 Q1,Bahrain,Financial and Insurance Activities,Finance,SOC 2010,1
2024,2024 Q1,Bahrain,Human Health and Social Work Activities,Healthcare,SOC 2010,2
2024,2024 Q1,Bangladesh,Construction,Engineering,SOC 2010,68
2024,2024 Q1,Bangladesh,Education,Education,SOC 2010,32
2024,2024 Q1,Bangladesh,Financial and Insurance Activities,Finance,SOC 2010,4
2024,2024 Q1,Bangladesh,Human Health and Social Work Activities,Healthcare,SOC 2010,269
2024,2024 Q1,Bangladesh,Information and Communications,Technology,SOC 2010,11
2024,2024 Q1,Barbados,Human Health and Social Work Activities,Healthcare,SOC 2010,2
2024,2024 Q1,Belarus,Education,Education,SOC 2010,1
2024,2024 Q1,Belarus,Human Health and Social Work Activities,Healthcare,SOC 2010,1
2024,2024 Q1,Belarus,Information and Communications,Technology,SOC 2010,3
2024,2024 Q1,Belgium,Construction,Engineering,SOC 2010,1
2024,2024 Q1,Belgium,Education,Education,SOC 2010,10
2024,2024 Q1,Belgium,Financial and Insurance Activities,Finance,SOC 2010,17
2024,2024 Q1,Belgium,Human Health and Social Work Activities,Healthcare,SOC 2010,4
2024,2024 Q1,Belgium,Information and Communications,Technology,SOC 2010,5
2024,2024 Q1,Benin,Education,Education,SOC 2010,1
2024,2024 Q1,Bhutan,Human Health and Social Work Activities,Healthcare,SOC 2010,1
2024,2024 Q1,Bolivia,Education,Education,SOC 2010,1
2024,2024 Q1,Bolivia,Financial and Insurance Activities,Finance,SOC 2010,1
2024,2024 Q1,Bolivia,Human Health and Social Work Activities,Healthcare,SOC 2010,2
2024,2024 Q1,Botswana,Education,Education,SOC 2010,1
2024,2024 Q1,Botswana,Human Health and Social Work Activities,Healthcare,SOC 2010,47
2024,2024 Q1,Brazil,Construction,Engineering,SOC 2010,2
2024,2024 Q1,Brazil,Education,Education,SOC 2010,41
2024,2024 Q1,Brazil,Financial and Insurance Activities,Finance,SOC 2010,13
2024,2024 Q1,Brazil,Human Health and Social Work Activities,Healthcare,SOC 2010,12
2024,2024 Q1,Brazil,Information and Communications,Technology,SOC 2010,20
2024,2024 Q1,Brunei,Education,Education,SOC 2010,1
2024,2024 Q1,Brunei,Human Health and Social Work Activities,Healthcare,SOC 2010,1
2024,2024 Q1,Bulgaria,Construction,Engineering,SOC 2010,1
2024,2024 Q1,Bulgaria,Education,Education,SOC 2010,3
2024,2024 Q1,Bulgaria,Human Health and Social Work Activities,Healthcare,SOC 2010,7
2024,2024 Q1,Bulgaria,Information and Communications,Technology,SOC 2010,3
2024,2024 Q1,Burundi,Financial and Insurance Activities,Finance,SOC 2010,1
2024,2024 Q1,Cameroon,Construction,Engineering,SOC 2010,1
2024,2024 Q1,Cameroon,Education,Education,SOC 2010,4
2024,2024 Q1,Cameroon,Financial and Insurance Activities,Finance,SOC 2010,8
2024,2024 Q1,Cameroon,Human Health and Social Work Activities,Healthcare,SOC 2010,68
2024,2024 Q1,Canada,Construction,Engineering,SOC 2010,5
2024,2024 Q1,Canada,Education,Education,SOC 2010,21
2024,2024 Q1,Canada,Financial and Insurance Activities,Finance,SOC 2010,41
2024,2024 Q1,Canada,Human Health and Social Work Activities,Healthcare,SOC 2010,29
2024,2024 Q1,Canada,Information and Communications,Technology,SOC 2010,22
2024,2024 Q1,Chile,Construction,Engineering,SOC 2010,1
2024,2024 Q1,Chile,Education,Education,SOC 2010,5
2024,2024 Q1,Chile,Financial and Insurance Activities,Finance,SOC 2010,1
2024,2024 Q1,Chile,Human Health and Social Work Activities,Healthcare,SOC 2010,2
2024,2024 Q1,Chile,Information and Communications,Technology,SOC 2010,1
2024,2024 Q1,China,Construction,Engineering,SOC 2010,6
2024,2024 Q1,China,Education,Education,SOC 2010,228
2024,2024 Q1,China,Financial and Insurance Activities,Finance,SOC 2010,79
2024,2024 Q1,China,Human Health and Social Work Activities,Healthcare,SOC 2010,8
2024,2024 Q1,China,Information and Communications,Technology,SOC 2010,54
2024,2024 Q1,Colombia,Construction,Engineering,SOC 2010,5
2024,2024 Q1,Colombia,Education,Education,SOC 2010,12
2024,2024 Q1,Colombia,Financial and Insurance Activities,Finance,SOC 2010,3
2024,2024 Q1,Colombia,Human Health and Social Work Activities,Healthcare,SOC 2010,8
2024,2024 Q1,Colombia,Information and Communications,Technology,SOC 2010,2
2024,2024 Q1,Congo (Democratic Republic),Human Health and Social Work Activities,Healthcare,SOC 2010,2
2024,2024 Q1,Costa Rica,Construction,Engineering,SOC 2010,1
2024,2024 Q1,Croatia,Construction,Engineering,SOC 2010,2
2024,2024 Q1,Croatia,Education,Education,SOC 2010,3
2024,2024 Q1,Croatia,Financial and Insurance Activities,Finance,SOC 2010,1
2024,2024 Q1,Croatia,Human Health and Social Work Activities,Healthcare,SOC 2010,1
2024,2024 Q1,Croatia,Information and Communications,Technology,SOC 2010,5
2024,2024 Q1,Cuba,Education,Education,SOC 2010,1
2024,2024 Q1,Cyprus,Education,Education,SOC 2010,3
2024,2024 Q1,Cyprus,Financial and Insurance Activities,Finance,SOC 2010,2
2024,2024 Q1,Cyprus,Human Health and Social Work Activities,Healthcare,SOC 2010,5
2024,2024 Q1,Czechia,Construction,Engineering,SOC 2010,1
2024,2024 Q1,Czechia,Education,Education,SOC 2010,3
2024,2024 Q1,Czechia,Financial and Insurance Activities,Finance,SOC 2010,3
2024,2024 Q1,Czechia,Information and Communications,Technology,SOC 2010,4
2024,2024 Q1,Denmark,Construction,Engineering,SOC 2010,3
2024,2024 Q1,Denmark,Education,Education,SOC 2010,6
2024,2024 Q1,Denmark,Financial and Insurance Activities,Finance,SOC 2010,11
2024,2024 Q1,Denmark,Human Health and Social Work Activities,Healthcare,SOC 2010,1
2024,2024 Q1,Denmark,Information and Communications,Technology,SOC 2010,5
2024,2024 Q1,Djibouti,Education,Education,SOC 2010,1
2024,2024 Q1,Dominica,Construction,Engineering,SOC 2010,2
2024,2024 Q1,Dominica,Education,Education,SOC 2010,1
2024,2024 Q1,Dominica,Financial and Insurance Activities,Finance,SOC 2010,1
2024,2024 Q1,Dominica,Human Health and Social Work Activities,Healthcare,SOC 2010,5
2024,2024 Q1,Ecuador,Education,Education,SOC 2010,7
2024,2024 Q1,Ecuador,Human Health and Social Work Activities,Healthcare,SOC 2010,3
2024,2024 Q1,Ecuador,Information and Communications,Technology,SOC 2010,1
2024,2024 Q1,Egypt,Construction,Engineering,SOC 2010,4
2024,2024 Q1,Egypt,Education,Education,SOC 2010,15
2024,2024 Q1,Egypt,Financial and Insurance Activities,Finance,SOC 2010,3
2024,2024 Q1,Egypt,Human Health and Social Work Activities,Healthcare,SOC 2010,182
2024,2024 Q1,Egypt,Information and Communications,Technology,SOC 2010,13
2024,2024 Q1,Estonia,Education,Education,SOC 2010,2
2024,2024 Q1,Eswatini,Human Health and Social Work Activities,Healthcare,SOC 2010,41
2024,2024 Q1,Ethiopia,Education,Education,SOC 2010,1
2024,2024 Q1,Ethiopia,Financial and Insurance Activities,Finance,SOC 2010,1
2024,2024 Q1,Ethiopia,Human Health and Social Work Activities,Healthcare,SOC 2010,9
2024,2024 Q1,Ethiopia,Information and Communications,Technology,SOC 2010,1
2024,2024 Q1,Finland,Construction,Engineering,SOC 2010,3
2024,2024 Q1,Finland,Education,Education,SOC 2010,4
2024,2024 Q1,Finland,Financial and Insurance Activities,Finance,SOC 2010,2
2024,2024 Q1,Finland,Human Health and Social Work Activities,Healthcare,SOC 2010,2
2024,2024 Q1,Finland,Information and Communications,Technology,SOC 2010,3
2024,2024 Q1,France,Construction,Engineering,SOC 2010,26
2024,2024 Q1,France,Education,Education,SOC 2010,143
2024,2024 Q1,France,Financial and Insurance Activities,Finance,SOC 2010,136
2024,2024 Q1,France,Human Health and Social Work Activities,Healthcare,SOC 2010,7
2024,2024 Q1,France,Information and Communications,Technology,SOC 2010,37
2024,2024 Q1,"Gambia, The",Education,Education,SOC 2010,5
2024,2024 Q1,"Gambia, The",Human Health and Social Work Activities,Healthcare,SOC 2010,11
2024,2024 Q1,Germany,Construction,Engineering,SOC 2010,9
2024,2024 Q1,Germany,Education,Education,SOC 2010,69
2024,2024 Q1,Germany,Financial and Insurance Activities,Finance,SOC 2010,113
2024,2024 Q1,Germany,Human Health and Social Work Activities,Healthcare,SOC 2010,32
2024,2024 Q1,Germany,Information and Communications,Technology,SOC 2010,37
2024,2024 Q1,Ghana,Construction,Engineering,SOC 2010,26
2024,2024 Q1,Ghana,Education,Education,SOC 2010,32
2024,2024 Q1,Ghana,Financial and Insurance Activities,Finance,SOC 2010,11
2024,2024 Q1,Ghana,Human Health and Social Work Activities,Healthcare,SOC 2010,586
2024,2024 Q1,Ghana,Information and Communications,Technology,SOC 2010,16
2024,2024 Q1,Greece,Construction,Engineering,SOC 2010,14
2024,2024 Q1,Greece,Education,Education,SOC 2010,13
2024,2024 Q1,Greece,Financial and Insurance Activities,Finance,SOC 2010,11
2024,2024 Q1,Greece,Human Health and Social Work Activities,Healthcare,SOC 2010,47
2024,2024 Q1,Greece,Information and Communications,Technology,SOC 2010,5
2024,2024 Q1,Grenada,Financial and Insurance Activities,Finance,SOC 2010,1
2024,2024 Q1,Grenada,Human Health and Social Work Activities,Healthcare,SOC 2010,3
2024,2024 Q1,Guatemala,Human Health and Social Work Activities,Healthcare,SOC 2010,1
2024,2024 Q1,Guyana,Human Health and Social Work Activities,Healthcare,SOC 2010,14
2024,2024 Q1,Hong Kong,Education,Education,SOC 2010,6
2024,2024 Q1,Hong Kong,Financial and Insurance Activities,Finance,SOC 2010,7
2024,2024 Q1,Hong Kong,Human Health and Social Work Activities,Healthcare,SOC 2010,3
2024,2024 Q1,Hong Kong,Information and Communications,Technology,SOC 2010,4
2024,2024 Q1,Hungary,Construction,Engineering,SOC 2010,2
2024,2024 Q1,Hungary,Education,Education,SOC 2010,5
2024,2024 Q1,Hungary,Financial and Insurance Activities,Finance,SOC 2010,6
2024,2024 Q1,Hungary,Human Health and Social Work Activities,Healthcare,SOC 2010,2
2024,2024 Q1,Hungary,Information and Communications,Technology,SOC 2010,1
2024,2024 Q1,Iceland,Education,Education,SOC 2010,1
2024,2024 Q1,Iceland,Financial and Insurance Activities,Finance,SOC 2010,1
2024,2024 Q1,Iceland,Human Health and Social Work Activities,Healthcare,SOC 2010,1
2024,2024 Q1,India,Construction,Engineering,SOC 2010,191
2024,2024 Q1,India,Education,Education,SOC 2010,164
2024,2024 Q1,India,Financial and Insurance Activities,Finance,SOC 2010,351
2024,2024 Q1,India,Human Health and Social Work Activities,Healthcare,SOC 2010,2643
2024,2024 Q1,India,Information and Communications,Technology,SOC 2010,1970
2024,2024 Q1,Indonesia,Construction,Engineering,SOC 2010,1
2024,2024 Q1,Indonesia,Education,Education,SOC 2010,7
2024,2024 Q1,Indonesia,Financial and Insurance Activities,Finance,SOC 2010,7
2024,2024 Q1,Indonesia,Human Health and Social Work Activities,Healthcare,SOC 2010,2
2024,2024 Q1,Indonesia,Information and Communications,Technology,SOC 2010,1
2024,2024 Q1,Iran,Education,Education,SOC 2010,32
2024,2024 Q1,Iran,Financial and Insurance Activities,Finance,SOC 2010,2
2024,2024 Q1,Iran,Human Health and Social Work Activities,Healthcare,SOC 2010,83
2024,2024 Q1,Iran,Information and Communications,Technology,SOC 2010,5
2024,2024 Q1,Iraq,Education,Education,SOC 2010,4
2024,2024 Q1,Iraq,Human Health and Social Work Activities,Healthcare,SOC 2010,32
2024,2024 Q1,Iraq,Information and Communications,Technology,SOC 2010,2
2024,2024 Q1,Israel,Education,Education,SOC 2010,7
2024,2024 Q1,Israel,Financial and Insurance Activities,Finance,SOC 2010,22
2024,2024 Q1,Israel,Human Health and Social Work Activities,Healthcare,SOC 2010,3
2024,2024 Q1,Israel,Information and Communications,Technology,SOC 2010,12
2024,2024 Q1,Italy,Construction,Engineering,SOC 2010,16
2024,2024 Q1,Italy,Education,Education,SOC 2010,49
2024,2024 Q1,Italy,Financial and Insurance Activities,Finance,SOC 2010,76
2024,2024 Q1,Italy,Human Health and Social Work Activities,Healthcare,SOC 2010,46
2024,2024 Q1,Italy,Information and Communications,Technology,SOC 2010,28
2024,2024 Q1,Ivory Coast,Education,Education,SOC 2010,2
2024,2024 Q1,Jamaica,Education,Education,SOC 2010,52
2024,2024 Q1,Jamaica,Financial and Insurance Activities,Finance,SOC 2010,1
2024,2024 Q1,Jamaica,Human Health and Social Work Activities,Healthcare,SOC 2010,37
2024,2024 Q1,Japan,Construction,Engineering,SOC 2010,2
2024,2024 Q1,Japan,Education,Education,SOC 2010,48
2024,2024 Q1,Japan,Financial and Insurance Activities,Finance,SOC 2010,116
2024,2024 Q1,Japan,Human Health and Social Work Activities,Healthcare,SOC 2010,12
2024,2024 Q1,Japan,Information and Communications,Technology,SOC 2010,53
2024,2024 Q1,Jordan,Education,Education,SOC 2010,4
2024,2024 Q1,Jordan,Financial and Insurance Activities,Finance,SOC 2010,1
2024,2024 Q1,Jordan,Human Health and Social Work Activities,Healthcare,SOC 2010,48
2024,2024 Q1,Jordan,Information and Communications,Technology,SOC 2010,1
2024,2024 Q1,Kazakhstan,Construction,Engineering,SOC 2010,1
2024,2024 Q1,Kazakhstan,Education,Education,SOC 2010,1
2024,2024 Q1,Kazakhstan,Financial and Insurance Activities,Finance,SOC 2010,5
2024,2024 Q1,Kazakhstan,Information and Communications,Technology,SOC 2010,4
2024,2024 Q1,Kenya,Construction,Engineering,SOC 2010,6
2024,2024 Q1,Kenya,Education,Education,SOC 2010,13
2024,2024 Q1,Kenya,Financial and Insurance Activities,Finance,SOC 2010,2
2024,2024 Q1,Kenya,Human Health and Social Work Activities,Healthcare,SOC 2010,198
2024,2024 Q1,Kenya,Information and Communications,Technology,SOC 2010,1
2024,2024 Q1,Kosovo,Education,Education,SOC 2010,2
2024,2024 Q1,Kosovo,Human Health and Social Work Activities,Healthcare,SOC 2010,1
2024,2024 Q1,Kuwait,Financial and Insurance Activities,Finance,SOC 2010,1
2024,2024 Q1,Kuwait,Human Health and Social Work Activities,Healthcare,SOC 2010,6
2024,2024 Q1,Latvia,Construction,Engineering,SOC 2010,2
2024,2024 Q1,Latvia,Financial and Insurance Activities,Finance,SOC 2010,3
2024,2024 Q1,Latvia,Information and Communications,Technology,SOC 2010,1
2024,2024 Q1,Lebanon,Construction,Engineering,SOC 2010,2
2024,2024 Q1,Lebanon,Education,Education,SOC 2010,3
2024,2024 Q1,Lebanon,Financial and Insurance Activities,Finance,SOC 2010,3
2024,2024 Q1,Lebanon,Human Health and Social Work Activities,Healthcare,SOC 2010,13
2024,2024 Q1,Lebanon,Information and Communications,Technology,SOC 2010,1
2024,2024 Q1,Lesotho,Human Health and Social Work Activities,Healthcare,SOC 2010,6
2024,2024 Q1,Libya,Human Health and Social Work Activities,Healthcare,SOC 2010,6
2024,2024 Q1,Lithuania,Construction,Engineering,SOC 2010,1
2024,2024 Q1,Lithuania,Education,Education,SOC 2010,1
2024,2024 Q1,Lithuania,Financial and Insurance Activities,Finance,SOC 2010,2
2024,2024 Q1,Lithuania,Human Health and Social Work Activities,Healthcare,SOC 2010,1
2024,2024 Q1,Lithuania,Information and Communications,Technology,SOC 2010,1
2024,2024 Q1,Luxembourg,Financial and Insurance Activities,Finance,SOC 2010,2
2024,2024 Q1,Luxembourg,Information and Communications,Technology,SOC 2010,1
2024,2024 Q1,Macau,Education,Education,SOC 2010,1
2024,2024 Q1,Madagascar,Education,Education,SOC 2010,1
2024,2024 Q1,Malawi,Education,Education,SOC 2010,4
2024,2024 Q1,Malawi,Human Health and Social Work Activities,Healthcare,SOC 2010,5
2024,2024 Q1,Malaysia,Construction,Engineering,SOC 2010,1
2024,2024 Q1,Malaysia,Education,Education,SOC 2010,12
2024,2024 Q1,Malaysia,Financial and Insurance Activities,Finance,SOC 2010,15
2024,2024 Q1,Malaysia,Human Health and Social Work Activities,Healthcare,SOC 2010,38
2024,2024 Q1,Malaysia,Information and Communications,Technology,SOC 2010,4
2024,2024 Q1,Malta,Education,Education,SOC 2010,1
2024,2024 Q1,Malta,Financial and Insurance Activities,Finance,SOC 2010,3
2024,2024 Q1,Malta,Human Health and Social Work Activities,Healthcare,SOC 2010,8
2024,2024 Q1,Malta,Information and Communications,Technology,SOC 2010,1
2024,2024 Q1,Mauritius,Construction,Engineering,SOC 2010,1
2024,2024 Q1,Mauritius,Education,Education,SOC 2010,2
2024,2024 Q1,Mauritius,Financial and Insurance Activities,Finance,SOC 2010,2
2024,2024 Q1,Mauritius,Human Health and Social Work Activities,Healthcare,SOC 2010,16
2024,2024 Q1,Mexico,Construction,Engineering,SOC 2010,3
2024,2024 Q1,Mexico,Education,Education,SOC 2010,12
2024,2024 Q1,Mexico,Financial and Insurance Activities,Finance,SOC 2010,4
2024,2024 Q1,Mexico,Human Health and Social Work Activities,Healthcare,SOC 2010,5
2024,2024 Q1,Mexico,Information and Communications,Technology,SOC 2010,6
2024,2024 Q1,Moldova,Construction,Engineering,SOC 2010,1
2024,2024 Q1,Mongolia,Human Health and Social Work Activities,Healthcare,SOC 2010,1
2024,2024 Q1,Morocco,Education,Education,SOC 2010,8
2024,2024 Q1,Morocco,Financial and Insurance Activities,Finance,SOC 2010,18
2024,2024 Q1,Morocco,Human Health and Social Work Activities,Healthcare,SOC 2010,6
2024,2024 Q1,Morocco,Information and Communications,Technology,SOC 2010,2
2024,2024 Q1,Mozambique,Education,Education,SOC 2010,1
2024,2024 Q1,Mozambique,Financial and Insurance Activities,Finance,SOC 2010,1
2024,2024 Q1,Myanmar (Burma),Construction,Engineering,SOC 2010,2
2024,2024 Q1,Myanmar (Burma),Education,Education,SOC 2010,2
2024,2024 Q1,Myanmar (Burma),Financial and Insurance Activities,Finance,SOC 2010,1
2024,2024 Q1,Myanmar (Burma),Human Health and Social Work Activities,Healthcare,SOC 2010,32
2024,2024 Q1,Namibia,Human Health and Social Work Activities,Healthcare,SOC 2010,8
2024,2024 Q1,Nepal,Construction,Engineering,SOC 2010,3
2024,2024 Q1,Nepal,Education,Education,SOC 2010,1
2024,2024 Q1,Nepal,Financial and Insurance Activities,Finance,SOC 2010,2
2024,2024 Q1,Nepal,Human Health and Social Work Activities,Healthcare,SOC 2010,147
2024,2024 Q1,Nepal,Information and Communications,Technology,SOC 2010,6
2024,2024 Q1,Netherlands,Construction,Engineering,SOC 2010,43
2024,2024 Q1,Netherlands,Education,Education,SOC 2010,23
2024,2024 Q1,Netherlands,Financial and Insurance Activities,Finance,SOC 2010,44
2024,2024 Q1,Netherlands,Human Health and Social Work Activities,Healthcare,SOC 2010,5
2024,2024 Q1,Netherlands,Information and Communications,Technology,SOC 2010,16
2024,2024 Q1,New Zealand,Construction,Engineering,SOC 2010,4
2024,2024 Q1,New Zealand,Education,Education,SOC 2010,12
2024,2024 Q1,New Zealand,Financial and Insurance Activities,Finance,SOC 2010,8
2024,2024 Q1,New Zealand,Human Health and Social Work Activities,Healthcare,SOC 2010,14
2024,2024 Q1,New Zealand,Information and Communications,Technology,SOC 2010,4
2024,2024 Q1,Nigeria,Construction,Engineering,SOC 2010,4
2024,2024 Q1,Nigeria,Education,Education,SOC 2010,62
2024,2024 Q1,Nigeria,Financial and Insurance Activities,Finance,SOC 2010,11
2024,2024 Q1,Nigeria,Human Health and Social Work Activities,Healthcare,SOC 2010,1224
2024,2024 Q1,Nigeria,Information and Communications,Technology,SOC 2010,22
2024,2024 Q1,North Macedonia,Education,Education,SOC 2010,1
2024,2024 Q1,North Macedonia,Human Health and Social Work Activities,Healthcare,SOC 2010,2
2024,2024 Q1,North Macedonia,Information and Communications,Technology,SOC 2010,1
2024,2024 Q1,Norway,Education,Education,SOC 2010,10
2024,2024 Q1,Norway,Financial and Insurance Activities,Finance,SOC 2010,10
2024,2024 Q1,Norway,Human Health and Social Work Activities,Healthcare,SOC 2010,1
2024,2024 Q1,Norway,Information and Communications,Technology,SOC 2010,2
2024,2024 Q1,Occupied Palestinian Territories,Construction,Engineering,SOC 2010,1
2024,2024 Q1,Occupied Palestinian Territories,Education,Education,SOC 2010,1
2024,2024 Q1,Occupied Palestinian Territories,Human Health and Social Work Activities,Healthcare,SOC 2010,32
2024,2024 Q1,Oman,Construction,Engineering,SOC 2010,1
2024,2024 Q1,Oman,Education,Education,SOC 2010,1
2024,2024 Q1,Oman,Financial and Insurance Activities,Finance,SOC 2010,1
2024,2024 Q1,Other and unknown,Human Health and Social Work Activities,Healthcare,SOC 2010,1
2024,2024 Q1,Other and unknown,Information and Communications,Technology,SOC 2010,1
2024,2024 Q1,Pakistan,Construction,Engineering,SOC 2010,258
2024,2024 Q1,Pakistan,Education,Education,SOC 2010,99
2024,2024 Q1,Pakistan,Financial and Insurance Activities,Finance,SOC 2010,50
2024,2024 Q1,Pakistan,Human Health and Social Work Activities,Healthcare,SOC 2010,786
2024,2024 Q1,Pakistan,Information and Communications,Technology,SOC 2010,206
2024,2024 Q1,Peru,Construction,Engineering,SOC 2010,4
2024,2024 Q1,Peru,Education,Education,SOC 2010,2
2024,2024 Q1,Peru,Financial and Insurance Activities,Finance,SOC 2010,2
2024,2024 Q1,Peru,Human Health and Social Work Activities,Healthcare,SOC 2010,4
2024,2024 Q1,Philippines,Construction,Engineering,SOC 2010,11
2024,2024 Q1,Philippines,Education,Education,SOC 2010,32
2024,2024 Q1,Philippines,Financial and Insurance Activities,Finance,SOC 2010,11
2024,2024 Q1,Philippines,Human Health and Social Work Activities,Healthcare,SOC 2010,622
2024,2024 Q1,Philippines,Information and Communications,Technology,SOC 2010,8
2024,2024 Q1,Poland,Construction,Engineering,SOC 2010,21
2024,2024 Q1,Poland,Education,Education,SOC 2010,7
2024,2024 Q1,Poland,Financial and Insurance Activities,Finance,SOC 2010,17
2024,2024 Q1,Poland,Human Health and Social Work Activities,Healthcare,SOC 2010,8
2024,2024 Q1,Poland,Information and Communications,Technology,SOC 2010,7
2024,2024 Q1,Portugal,Construction,Engineering,SOC 2010,9
2024,2024 Q1,Portugal,Education,Education,SOC 2010,13
2024,2024 Q1,Portugal,Financial and Insurance Activities,Finance,SOC 2010,21
2024,2024 Q1,Portugal,Human Health and Social Work Activities,Healthcare,SOC 2010,23
2024,2024 Q1,Portugal,Information and Communications,Technology,SOC 2010,16
2024,2024 Q1,Refugee,Human Health and Social Work Activities,Healthcare,SOC 2010,4
2024,2024 Q1,Romania,Construction,Engineering,SOC 2010,52
2024,2024 Q1,Romania,Education,Education,SOC 2010,3
2024,2024 Q1,Romania,Financial and Insurance Activities,Finance,SOC 2010,7
2024,2024 Q1,Romania,Human Health and Social Work Activities,Healthcare,SOC 2010,14
2024,2024 Q1,Romania,Information and Communications,Technology,SOC 2010,11
2024,2024 Q1,Russia,Education,Education,SOC 2010,9
2024,2024 Q1,Russia,Financial and Insurance Activities,Finance,SOC 2010,20
2024,2024 Q1,Russia,Human Health and Social Work Activities,Healthcare,SOC 2010,7
2024,2024 Q1,Russia,Information and Communications,Technology,SOC 2010,34
2024,2024 Q1,Rwanda,Education,Education,SOC 2010,1
2024,2024 Q1,Saudi Arabia,Education,Education,SOC 2010,1
2024,2024 Q1,Saudi Arabia,Human Health and Social Work Activities,Healthcare,SOC 2010,8
2024,2024 Q1,Saudi Arabia,Information and Communications,Technology,SOC 2010,3
2024,2024 Q1,Senegal,Education,Education,SOC 2010,1
2024,2024 Q1,Senegal,Financial and Insurance Activities,Finance,SOC 2010,1
2024,2024 Q1,Senegal,Human Health and Social Work Activities,Healthcare,SOC 2010,1
2024,2024 Q1,Serbia,Construction,Engineering,SOC 2010,1
2024,2024 Q1,Serbia,Education,Education,SOC 2010,5
2024,2024 Q1,Serbia,Financial and Insurance Activities,Finance,SOC 2010,3
2024,2024 Q1,Serbia,Human Health and Social Work Activities,Healthcare,SOC 2010,1
2024,2024 Q1,Serbia,Information and Communications,Technology,SOC 2010,1
2024,2024 Q1,Seychelles,Human Health and Social Work Activities,Healthcare,SOC 2010,2
2024,2024 Q1,Sierra Leone,Human Health and Social Work Activities,Healthcare,SOC 2010,19
2024,2024 Q1,Singapore,Education,Education,SOC 2010,8
2024,2024 Q1,Singapore,Financial and Insurance Activities,Finance,SOC 2010,22
2024,2024 Q1,Singapore,Human Health and Social Work Activities,Healthcare,SOC 2010,12
2024,2024 Q1,Singapore,Information and Communications,Technology,SOC 2010,5
2024,2024 Q1,Slovakia,Education,Education,SOC 2010,1
2024,2024 Q1,Slovakia,Financial and Insurance Activities,Finance,SOC 2010,2
2024,2024 Q1,Slovakia,Information and Communications,Technology,SOC 2010,1
2024,2024 Q1,Slovenia,Education,Education,SOC 2010,3
2024,2024 Q1,Somalia,Education,Education,SOC 2010,1
2024,2024 Q1,Somalia,Human Health and Social Work Activities,Healthcare,SOC 2010,12
2024,2024 Q1,South Africa,Construction,Engineering,SOC 2010,11
2024,2024 Q1,South Africa,Education,Education,SOC 2010,36
2024,2024 Q1,South Africa,Financial and Insurance Activities,Finance,SOC 2010,52
2024,2024 Q1,South Africa,Human Health and Social Work Activities,Healthcare,SOC 2010,102
2024,2024 Q1,South Africa,Information and Communications,Technology,SOC 2010,40
2024,2024 Q1,South Korea,Construction,Engineering,SOC 2010,2
2024,2024 Q1,South Korea,Education,Education,SOC 2010,15
2024,2024 Q1,South Korea,Financial and Insurance Activities,Finance,SOC 2010,17
2024,2024 Q1,South Korea,Human Health and Social Work Activities,Healthcare,SOC 2010,7
2024,2024 Q1,South Korea,Information and Communications,Technology,SOC 2010,6
2024,2024 Q1,Spain,Construction,Engineering,SOC 2010,68
2024,2024 Q1,Spain,Education,Education,SOC 2010,73
2024,2024 Q1,Spain,Financial and Insurance Activities,Finance,SOC 2010,48
2024,2024 Q1,Spain,Human Health and Social Work Activities,Healthcare,SOC 2010,26
2024,2024 Q1,Spain,Information and Communications,Technology,SOC 2010,22
2024,2024 Q1,Sri Lanka,Construction,Engineering,SOC 2010,10
2024,2024 Q1,Sri Lanka,Education,Education,SOC 2010,33
2024,2024 Q1,Sri Lanka,Financial and Insurance Activities,Finance,SOC 2010,9
2024,2024 Q1,Sri Lanka,Human Health and Social Work Activities,Healthcare,SOC 2010,288
2024,2024 Q1,Sri Lanka,Information and Communications,Technology,SOC 2010,25
2024,2024 Q1,St Kitts and Nevis,Construction,Engineering,SOC 2010,4
2024,2024 Q1,St Kitts and Nevis,Information and Communications,Technology,SOC 2010,1
2024,2024 Q1,St Lucia,Human Health and Social Work Activities,Healthcare,SOC 2010,9
2024,2024 Q1,St Vincent and the Grenadines,Human Health and Social Work Activities,Healthcare,SOC 2010,3
2024,2024 Q1,Sudan,Education,Education,SOC 2010,3
2024,2024 Q1,Sudan,Financial and Insurance Activities,Finance,SOC 2010,1
2024,2024 Q1,Sudan,Human Health and Social Work Activities,Healthcare,SOC 2010,63
2024,2024 Q1,Sudan,Information and Communications,Technology,SOC 2010,1
2024,2024 Q1,Sweden,Construction,Engineering,SOC 2010,2
2024,2024 Q1,Sweden,Education,Education,SOC 2010,9
2024,2024 Q1,Sweden,Financial and Insurance Activities,Finance,SOC 2010,17
2024,2024 Q1,Sweden,Human Health and Social Work Activities,Healthcare,SOC 2010,6
2024,2024 Q1,Sweden,Information and Communications,Technology,SOC 2010,8
2024,2024 Q1,Switzerland,Education,Education,SOC 2010,8
2024,2024 Q1,Switzerland,Financial and Insurance Activities,Finance,SOC 2010,15
2024,2024 Q1,Switzerland,Human Health and Social Work Activities,Healthcare,SOC 2010,5
2024,2024 Q1,Switzerland,Information and Communications,Technology,SOC 2010,1
2024,2024 Q1,Syria,Construction,Engineering,SOC 2010,1
2024,2024 Q1,Syria,Education,Education,SOC 2010,4
2024,2024 Q1,Syria,Human Health and Social Work Activities,Healthcare,SOC 2010,2
2024,2024 Q1,Taiwan,Education,Education,SOC 2010,10
2024,2024 Q1,Taiwan,Financial and Insurance Activities,Finance,SOC 2010,4
2024,2024 Q1,Taiwan,Human Health and Social Work Activities,Healthcare,SOC 2010,18
2024,2024 Q1,Taiwan,Information and Communications,Technology,SOC 2010,2
2024,2024 Q1,Tajikistan,Construction,Engineering,SOC 2010,1
2024,2024 Q1,Tanzania,Education,Education,SOC 2010,10
2024,2024 Q1,Tanzania,Financial and Insurance Activities,Finance,SOC 2010,1
2024,2024 Q1,Tanzania,Human Health and Social Work Activities,Healthcare,SOC 2010,9
2024,2024 Q1,Tanzania,Information and Communications,Technology,SOC 2010,1
2024,2024 Q1,Thailand,Education,Education,SOC 2010,7
2024,2024 Q1,Thailand,Financial and Insurance Activities,Finance,SOC 2010,1
2024,2024 Q1,Thailand,Human Health and Social Work Activities,Healthcare,SOC 2010,6
2024,2024 Q1,Thailand,Information and Communications,Technology,SOC 2010,1
2024,2024 Q1,Trinidad and Tobago,Education,Education,SOC 2010,1
2024,2024 Q1,Trinidad and Tobago,Human Health and Social Work Activities,Healthcare,SOC 2010,24
2024,2024 Q1,Tunisia,Construction,Engineering,SOC 2010,1
2024,2024 Q1,Tunisia,Education,Education,SOC 2010,2
2024,2024 Q1,Tunisia,Financial and Insurance Activities,Finance,SOC 2010,1
2024,2024 Q1,Tunisia,Human Health and Social Work Activities,Healthcare,SOC 2010,2
2024,2024 Q1,Tunisia,Information and Communications,Technology,SOC 2010,4
2024,2024 Q1,Turkey,Construction,Engineering,SOC 2010,31
2024,2024 Q1,Turkey,Education,Education,SOC 2010,41
2024,2024 Q1,Turkey,Financial and Insurance Activities,Finance,SOC 2010,21
2024,2024 Q1,Turkey,Human Health and Social Work Activities,Healthcare,SOC 2010,40
2024,2024 Q1,Turkey,Information and Communications,Technology,SOC 2010,38
2024,2024 Q1,Turkmenistan,Human Health and Social Work Activities,Healthcare,SOC 2010,1
2024,2024 Q1,Uganda,Construction,Engineering,SOC 2010,1
2024,2024 Q1,Uganda,Education,Education,SOC 2010,13
2024,2024 Q1,Uganda,Financial and Insurance Activities,Finance,SOC 2010,1
2024,2024 Q1,Uganda,Human Health and Social Work Activities,Healthcare,SOC 2010,50
2024,2024 Q1,Uganda,Information and Communications,Technology,SOC 2010,1
2024,2024 Q1,Ukraine,Construction,Engineering,SOC 2010,28
2024,2024 Q1,Ukraine,Education,Education,SOC 2010,1
2024,2024 Q1,Ukraine,Financial and Insurance Activities,Finance,SOC 2010,4
2024,2024 Q1,Ukraine,Human Health and Social Work Activities,Healthcare,SOC 2010,3
2024,2024 Q1,Ukraine,Information and Communications,Technology,SOC 2010,11
2024,2024 Q1,United Arab Emirates,Education,Education,SOC 2010,1
2024,2024 Q1,United Arab Emirates,Human Health and Social Work Activities,Healthcare,SOC 2010,1
2024,2024 Q1,United States,Construction,Engineering,SOC 2010,19
2024,2024 Q1,United States,Education,Education,SOC 2010,116
2024,2024 Q1,United States,Financial and Insurance Activities,Finance,SOC 2010,215
2024,2024 Q1,United States,Human Health and Social Work Activities,Healthcare,SOC 2010,46
2024,2024 Q1,United States,Information and Communications,Technology,SOC 2010,171
2024,2024 Q1,Uruguay,Education,Education,SOC 2010,1
2024,2024 Q1,Uzbekistan,Construction,Engineering,SOC 2010,2
2024,2024 Q1,Uzbekistan,Human Health and Social Work Activities,Healthcare,SOC 2010,1
2024,2024 Q1,Uzbekistan,Information and Communications,Technology,SOC 2010,2
2024,2024 Q1,Venezuela,Construction,Engineering,SOC 2010,1
2024,2024 Q1,Venezuela,Information and Communications,Technology,SOC 2010,1
2024,2024 Q1,Vietnam,Construction,Engineering,SOC 2010,1
2024,2024 Q1,Vietnam,Education,Education,SOC 2010,5
2024,2024 Q1,Vietnam,Financial and Insurance Activities,Finance,SOC 2010,5
2024,2024 Q1,Vietnam,Human Health and Social Work Activities,Healthcare,SOC 2010,5
2024,2024 Q1,Vietnam,Information and Communications,Technology,SOC 2010,3
2024,2024 Q1,Yemen,Human Health and Social Work Activities,Healthcare,SOC 2010,4
2024,2024 Q1,Zambia,Education,Education,SOC 2010,4
2024,2024 Q1,Zambia,Financial and Insurance Activities,Finance,SOC 2010,1
2024,2024 Q1,Zambia,Human Health and Social Work Activities,Healthcare,SOC 2010,58
2024,2024 Q1,Zimbabwe,Construction,Engineering,SOC 2010,23
2024,2024 Q1,Zimbabwe,Education,Education,SOC 2010,31
2024,2024 Q1,Zimbabwe,Financial and Insurance Activities,Finance,SOC 2010,6
2024,2024 Q1,Zimbabwe,Human Health and Social Work Activities,Healthcare,SOC 2010,701
2024,2024 Q1,Zimbabwe,Information and Communications,Technology,SOC 2010,3
2024,2024 Q4,Afghanistan,Construction,Engineering,SOC 2020,1
2024,2024 Q4,Afghanistan,Human Health and Social Work Activities,Healthcare,SOC 2020,5
2024,2024 Q4,Albania,Construction,Engineering,SOC 2020,13
2024,2024 Q4,Albania,Education,Education,SOC 2020,2
2024,2024 Q4,Albania,Financial and Insurance Activities,Finance,SOC 2020,3
2024,2024 Q4,Albania,Human Health and Social Work Activities,Healthcare,SOC 2020,8
2024,2024 Q4,Algeria,Construction,Engineering,SOC 2020,2
2024,2024 Q4,Algeria,Education,Education,SOC 2020,2
2024,2024 Q4,Algeria,Financial and Insurance Activities,Finance,SOC 2020,1
2024,2024 Q4,Algeria,Human Health and Social Work Activities,Healthcare,SOC 2020,2
2024,2024 Q4,Algeria,Information and Communications,Technology,SOC 2020,2
2024,2024 Q4,Angola,Information and Communications,Technology,SOC 2020,1
2024,2024 Q4,Antigua and Barbuda,Human Health and Social Work Activities,Healthcare,SOC 2020,1
2024,2024 Q4,Argentina,Education,Education,SOC 2020,1
2024,2024 Q4,Argentina,Financial and Insurance Activities,Finance,SOC 2020,4
2024,2024 Q4,Argentina,Information and Communications,Technology,SOC 2020,7
2024,2024 Q4,Armenia,Human Health and Social Work Activities,Healthcare,SOC 2020,1
2024,2024 Q4,Australia,Education,Education,SOC 2020,28
2024,2024 Q4,Australia,Financial and Insurance Activities,Finance,SOC 2020,60
2024,2024 Q4,Australia,Human Health and Social Work Activities,Healthcare,SOC 2020,69
2024,2024 Q4,Australia,Information and Communications,Technology,SOC 2020,25
2024,2024 Q4,Austria,Construction,Engineering,SOC 2020,1
2024,2024 Q4,Austria,Education,Education,SOC 2020,3
2024,2024 Q4,Austria,Financial and Insurance Activities,Finance,SOC 2020,12
2024,2024 Q4,Austria,Human Health and Social Work Activities,Healthcare,SOC 2020,4
2024,2024 Q4,Austria,Information and Communications,Technology,SOC 2020,4
2024,2024 Q4,Azerbaijan,Construction,Engineering,SOC 2020,1
2024,2024 Q4,Azerbaijan,Education,Education,SOC 2020,1
2024,2024 Q4,Azerbaijan,Financial and Insurance Activities,Finance,SOC 2020,2
2024,2024 Q4,Azerbaijan,Human Health and Social Work Activities,Healthcare,SOC 2020,2
2024,2024 Q4,Azerbaijan,Information and Communications,Technology,SOC 2020,2
2024,2024 Q4,Bahrain,Education,Education,SOC 2020,1
2024,2024 Q4,Bahrain,Human Health and Social Work Activities,Healthcare,SOC 2020,1
2024,2024 Q4,Bahrain,Information and Communications,Technology,SOC 2020,2
2024,2024 Q4,Bangladesh,Construction,Engineering,SOC 2020,10
2024,2024 Q4,Bangladesh,Education,Education,SOC 2020,9
2024,2024 Q4,Bangladesh,Financial and Insurance Activities,Finance,SOC 2020,3
2024,2024 Q4,Bangladesh,Human Health and Social Work Activities,Healthcare,SOC 2020,88
2024,2024 Q4,Bangladesh,Information and Communications,Technology,SOC 2020,10
2024,2024 Q4,Barbados,Human Health and Social Work Activities,Healthcare,SOC 2020,3
2024,2024 Q4,Belarus,Education,Education,SOC 2020,1
2024,2024 Q4,Belarus,Financial and Insurance Activities,Finance,SOC 2020,2
2024,2024 Q4,Belarus,Information and Communications,Technology,SOC 2020,9
2024,2024 Q4,Belgium,Construction,Engineering,SOC 2020,7
2024,2024 Q4,Belgium,Education,Education,SOC 2020,7
2024,2024 Q4,Belgium,Financial and Insurance Activities,Finance,SOC 2020,20
2024,2024 Q4,Belgium,Human Health and Social Work Activities,Healthcare,SOC 2020,15
2024,2024 Q4,Belgium,Information and Communications,Technology,SOC 2020,4
2024,2024 Q4,Belize,Construction,Engineering,SOC 2020,15
2024,2024 Q4,Bhutan,Financial and Insurance Activities,Finance,SOC 2020,1
2024,2024 Q4,Bhutan,Human Health and Social Work Activities,Healthcare,SOC 2020,1
2024,2024 Q4,Bhutan,Information and Communications,Technology,SOC 2020,1
2024,2024 Q4,Bosnia and Herzegovina,Human Health and Social Work Activities,Healthcare,SOC 2020,1
2024,2024 Q4,Botswana,Human Health and Social Work Activities,Healthcare,SOC 2020,10
2024,2024 Q4,Brazil,Construction,Engineering,SOC 2020,2
2024,2024 Q4,Brazil,Education,Education,SOC 2020,39
2024,2024 Q4,Brazil,Financial and Insurance Activities,Finance,SOC 2020,23
2024,2024 Q4,Brazil,Human Health and Social Work Activities,Healthcare,SOC 2020,9
2024,2024 Q4,Brazil,Information and Communications,Technology,SOC 2020,17
2024,2024 Q4,Brunei,Human Health and Social Work Activities,Healthcare,SOC 2020,1
2024,2024 Q4,Bulgaria,Construction,Engineering,SOC 2020,1
2024,2024 Q4,Bulgaria,Education,Education,SOC 2020,1
2024,2024 Q4,Bulgaria,Financial and Insurance Activities,Finance,SOC 2020,6
2024,2024 Q4,Bulgaria,Human Health and Social Work Activities,Healthcare,SOC 2020,4
2024,2024 Q4,Bulgaria,Information and Communications,Technology,SOC 2020,5
2024,2024 Q4,Cameroon,Construction,Engineering,SOC 2020,1
2024,2024 Q4,Cameroon,Education,Education,SOC 2020,2
2024,2024 Q4,Cameroon,Financial and Insurance Activities,Finance,SOC 2020,3
2024,2024 Q4,Cameroon,Human Health and Social Work Activities,Healthcare,SOC 2020,19
2024,2024 Q4,Canada,Construction,Engineering,SOC 2020,1
2024,2024 Q4,Canada,Education,Education,SOC 2020,16
2024,2024 Q4,Canada,Financial and Insurance Activities,Finance,SOC 2020,46
2024,2024 Q4,Canada,Human Health and Social Work Activities,Healthcare,SOC 2020,27
2024,2024 Q4,Canada,Information and Communications,Technology,SOC 2020,16
2024,2024 Q4,Chile,Education,Education,SOC 2020,7
2024,2024 Q4,China,Construction,Engineering,SOC 2020,7
2024,2024 Q4,China,Education,Education,SOC 2020,205
2024,2024 Q4,China,Financial and Insurance Activities,Finance,SOC 2020,93
2024,2024 Q4,China,Human Health and Social Work Activities,Healthcare,SOC 2020,4
2024,2024 Q4,China,Information and Communications,Technology,SOC 2020,88
2024,2024 Q4,Colombia,Construction,Engineering,SOC 2020,2
2024,2024 Q4,Colombia,Education,Education,SOC 2020,8
2024,2024 Q4,Colombia,Financial and Insurance Activities,Finance,SOC 2020,3
2024,2024 Q4,Colombia,Human Health and Social Work Activities,Healthcare,SOC 2020,1
2024,2024 Q4,Colombia,Information and Communications,Technology,SOC 2020,3
2024,2024 Q4,Congo (Democratic Republic),Human Health and Social Work Activities,Healthcare,SOC 2020,1
2024,2024 Q4,Croatia,Construction,Engineering,SOC 2020,4
2024,2024 Q4,Croatia,Financial and Insurance Activities,Finance,SOC 2020,1
2024,2024 Q4,Croatia,Human Health and Social Work Activities,Healthcare,SOC 2020,2
2024,2024 Q4,Croatia,Information and Communications,Technology,SOC 2020,3
2024,2024 Q4,Cuba,Education,Education,SOC 2020,1
2024,2024 Q4,Cyprus,Education,Education,SOC 2020,1
2024,2024 Q4,Cyprus,Financial and Insurance Activities,Finance,SOC 2020,1
2024,2024 Q4,Cyprus,Human Health and Social Work Activities,Healthcare,SOC 2020,5
2024,2024 Q4,Cyprus,Information and Communications,Technology,SOC 2020,1
2024,2024 Q4,Czechia,Education,Education,SOC 2020,1
2024,2024 Q4,Czechia,Financial and Insurance Activities,Finance,SOC 2020,1
2024,2024 Q4,Czechia,Information and Communications,Technology,SOC 2020,1
2024,2024 Q4,Denmark,Construction,Engineering,SOC 2020,2
2024,2024 Q4,Denmark,Education,Education,SOC 2020,4
2024,2024 Q4,Denmark,Financial and Insurance Activities,Finance,SOC 2020,11
2024,2024 Q4,Denmark,Human Health and Social Work Activities,Healthcare,SOC 2020,2
2024,2024 Q4,Denmark,Information and Communications,Technology,SOC 2020,5
2024,2024 Q4,Dominica,Construction,Engineering,SOC 2020,1
2024,2024 Q4,Dominica,Human Health and Social Work Activities,Healthcare,SOC 2020,1
2024,2024 Q4,Dominican Republic,Human Health and Social Work Activities,Healthcare,SOC 2020,1
2024,2024 Q4,Ecuador,Education,Education,SOC 2020,9
2024,2024 Q4,Ecuador,Information and Communications,Technology,SOC 2020,1
2024,2024 Q4,Egypt,Construction,Engineering,SOC 2020,18
2024,2024 Q4,Egypt,Education,Education,SOC 2020,4
2024,2024 Q4,Egypt,Financial and Insurance Activities,Finance,SOC 2020,5
2024,2024 Q4,Egypt,Human Health and Social Work Activities,Healthcare,SOC 2020,161
2024,2024 Q4,Egypt,Information and Communications,Technology,SOC 2020,15
2024,2024 Q4,El Salvador,Financial and Insurance Activities,Finance,SOC 2020,1
2024,2024 Q4,Estonia,Financial and Insurance Activities,Finance,SOC 2020,3
2024,2024 Q4,Eswatini,Human Health and Social Work Activities,Healthcare,SOC 2020,14
2024,2024 Q4,Ethiopia,Education,Education,SOC 2020,2
2024,2024 Q4,Ethiopia,Human Health and Social Work Activities,Healthcare,SOC 2020,1
2024,2024 Q4,Ethiopia,Information and Communications,Technology,SOC 2020,1
2024,2024 Q4,Fiji,Education,Education,SOC 2020,1
2024,2024 Q4,Finland,Education,Education,SOC 2020,5
2024,2024 Q4,Finland,Financial and Insurance Activities,Finance,SOC 2020,9
2024,2024 Q4,Finland,Human Health and Social Work Activities,Healthcare,SOC 2020,2
2024,2024 Q4,Finland,Information and Communications,Technology,SOC 2020,1
2024,2024 Q4,France,Construction,Engineering,SOC 2020,18
2024,2024 Q4,France,Education,Education,SOC 2020,126
2024,2024 Q4,France,Financial and Insurance Activities,Finance,SOC 2020,159
2024,2024 Q4,France,Human Health and Social Work Activities,Healthcare,SOC 2020,11
2024,2024 Q4,France,Information and Communications,Technology,SOC 2020,45
2024,2024 Q4,"Gambia, The",Human Health and Social Work Activities,Healthcare,SOC 2020,5
2024,2024 Q4,Georgia,Education,Education,SOC 2020,3
2024,2024 Q4,Georgia,Information and Communications,Technology,SOC 2020,2
2024,2024 Q4,Germany,Construction,Engineering,SOC 2020,7
2024,2024 Q4,Germany,Education,Education,SOC 2020,72
2024,2024 Q4,Germany,Financial and Insurance Activities,Finance,SOC 2020,99
2024,2024 Q4,Germany,Human Health and Social Work Activities,Healthcare,SOC 2020,29
2024,2024 Q4,Germany,Information and Communications,Technology,SOC 2020,44
2024,2024 Q4,Ghana,Construction,Engineering,SOC 2020,6
2024,2024 Q4,Ghana,Education,Education,SOC 2020,12
2024,2024 Q4,Ghana,Financial and Insurance Activities,Finance,SOC 2020,16
2024,2024 Q4,Ghana,Human Health and Social Work Activities,Healthcare,SOC 2020,178
2024,2024 Q4,Ghana,Information and Communications,Technology,SOC 2020,2
2024,2024 Q4,Greece,Construction,Engineering,SOC 2020,12
2024,2024 Q4,Greece,Education,Education,SOC 2020,15
2024,2024 Q4,Greece,Financial and Insurance Activities,Finance,SOC 2020,14
2024,2024 Q4,Greece,Human Health and Social Work Activities,Healthcare,SOC 2020,61
2024,2024 Q4,Greece,Information and Communications,Technology,SOC 2020,7
2024,2024 Q4,Grenada,Human Health and Social Work Activities,Healthcare,SOC 2020,1
2024,2024 Q4,Guyana,Human Health and Social Work Activities,Healthcare,SOC 2020,5
2024,2024 Q4,Hong Kong,Education,Education,SOC 2020,2
2024,2024 Q4,Hong Kong,Financial and Insurance Activities,Finance,SOC 2020,8
2024,2024 Q4,Hong Kong,Human Health and Social Work Activities,Healthcare,SOC 2020,3
2024,2024 Q4,Hong Kong,Information and Communications,Technology,SOC 2020,1
2024,2024 Q4,Hungary,Education,Education,SOC 2020,4
2024,2024 Q4,Hungary,Financial and Insurance Activities,Finance,SOC 2020,6
2024,2024 Q4,Hungary,Human Health and Social Work Activities,Healthcare,SOC 2020,6
2024,2024 Q4,Hungary,Information and Communications,Technology,SOC 2020,5
2024,2024 Q4,Iceland,Financial and Insurance Activities,Finance,SOC 2020,1
2024,2024 Q4,India,Construction,Engineering,SOC 2020,80
2024,2024 Q4,India,Education,Education,SOC 2020,111
2024,2024 Q4,India,Financial and Insurance Activities,Finance,SOC 2020,260
2024,2024 Q4,India,Human Health and Social Work Activities,Healthcare,SOC 2020,1363
2024,2024 Q4,India,Information and Communications,Technology,SOC 2020,1421
2024,2024 Q4,Indonesia,Education,Education,SOC 2020,7
2024,2024 Q4,Indonesia,Financial and Insurance Activities,Finance,SOC 2020,3
2024,2024 Q4,Indonesia,Information and Communications,Technology,SOC 2020,4
2024,2024 Q4,Iran,Construction,Engineering,SOC 2020,4
2024,2024 Q4,Iran,Education,Education,SOC 2020,14
2024,2024 Q4,Iran,Financial and Insurance Activities,Finance,SOC 2020,3
2024,2024 Q4,Iran,Human Health and Social Work Activities,Healthcare,SOC 2020,92
2024,2024 Q4,Iran,Information and Communications,Technology,SOC 2020,7
2024,2024 Q4,Iraq,Education,Education,SOC 2020,1
2024,2024 Q4,Iraq,Human Health and Social Work Activities,Healthcare,SOC 2020,19
2024,2024 Q4,Iraq,Information and Communications,Technology,SOC 2020,1
2024,2024 Q4,Israel,Construction,Engineering,SOC 2020,2
2024,2024 Q4,Israel,Education,Education,SOC 2020,3
2024,2024 Q4,Israel,Financial and Insurance Activities,Finance,SOC 2020,9
2024,2024 Q4,Israel,Human Health and Social Work Activities,Healthcare,SOC 2020,7
2024,2024 Q4,Israel,Information and Communications,Technology,SOC 2020,13
2024,2024 Q4,Italy,Construction,Engineering,SOC 2020,18
2024,2024 Q4,Italy,Education,Education,SOC 2020,68
2024,2024 Q4,Italy,Financial and Insurance Activities,Finance,SOC 2020,98
2024,2024 Q4,Italy,Human Health and Social Work Activities,Healthcare,SOC 2020,57
2024,2024 Q4,Italy,Information and Communications,Technology,SOC 2020,36
2024,2024 Q4,Ivory Coast,Financial and Insurance Activities,Finance,SOC 2020,4
2024,2024 Q4,Jamaica,Construction,Engineering,SOC 2020,5
2024,2024 Q4,Jamaica,Education,Education,SOC 2020,17
2024,2024 Q4,Jamaica,Financial and Insurance Activities,Finance,SOC 2020,1
2024,2024 Q4,Jamaica,Human Health and Social Work Activities,Healthcare,SOC 2020,27
2024,2024 Q4,Japan,Education,Education,SOC 2020,7
2024,2024 Q4,Japan,Financial and Insurance Activities,Finance,SOC 2020,49
2024,2024 Q4,Japan,Human Health and Social Work Activities,Healthcare,SOC 2020,2
2024,2024 Q4,Japan,Information and Communications,Technology,SOC 2020,34
2024,2024 Q4,Jordan,Education,Education,SOC 2020,3
2024,2024 Q4,Jordan,Financial and Insurance Activities,Finance,SOC 2020,3
2024,2024 Q4,Jordan,Human Health and Social Work Activities,Healthcare,SOC 2020,33
2024,2024 Q4,Jordan,Information and Communications,Technology,SOC 2020,4
2024,2024 Q4,Kazakhstan,Financial and Insurance Activities,Finance,SOC 2020,3
2024,2024 Q4,Kazakhstan,Human Health and Social Work Activities,Healthcare,SOC 2020,2
2024,2024 Q4,Kazakhstan,Information and Communications,Technology,SOC 2020,1
2024,2024 Q4,Kenya,Construction,Engineering,SOC 2020,1
2024,2024 Q4,Kenya,Education,Education,SOC 2020,2
2024,2024 Q4,Kenya,Financial and Insurance Activities,Finance,SOC 2020,4
2024,2024 Q4,Kenya,Human Health and Social Work Activities,Healthcare,SOC 2020,63
2024,2024 Q4,Kenya,Information and Communications,Technology,SOC 2020,3
2024,2024 Q4,Kosovo,Construction,Engineering,SOC 2020,1
2024,2024 Q4,Kosovo,Education,Education,SOC 2020,2
2024,2024 Q4,Kuwait,Education,Education,SOC 2020,1
2024,2024 Q4,Kuwait,Human Health and Social Work Activities,Healthcare,SOC 2020,7
2024,2024 Q4,Kyrgyzstan,Construction,Engineering,SOC 2020,3
2024,2024 Q4,Lebanon,Education,Education,SOC 2020,1
2024,2024 Q4,Lebanon,Financial and Insurance Activities,Finance,SOC 2020,1
2024,2024 Q4,Lebanon,Human Health and Social Work Activities,Healthcare,SOC 2020,8
2024,2024 Q4,Lebanon,Information and Communications,Technology,SOC 2020,1
2024,2024 Q4,Lesotho,Human Health and Social Work Activities,Healthcare,SOC 2020,1
2024,2024 Q4,Libya,Financial and Insurance Activities,Finance,SOC 2020,2
2024,2024 Q4,Libya,Human Health and Social Work Activities,Healthcare,SOC 2020,8
2024,2024 Q4,Liechtenstein,Financial and Insurance Activities,Finance,SOC 2020,1
2024,2024 Q4,Lithuania,Construction,Engineering,SOC 2020,1
2024,2024 Q4,Lithuania,Financial and Insurance Activities,Finance,SOC 2020,2
2024,2024 Q4,Lithuania,Human Health and Social Work Activities,Healthcare,SOC 2020,2
2024,2024 Q4,Luxembourg,Financial and Insurance Activities,Finance,SOC 2020,3
2024,2024 Q4,Luxembourg,Information and Communications,Technology,SOC 2020,1
2024,2024 Q4,Malawi,Human Health and Social Work Activities,Healthcare,SOC 2020,5
2024,2024 Q4,Malaysia,Construction,Engineering,SOC 2020,2
2024,2024 Q4,Malaysia,Education,Education,SOC 2020,6
2024,2024 Q4,Malaysia,Financial and Insurance Activities,Finance,SOC 2020,15
2024,2024 Q4,Malaysia,Human Health and Social Work Activities,Healthcare,SOC 2020,31
2024,2024 Q4,Malaysia,Information and Communications,Technology,SOC 2020,3
2024,2024 Q4,Maldives,Human Health and Social Work Activities,Healthcare,SOC 2020,2
2024,2024 Q4,Malta,Education,Education,SOC 2020,1
2024,2024 Q4,Malta,Financial and Insurance Activities,Finance,SOC 2020,1
2024,2024 Q4,Malta,Human Health and Social Work Activities,Healthcare,SOC 2020,7
2024,2024 Q4,Mauritius,Education,Education,SOC 2020,1
2024,2024 Q4,Mauritius,Financial and Insurance Activities,Finance,SOC 2020,1
2024,2024 Q4,Mauritius,Human Health and Social Work Activities,Healthcare,SOC 2020,22
2024,2024 Q4,Mexico,Construction,Engineering,SOC 2020,11
2024,2024 Q4,Mexico,Education,Education,SOC 2020,2
2024,2024 Q4,Mexico,Financial and Insurance Activities,Finance,SOC 2020,7
2024,2024 Q4,Mexico,Human Health and Social Work Activities,Healthcare,SOC 2020,4
2024,2024 Q4,Mexico,Information and Communications,Technology,SOC 2020,3
2024,2024 Q4,Montenegro,Financial and Insurance Activities,Finance,SOC 2020,1
2024,2024 Q4,Morocco,Construction,Engineering,SOC 2020,14
2024,2024 Q4,Morocco,Education,Education,SOC 2020,3
2024,2024 Q4,Morocco,Financial and Insurance Activities,Finance,SOC 2020,13
2024,2024 Q4,Morocco,Human Health and Social Work Activities,Healthcare,SOC 2020,3
2024,2024 Q4,Mozambique,Education,Education,SOC 2020,1
2024,2024 Q4,Myanmar (Burma),Human Health and Social Work Activities,Healthcare,SOC 2020,26
2024,2024 Q4,Nepal,Construction,Engineering,SOC 2020,5
2024,2024 Q4,Nepal,Education,Education,SOC 2020,2
2024,2024 Q4,Nepal,Financial and Insurance Activities,Finance,SOC 2020,3
2024,2024 Q4,Nepal,Human Health and Social Work Activities,Healthcare,SOC 2020,108
2024,2024 Q4,Nepal,Information and Communications,Technology,SOC 2020,5
2024,2024 Q4,Netherlands,Construction,Engineering,SOC 2020,13
2024,2024 Q4,Netherlands,Education,Education,SOC 2020,13
2024,2024 Q4,Netherlands,Financial and Insurance Activities,Finance,SOC 2020,38
2024,2024 Q4,Netherlands,Human Health and Social Work Activities,Healthcare,SOC 2020,13
2024,2024 Q4,Netherlands,Information and Communications,Technology,SOC 2020,18
2024,2024 Q4,New Zealand,Education,Education,SOC 2020,2
2024,2024 Q4,New Zealand,Financial and Insurance Activities,Finance,SOC 2020,11
2024,2024 Q4,New Zealand,Human Health and Social Work Activities,Healthcare,SOC 2020,14
2024,2024 Q4,New Zealand,Information and Communications,Technology,SOC 2020,3
2024,2024 Q4,Nicaragua,Financial and Insurance Activities,Finance,SOC 2020,2
2024,2024 Q4,Nigeria,Construction,Engineering,SOC 2020,5
2024,2024 Q4,Nigeria,Education,Education,SOC 2020,19
2024,2024 Q4,Nigeria,Financial and Insurance Activities,Finance,SOC 2020,23
2024,2024 Q4,Nigeria,Human Health and Social Work Activities,Healthcare,SOC 2020,426
2024,2024 Q4,Nigeria,Information and Communications,Technology,SOC 2020,22
2024,2024 Q4,North Macedonia,Education,Education,SOC 2020,2
2024,2024 Q4,North Macedonia,Information and Communications,Technology,SOC 2020,1
2024,2024 Q4,Norway,Construction,Engineering,SOC 2020,1
2024,2024 Q4,Norway,Education,Education,SOC 2020,5
2024,2024 Q4,Norway,Financial and Insurance Activities,Finance,SOC 2020,14
2024,2024 Q4,Norway,Human Health and Social Work Activities,Healthcare,SOC 2020,2
2024,2024 Q4,Norway,Information and Communications,Technology,SOC 2020,2
2024,2024 Q4,Oman,Human Health and Social Work Activities,Healthcare,SOC 2020,1
2024,2024 Q4,Oman,Information and Communications,Technology,SOC 2020,1
2024,2024 Q4,Other and unknown,Financial and Insurance Activities,Finance,SOC 2020,5
2024,2024 Q4,Other and unknown,Human Health and Social Work Activities,Healthcare,SOC 2020,3
2024,2024 Q4,Other and unknown,Information and Communications,Technology,SOC 2020,8
2024,2024 Q4,Pakistan,Construction,Engineering,SOC 2020,58
2024,2024 Q4,Pakistan,Education,Education,SOC 2020,46
2024,2024 Q4,Pakistan,Financial and Insurance Activities,Finance,SOC 2020,15
2024,2024 Q4,Pakistan,Human Health and Social Work Activities,Healthcare,SOC 2020,490
2024,2024 Q4,Pakistan,Information and Communications,Technology,SOC 2020,94
2024,2024 Q4,Palestine,Human Health and Social Work Activities,Healthcare,SOC 2020,6
2024,2024 Q4,Panama,Financial and Insurance Activities,Finance,SOC 2020,1
2024,2024 Q4,Paraguay,Education,Education,SOC 2020,2
2024,2024 Q4,Peru,Financial and Insurance Activities,Finance,SOC 2020,2
2024,2024 Q4,Peru,Human Health and Social Work Activities,Healthcare,SOC 2020,1
2024,2024 Q4,Peru,Information and Communications,Technology,SOC 2020,1
2024,2024 Q4,Philippines,Construction,Engineering,SOC 2020,21
2024,2024 Q4,Philippines,Education,Education,SOC 2020,6
2024,2024 Q4,Philippines,Financial and Insurance Activities,Finance,SOC 2020,4
2024,2024 Q4,Philippines,Human Health and Social Work Activities,Healthcare,SOC 2020,360
2024,2024 Q4,Philippines,Information and Communications,Technology,SOC 2020,5
2024,2024 Q4,Poland,Construction,Engineering,SOC 2020,14
2024,2024 Q4,Poland,Education,Education,SOC 2020,5
2024,2024 Q4,Poland,Financial and Insurance Activities,Finance,SOC 2020,16
2024,2024 Q4,Poland,Human Health and Social Work Activities,Healthcare,SOC 2020,5
2024,2024 Q4,Poland,Information and Communications,Technology,SOC 2020,6
2024,2024 Q4,Portugal,Construction,Engineering,SOC 2020,10
2024,2024 Q4,Portugal,Education,Education,SOC 2020,9
2024,2024 Q4,Portugal,Financial and Insurance Activities,Finance,SOC 2020,17
2024,2024 Q4,Portugal,Human Health and Social Work Activities,Healthcare,SOC 2020,28
2024,2024 Q4,Portugal,Information and Communications,Technology,SOC 2020,6
2024,2024 Q4,Refugee,Information and Communications,Technology,SOC 2020,2
2024,2024 Q4,Romania,Construction,Engineering,SOC 2020,23
2024,2024 Q4,Romania,Education,Education,SOC 2020,3
2024,2024 Q4,Romania,Financial and Insurance Activities,Finance,SOC 2020,12
2024,2024 Q4,Romania,Human Health and Social Work Activities,Healthcare,SOC 2020,16
2024,2024 Q4,Romania,Information and Communications,Technology,SOC 2020,11
2024,2024 Q4,Russia,Construction,Engineering,SOC 2020,1
2024,2024 Q4,Russia,Education,Education,SOC 2020,5
2024,2024 Q4,Russia,Financial and Insurance Activities,Finance,SOC 2020,21
2024,2024 Q4,Russia,Human Health and Social Work Activities,Healthcare,SOC 2020,6
2024,2024 Q4,Russia,Information and Communications,Technology,SOC 2020,28
2024,2024 Q4,Saudi Arabia,Education,Education,SOC 2020,13
2024,2024 Q4,Saudi Arabia,Financial and Insurance Activities,Finance,SOC 2020,3
2024,2024 Q4,Saudi Arabia,Human Health and Social Work Activities,Healthcare,SOC 2020,9
2024,2024 Q4,Senegal,Information and Communications,Technology,SOC 2020,1
2024,2024 Q4,Serbia,Construction,Engineering,SOC 2020,1
2024,2024 Q4,Serbia,Education,Education,SOC 2020,1
2024,2024 Q4,Serbia,Financial and Insurance Activities,Finance,SOC 2020,4
2024,2024 Q4,Serbia,Information and Communications,Technology,SOC 2020,2
2024,2024 Q4,Sierra Leone,Human Health and Social Work Activities,Healthcare,SOC 2020,6
2024,2024 Q4,Singapore,Education,Education,SOC 2020,2
2024,2024 Q4,Singapore,Financial and Insurance Activities,Finance,SOC 2020,25
2024,2024 Q4,Singapore,Human Health and Social Work Activities,Healthcare,SOC 2020,16
2024,2024 Q4,Singapore,Information and Communications,Technology,SOC 2020,7
2024,2024 Q4,Slovakia,Education,Education,SOC 2020,1
2024,2024 Q4,Slovakia,Information and Communications,Technology,SOC 2020,1
2024,2024 Q4,Slovenia,Construction,Engineering,SOC 2020,2
2024,2024 Q4,Slovenia,Education,Education,SOC 2020,1
2024,2024 Q4,Slovenia,Financial and Insurance Activities,Finance,SOC 2020,1
2024,2024 Q4,Slovenia,Human Health and Social Work Activities,Healthcare,SOC 2020,1
2024,2024 Q4,Somalia,Human Health and Social Work Activities,Healthcare,SOC 2020,5
2024,2024 Q4,Somalia,Information and Communications,Technology,SOC 2020,1
2024,2024 Q4,South Africa,Construction,Engineering,SOC 2020,27
2024,2024 Q4,South Africa,Education,Education,SOC 2020,27
2024,2024 Q4,South Africa,Financial and Insurance Activities,Finance,SOC 2020,44
2024,2024 Q4,South Africa,Human Health and Social Work Activities,Healthcare,SOC 2020,55
2024,2024 Q4,South Africa,Information and Communications,Technology,SOC 2020,19
2024,2024 Q4,South Korea,Education,Education,SOC 2020,16
2024,2024 Q4,South Korea,Financial and Insurance Activities,Finance,SOC 2020,19
2024,2024 Q4,South Korea,Human Health and Social Work Activities,Healthcare,SOC 2020,5
2024,2024 Q4,South Korea,Information and Communications,Technology,SOC 2020,5
2024,2024 Q4,Spain,Construction,Engineering,SOC 2020,13
2024,2024 Q4,Spain,Education,Education,SOC 2020,60
2024,2024 Q4,Spain,Financial and Insurance Activities,Finance,SOC 2020,77
2024,2024 Q4,Spain,Human Health and Social Work Activities,Healthcare,SOC 2020,33
2024,2024 Q4,Spain,Information and Communications,Technology,SOC 2020,13
2024,2024 Q4,Sri Lanka,Construction,Engineering,SOC 2020,18
2024,2024 Q4,Sri Lanka,Education,Education,SOC 2020,15
2024,2024 Q4,Sri Lanka,Financial and Insurance Activities,Finance,SOC 2020,5
2024,2024 Q4,Sri Lanka,Human Health and Social Work Activities,Healthcare,SOC 2020,232
2024,2024 Q4,Sri Lanka,Information and Communications,Technology,SOC 2020,12
2024,2024 Q4,St Kitts and Nevis,Construction,Engineering,SOC 2020,2
2024,2024 Q4,St Kitts and Nevis,Financial and Insurance Activities,Finance,SOC 2020,1
2024,2024 Q4,St Kitts and Nevis,Human Health and Social Work Activities,Healthcare,SOC 2020,1
2024,2024 Q4,St Kitts and Nevis,Information and Communications,Technology,SOC 2020,1
2024,2024 Q4,St Lucia,Education,Education,SOC 2020,1
2024,2024 Q4,Stateless,Human Health and Social Work Activities,Healthcare,SOC 2020,1
2024,2024 Q4,Sudan,Education,Education,SOC 2020,5
2024,2024 Q4,Sudan,Human Health and Social Work Activities,Healthcare,SOC 2020,60
2024,2024 Q4,Sudan,Information and Communications,Technology,SOC 2020,1
2024,2024 Q4,Sweden,Education,Education,SOC 2020,5
2024,2024 Q4,Sweden,Financial and Insurance Activities,Finance,SOC 2020,26
2024,2024 Q4,Sweden,Human Health and Social Work Activities,Healthcare,SOC 2020,4
2024,2024 Q4,Sweden,Information and Communications,Technology,SOC 2020,10
2024,2024 Q4,Switzerland,Education,Education,SOC 2020,13
2024,2024 Q4,Switzerland,Financial and Insurance Activities,Finance,SOC 2020,28
2024,2024 Q4,Switzerland,Human Health and Social Work Activities,Healthcare,SOC 2020,7
2024,2024 Q4,Switzerland,Information and Communications,Technology,SOC 2020,5
2024,2024 Q4,Syria,Education,Education,SOC 2020,1
2024,2024 Q4,Syria,Human Health and Social Work Activities,Healthcare,SOC 2020,13
2024,2024 Q4,Taiwan,Education,Education,SOC 2020,4
2024,2024 Q4,Taiwan,Financial and Insurance Activities,Finance,SOC 2020,6
2024,2024 Q4,Taiwan,Human Health and Social Work Activities,Healthcare,SOC 2020,20
2024,2024 Q4,Taiwan,Information and Communications,Technology,SOC 2020,4
2024,2024 Q4,Tajikistan,Construction,Engineering,SOC 2020,2
2024,2024 Q4,Tanzania,Education,Education,SOC 2020,1
2024,2024 Q4,Tanzania,Human Health and Social Work Activities,Healthcare,SOC 2020,6
2024,2024 Q4,Thailand,Education,Education,SOC 2020,4
2024,2024 Q4,Thailand,Human Health and Social Work Activities,Healthcare,SOC 2020,4
2024,2024 Q4,Thailand,Information and Communications,Technology,SOC 2020,1
2024,2024 Q4,Trinidad and Tobago,Education,Education,SOC 2020,2
2024,2024 Q4,Trinidad and Tobago,Financial and Insurance Activities,Finance,SOC 2020,1
2024,2024 Q4,Trinidad and Tobago,Human Health and Social Work Activities,Healthcare,SOC 2020,18
2024,2024 Q4,Tunisia,Education,Education,SOC 2020,1
2024,2024 Q4,Tunisia,Financial and Insurance Activities,Finance,SOC 2020,3
2024,2024 Q4,Tunisia,Human Health and Social Work Activities,Healthcare,SOC 2020,2
2024,2024 Q4,Tunisia,Information and Communications,Technology,SOC 2020,5
2024,2024 Q4,Turkey,Construction,Engineering,SOC 2020,32
2024,2024 Q4,Turkey,Education,Education,SOC 2020,32
2024,2024 Q4,Turkey,Financial and Insurance Activities,Finance,SOC 2020,21
2024,2024 Q4,Turkey,Human Health and Social Work Activities,Healthcare,SOC 2020,47
2024,2024 Q4,Turkey,Information and Communications,Technology,SOC 2020,19
2024,2024 Q4,Uganda,Education,Education,SOC 2020,6
2024,2024 Q4,Uganda,Human Health and Social Work Activities,Healthcare,SOC 2020,21
2024,2024 Q4,Ukraine,Financial and Insurance Activities,Finance,SOC 2020,10
2024,2024 Q4,Ukraine,Human Health and Social Work Activities,Healthcare,SOC 2020,1
2024,2024 Q4,Ukraine,Information and Communications,Technology,SOC 2020,7
2024,2024 Q4,United Arab Emirates,Financial and Insurance Activities,Finance,SOC 2020,1
2024,2024 Q4,United Arab Emirates,Human Health and Social Work Activities,Healthcare,SOC 2020,1
2024,2024 Q4,United States,Construction,Engineering,SOC 2020,6
2024,2024 Q4,United States,Education,Education,SOC 2020,81
2024,2024 Q4,United States,Financial and Insurance Activities,Finance,SOC 2020,210
2024,2024 Q4,United States,Human Health and Social Work Activities,Healthcare,SOC 2020,39
2024,2024 Q4,United States,Information and Communications,Technology,SOC 2020,148
2024,2024 Q4,Uzbekistan,Financial and Insurance Activities,Finance,SOC 2020,1
2024,2024 Q4,Uzbekistan,Human Health and Social Work Activities,Healthcare,SOC 2020,1
2024,2024 Q4,Uzbekistan,Information and Communications,Technology,SOC 2020,1
2024,2024 Q4,Venezuela,Construction,Engineering,SOC 2020,1
2024,2024 Q4,Venezuela,Financial and Insurance Activities,Finance,SOC 2020,1
2024,2024 Q4,Venezuela,Human Health and Social Work Activities,Healthcare,SOC 2020,1
2024,2024 Q4,Venezuela,Information and Communications,Technology,SOC 2020,1
2024,2024 Q4,Vietnam,Education,Education,SOC 2020,7
2024,2024 Q4,Vietnam,Financial and Insurance Activities,Finance,SOC 2020,1
2024,2024 Q4,Vietnam,Human Health and Social Work Activities,Healthcare,SOC 2020,7
2024,2024 Q4,Vietnam,Information and Communications,Technology,SOC 2020,2
2024,2024 Q4,Yemen,Education,Education,SOC 2020,3
2024,2024 Q4,Yemen,Human Health and Social Work Activities,Healthcare,SOC 2020,4
2024,2024 Q4,Zambia,Financial and Insurance Activities,Finance,SOC 2020,1
2024,2024 Q4,Zambia,Human Health and Social Work Activities,Healthcare,SOC 2020,22
2024,2024 Q4,Zimbabwe,Construction,Engineering,SOC 2020,13
2024,2024 Q4,Zimbabwe,Education,Education,SOC 2020,9
2024,2024 Q4,Zimbabwe,Financial and Insurance Activities,Finance,SOC 2020,4
2024,2024 Q4,Zimbabwe,Human Health and Social Work Activities,Healthcare,SOC 2020,353
2024,2024 Q4,Zimbabwe,Information and Communications,Technology,SOC 2020,1
2025,2025 Q1,Afghanistan,Education,Education,SOC 2020,1
2025,2025 Q1,Afghanistan,Financial and Insurance Activities,Finance,SOC 2020,1
2025,2025 Q1,Afghanistan,Human Health and Social Work Activities,Healthcare,SOC 2020,4
2025,2025 Q1,Albania,Construction,Engineering,SOC 2020,7
2025,2025 Q1,Albania,Education,Education,SOC 2020,3
2025,2025 Q1,Albania,Financial and Insurance Activities,Finance,SOC 2020,2
2025,2025 Q1,Albania,Human Health and Social Work Activities,Healthcare,SOC 2020,19
2025,2025 Q1,Algeria,Construction,Engineering,SOC 2020,1
2025,2025 Q1,Algeria,Financial and Insurance Activities,Finance,SOC 2020,2
2025,2025 Q1,Algeria,Human Health and Social Work Activities,Healthcare,SOC 2020,3
2025,2025 Q1,Algeria,Information and Communications,Technology,SOC 2020,1
2025,2025 Q1,Antigua and Barbuda,Human Health and Social Work Activities,Healthcare,SOC 2020,1
2025,2025 Q1,Antigua and Barbuda,Information and Communications,Technology,SOC 2020,1
2025,2025 Q1,Argentina,Financial and Insurance Activities,Finance,SOC 2020,6
2025,2025 Q1,Argentina,Human Health and Social Work Activities,Healthcare,SOC 2020,2
2025,2025 Q1,Argentina,Information and Communications,Technology,SOC 2020,2
2025,2025 Q1,Australia,Construction,Engineering,SOC 2020,7
2025,2025 Q1,Australia,Education,Education,SOC 2020,13
2025,2025 Q1,Australia,Financial and Insurance Activities,Finance,SOC 2020,56
2025,2025 Q1,Australia,Human Health and Social Work Activities,Healthcare,SOC 2020,91
2025,2025 Q1,Australia,Information and Communications,Technology,SOC 2020,21
2025,2025 Q1,Austria,Construction,Engineering,SOC 2020,3
2025,2025 Q1,Austria,Education,Education,SOC 2020,4
2025,2025 Q1,Austria,Financial and Insurance Activities,Finance,SOC 2020,15
2025,2025 Q1,Austria,Human Health and Social Work Activities,Healthcare,SOC 2020,4
2025,2025 Q1,Austria,Information and Communications,Technology,SOC 2020,5
2025,2025 Q1,Azerbaijan,Human Health and Social Work Activities,Healthcare,SOC 2020,2
2025,2025 Q1,Azerbaijan,Information and Communications,Technology,SOC 2020,2
2025,2025 Q1,"Bahamas, The",Human Health and Social Work Activities,Healthcare,SOC 2020,1
2025,2025 Q1,Bahrain,Financial and Insurance Activities,Finance,SOC 2020,1
2025,2025 Q1,Bahrain,Human Health and Social Work Activities,Healthcare,SOC 2020,5
2025,2025 Q1,Bangladesh,Construction,Engineering,SOC 2020,14
2025,2025 Q1,Bangladesh,Education,Education,SOC 2020,9
2025,2025 Q1,Bangladesh,Financial and Insurance Activities,Finance,SOC 2020,1
2025,2025 Q1,Bangladesh,Human Health and Social Work Activities,Healthcare,SOC 2020,91
2025,2025 Q1,Bangladesh,Information and Communications,Technology,SOC 2020,7
2025,2025 Q1,Barbados,Human Health and Social Work Activities,Healthcare,SOC 2020,1
2025,2025 Q1,Belarus,Financial and Insurance Activities,Finance,SOC 2020,1
2025,2025 Q1,Belarus,Human Health and Social Work Activities,Healthcare,SOC 2020,1
2025,2025 Q1,Belarus,Information and Communications,Technology,SOC 2020,3
2025,2025 Q1,Belgium,Construction,Engineering,SOC 2020,3
2025,2025 Q1,Belgium,Education,Education,SOC 2020,3
2025,2025 Q1,Belgium,Financial and Insurance Activities,Finance,SOC 2020,17
2025,2025 Q1,Belgium,Human Health and Social Work Activities,Healthcare,SOC 2020,6
2025,2025 Q1,Belgium,Information and Communications,Technology,SOC 2020,5
2025,2025 Q1,Bolivia,Human Health and Social Work Activities,Healthcare,SOC 2020,1
2025,2025 Q1,Bosnia and Herzegovina,Financial and Insurance Activities,Finance,SOC 2020,1
2025,2025 Q1,Botswana,Education,Education,SOC 2020,1
2025,2025 Q1,Botswana,Human Health and Social Work Activities,Healthcare,SOC 2020,12
2025,2025 Q1,Botswana,Information and Communications,Technology,SOC 2020,1
2025,2025 Q1,Brazil,Construction,Engineering,SOC 2020,3
2025,2025 Q1,Brazil,Education,Education,SOC 2020,34
2025,2025 Q1,Brazil,Financial and Insurance Activities,Finance,SOC 2020,24
2025,2025 Q1,Brazil,Human Health and Social Work Activities,Healthcare,SOC 2020,12
2025,2025 Q1,Brazil,Information and Communications,Technology,SOC 2020,18
2025,2025 Q1,Bulgaria,Construction,Engineering,SOC 2020,2
2025,2025 Q1,Bulgaria,Financial and Insurance Activities,Finance,SOC 2020,2
2025,2025 Q1,Bulgaria,Human Health and Social Work Activities,Healthcare,SOC 2020,5
2025,2025 Q1,Bulgaria,Information and Communications,Technology,SOC 2020,3
2025,2025 Q1,Cambodia,Education,Education,SOC 2020,1
2025,2025 Q1,Cameroon,Education,Education,SOC 2020,4
2025,2025 Q1,Cameroon,Human Health and Social Work Activities,Healthcare,SOC 2020,20
2025,2025 Q1,Canada,Construction,Engineering,SOC 2020,3
2025,2025 Q1,Canada,Education,Education,SOC 2020,14
2025,2025 Q1,Canada,Financial and Insurance Activities,Finance,SOC 2020,23
2025,2025 Q1,Canada,Human Health and Social Work Activities,Healthcare,SOC 2020,25
2025,2025 Q1,Canada,Information and Communications,Technology,SOC 2020,24
2025,2025 Q1,Chile,Education,Education,SOC 2020,4
2025,2025 Q1,Chile,Human Health and Social Work Activities,Healthcare,SOC 2020,1
2025,2025 Q1,Chile,Information and Communications,Technology,SOC 2020,1
2025,2025 Q1,China,Construction,Engineering,SOC 2020,3
2025,2025 Q1,China,Education,Education,SOC 2020,153
2025,2025 Q1,China,Financial and Insurance Activities,Finance,SOC 2020,66
2025,2025 Q1,China,Human Health and Social Work Activities,Healthcare,SOC 2020,9
2025,2025 Q1,China,Information and Communications,Technology,SOC 2020,76
2025,2025 Q1,Colombia,Construction,Engineering,SOC 2020,1
2025,2025 Q1,Colombia,Education,Education,SOC 2020,7
2025,2025 Q1,Colombia,Financial and Insurance Activities,Finance,SOC 2020,6
2025,2025 Q1,Colombia,Human Health and Social Work Activities,Healthcare,SOC 2020,2
2025,2025 Q1,Colombia,Information and Communications,Technology,SOC 2020,3
2025,2025 Q1,Congo (Democratic Republic),Financial and Insurance Activities,Finance,SOC 2020,1
2025,2025 Q1,Congo (Democratic Republic),Human Health and Social Work Activities,Healthcare,SOC 2020,2
2025,2025 Q1,Congo (Democratic Republic),Information and Communications,Technology,SOC 2020,1
2025,2025 Q1,Costa Rica,Education,Education,SOC 2020,1
2025,2025 Q1,Costa Rica,Financial and Insurance Activities,Finance,SOC 2020,1
2025,2025 Q1,Croatia,Construction,Engineering,SOC 2020,1
2025,2025 Q1,Croatia,Education,Education,SOC 2020,2
2025,2025 Q1,Croatia,Financial and Insurance Activities,Finance,SOC 2020,4
2025,2025 Q1,Croatia,Human Health and Social Work Activities,Healthcare,SOC 2020,1
2025,2025 Q1,Croatia,Information and Communications,Technology,SOC 2020,1
2025,2025 Q1,Cyprus,Financial and Insurance Activities,Finance,SOC 2020,1
2025,2025 Q1,Cyprus,Human Health and Social Work Activities,Healthcare,SOC 2020,5
2025,2025 Q1,Cyprus,Information and Communications,Technology,SOC 2020,4
2025,2025 Q1,Czechia,Construction,Engineering,SOC 2020,2
2025,2025 Q1,Czechia,Education,Education,SOC 2020,4
2025,2025 Q1,Czechia,Financial and Insurance Activities,Finance,SOC 2020,5
2025,2025 Q1,Czechia,Human Health and Social Work Activities,Healthcare,SOC 2020,1
2025,2025 Q1,Czechia,Information and Communications,Technology,SOC 2020,1
2025,2025 Q1,Denmark,Construction,Engineering,SOC 2020,3
2025,2025 Q1,Denmark,Education,Education,SOC 2020,5
2025,2025 Q1,Denmark,Financial and Insurance Activities,Finance,SOC 2020,13
2025,2025 Q1,Denmark,Human Health and Social Work Activities,Healthcare,SOC 2020,4
2025,2025 Q1,Denmark,Information and Communications,Technology,SOC 2020,4
2025,2025 Q1,Dominica,Education,Education,SOC 2020,1
2025,2025 Q1,Dominica,Human Health and Social Work Activities,Healthcare,SOC 2020,2
2025,2025 Q1,Dominica,Information and Communications,Technology,SOC 2020,1
2025,2025 Q1,Dominican Republic,Human Health and Social Work Activities,Healthcare,SOC 2020,1
2025,2025 Q1,Ecuador,Construction,Engineering,SOC 2020,1
2025,2025 Q1,Ecuador,Education,Education,SOC 2020,4
2025,2025 Q1,Ecuador,Financial and Insurance Activities,Finance,SOC 2020,2
2025,2025 Q1,Ecuador,Human Health and Social Work Activities,Healthcare,SOC 2020,2
2025,2025 Q1,Egypt,Construction,Engineering,SOC 2020,3
2025,2025 Q1,Egypt,Education,Education,SOC 2020,13
2025,2025 Q1,Egypt,Financial and Insurance Activities,Finance,SOC 2020,1
2025,2025 Q1,Egypt,Human Health and Social Work Activities,Healthcare,SOC 2020,146
2025,2025 Q1,Egypt,Information and Communications,Technology,SOC 2020,13
2025,2025 Q1,Estonia,Financial and Insurance Activities,Finance,SOC 2020,1
2025,2025 Q1,Eswatini,Human Health and Social Work Activities,Healthcare,SOC 2020,23
2025,2025 Q1,Ethiopia,Construction,Engineering,SOC 2020,1
2025,2025 Q1,Ethiopia,Education,Education,SOC 2020,1
2025,2025 Q1,Ethiopia,Financial and Insurance Activities,Finance,SOC 2020,2
2025,2025 Q1,Ethiopia,Human Health and Social Work Activities,Healthcare,SOC 2020,8
2025,2025 Q1,Finland,Construction,Engineering,SOC 2020,2
2025,2025 Q1,Finland,Education,Education,SOC 2020,1
2025,2025 Q1,Finland,Financial and Insurance Activities,Finance,SOC 2020,5
2025,2025 Q1,Finland,Human Health and Social Work Activities,Healthcare,SOC 2020,4
2025,2025 Q1,France,Construction,Engineering,SOC 2020,21
2025,2025 Q1,France,Education,Education,SOC 2020,54
2025,2025 Q1,France,Financial and Insurance Activities,Finance,SOC 2020,161
2025,2025 Q1,France,Human Health and Social Work Activities,Healthcare,SOC 2020,10
2025,2025 Q1,France,Information and Communications,Technology,SOC 2020,43
2025,2025 Q1,"Gambia, The",Human Health and Social Work Activities,Healthcare,SOC 2020,4
2025,2025 Q1,Georgia,Construction,Engineering,SOC 2020,1
2025,2025 Q1,Georgia,Financial and Insurance Activities,Finance,SOC 2020,1
2025,2025 Q1,Georgia,Information and Communications,Technology,SOC 2020,1
2025,2025 Q1,Germany,Construction,Engineering,SOC 2020,24
2025,2025 Q1,Germany,Education,Education,SOC 2020,49
2025,2025 Q1,Germany,Financial and Insurance Activities,Finance,SOC 2020,115
2025,2025 Q1,Germany,Human Health and Social Work Activities,Healthcare,SOC 2020,19
2025,2025 Q1,Germany,Information and Communications,Technology,SOC 2020,59
2025,2025 Q1,Ghana,Construction,Engineering,SOC 2020,18
2025,2025 Q1,Ghana,Education,Education,SOC 2020,10
2025,2025 Q1,Ghana,Financial and Insurance Activities,Finance,SOC 2020,4
2025,2025 Q1,Ghana,Human Health and Social Work Activities,Healthcare,SOC 2020,167
2025,2025 Q1,Ghana,Information and Communications,Technology,SOC 2020,9
2025,2025 Q1,Greece,Construction,Engineering,SOC 2020,9
2025,2025 Q1,Greece,Education,Education,SOC 2020,9
2025,2025 Q1,Greece,Financial and Insurance Activities,Finance,SOC 2020,11
2025,2025 Q1,Greece,Human Health and Social Work Activities,Healthcare,SOC 2020,52
2025,2025 Q1,Greece,Information and Communications,Technology,SOC 2020,2
2025,2025 Q1,Grenada,Financial and Insurance Activities,Finance,SOC 2020,1
2025,2025 Q1,Grenada,Human Health and Social Work Activities,Healthcare,SOC 2020,1
2025,2025 Q1,Guyana,Human Health and Social Work Activities,Healthcare,SOC 2020,6
2025,2025 Q1,Honduras,Education,Education,SOC 2020,1
2025,2025 Q1,Hong Kong,Education,Education,SOC 2020,4
2025,2025 Q1,Hong Kong,Financial and Insurance Activities,Finance,SOC 2020,10
2025,2025 Q1,Hong Kong,Human Health and Social Work Activities,Healthcare,SOC 2020,2
2025,2025 Q1,Hungary,Education,Education,SOC 2020,1
2025,2025 Q1,Hungary,Financial and Insurance Activities,Finance,SOC 2020,10
2025,2025 Q1,Hungary,Human Health and Social Work Activities,Healthcare,SOC 2020,7
2025,2025 Q1,Hungary,Information and Communications,Technology,SOC 2020,3
2025,2025 Q1,India,Construction,Engineering,SOC 2020,61
2025,2025 Q1,India,Education,Education,SOC 2020,100
2025,2025 Q1,India,Financial and Insurance Activities,Finance,SOC 2020,248
2025,2025 Q1,India,Human Health and Social Work Activities,Healthcare,SOC 2020,1187
2025,2025 Q1,India,Information and Communications,Technology,SOC 2020,1384
2025,2025 Q1,Indonesia,Construction,Engineering,SOC 2020,1
2025,2025 Q1,Indonesia,Education,Education,SOC 2020,4
2025,2025 Q1,Indonesia,Financial and Insurance Activities,Finance,SOC 2020,4
2025,2025 Q1,Indonesia,Human Health and Social Work Activities,Healthcare,SOC 2020,5
2025,2025 Q1,Indonesia,Information and Communications,Technology,SOC 2020,2
2025,2025 Q1,Iran,Construction,Engineering,SOC 2020,1
2025,2025 Q1,Iran,Education,Education,SOC 2020,14
2025,2025 Q1,Iran,Financial and Insurance Activities,Finance,SOC 2020,1
2025,2025 Q1,Iran,Human Health and Social Work Activities,Healthcare,SOC 2020,87
2025,2025 Q1,Iran,Information and Communications,Technology,SOC 2020,4
2025,2025 Q1,Iraq,Construction,Engineering,SOC 2020,2
2025,2025 Q1,Iraq,Human Health and Social Work Activities,Healthcare,SOC 2020,19
2025,2025 Q1,Israel,Financial and Insurance Activities,Finance,SOC 2020,11
2025,2025 Q1,Israel,Human Health and Social Work Activities,Healthcare,SOC 2020,6
2025,2025 Q1,Israel,Information and Communications,Technology,SOC 2020,11
2025,2025 Q1,Italy,Construction,Engineering,SOC 2020,13
2025,2025 Q1,Italy,Education,Education,SOC 2020,44
2025,2025 Q1,Italy,Financial and Insurance Activities,Finance,SOC 2020,112
2025,2025 Q1,Italy,Human Health and Social Work Activities,Healthcare,SOC 2020,45
2025,2025 Q1,Italy,Information and Communications,Technology,SOC 2020,40
2025,2025 Q1,Ivory Coast,Financial and Insurance Activities,Finance,SOC 2020,3
2025,2025 Q1,Jamaica,Construction,Engineering,SOC 2020,1
2025,2025 Q1,Jamaica,Education,Education,SOC 2020,8
2025,2025 Q1,Jamaica,Human Health and Social Work Activities,Healthcare,SOC 2020,9
2025,2025 Q1,Jamaica,Information and Communications,Technology,SOC 2020,1
2025,2025 Q1,Japan,Construction,Engineering,SOC 2020,1
2025,2025 Q1,Japan,Education,Education,SOC 2020,40
2025,2025 Q1,Japan,Financial and Insurance Activities,Finance,SOC 2020,121
2025,2025 Q1,Japan,Human Health and Social Work Activities,Healthcare,SOC 2020,6
2025,2025 Q1,Japan,Information and Communications,Technology,SOC 2020,39
2025,2025 Q1,Jordan,Education,Education,SOC 2020,1
2025,2025 Q1,Jordan,Financial and Insurance Activities,Finance,SOC 2020,1
2025,2025 Q1,Jordan,Human Health and Social Work Activities,Healthcare,SOC 2020,27
2025,2025 Q1,Jordan,Information and Communications,Technology,SOC 2020,2
2025,2025 Q1,Kazakhstan,Education,Education,SOC 2020,2
2025,2025 Q1,Kazakhstan,Financial and Insurance Activities,Finance,SOC 2020,4
2025,2025 Q1,Kazakhstan,Information and Communications,Technology,SOC 2020,1
2025,2025 Q1,Kenya,Education,Education,SOC 2020,8
2025,2025 Q1,Kenya,Financial and Insurance Activities,Finance,SOC 2020,4
2025,2025 Q1,Kenya,Human Health and Social Work Activities,Healthcare,SOC 2020,95
2025,2025 Q1,Kenya,Information and Communications,Technology,SOC 2020,3
2025,2025 Q1,Kosovo,Education,Education,SOC 2020,1
2025,2025 Q1,Kuwait,Financial and Insurance Activities,Finance,SOC 2020,1
2025,2025 Q1,Kuwait,Human Health and Social Work Activities,Healthcare,SOC 2020,7
2025,2025 Q1,Kyrgyzstan,Construction,Engineering,SOC 2020,1
2025,2025 Q1,Kyrgyzstan,Education,Education,SOC 2020,1
2025,2025 Q1,Kyrgyzstan,Information and Communications,Technology,SOC 2020,1
2025,2025 Q1,Latvia,Construction,Engineering,SOC 2020,9
2025,2025 Q1,Latvia,Information and Communications,Technology,SOC 2020,1
2025,2025 Q1,Lebanon,Construction,Engineering,SOC 2020,2
2025,2025 Q1,Lebanon,Education,Education,SOC 2020,1
2025,2025 Q1,Lebanon,Financial and Insurance Activities,Finance,SOC 2020,5
2025,2025 Q1,Lebanon,Human Health and Social Work Activities,Healthcare,SOC 2020,13
2025,2025 Q1,Lebanon,Information and Communications,Technology,SOC 2020,2
2025,2025 Q1,Libya,Human Health and Social Work Activities,Healthcare,SOC 2020,4
2025,2025 Q1,Lithuania,Construction,Engineering,SOC 2020,6
2025,2025 Q1,Lithuania,Education,Education,SOC 2020,1
2025,2025 Q1,Lithuania,Financial and Insurance Activities,Finance,SOC 2020,2
2025,2025 Q1,Lithuania,Information and Communications,Technology,SOC 2020,2
2025,2025 Q1,Luxembourg,Education,Education,SOC 2020,1
2025,2025 Q1,Luxembourg,Financial and Insurance Activities,Finance,SOC 2020,3
2025,2025 Q1,Madagascar,Human Health and Social Work Activities,Healthcare,SOC 2020,1
2025,2025 Q1,Malawi,Human Health and Social Work Activities,Healthcare,SOC 2020,4
2025,2025 Q1,Malaysia,Construction,Engineering,SOC 2020,3
2025,2025 Q1,Malaysia,Education,Education,SOC 2020,6
2025,2025 Q1,Malaysia,Financial and Insurance Activities,Finance,SOC 2020,9
2025,2025 Q1,Malaysia,Human Health and Social Work Activities,Healthcare,SOC 2020,35
2025,2025 Q1,Malaysia,Information and Communications,Technology,SOC 2020,4
2025,2025 Q1,Maldives,Education,Education,SOC 2020,1
2025,2025 Q1,Malta,Construction,Engineering,SOC 2020,1
2025,2025 Q1,Malta,Education,Education,SOC 2020,1
2025,2025 Q1,Malta,Financial and Insurance Activities,Finance,SOC 2020,2
2025,2025 Q1,Malta,Human Health and Social Work Activities,Healthcare,SOC 2020,9
2025,2025 Q1,Malta,Information and Communications,Technology,SOC 2020,1
2025,2025 Q1,Mauritius,Financial and Insurance Activities,Finance,SOC 2020,2
2025,2025 Q1,Mauritius,Human Health and Social Work Activities,Healthcare,SOC 2020,13
2025,2025 Q1,Mauritius,Information and Communications,Technology,SOC 2020,1
2025,2025 Q1,Mexico,Construction,Engineering,SOC 2020,5
2025,2025 Q1,Mexico,Education,Education,SOC 2020,9
2025,2025 Q1,Mexico,Financial and Insurance Activities,Finance,SOC 2020,7
2025,2025 Q1,Mexico,Human Health and Social Work Activities,Healthcare,SOC 2020,3
2025,2025 Q1,Mexico,Information and Communications,Technology,SOC 2020,2
2025,2025 Q1,Mongolia,Financial and Insurance Activities,Finance,SOC 2020,1
2025,2025 Q1,Montenegro,Financial and Insurance Activities,Finance,SOC 2020,1
2025,2025 Q1,Morocco,Education,Education,SOC 2020,6
2025,2025 Q1,Morocco,Financial and Insurance Activities,Finance,SOC 2020,16
2025,2025 Q1,Morocco,Human Health and Social Work Activities,Healthcare,SOC 2020,8
2025,2025 Q1,Morocco,Information and Communications,Technology,SOC 2020,4
2025,2025 Q1,Mozambique,Construction,Engineering,SOC 2020,1
2025,2025 Q1,Mozambique,Human Health and Social Work Activities,Healthcare,SOC 2020,1
2025,2025 Q1,Myanmar (Burma),Education,Education,SOC 2020,2
2025,2025 Q1,Myanmar (Burma),Human Health and Social Work Activities,Healthcare,SOC 2020,28
2025,2025 Q1,Namibia,Human Health and Social Work Activities,Healthcare,SOC 2020,2
2025,2025 Q1,Nepal,Construction,Engineering,SOC 2020,4
2025,2025 Q1,Nepal,Education,Education,SOC 2020,2
2025,2025 Q1,Nepal,Financial and Insurance Activities,Finance,SOC 2020,1
2025,2025 Q1,Nepal,Human Health and Social Work Activities,Healthcare,SOC 2020,98
2025,2025 Q1,Nepal,Information and Communications,Technology,SOC 2020,2
2025,2025 Q1,Netherlands,Construction,Engineering,SOC 2020,22
2025,2025 Q1,Netherlands,Education,Education,SOC 2020,13
2025,2025 Q1,Netherlands,Financial and Insurance Activities,Finance,SOC 2020,43
2025,2025 Q1,Netherlands,Human Health and Social Work Activities,Healthcare,SOC 2020,6
2025,2025 Q1,Netherlands,Information and Communications,Technology,SOC 2020,17
2025,2025 Q1,New Zealand,Construction,Engineering,SOC 2020,4
2025,2025 Q1,New Zealand,Education,Education,SOC 2020,7
2025,2025 Q1,New Zealand,Financial and Insurance Activities,Finance,SOC 2020,11
2025,2025 Q1,New Zealand,Human Health and Social Work Activities,Healthcare,SOC 2020,31
2025,2025 Q1,New Zealand,Information and Communications,Technology,SOC 2020,2
2025,2025 Q1,Nigeria,Construction,Engineering,SOC 2020,7
2025,2025 Q1,Nigeria,Education,Education,SOC 2020,28
2025,2025 Q1,Nigeria,Financial and Insurance Activities,Finance,SOC 2020,21
2025,2025 Q1,Nigeria,Human Health and Social Work Activities,Healthcare,SOC 2020,447
2025,2025 Q1,Nigeria,Information and Communications,Technology,SOC 2020,17
2025,2025 Q1,North Macedonia,Education,Education,SOC 2020,1
2025,2025 Q1,North Macedonia,Information and Communications,Technology,SOC 2020,1
2025,2025 Q1,Norway,Construction,Engineering,SOC 2020,1
2025,2025 Q1,Norway,Education,Education,SOC 2020,2
2025,2025 Q1,Norway,Financial and Insurance Activities,Finance,SOC 2020,16
2025,2025 Q1,Norway,Information and Communications,Technology,SOC 2020,1
2025,2025 Q1,Oman,Human Health and Social Work Activities,Healthcare,SOC 2020,3
2025,2025 Q1,Other and unknown,Human Health and Social Work Activities,Healthcare,SOC 2020,1
2025,2025 Q1,Pakistan,Construction,Engineering,SOC 2020,57
2025,2025 Q1,Pakistan,Education,Education,SOC 2020,42
2025,2025 Q1,Pakistan,Financial and Insurance Activities,Finance,SOC 2020,15
2025,2025 Q1,Pakistan,Human Health and Social Work Activities,Healthcare,SOC 2020,476
2025,2025 Q1,Pakistan,Information and Communications,Technology,SOC 2020,79
2025,2025 Q1,Palestine,Education,Education,SOC 2020,2
2025,2025 Q1,Palestine,Human Health and Social Work Activities,Healthcare,SOC 2020,10
2025,2025 Q1,Peru,Construction,Engineering,SOC 2020,2
2025,2025 Q1,Peru,Education,Education,SOC 2020,1
2025,2025 Q1,Peru,Financial and Insurance Activities,Finance,SOC 2020,2
2025,2025 Q1,Peru,Human Health and Social Work Activities,Healthcare,SOC 2020,1
2025,2025 Q1,Peru,Information and Communications,Technology,SOC 2020,2
2025,2025 Q1,Philippines,Construction,Engineering,SOC 2020,46
2025,2025 Q1,Philippines,Education,Education,SOC 2020,7
2025,2025 Q1,Philippines,Financial and Insurance Activities,Finance,SOC 2020,6
2025,2025 Q1,Philippines,Human Health and Social Work Activities,Healthcare,SOC 2020,315
2025,2025 Q1,Philippines,Information and Communications,Technology,SOC 2020,9
2025,2025 Q1,Poland,Construction,Engineering,SOC 2020,13
2025,2025 Q1,Poland,Education,Education,SOC 2020,1
2025,2025 Q1,Poland,Financial and Insurance Activities,Finance,SOC 2020,20
2025,2025 Q1,Poland,Human Health and Social Work Activities,Healthcare,SOC 2020,7
2025,2025 Q1,Poland,Information and Communications,Technology,SOC 2020,7
2025,2025 Q1,Portugal,Construction,Engineering,SOC 2020,9
2025,2025 Q1,Portugal,Education,Education,SOC 2020,11
2025,2025 Q1,Portugal,Financial and Insurance Activities,Finance,SOC 2020,24
2025,2025 Q1,Portugal,Human Health and Social Work Activities,Healthcare,SOC 2020,12
2025,2025 Q1,Portugal,Information and Communications,Technology,SOC 2020,10
2025,2025 Q1,Qatar,Human Health and Social Work Activities,Healthcare,SOC 2020,1
2025,2025 Q1,Romania,Construction,Engineering,SOC 2020,10
2025,2025 Q1,Romania,Education,Education,SOC 2020,3
2025,2025 Q1,Romania,Financial and Insurance Activities,Finance,SOC 2020,6
2025,2025 Q1,Romania,Human Health and Social Work Activities,Healthcare,SOC 2020,17
2025,2025 Q1,Romania,Information and Communications,Technology,SOC 2020,7
2025,2025 Q1,Russia,Construction,Engineering,SOC 2020,1
2025,2025 Q1,Russia,Education,Education,SOC 2020,2
2025,2025 Q1,Russia,Financial and Insurance Activities,Finance,SOC 2020,19
2025,2025 Q1,Russia,Human Health and Social Work Activities,Healthcare,SOC 2020,4
2025,2025 Q1,Russia,Information and Communications,Technology,SOC 2020,41
2025,2025 Q1,Rwanda,Education,Education,SOC 2020,1
2025,2025 Q1,Rwanda,Financial and Insurance Activities,Finance,SOC 2020,2
2025,2025 Q1,Rwanda,Human Health and Social Work Activities,Healthcare,SOC 2020,3
2025,2025 Q1,Saudi Arabia,Education,Education,SOC 2020,3
2025,2025 Q1,Saudi Arabia,Financial and Insurance Activities,Finance,SOC 2020,1
2025,2025 Q1,Saudi Arabia,Human Health and Social Work Activities,Healthcare,SOC 2020,15
2025,2025 Q1,Serbia,Construction,Engineering,SOC 2020,1
2025,2025 Q1,Serbia,Financial and Insurance Activities,Finance,SOC 2020,5
2025,2025 Q1,Serbia,Human Health and Social Work Activities,Healthcare,SOC 2020,1
2025,2025 Q1,Serbia,Information and Communications,Technology,SOC 2020,2
2025,2025 Q1,Seychelles,Human Health and Social Work Activities,Healthcare,SOC 2020,1
2025,2025 Q1,Sierra Leone,Human Health and Social Work Activities,Healthcare,SOC 2020,4
2025,2025 Q1,Singapore,Construction,Engineering,SOC 2020,1
2025,2025 Q1,Singapore,Education,Education,SOC 2020,12
2025,2025 Q1,Singapore,Financial and Insurance Activities,Finance,SOC 2020,11
2025,2025 Q1,Singapore,Human Health and Social Work Activities,Healthcare,SOC 2020,6
2025,2025 Q1,Singapore,Information and Communications,Technology,SOC 2020,7
2025,2025 Q1,Slovakia,Education,Education,SOC 2020,2
2025,2025 Q1,Slovakia,Financial and Insurance Activities,Finance,SOC 2020,4
2025,2025 Q1,Slovakia,Information and Communications,Technology,SOC 2020,1
2025,2025 Q1,Slovenia,Education,Education,SOC 2020,1
2025,2025 Q1,Slovenia,Financial and Insurance Activities,Finance,SOC 2020,2
2025,2025 Q1,Slovenia,Human Health and Social Work Activities,Healthcare,SOC 2020,1
2025,2025 Q1,Somalia,Human Health and Social Work Activities,Healthcare,SOC 2020,6
2025,2025 Q1,South Africa,Construction,Engineering,SOC 2020,28
2025,2025 Q1,South Africa,Education,Education,SOC 2020,10
2025,2025 Q1,South Africa,Financial and Insurance Activities,Finance,SOC 2020,26
2025,2025 Q1,South Africa,Human Health and Social Work Activities,Healthcare,SOC 2020,58
2025,2025 Q1,South Africa,Information and Communications,Technology,SOC 2020,25
2025,2025 Q1,South Korea,Construction,Engineering,SOC 2020,1
2025,2025 Q1,South Korea,Education,Education,SOC 2020,12
2025,2025 Q1,South Korea,Financial and Insurance Activities,Finance,SOC 2020,19
2025,2025 Q1,South Korea,Human Health and Social Work Activities,Healthcare,SOC 2020,4
2025,2025 Q1,South Korea,Information and Communications,Technology,SOC 2020,8
2025,2025 Q1,Spain,Construction,Engineering,SOC 2020,19
2025,2025 Q1,Spain,Education,Education,SOC 2020,22
2025,2025 Q1,Spain,Financial and Insurance Activities,Finance,SOC 2020,78
2025,2025 Q1,Spain,Human Health and Social Work Activities,Healthcare,SOC 2020,25
2025,2025 Q1,Spain,Information and Communications,Technology,SOC 2020,27
2025,2025 Q1,Sri Lanka,Construction,Engineering,SOC 2020,12
2025,2025 Q1,Sri Lanka,Education,Education,SOC 2020,13
2025,2025 Q1,Sri Lanka,Financial and Insurance Activities,Finance,SOC 2020,4
2025,2025 Q1,Sri Lanka,Human Health and Social Work Activities,Healthcare,SOC 2020,172
2025,2025 Q1,Sri Lanka,Information and Communications,Technology,SOC 2020,12
2025,2025 Q1,St Kitts and Nevis,Construction,Engineering,SOC 2020,3
2025,2025 Q1,St Kitts and Nevis,Financial and Insurance Activities,Finance,SOC 2020,1
2025,2025 Q1,St Lucia,Human Health and Social Work Activities,Healthcare,SOC 2020,1
2025,2025 Q1,Sudan,Education,Education,SOC 2020,2
2025,2025 Q1,Sudan,Human Health and Social Work Activities,Healthcare,SOC 2020,38
2025,2025 Q1,Sweden,Education,Education,SOC 2020,2
2025,2025 Q1,Sweden,Financial and Insurance Activities,Finance,SOC 2020,17
2025,2025 Q1,Sweden,Human Health and Social Work Activities,Healthcare,SOC 2020,3
2025,2025 Q1,Sweden,Information and Communications,Technology,SOC 2020,9
2025,2025 Q1,Switzerland,Education,Education,SOC 2020,4
2025,2025 Q1,Switzerland,Financial and Insurance Activities,Finance,SOC 2020,29
2025,2025 Q1,Switzerland,Human Health and Social Work Activities,Healthcare,SOC 2020,3
2025,2025 Q1,Switzerland,Information and Communications,Technology,SOC 2020,3
2025,2025 Q1,Syria,Human Health and Social Work Activities,Healthcare,SOC 2020,7
2025,2025 Q1,Syria,Information and Communications,Technology,SOC 2020,1
2025,2025 Q1,Taiwan,Education,Education,SOC 2020,4
2025,2025 Q1,Taiwan,Financial and Insurance Activities,Finance,SOC 2020,7
2025,2025 Q1,Taiwan,Human Health and Social Work Activities,Healthcare,SOC 2020,16
2025,2025 Q1,Taiwan,Information and Communications,Technology,SOC 2020,9
2025,2025 Q1,Tajikistan,Financial and Insurance Activities,Finance,SOC 2020,1
2025,2025 Q1,Tanzania,Education,Education,SOC 2020,1
2025,2025 Q1,Tanzania,Human Health and Social Work Activities,Healthcare,SOC 2020,2
2025,2025 Q1,Thailand,Education,Education,SOC 2020,6
2025,2025 Q1,Thailand,Financial and Insurance Activities,Finance,SOC 2020,1
2025,2025 Q1,Thailand,Human Health and Social Work Activities,Healthcare,SOC 2020,8
2025,2025 Q1,Thailand,Information and Communications,Technology,SOC 2020,2
2025,2025 Q1,Trinidad and Tobago,Education,Education,SOC 2020,2
2025,2025 Q1,Trinidad and Tobago,Financial and Insurance Activities,Finance,SOC 2020,1
2025,2025 Q1,Trinidad and Tobago,Human Health and Social Work Activities,Healthcare,SOC 2020,23
2025,2025 Q1,Tunisia,Education,Education,SOC 2020,1
2025,2025 Q1,Tunisia,Financial and Insurance Activities,Finance,SOC 2020,7
2025,2025 Q1,Tunisia,Human Health and Social Work Activities,Healthcare,SOC 2020,4
2025,2025 Q1,Tunisia,Information and Communications,Technology,SOC 2020,3
2025,2025 Q1,Turkey,Construction,Engineering,SOC 2020,23
2025,2025 Q1,Turkey,Education,Education,SOC 2020,30
2025,2025 Q1,Turkey,Financial and Insurance Activities,Finance,SOC 2020,17
2025,2025 Q1,Turkey,Human Health and Social Work Activities,Healthcare,SOC 2020,35
2025,2025 Q1,Turkey,Information and Communications,Technology,SOC 2020,44
2025,2025 Q1,Uganda,Education,Education,SOC 2020,1
2025,2025 Q1,Uganda,Financial and Insurance Activities,Finance,SOC 2020,1
2025,2025 Q1,Uganda,Human Health and Social Work Activities,Healthcare,SOC 2020,17
2025,2025 Q1,Ukraine,Construction,Engineering,SOC 2020,1
2025,2025 Q1,Ukraine,Education,Education,SOC 2020,2
2025,2025 Q1,Ukraine,Financial and Insurance Activities,Finance,SOC 2020,9
2025,2025 Q1,Ukraine,Human Health and Social Work Activities,Healthcare,SOC 2020,1
2025,2025 Q1,Ukraine,Information and Communications,Technology,SOC 2020,11
2025,2025 Q1,United Arab Emirates,Financial and Insurance Activities,Finance,SOC 2020,2
2025,2025 Q1,United Arab Emirates,Human Health and Social Work Activities,Healthcare,SOC 2020,2
2025,2025 Q1,United States,Construction,Engineering,SOC 2020,11
2025,2025 Q1,United States,Education,Education,SOC 2020,47
2025,2025 Q1,United States,Financial and Insurance Activities,Finance,SOC 2020,238
2025,2025 Q1,United States,Human Health and Social Work Activities,Healthcare,SOC 2020,40
2025,2025 Q1,United States,Information and Communications,Technology,SOC 2020,163
2025,2025 Q1,Uzbekistan,Education,Education,SOC 2020,1
2025,2025 Q1,Uzbekistan,Financial and Insurance Activities,Finance,SOC 2020,1
2025,2025 Q1,Venezuela,Education,Education,SOC 2020,1
2025,2025 Q1,Venezuela,Human Health and Social Work Activities,Healthcare,SOC 2020,1
2025,2025 Q1,Vietnam,Education,Education,SOC 2020,1
2025,2025 Q1,Vietnam,Financial and Insurance Activities,Finance,SOC 2020,3
2025,2025 Q1,Vietnam,Human Health and Social Work Activities,Healthcare,SOC 2020,4
2025,2025 Q1,Vietnam,Information and Communications,Technology,SOC 2020,3
2025,2025 Q1,Yemen,Human Health and Social Work Activities,Healthcare,SOC 2020,1
2025,2025 Q1,Zambia,Human Health and Social Work Activities,Healthcare,SOC 2020,14
2025,2025 Q1,Zimbabwe,Construction,Engineering,SOC 2020,9
2025,2025 Q1,Zimbabwe,Education,Education,SOC 2020,10
2025,2025 Q1,Zimbabwe,Financial and Insurance Activities,Finance,SOC 2020,2
2025,2025 Q1,Zimbabwe,Human Health and Social Work Activities,Healthcare,SOC 2020,313
2025,2025 Q1,Zimbabwe,Information and Communications,Technology,SOC 2020,2
2025,2025 Q2,Afghanistan,Education,Education,SOC 2020,1
2025,2025 Q2,Afghanistan,Human Health and Social Work Activities,Healthcare,SOC 2020,3
2025,2025 Q2,Albania,Construction,Engineering,SOC 2020,7
2025,2025 Q2,Albania,Education,Education,SOC 2020,1
2025,2025 Q2,Albania,Financial and Insurance Activities,Finance,SOC 2020,1
2025,2025 Q2,Albania,Human Health and Social Work Activities,Healthcare,SOC 2020,6
2025,2025 Q2,Albania,Information and Communications,Technology,SOC 2020,1
2025,2025 Q2,Algeria,Education,Education,SOC 2020,1
2025,2025 Q2,Algeria,Financial and Insurance Activities,Finance,SOC 2020,1
2025,2025 Q2,Algeria,Human Health and Social Work Activities,Healthcare,SOC 2020,4
2025,2025 Q2,Algeria,Information and Communications,Technology,SOC 2020,2
2025,2025 Q2,Antigua and Barbuda,Human Health and Social Work Activities,Healthcare,SOC 2020,1
2025,2025 Q2,Argentina,Education,Education,SOC 2020,1
2025,2025 Q2,Argentina,Financial and Insurance Activities,Finance,SOC 2020,9
2025,2025 Q2,Argentina,Human Health and Social Work Activities,Healthcare,SOC 2020,1
2025,2025 Q2,Argentina,Information and Communications,Technology,SOC 2020,5
2025,2025 Q2,Armenia,Financial and Insurance Activities,Finance,SOC 2020,2
2025,2025 Q2,Armenia,Human Health and Social Work Activities,Healthcare,SOC 2020,2
2025,2025 Q2,Armenia,Information and Communications,Technology,SOC 2020,2
2025,2025 Q2,Australia,Construction,Engineering,SOC 2020,12
2025,2025 Q2,Australia,Education,Education,SOC 2020,16
2025,2025 Q2,Australia,Financial and Insurance Activities,Finance,SOC 2020,56
2025,2025 Q2,Australia,Human Health and Social Work Activities,Healthcare,SOC 2020,88
2025,2025 Q2,Australia,Information and Communications,Technology,SOC 2020,24
2025,2025 Q2,Austria,Construction,Engineering,SOC 2020,4
2025,2025 Q2,Austria,Education,Education,SOC 2020,9
2025,2025 Q2,Austria,Financial and Insurance Activities,Finance,SOC 2020,15
2025,2025 Q2,Austria,Human Health and Social Work Activities,Healthcare,SOC 2020,6
2025,2025 Q2,Austria,Information and Communications,Technology,SOC 2020,2
2025,2025 Q2,Azerbaijan,Education,Education,SOC 2020,1
2025,2025 Q2,Azerbaijan,Financial and Insurance Activities,Finance,SOC 2020,1
2025,2025 Q2,Azerbaijan,Human Health and Social Work Activities,Healthcare,SOC 2020,2
2025,2025 Q2,"Bahamas, The",Financial and Insurance Activities,Finance,SOC 2020,1
2025,2025 Q2,"Bahamas, The",Human Health and Social Work Activities,Healthcare,SOC 2020,1
2025,2025 Q2,Bahrain,Human Health and Social Work Activities,Healthcare,SOC 2020,11
2025,2025 Q2,Bangladesh,Construction,Engineering,SOC 2020,2
2025,2025 Q2,Bangladesh,Education,Education,SOC 2020,5
2025,2025 Q2,Bangladesh,Financial and Insurance Activities,Finance,SOC 2020,1
2025,2025 Q2,Bangladesh,Human Health and Social Work Activities,Healthcare,SOC 2020,51
2025,2025 Q2,Bangladesh,Information and Communications,Technology,SOC 2020,7
2025,2025 Q2,Belarus,Financial and Insurance Activities,Finance,SOC 2020,1
2025,2025 Q2,Belarus,Information and Communications,Technology,SOC 2020,3
2025,2025 Q2,Belgium,Construction,Engineering,SOC 2020,2
2025,2025 Q2,Belgium,Education,Education,SOC 2020,11
2025,2025 Q2,Belgium,Financial and Insurance Activities,Finance,SOC 2020,23
2025,2025 Q2,Belgium,Human Health and Social Work Activities,Healthcare,SOC 2020,5
2025,2025 Q2,Belgium,Information and Communications,Technology,SOC 2020,3
2025,2025 Q2,Benin,Financial and Insurance Activities,Finance,SOC 2020,3
2025,2025 Q2,Bolivia,Human Health and Social Work Activities,Healthcare,SOC 2020,1
2025,2025 Q2,Botswana,Human Health and Social Work Activities,Healthcare,SOC 2020,4
2025,2025 Q2,Brazil,Construction,Engineering,SOC 2020,4
2025,2025 Q2,Brazil,Education,Education,SOC 2020,31
2025,2025 Q2,Brazil,Financial and Insurance Activities,Finance,SOC 2020,16
2025,2025 Q2,Brazil,Human Health and Social Work Activities,Healthcare,SOC 2020,21
2025,2025 Q2,Brazil,Information and Communications,Technology,SOC 2020,14
2025,2025 Q2,Brunei,Human Health and Social Work Activities,Healthcare,SOC 2020,6
2025,2025 Q2,Bulgaria,Construction,Engineering,SOC 2020,2
2025,2025 Q2,Bulgaria,Financial and Insurance Activities,Finance,SOC 2020,7
2025,2025 Q2,Bulgaria,Human Health and Social Work Activities,Healthcare,SOC 2020,3
2025,2025 Q2,Bulgaria,Information and Communications,Technology,SOC 2020,1
2025,2025 Q2,Burkina Faso,Human Health and Social Work Activities,Healthcare,SOC 2020,1
2025,2025 Q2,Cameroon,Construction,Engineering,SOC 2020,1
2025,2025 Q2,Cameroon,Education,Education,SOC 2020,3
2025,2025 Q2,Cameroon,Financial and Insurance Activities,Finance,SOC 2020,1
2025,2025 Q2,Cameroon,Human Health and Social Work Activities,Healthcare,SOC 2020,12
2025,2025 Q2,Cameroon,Information and Communications,Technology,SOC 2020,2
2025,2025 Q2,Canada,Construction,Engineering,SOC 2020,1
2025,2025 Q2,Canada,Education,Education,SOC 2020,26
2025,2025 Q2,Canada,Financial and Insurance Activities,Finance,SOC 2020,40
2025,2025 Q2,Canada,Human Health and Social Work Activities,Healthcare,SOC 2020,85
2025,2025 Q2,Canada,Information and Communications,Technology,SOC 2020,16
2025,2025 Q2,Chile,Education,Education,SOC 2020,4
2025,2025 Q2,Chile,Financial and Insurance Activities,Finance,SOC 2020,4
2025,2025 Q2,Chile,Human Health and Social Work Activities,Healthcare,SOC 2020,3
2025,2025 Q2,China,Construction,Engineering,SOC 2020,2
2025,2025 Q2,China,Education,Education,SOC 2020,113
2025,2025 Q2,China,Financial and Insurance Activities,Finance,SOC 2020,123
2025,2025 Q2,China,Human Health and Social Work Activities,Healthcare,SOC 2020,12
2025,2025 Q2,China,Information and Communications,Technology,SOC 2020,81
2025,2025 Q2,Colombia,Construction,Engineering,SOC 2020,5
2025,2025 Q2,Colombia,Education,Education,SOC 2020,6
2025,2025 Q2,Colombia,Financial and Insurance Activities,Finance,SOC 2020,4
2025,2025 Q2,Colombia,Human Health and Social Work Activities,Healthcare,SOC 2020,4
2025,2025 Q2,Colombia,Information and Communications,Technology,SOC 2020,2
2025,2025 Q2,Congo,Information and Communications,Technology,SOC 2020,1
2025,2025 Q2,Congo (Democratic Republic),Education,Education,SOC 2020,1
2025,2025 Q2,Congo (Democratic Republic),Financial and Insurance Activities,Finance,SOC 2020,1
2025,2025 Q2,Congo (Democratic Republic),Information and Communications,Technology,SOC 2020,1
2025,2025 Q2,Costa Rica,Financial and Insurance Activities,Finance,SOC 2020,2
2025,2025 Q2,Croatia,Construction,Engineering,SOC 2020,11
2025,2025 Q2,Croatia,Education,Education,SOC 2020,2
2025,2025 Q2,Croatia,Financial and Insurance Activities,Finance,SOC 2020,2
2025,2025 Q2,Croatia,Human Health and Social Work Activities,Healthcare,SOC 2020,1
2025,2025 Q2,Croatia,Information and Communications,Technology,SOC 2020,1
2025,2025 Q2,Cuba,Education,Education,SOC 2020,1
2025,2025 Q2,Cuba,Human Health and Social Work Activities,Healthcare,SOC 2020,1
2025,2025 Q2,Cyprus,Financial and Insurance Activities,Finance,SOC 2020,3
2025,2025 Q2,Cyprus,Human Health and Social Work Activities,Healthcare,SOC 2020,11
2025,2025 Q2,Czechia,Construction,Engineering,SOC 2020,2
2025,2025 Q2,Czechia,Education,Education,SOC 2020,5
2025,2025 Q2,Czechia,Financial and Insurance Activities,Finance,SOC 2020,5
2025,2025 Q2,Czechia,Human Health and Social Work Activities,Healthcare,SOC 2020,2
2025,2025 Q2,Czechia,Information and Communications,Technology,SOC 2020,2
2025,2025 Q2,Denmark,Education,Education,SOC 2020,3
2025,2025 Q2,Denmark,Financial and Insurance Activities,Finance,SOC 2020,23
2025,2025 Q2,Denmark,Human Health and Social Work Activities,Healthcare,SOC 2020,4
2025,2025 Q2,Denmark,Information and Communications,Technology,SOC 2020,2
2025,2025 Q2,Dominica,Construction,Engineering,SOC 2020,1
2025,2025 Q2,Dominica,Human Health and Social Work Activities,Healthcare,SOC 2020,6
2025,2025 Q2,Dominican Republic,Financial and Insurance Activities,Finance,SOC 2020,1
2025,2025 Q2,Ecuador,Education,Education,SOC 2020,5
2025,2025 Q2,Ecuador,Human Health and Social Work Activities,Healthcare,SOC 2020,2
2025,2025 Q2,Egypt,Construction,Engineering,SOC 2020,1
2025,2025 Q2,Egypt,Education,Education,SOC 2020,9
2025,2025 Q2,Egypt,Financial and Insurance Activities,Finance,SOC 2020,2
2025,2025 Q2,Egypt,Human Health and Social Work Activities,Healthcare,SOC 2020,228
2025,2025 Q2,Egypt,Information and Communications,Technology,SOC 2020,11
2025,2025 Q2,El Salvador,Financial and Insurance Activities,Finance,SOC 2020,1
2025,2025 Q2,Estonia,Construction,Engineering,SOC 2020,1
2025,2025 Q2,Estonia,Education,Education,SOC 2020,1
2025,2025 Q2,Estonia,Financial and Insurance Activities,Finance,SOC 2020,2
2025,2025 Q2,Eswatini,Human Health and Social Work Activities,Healthcare,SOC 2020,6
2025,2025 Q2,Ethiopia,Education,Education,SOC 2020,3
2025,2025 Q2,Ethiopia,Financial and Insurance Activities,Finance,SOC 2020,6
2025,2025 Q2,Ethiopia,Human Health and Social Work Activities,Healthcare,SOC 2020,2
2025,2025 Q2,Finland,Education,Education,SOC 2020,7
2025,2025 Q2,Finland,Financial and Insurance Activities,Finance,SOC 2020,12
2025,2025 Q2,Finland,Human Health and Social Work Activities,Healthcare,SOC 2020,1
2025,2025 Q2,Finland,Information and Communications,Technology,SOC 2020,4
2025,2025 Q2,France,Construction,Engineering,SOC 2020,27
2025,2025 Q2,France,Education,Education,SOC 2020,80
2025,2025 Q2,France,Financial and Insurance Activities,Finance,SOC 2020,242
2025,2025 Q2,France,Human Health and Social Work Activities,Healthcare,SOC 2020,15
2025,2025 Q2,France,Information and Communications,Technology,SOC 2020,55
2025,2025 Q2,"Gambia, The",Education,Education,SOC 2020,2
2025,2025 Q2,"Gambia, The",Human Health and Social Work Activities,Healthcare,SOC 2020,1
2025,2025 Q2,Georgia,Education,Education,SOC 2020,1
2025,2025 Q2,Georgia,Financial and Insurance Activities,Finance,SOC 2020,3
2025,2025 Q2,Georgia,Human Health and Social Work Activities,Healthcare,SOC 2020,1
2025,2025 Q2,Georgia,Information and Communications,Technology,SOC 2020,2
2025,2025 Q2,Germany,Construction,Engineering,SOC 2020,11
2025,2025 Q2,Germany,Education,Education,SOC 2020,124
2025,2025 Q2,Germany,Financial and Insurance Activities,Finance,SOC 2020,177
2025,2025 Q2,Germany,Human Health and Social Work Activities,Healthcare,SOC 2020,59
2025,2025 Q2,Germany,Information and Communications,Technology,SOC 2020,57
2025,2025 Q2,Ghana,Construction,Engineering,SOC 2020,16
2025,2025 Q2,Ghana,Education,Education,SOC 2020,9
2025,2025 Q2,Ghana,Financial and Insurance Activities,Finance,SOC 2020,5
2025,2025 Q2,Ghana,Human Health and Social Work Activities,Healthcare,SOC 2020,127
2025,2025 Q2,Ghana,Information and Communications,Technology,SOC 2020,2
2025,2025 Q2,Greece,Construction,Engineering,SOC 2020,7
2025,2025 Q2,Greece,Education,Education,SOC 2020,21
2025,2025 Q2,Greece,Financial and Insurance Activities,Finance,SOC 2020,11
2025,2025 Q2,Greece,Human Health and Social Work Activities,Healthcare,SOC 2020,40
2025,2025 Q2,Greece,Information and Communications,Technology,SOC 2020,7
2025,2025 Q2,Grenada,Construction,Engineering,SOC 2020,1
2025,2025 Q2,Grenada,Human Health and Social Work Activities,Healthcare,SOC 2020,1
2025,2025 Q2,Guyana,Human Health and Social Work Activities,Healthcare,SOC 2020,1
2025,2025 Q2,Haiti,Education,Education,SOC 2020,1
2025,2025 Q2,Haiti,Financial and Insurance Activities,Finance,SOC 2020,1
2025,2025 Q2,Honduras,Human Health and Social Work Activities,Healthcare,SOC 2020,1
2025,2025 Q2,Hong Kong,Construction,Engineering,SOC 2020,1
2025,2025 Q2,Hong Kong,Education,Education,SOC 2020,5
2025,2025 Q2,Hong Kong,Financial and Insurance Activities,Finance,SOC 2020,10
2025,2025 Q2,Hong Kong,Human Health and Social Work Activities,Healthcare,SOC 2020,10
2025,2025 Q2,Hungary,Construction,Engineering,SOC 2020,4
2025,2025 Q2,Hungary,Education,Education,SOC 2020,6
2025,2025 Q2,Hungary,Financial and Insurance Activities,Finance,SOC 2020,16
2025,2025 Q2,Hungary,Human Health and Social Work Activities,Healthcare,SOC 2020,4
2025,2025 Q2,Hungary,Information and Communications,Technology,SOC 2020,3
2025,2025 Q2,Iceland,Human Health and Social Work Activities,Healthcare,SOC 2020,1
2025,2025 Q2,India,Construction,Engineering,SOC 2020,42
2025,2025 Q2,India,Education,Education,SOC 2020,83
2025,2025 Q2,India,Financial and Insurance Activities,Finance,SOC 2020,356
2025,2025 Q2,India,Human Health and Social Work Activities,Healthcare,SOC 2020,1121
2025,2025 Q2,India,Information and Communications,Technology,SOC 2020,1553
2025,2025 Q2,Indonesia,Education,Education,SOC 2020,4
2025,2025 Q2,Indonesia,Financial and Insurance Activities,Finance,SOC 2020,3
2025,2025 Q2,Indonesia,Human Health and Social Work Activities,Healthcare,SOC 2020,2
2025,2025 Q2,Indonesia,Information and Communications,Technology,SOC 2020,5
2025,2025 Q2,Iran,Construction,Engineering,SOC 2020,1
2025,2025 Q2,Iran,Education,Education,SOC 2020,10
2025,2025 Q2,Iran,Financial and Insurance Activities,Finance,SOC 2020,2
2025,2025 Q2,Iran,Human Health and Social Work Activities,Healthcare,SOC 2020,63
2025,2025 Q2,Iran,Information and Communications,Technology,SOC 2020,3
2025,2025 Q2,Iraq,Construction,Engineering,SOC 2020,1
2025,2025 Q2,Iraq,Human Health and Social Work Activities,Healthcare,SOC 2020,25
2025,2025 Q2,Israel,Education,Education,SOC 2020,6
2025,2025 Q2,Israel,Financial and Insurance Activities,Finance,SOC 2020,4
2025,2025 Q2,Israel,Human Health and Social Work Activities,Healthcare,SOC 2020,6
2025,2025 Q2,Israel,Information and Communications,Technology,SOC 2020,15
2025,2025 Q2,Italy,Construction,Engineering,SOC 2020,6
2025,2025 Q2,Italy,Education,Education,SOC 2020,64
2025,2025 Q2,Italy,Financial and Insurance Activities,Finance,SOC 2020,181
2025,2025 Q2,Italy,Human Health and Social Work Activities,Healthcare,SOC 2020,25
2025,2025 Q2,Italy,Information and Communications,Technology,SOC 2020,22
2025,2025 Q2,Ivory Coast,Education,Education,SOC 2020,2
2025,2025 Q2,Ivory Coast,Financial and Insurance Activities,Finance,SOC 2020,3
2025,2025 Q2,Jamaica,Education,Education,SOC 2020,9
2025,2025 Q2,Jamaica,Financial and Insurance Activities,Finance,SOC 2020,1
2025,2025 Q2,Jamaica,Human Health and Social Work Activities,Healthcare,SOC 2020,3
2025,2025 Q2,Japan,Education,Education,SOC 2020,11
2025,2025 Q2,Japan,Financial and Insurance Activities,Finance,SOC 2020,113
2025,2025 Q2,Japan,Human Health and Social Work Activities,Healthcare,SOC 2020,8
2025,2025 Q2,Japan,Information and Communications,Technology,SOC 2020,42
2025,2025 Q2,Jordan,Financial and Insurance Activities,Finance,SOC 2020,2
2025,2025 Q2,Jordan,Human Health and Social Work Activities,Healthcare,SOC 2020,44
2025,2025 Q2,Jordan,Information and Communications,Technology,SOC 2020,2
2025,2025 Q2,Kazakhstan,Construction,Engineering,SOC 2020,1
2025,2025 Q2,Kazakhstan,Education,Education,SOC 2020,1
2025,2025 Q2,Kazakhstan,Financial and Insurance Activities,Finance,SOC 2020,5
2025,2025 Q2,Kazakhstan,Human Health and Social Work Activities,Healthcare,SOC 2020,1
2025,2025 Q2,Kazakhstan,Information and Communications,Technology,SOC 2020,4
2025,2025 Q2,Kenya,Construction,Engineering,SOC 2020,1
2025,2025 Q2,Kenya,Education,Education,SOC 2020,1
2025,2025 Q2,Kenya,Financial and Insurance Activities,Finance,SOC 2020,8
2025,2025 Q2,Kenya,Human Health and Social Work Activities,Healthcare,SOC 2020,42
2025,2025 Q2,Kenya,Information and Communications,Technology,SOC 2020,2
2025,2025 Q2,Kosovo,Construction,Engineering,SOC 2020,2
2025,2025 Q2,Kuwait,Education,Education,SOC 2020,1
2025,2025 Q2,Kuwait,Human Health and Social Work Activities,Healthcare,SOC 2020,4
2025,2025 Q2,Kyrgyzstan,Construction,Engineering,SOC 2020,2
2025,2025 Q2,Kyrgyzstan,Human Health and Social Work Activities,Healthcare,SOC 2020,1
2025,2025 Q2,Kyrgyzstan,Information and Communications,Technology,SOC 2020,2
2025,2025 Q2,Laos,Education,Education,SOC 2020,1
2025,2025 Q2,Latvia,Construction,Engineering,SOC 2020,2
2025,2025 Q2,Latvia,Education,Education,SOC 2020,1
2025,2025 Q2,Latvia,Financial and Insurance Activities,Finance,SOC 2020,3
2025,2025 Q2,Latvia,Information and Communications,Technology,SOC 2020,2
2025,2025 Q2,Lebanon,Construction,Engineering,SOC 2020,1
2025,2025 Q2,Lebanon,Education,Education,SOC 2020,2
2025,2025 Q2,Lebanon,Financial and Insurance Activities,Finance,SOC 2020,10
2025,2025 Q2,Lebanon,Human Health and Social Work Activities,Healthcare,SOC 2020,7
2025,2025 Q2,Lebanon,Information and Communications,Technology,SOC 2020,1
2025,2025 Q2,Libya,Financial and Insurance Activities,Finance,SOC 2020,1
2025,2025 Q2,Libya,Human Health and Social Work Activities,Healthcare,SOC 2020,9
2025,2025 Q2,Lithuania,Construction,Engineering,SOC 2020,6
2025,2025 Q2,Lithuania,Education,Education,SOC 2020,2
2025,2025 Q2,Lithuania,Financial and Insurance Activities,Finance,SOC 2020,6
2025,2025 Q2,Lithuania,Human Health and Social Work Activities,Healthcare,SOC 2020,1
2025,2025 Q2,Lithuania,Information and Communications,Technology,SOC 2020,3
2025,2025 Q2,Luxembourg,Education,Education,SOC 2020,1
2025,2025 Q2,Luxembourg,Financial and Insurance Activities,Finance,SOC 2020,4
2025,2025 Q2,Luxembourg,Information and Communications,Technology,SOC 2020,1
2025,2025 Q2,Macau,Human Health and Social Work Activities,Healthcare,SOC 2020,1
2025,2025 Q2,Madagascar,Education,Education,SOC 2020,3
2025,2025 Q2,Madagascar,Financial and Insurance Activities,Finance,SOC 2020,1
2025,2025 Q2,Malawi,Education,Education,SOC 2020,2
2025,2025 Q2,Malawi,Human Health and Social Work Activities,Healthcare,SOC 2020,2
2025,2025 Q2,Malaysia,Construction,Engineering,SOC 2020,74
2025,2025 Q2,Malaysia,Education,Education,SOC 2020,4
2025,2025 Q2,Malaysia,Financial and Insurance Activities,Finance,SOC 2020,9
2025,2025 Q2,Malaysia,Human Health and Social Work Activities,Healthcare,SOC 2020,195
2025,2025 Q2,Malaysia,Information and Communications,Technology,SOC 2020,4
2025,2025 Q2,Maldives,Human Health and Social Work Activities,Healthcare,SOC 2020,6
2025,2025 Q2,Malta,Financial and Insurance Activities,Finance,SOC 2020,1
2025,2025 Q2,Malta,Human Health and Social Work Activities,Healthcare,SOC 2020,15
2025,2025 Q2,Mauritius,Financial and Insurance Activities,Finance,SOC 2020,2
2025,2025 Q2,Mauritius,Human Health and Social Work Activities,Healthcare,SOC 2020,11
2025,2025 Q2,Mauritius,Information and Communications,Technology,SOC 2020,1
2025,2025 Q2,Mexico,Education,Education,SOC 2020,3
2025,2025 Q2,Mexico,Financial and Insurance Activities,Finance,SOC 2020,6
2025,2025 Q2,Mexico,Human Health and Social Work Activities,Healthcare,SOC 2020,3
2025,2025 Q2,Mexico,Information and Communications,Technology,SOC 2020,2
2025,2025 Q2,Moldova,Construction,Engineering,SOC 2020,1
2025,2025 Q2,Mongolia,Financial and Insurance Activities,Finance,SOC 2020,2
2025,2025 Q2,Montenegro,Information and Communications,Technology,SOC 2020,1
2025,2025 Q2,Morocco,Financial and Insurance Activities,Finance,SOC 2020,16
2025,2025 Q2,Morocco,Human Health and Social Work Activities,Healthcare,SOC 2020,4
2025,2025 Q2,Morocco,Information and Communications,Technology,SOC 2020,1
2025,2025 Q2,Mozambique,Construction,Engineering,SOC 2020,1
2025,2025 Q2,Myanmar (Burma),Construction,Engineering,SOC 2020,1
2025,2025 Q2,Myanmar (Burma),Education,Education,SOC 2020,1
2025,2025 Q2,Myanmar (Burma),Human Health and Social Work Activities,Healthcare,SOC 2020,34
2025,2025 Q2,Namibia,Human Health and Social Work Activities,Healthcare,SOC 2020,2
2025,2025 Q2,Nepal,Construction,Engineering,SOC 2020,5
2025,2025 Q2,Nepal,Education,Education,SOC 2020,1
2025,2025 Q2,Nepal,Financial and Insurance Activities,Finance,SOC 2020,6
2025,2025 Q2,Nepal,Human Health and Social Work Activities,Healthcare,SOC 2020,85
2025,2025 Q2,Nepal,Information and Communications,Technology,SOC 2020,3
2025,2025 Q2,Netherlands,Construction,Engineering,SOC 2020,137
2025,2025 Q2,Netherlands,Education,Education,SOC 2020,15
2025,2025 Q2,Netherlands,Financial and Insurance Activities,Finance,SOC 2020,73
2025,2025 Q2,Netherlands,Human Health and Social Work Activities,Healthcare,SOC 2020,2
2025,2025 Q2,Netherlands,Information and Communications,Technology,SOC 2020,10
2025,2025 Q2,New Zealand,Construction,Engineering,SOC 2020,1
2025,2025 Q2,New Zealand,Education,Education,SOC 2020,4
2025,2025 Q2,New Zealand,Financial and Insurance Activities,Finance,SOC 2020,12
2025,2025 Q2,New Zealand,Human Health and Social Work Activities,Healthcare,SOC 2020,14
2025,2025 Q2,New Zealand,Information and Communications,Technology,SOC 2020,7
2025,2025 Q2,Nigeria,Construction,Engineering,SOC 2020,4
2025,2025 Q2,Nigeria,Education,Education,SOC 2020,19
2025,2025 Q2,Nigeria,Financial and Insurance Activities,Finance,SOC 2020,14
2025,2025 Q2,Nigeria,Human Health and Social Work Activities,Healthcare,SOC 2020,572
2025,2025 Q2,Nigeria,Information and Communications,Technology,SOC 2020,7
2025,2025 Q2,North Macedonia,Education,Education,SOC 2020,1
2025,2025 Q2,North Macedonia,Financial and Insurance Activities,Finance,SOC 2020,1
2025,2025 Q2,Norway,Construction,Engineering,SOC 2020,4
2025,2025 Q2,Norway,Education,Education,SOC 2020,7
2025,2025 Q2,Norway,Financial and Insurance Activities,Finance,SOC 2020,15
2025,2025 Q2,Norway,Human Health and Social Work Activities,Healthcare,SOC 2020,3
2025,2025 Q2,Norway,Information and Communications,Technology,SOC 2020,2
2025,2025 Q2,Oman,Education,Education,SOC 2020,1
2025,2025 Q2,Oman,Human Health and Social Work Activities,Healthcare,SOC 2020,5
2025,2025 Q2,Other and unknown,Human Health and Social Work Activities,Healthcare,SOC 2020,1
2025,2025 Q2,Pakistan,Construction,Engineering,SOC 2020,21
2025,2025 Q2,Pakistan,Education,Education,SOC 2020,33
2025,2025 Q2,Pakistan,Financial and Insurance Activities,Finance,SOC 2020,12
2025,2025 Q2,Pakistan,Human Health and Social Work Activities,Healthcare,SOC 2020,460
2025,2025 Q2,Pakistan,Information and Communications,Technology,SOC 2020,35
2025,2025 Q2,Palestine,Education,Education,SOC 2020,6
2025,2025 Q2,Palestine,Financial and Insurance Activities,Finance,SOC 2020,1
2025,2025 Q2,Palestine,Human Health and Social Work Activities,Healthcare,SOC 2020,8
2025,2025 Q2,Panama,Information and Communications,Technology,SOC 2020,1
2025,2025 Q2,Peru,Construction,Engineering,SOC 2020,2
2025,2025 Q2,Peru,Financial and Insurance Activities,Finance,SOC 2020,6
2025,2025 Q2,Peru,Human Health and Social Work Activities,Healthcare,SOC 2020,4
2025,2025 Q2,Philippines,Construction,Engineering,SOC 2020,32
2025,2025 Q2,Philippines,Education,Education,SOC 2020,6
2025,2025 Q2,Philippines,Financial and Insurance Activities,Finance,SOC 2020,6
2025,2025 Q2,Philippines,Human Health and Social Work Activities,Healthcare,SOC 2020,262
2025,2025 Q2,Philippines,Information and Communications,Technology,SOC 2020,5
2025,2025 Q2,Poland,Construction,Engineering,SOC 2020,60
2025,2025 Q2,Poland,Education,Education,SOC 2020,11
2025,2025 Q2,Poland,Financial and Insurance Activities,Finance,SOC 2020,19
2025,2025 Q2,Poland,Human Health and Social Work Activities,Healthcare,SOC 2020,10
2025,2025 Q2,Poland,Information and Communications,Technology,SOC 2020,7
2025,2025 Q2,Portugal,Construction,Engineering,SOC 2020,10
2025,2025 Q2,Portugal,Education,Education,SOC 2020,7
2025,2025 Q2,Portugal,Financial and Insurance Activities,Finance,SOC 2020,31
2025,2025 Q2,Portugal,Human Health and Social Work Activities,Healthcare,SOC 2020,13
2025,2025 Q2,Portugal,Information and Communications,Technology,SOC 2020,11
2025,2025 Q2,Romania,Construction,Engineering,SOC 2020,27
2025,2025 Q2,Romania,Education,Education,SOC 2020,15
2025,2025 Q2,Romania,Financial and Insurance Activities,Finance,SOC 2020,24
2025,2025 Q2,Romania,Human Health and Social Work Activities,Healthcare,SOC 2020,14
2025,2025 Q2,Romania,Information and Communications,Technology,SOC 2020,7
2025,2025 Q2,Russia,Construction,Engineering,SOC 2020,3
2025,2025 Q2,Russia,Education,Education,SOC 2020,5
2025,2025 Q2,Russia,Financial and Insurance Activities,Finance,SOC 2020,25
2025,2025 Q2,Russia,Human Health and Social Work Activities,Healthcare,SOC 2020,2
2025,2025 Q2,Russia,Information and Communications,Technology,SOC 2020,31
2025,2025 Q2,Rwanda,Education,Education,SOC 2020,4
2025,2025 Q2,Saudi Arabia,Education,Education,SOC 2020,1
2025,2025 Q2,Saudi Arabia,Financial and Insurance Activities,Finance,SOC 2020,4
2025,2025 Q2,Saudi Arabia,Human Health and Social Work Activities,Healthcare,SOC 2020,11
2025,2025 Q2,Senegal,Financial and Insurance Activities,Finance,SOC 2020,2
2025,2025 Q2,Serbia,Construction,Engineering,SOC 2020,1
2025,2025 Q2,Serbia,Financial and Insurance Activities,Finance,SOC 2020,4
2025,2025 Q2,Serbia,Human Health and Social Work Activities,Healthcare,SOC 2020,2
2025,2025 Q2,Serbia,Information and Communications,Technology,SOC 2020,4
2025,2025 Q2,Seychelles,Education,Education,SOC 2020,1
2025,2025 Q2,Sierra Leone,Construction,Engineering,SOC 2020,1
2025,2025 Q2,Sierra Leone,Human Health and Social Work Activities,Healthcare,SOC 2020,5
2025,2025 Q2,Singapore,Education,Education,SOC 2020,7
2025,2025 Q2,Singapore,Financial and Insurance Activities,Finance,SOC 2020,37
2025,2025 Q2,Singapore,Human Health and Social Work Activities,Healthcare,SOC 2020,23
2025,2025 Q2,Singapore,Information and Communications,Technology,SOC 2020,7
2025,2025 Q2,Slovakia,Construction,Engineering,SOC 2020,1
2025,2025 Q2,Slovakia,Financial and Insurance Activities,Finance,SOC 2020,3
2025,2025 Q2,Slovakia,Information and Communications,Technology,SOC 2020,2
2025,2025 Q2,Slovenia,Financial and Insurance Activities,Finance,SOC 2020,2
2025,2025 Q2,Somalia,Human Health and Social Work Activities,Healthcare,SOC 2020,3
2025,2025 Q2,South Africa,Construction,Engineering,SOC 2020,15
2025,2025 Q2,South Africa,Education,Education,SOC 2020,12
2025,2025 Q2,South Africa,Financial and Insurance Activities,Finance,SOC 2020,30
2025,2025 Q2,South Africa,Human Health and Social Work Activities,Healthcare,SOC 2020,40
2025,2025 Q2,South Africa,Information and Communications,Technology,SOC 2020,41
2025,2025 Q2,South Korea,Education,Education,SOC 2020,17
2025,2025 Q2,South Korea,Financial and Insurance Activities,Finance,SOC 2020,23
2025,2025 Q2,South Korea,Human Health and Social Work Activities,Healthcare,SOC 2020,8
2025,2025 Q2,South Korea,Information and Communications,Technology,SOC 2020,9
2025,2025 Q2,Spain,Construction,Engineering,SOC 2020,19
2025,2025 Q2,Spain,Education,Education,SOC 2020,43
2025,2025 Q2,Spain,Financial and Insurance Activities,Finance,SOC 2020,132
2025,2025 Q2,Spain,Human Health and Social Work Activities,Healthcare,SOC 2020,17
2025,2025 Q2,Spain,Information and Communications,Technology,SOC 2020,26
2025,2025 Q2,Sri Lanka,Construction,Engineering,SOC 2020,4
2025,2025 Q2,Sri Lanka,Education,Education,SOC 2020,7
2025,2025 Q2,Sri Lanka,Financial and Insurance Activities,Finance,SOC 2020,3
2025,2025 Q2,Sri Lanka,Human Health and Social Work Activities,Healthcare,SOC 2020,209
2025,2025 Q2,Sri Lanka,Information and Communications,Technology,SOC 2020,12
2025,2025 Q2,St Kitts and Nevis,Financial and Insurance Activities,Finance,SOC 2020,1
2025,2025 Q2,St Kitts and Nevis,Human Health and Social Work Activities,Healthcare,SOC 2020,3
2025,2025 Q2,St Vincent and the Grenadines,Human Health and Social Work Activities,Healthcare,SOC 2020,2
2025,2025 Q2,Sudan,Education,Education,SOC 2020,1
2025,2025 Q2,Sudan,Financial and Insurance Activities,Finance,SOC 2020,2
2025,2025 Q2,Sudan,Human Health and Social Work Activities,Healthcare,SOC 2020,65
2025,2025 Q2,Sudan,Information and Communications,Technology,SOC 2020,2
2025,2025 Q2,Sweden,Construction,Engineering,SOC 2020,1
2025,2025 Q2,Sweden,Education,Education,SOC 2020,7
2025,2025 Q2,Sweden,Financial and Insurance Activities,Finance,SOC 2020,40
2025,2025 Q2,Sweden,Human Health and Social Work Activities,Healthcare,SOC 2020,6
2025,2025 Q2,Sweden,Information and Communications,Technology,SOC 2020,14
2025,2025 Q2,Switzerland,Education,Education,SOC 2020,18
2025,2025 Q2,Switzerland,Financial and Insurance Activities,Finance,SOC 2020,45
2025,2025 Q2,Switzerland,Human Health and Social Work Activities,Healthcare,SOC 2020,8
2025,2025 Q2,Switzerland,Information and Communications,Technology,SOC 2020,3
2025,2025 Q2,Syria,Human Health and Social Work Activities,Healthcare,SOC 2020,16
2025,2025 Q2,Taiwan,Education,Education,SOC 2020,5
2025,2025 Q2,Taiwan,Financial and Insurance Activities,Finance,SOC 2020,5
2025,2025 Q2,Taiwan,Human Health and Social Work Activities,Healthcare,SOC 2020,29
2025,2025 Q2,Taiwan,Information and Communications,Technology,SOC 2020,8
2025,2025 Q2,Tajikistan,Education,Education,SOC 2020,1
2025,2025 Q2,Tajikistan,Information and Communications,Technology,SOC 2020,2
2025,2025 Q2,Tanzania,Education,Education,SOC 2020,1
2025,2025 Q2,Tanzania,Financial and Insurance Activities,Finance,SOC 2020,1
2025,2025 Q2,Tanzania,Human Health and Social Work Activities,Healthcare,SOC 2020,4
2025,2025 Q2,Thailand,Construction,Engineering,SOC 2020,1
2025,2025 Q2,Thailand,Education,Education,SOC 2020,9
2025,2025 Q2,Thailand,Financial and Insurance Activities,Finance,SOC 2020,3
2025,2025 Q2,Thailand,Human Health and Social Work Activities,Healthcare,SOC 2020,13
2025,2025 Q2,Togo,Financial and Insurance Activities,Finance,SOC 2020,1
2025,2025 Q2,Trinidad and Tobago,Education,Education,SOC 2020,2
2025,2025 Q2,Trinidad and Tobago,Human Health and Social Work Activities,Healthcare,SOC 2020,17
2025,2025 Q2,Trinidad and Tobago,Information and Communications,Technology,SOC 2020,1
2025,2025 Q2,Tunisia,Education,Education,SOC 2020,3
2025,2025 Q2,Tunisia,Financial and Insurance Activities,Finance,SOC 2020,9
2025,2025 Q2,Tunisia,Human Health and Social Work Activities,Healthcare,SOC 2020,2
2025,2025 Q2,Tunisia,Information and Communications,Technology,SOC 2020,3
2025,2025 Q2,Turkey,Construction,Engineering,SOC 2020,26
2025,2025 Q2,Turkey,Education,Education,SOC 2020,22
2025,2025 Q2,Turkey,Financial and Insurance Activities,Finance,SOC 2020,18
2025,2025 Q2,Turkey,Human Health and Social Work Activities,Healthcare,SOC 2020,53
2025,2025 Q2,Turkey,Information and Communications,Technology,SOC 2020,32
2025,2025 Q2,Turkmenistan,Construction,Engineering,SOC 2020,2
2025,2025 Q2,Uganda,Construction,Engineering,SOC 2020,1
2025,2025 Q2,Uganda,Education,Education,SOC 2020,5
2025,2025 Q2,Uganda,Human Health and Social Work Activities,Healthcare,SOC 2020,10
2025,2025 Q2,Uganda,Information and Communications,Technology,SOC 2020,1
2025,2025 Q2,Ukraine,Construction,Engineering,SOC 2020,1
2025,2025 Q2,Ukraine,Education,Education,SOC 2020,5
2025,2025 Q2,Ukraine,Financial and Insurance Activities,Finance,SOC 2020,8
2025,2025 Q2,Ukraine,Human Health and Social Work Activities,Healthcare,SOC 2020,3
2025,2025 Q2,Ukraine,Information and Communications,Technology,SOC 2020,9
2025,2025 Q2,United Arab Emirates,Financial and Insurance Activities,Finance,SOC 2020,2
2025,2025 Q2,United States,Construction,Engineering,SOC 2020,13
2025,2025 Q2,United States,Education,Education,SOC 2020,112
2025,2025 Q2,United States,Financial and Insurance Activities,Finance,SOC 2020,264
2025,2025 Q2,United States,Human Health and Social Work Activities,Healthcare,SOC 2020,70
2025,2025 Q2,United States,Information and Communications,Technology,SOC 2020,218
2025,2025 Q2,Uzbekistan,Construction,Engineering,SOC 2020,2
2025,2025 Q2,Vanuatu,Human Health and Social Work Activities,Healthcare,SOC 2020,1
2025,2025 Q2,Venezuela,Education,Education,SOC 2020,2
2025,2025 Q2,Vietnam,Education,Education,SOC 2020,8
2025,2025 Q2,Vietnam,Financial and Insurance Activities,Finance,SOC 2020,7
2025,2025 Q2,Vietnam,Human Health and Social Work Activities,Healthcare,SOC 2020,2
2025,2025 Q2,Vietnam,Information and Communications,Technology,SOC 2020,6
2025,2025 Q2,Yemen,Education,Education,SOC 2020,1
2025,2025 Q2,Yemen,Human Health and Social Work Activities,Healthcare,SOC 2020,2
2025,2025 Q2,Zambia,Human Health and Social Work Activities,Healthcare,SOC 2020,15
2025,2025 Q2,Zambia,Information and Communications,Technology,SOC 2020,2
2025,2025 Q2,Zimbabwe,Construction,Engineering,SOC 2020,6
2025,2025 Q2,Zimbabwe,Education,Education,SOC 2020,3
2025,2025 Q2,Zimbabwe,Financial and Insurance Activities,Finance,SOC 2020,4
2025,2025 Q2,Zimbabwe,Human Health and Social Work Activities,Healthcare,SOC 2020,194
2025,2025 Q2,Zimbabwe,Information and Communications,Technology,SOC 2020,3
2025,2025 Q3,Afghanistan,Financial and Insurance Activities,Finance,SOC 2020,1
2025,2025 Q3,Albania,Construction,Engineering,SOC 2020,7
2025,2025 Q3,Albania,Education,Education,SOC 2020,2
2025,2025 Q3,Albania,Financial and Insurance Activities,Finance,SOC 2020,4
2025,2025 Q3,Algeria,Education,Education,SOC 2020,1
2025,2025 Q3,Algeria,Financial and Insurance Activities,Finance,SOC 2020,2
2025,2025 Q3,Algeria,Human Health and Social Work Activities,Healthcare,SOC 2020,3
2025,2025 Q3,Antigua and Barbuda,Information and Communications,Technology,SOC 2020,1
2025,2025 Q3,Argentina,Education,Education,SOC 2020,4
2025,2025 Q3,Argentina,Financial and Insurance Activities,Finance,SOC 2020,3
2025,2025 Q3,Argentina,Human Health and Social Work Activities,Healthcare,SOC 2020,1
2025,2025 Q3,Argentina,Information and Communications,Technology,SOC 2020,1
2025,2025 Q3,Armenia,Financial and Insurance Activities,Finance,SOC 2020,1
2025,2025 Q3,Armenia,Information and Communications,Technology,SOC 2020,1
2025,2025 Q3,Australia,Construction,Engineering,SOC 2020,4
2025,2025 Q3,Australia,Education,Education,SOC 2020,16
2025,2025 Q3,Australia,Financial and Insurance Activities,Finance,SOC 2020,40
2025,2025 Q3,Australia,Human Health and Social Work Activities,Healthcare,SOC 2020,50
2025,2025 Q3,Australia,Information and Communications,Technology,SOC 2020,19
2025,2025 Q3,Austria,Construction,Engineering,SOC 2020,3
2025,2025 Q3,Austria,Education,Education,SOC 2020,13
2025,2025 Q3,Austria,Financial and Insurance Activities,Finance,SOC 2020,18
2025,2025 Q3,Austria,Human Health and Social Work Activities,Healthcare,SOC 2020,4
2025,2025 Q3,Austria,Information and Communications,Technology,SOC 2020,3
2025,2025 Q3,Azerbaijan,Information and Communications,Technology,SOC 2020,3
2025,2025 Q3,Bahrain,Education,Education,SOC 2020,1
2025,2025 Q3,Bahrain,Financial and Insurance Activities,Finance,SOC 2020,1
2025,2025 Q3,Bahrain,Human Health and Social Work Activities,Healthcare,SOC 2020,4
2025,2025 Q3,Bangladesh,Construction,Engineering,SOC 2020,2
2025,2025 Q3,Bangladesh,Education,Education,SOC 2020,4
2025,2025 Q3,Bangladesh,Financial and Insurance Activities,Finance,SOC 2020,2
2025,2025 Q3,Bangladesh,Human Health and Social Work Activities,Healthcare,SOC 2020,40
2025,2025 Q3,Bangladesh,Information and Communications,Technology,SOC 2020,4
2025,2025 Q3,Barbados,Human Health and Social Work Activities,Healthcare,SOC 2020,3
2025,2025 Q3,Belarus,Construction,Engineering,SOC 2020,1
2025,2025 Q3,Belarus,Education,Education,SOC 2020,1
2025,2025 Q3,Belarus,Financial and Insurance Activities,Finance,SOC 2020,2
2025,2025 Q3,Belarus,Human Health and Social Work Activities,Healthcare,SOC 2020,2
2025,2025 Q3,Belarus,Information and Communications,Technology,SOC 2020,3
2025,2025 Q3,Belgium,Construction,Engineering,SOC 2020,3
2025,2025 Q3,Belgium,Education,Education,SOC 2020,16
2025,2025 Q3,Belgium,Financial and Insurance Activities,Finance,SOC 2020,21
2025,2025 Q3,Belgium,Human Health and Social Work Activities,Healthcare,SOC 2020,25
2025,2025 Q3,Belgium,Information and Communications,Technology,SOC 2020,1
2025,2025 Q3,Belize,Construction,Engineering,SOC 2020,9
2025,2025 Q3,Benin,Financial and Insurance Activities,Finance,SOC 2020,1
2025,2025 Q3,Bolivia,Education,Education,SOC 2020,1
2025,2025 Q3,Bolivia,Human Health and Social Work Activities,Healthcare,SOC 2020,1
2025,2025 Q3,Bosnia and Herzegovina,Education,Education,SOC 2020,1
2025,2025 Q3,Bosnia and Herzegovina,Financial and Insurance Activities,Finance,SOC 2020,1
2025,2025 Q3,Botswana,Human Health and Social Work Activities,Healthcare,SOC 2020,8
2025,2025 Q3,Brazil,Construction,Engineering,SOC 2020,6
2025,2025 Q3,Brazil,Education,Education,SOC 2020,36
2025,2025 Q3,Brazil,Financial and Insurance Activities,Finance,SOC 2020,20
2025,2025 Q3,Brazil,Human Health and Social Work Activities,Healthcare,SOC 2020,22
2025,2025 Q3,Brazil,Information and Communications,Technology,SOC 2020,10
2025,2025 Q3,Brunei,Human Health and Social Work Activities,Healthcare,SOC 2020,6
2025,2025 Q3,Bulgaria,Education,Education,SOC 2020,1
2025,2025 Q3,Bulgaria,Financial and Insurance Activities,Finance,SOC 2020,5
2025,2025 Q3,Bulgaria,Human Health and Social Work Activities,Healthcare,SOC 2020,7
2025,2025 Q3,Bulgaria,Information and Communications,Technology,SOC 2020,3
2025,2025 Q3,Burkina Faso,Education,Education,SOC 2020,1
2025,2025 Q3,Cameroon,Construction,Engineering,SOC 2020,1
2025,2025 Q3,Cameroon,Education,Education,SOC 2020,2
2025,2025 Q3,Canada,Construction,Engineering,SOC 2020,4
2025,2025 Q3,Canada,Education,Education,SOC 2020,31
2025,2025 Q3,Canada,Financial and Insurance Activities,Finance,SOC 2020,36
2025,2025 Q3,Canada,Human Health and Social Work Activities,Healthcare,SOC 2020,54
2025,2025 Q3,Canada,Information and Communications,Technology,SOC 2020,31
2025,2025 Q3,Chad,Financial and Insurance Activities,Finance,SOC 2020,1
2025,2025 Q3,Chile,Construction,Engineering,SOC 2020,1
2025,2025 Q3,Chile,Education,Education,SOC 2020,3
2025,2025 Q3,Chile,Financial and Insurance Activities,Finance,SOC 2020,4
2025,2025 Q3,Chile,Human Health and Social Work Activities,Healthcare,SOC 2020,1
2025,2025 Q3,Chile,Information and Communications,Technology,SOC 2020,1
2025,2025 Q3,China,Construction,Engineering,SOC 2020,6
2025,2025 Q3,China,Education,Education,SOC 2020,186
2025,2025 Q3,China,Financial and Insurance Activities,Finance,SOC 2020,133
2025,2025 Q3,China,Human Health and Social Work Activities,Healthcare,SOC 2020,6
2025,2025 Q3,China,Information and Communications,Technology,SOC 2020,85
2025,2025 Q3,Colombia,Construction,Engineering,SOC 2020,1
2025,2025 Q3,Colombia,Education,Education,SOC 2020,6
2025,2025 Q3,Colombia,Financial and Insurance Activities,Finance,SOC 2020,9
2025,2025 Q3,Colombia,Human Health and Social Work Activities,Healthcare,SOC 2020,6
2025,2025 Q3,Colombia,Information and Communications,Technology,SOC 2020,2
2025,2025 Q3,Congo (Democratic Republic),Human Health and Social Work Activities,Healthcare,SOC 2020,1
2025,2025 Q3,Costa Rica,Financial and Insurance Activities,Finance,SOC 2020,5
2025,2025 Q3,Costa Rica,Human Health and Social Work Activities,Healthcare,SOC 2020,1
2025,2025 Q3,Croatia,Construction,Engineering,SOC 2020,3
2025,2025 Q3,Croatia,Education,Education,SOC 2020,4
2025,2025 Q3,Croatia,Financial and Insurance Activities,Finance,SOC 2020,4
2025,2025 Q3,Croatia,Human Health and Social Work Activities,Healthcare,SOC 2020,2
2025,2025 Q3,Croatia,Information and Communications,Technology,SOC 2020,4
2025,2025 Q3,Cyprus,Education,Education,SOC 2020,1
2025,2025 Q3,Cyprus,Financial and Insurance Activities,Finance,SOC 2020,3
2025,2025 Q3,Cyprus,Human Health and Social Work Activities,Healthcare,SOC 2020,4
2025,2025 Q3,Cyprus,Information and Communications,Technology,SOC 2020,1
2025,2025 Q3,Czechia,Education,Education,SOC 2020,1
2025,2025 Q3,Czechia,Financial and Insurance Activities,Finance,SOC 2020,1
2025,2025 Q3,Czechia,Human Health and Social Work Activities,Healthcare,SOC 2020,2
2025,2025 Q3,Denmark,Construction,Engineering,SOC 2020,1
2025,2025 Q3,Denmark,Education,Education,SOC 2020,8
2025,2025 Q3,Denmark,Financial and Insurance Activities,Finance,SOC 2020,14
2025,2025 Q3,Denmark,Human Health and Social Work Activities,Healthcare,SOC 2020,3
2025,2025 Q3,Denmark,Information and Communications,Technology,SOC 2020,1
2025,2025 Q3,Dominica,Human Health and Social Work Activities,Healthcare,SOC 2020,4
2025,2025 Q3,Dominica,Information and Communications,Technology,SOC 2020,1
2025,2025 Q3,Dominican Republic,Financial and Insurance Activities,Finance,SOC 2020,2
2025,2025 Q3,Ecuador,Education,Education,SOC 2020,10
2025,2025 Q3,Ecuador,Human Health and Social Work Activities,Healthcare,SOC 2020,6
2025,2025 Q3,Egypt,Construction,Engineering,SOC 2020,5
2025,2025 Q3,Egypt,Education,Education,SOC 2020,9
2025,2025 Q3,Egypt,Financial and Insurance Activities,Finance,SOC 2020,5
2025,2025 Q3,Egypt,Human Health and Social Work Activities,Healthcare,SOC 2020,123
2025,2025 Q3,Egypt,Information and Communications,Technology,SOC 2020,19
2025,2025 Q3,Estonia,Construction,Engineering,SOC 2020,3
2025,2025 Q3,Estonia,Education,Education,SOC 2020,2
2025,2025 Q3,Estonia,Financial and Insurance Activities,Finance,SOC 2020,2
2025,2025 Q3,Estonia,Human Health and Social Work Activities,Healthcare,SOC 2020,1
2025,2025 Q3,Estonia,Information and Communications,Technology,SOC 2020,1
2025,2025 Q3,Eswatini,Education,Education,SOC 2020,1
2025,2025 Q3,Ethiopia,Education,Education,SOC 2020,3
2025,2025 Q3,Ethiopia,Financial and Insurance Activities,Finance,SOC 2020,1
2025,2025 Q3,Ethiopia,Human Health and Social Work Activities,Healthcare,SOC 2020,1
2025,2025 Q3,Finland,Construction,Engineering,SOC 2020,17
2025,2025 Q3,Finland,Education,Education,SOC 2020,7
2025,2025 Q3,Finland,Financial and Insurance Activities,Finance,SOC 2020,6
2025,2025 Q3,Finland,Human Health and Social Work Activities,Healthcare,SOC 2020,5
2025,2025 Q3,Finland,Information and Communications,Technology,SOC 2020,2
2025,2025 Q3,France,Construction,Engineering,SOC 2020,23
2025,2025 Q3,France,Education,Education,SOC 2020,91
2025,2025 Q3,France,Financial and Insurance Activities,Finance,SOC 2020,208
2025,2025 Q3,France,Human Health and Social Work Activities,Healthcare,SOC 2020,18
2025,2025 Q3,France,Information and Communications,Technology,SOC 2020,51
2025,2025 Q3,"Gambia, The",Education,Education,SOC 2020,1
2025,2025 Q3,"Gambia, The",Human Health and Social Work Activities,Healthcare,SOC 2020,3
2025,2025 Q3,Georgia,Education,Education,SOC 2020,1
2025,2025 Q3,Georgia,Human Health and Social Work Activities,Healthcare,SOC 2020,1
2025,2025 Q3,Georgia,Information and Communications,Technology,SOC 2020,2
2025,2025 Q3,Germany,Construction,Engineering,SOC 2020,21
2025,2025 Q3,Germany,Education,Education,SOC 2020,127
2025,2025 Q3,Germany,Financial and Insurance Activities,Finance,SOC 2020,104
2025,2025 Q3,Germany,Human Health and Social Work Activities,Healthcare,SOC 2020,151
2025,2025 Q3,Germany,Information and Communications,Technology,SOC 2020,57
2025,2025 Q3,Ghana,Construction,Engineering,SOC 2020,1
2025,2025 Q3,Ghana,Education,Education,SOC 2020,10
2025,2025 Q3,Ghana,Financial and Insurance Activities,Finance,SOC 2020,5
2025,2025 Q3,Ghana,Human Health and Social Work Activities,Healthcare,SOC 2020,61
2025,2025 Q3,Ghana,Information and Communications,Technology,SOC 2020,1
2025,2025 Q3,Greece,Construction,Engineering,SOC 2020,6
2025,2025 Q3,Greece,Education,Education,SOC 2020,12
2025,2025 Q3,Greece,Financial and Insurance Activities,Finance,SOC 2020,13
2025,2025 Q3,Greece,Human Health and Social Work Activities,Healthcare,SOC 2020,52
2025,2025 Q3,Greece,Information and Communications,Technology,SOC 2020,1
2025,2025 Q3,Grenada,Human Health and Social Work Activities,Healthcare,SOC 2020,1
2025,2025 Q3,Guatemala,Education,Education,SOC 2020,1
2025,2025 Q3,Guyana,Human Health and Social Work Activities,Healthcare,SOC 2020,3
2025,2025 Q3,Honduras,Human Health and Social Work Activities,Healthcare,SOC 2020,1
2025,2025 Q3,Hong Kong,Education,Education,SOC 2020,3
2025,2025 Q3,Hong Kong,Financial and Insurance Activities,Finance,SOC 2020,11
2025,2025 Q3,Hong Kong,Human Health and Social Work Activities,Healthcare,SOC 2020,5
2025,2025 Q3,Hong Kong,Information and Communications,Technology,SOC 2020,1
2025,2025 Q3,Hungary,Construction,Engineering,SOC 2020,2
2025,2025 Q3,Hungary,Education,Education,SOC 2020,3
2025,2025 Q3,Hungary,Financial and Insurance Activities,Finance,SOC 2020,12
2025,2025 Q3,Hungary,Human Health and Social Work Activities,Healthcare,SOC 2020,6
2025,2025 Q3,Hungary,Information and Communications,Technology,SOC 2020,5
2025,2025 Q3,Iceland,Education,Education,SOC 2020,2
2025,2025 Q3,Iceland,Human Health and Social Work Activities,Healthcare,SOC 2020,1
2025,2025 Q3,India,Construction,Engineering,SOC 2020,45
2025,2025 Q3,India,Education,Education,SOC 2020,86
2025,2025 Q3,India,Financial and Insurance Activities,Finance,SOC 2020,353
2025,2025 Q3,India,Human Health and Social Work Activities,Healthcare,SOC 2020,663
2025,2025 Q3,India,Information and Communications,Technology,SOC 2020,1302
2025,2025 Q3,Indonesia,Education,Education,SOC 2020,2
2025,2025 Q3,Indonesia,Financial and Insurance Activities,Finance,SOC 2020,9
2025,2025 Q3,Indonesia,Information and Communications,Technology,SOC 2020,4
2025,2025 Q3,Iran,Construction,Engineering,SOC 2020,4
2025,2025 Q3,Iran,Education,Education,SOC 2020,13
2025,2025 Q3,Iran,Financial and Insurance Activities,Finance,SOC 2020,5
2025,2025 Q3,Iran,Human Health and Social Work Activities,Healthcare,SOC 2020,56
2025,2025 Q3,Iran,Information and Communications,Technology,SOC 2020,4
2025,2025 Q3,Iraq,Education,Education,SOC 2020,2
2025,2025 Q3,Iraq,Human Health and Social Work Activities,Healthcare,SOC 2020,21
2025,2025 Q3,Ireland,Human Health and Social Work Activities,Healthcare,SOC 2020,1
2025,2025 Q3,Israel,Education,Education,SOC 2020,28
2025,2025 Q3,Israel,Financial and Insurance Activities,Finance,SOC 2020,2
2025,2025 Q3,Israel,Human Health and Social Work Activities,Healthcare,SOC 2020,8
2025,2025 Q3,Israel,Information and Communications,Technology,SOC 2020,10
2025,2025 Q3,Italy,Construction,Engineering,SOC 2020,9
2025,2025 Q3,Italy,Education,Education,SOC 2020,67
2025,2025 Q3,Italy,Financial and Insurance Activities,Finance,SOC 2020,135
2025,2025 Q3,Italy,Human Health and Social Work Activities,Healthcare,SOC 2020,38
2025,2025 Q3,Italy,Information and Communications,Technology,SOC 2020,36
2025,2025 Q3,Ivory Coast,Financial and Insurance Activities,Finance,SOC 2020,2
2025,2025 Q3,Jamaica,Education,Education,SOC 2020,19
2025,2025 Q3,Jamaica,Human Health and Social Work Activities,Healthcare,SOC 2020,7
2025,2025 Q3,Jamaica,Information and Communications,Technology,SOC 2020,1
2025,2025 Q3,Japan,Construction,Engineering,SOC 2020,1
2025,2025 Q3,Japan,Education,Education,SOC 2020,16
2025,2025 Q3,Japan,Financial and Insurance Activities,Finance,SOC 2020,73
2025,2025 Q3,Japan,Human Health and Social Work Activities,Healthcare,SOC 2020,6
2025,2025 Q3,Japan,Information and Communications,Technology,SOC 2020,35
2025,2025 Q3,Jordan,Construction,Engineering,SOC 2020,1
2025,2025 Q3,Jordan,Education,Education,SOC 2020,4
2025,2025 Q3,Jordan,Financial and Insurance Activities,Finance,SOC 2020,1
2025,2025 Q3,Jordan,Human Health and Social Work Activities,Healthcare,SOC 2020,21
2025,2025 Q3,Jordan,Information and Communications,Technology,SOC 2020,1
2025,2025 Q3,Kazakhstan,Education,Education,SOC 2020,9
2025,2025 Q3,Kazakhstan,Financial and Insurance Activities,Finance,SOC 2020,9
2025,2025 Q3,Kazakhstan,Human Health and Social Work Activities,Healthcare,SOC 2020,3
2025,2025 Q3,Kazakhstan,Information and Communications,Technology,SOC 2020,16
2025,2025 Q3,Kenya,Education,Education,SOC 2020,5
2025,2025 Q3,Kenya,Financial and Insurance Activities,Finance,SOC 2020,2
2025,2025 Q3,Kenya,Human Health and Social Work Activities,Healthcare,SOC 2020,31
2025,2025 Q3,Kosovo,Financial and Insurance Activities,Finance,SOC 2020,1
2025,2025 Q3,Kuwait,Human Health and Social Work Activities,Healthcare,SOC 2020,5
2025,2025 Q3,Kyrgyzstan,Financial and Insurance Activities,Finance,SOC 2020,1
2025,2025 Q3,Kyrgyzstan,Information and Communications,Technology,SOC 2020,2
2025,2025 Q3,Latvia,Construction,Engineering,SOC 2020,5
2025,2025 Q3,Latvia,Financial and Insurance Activities,Finance,SOC 2020,2
2025,2025 Q3,Latvia,Information and Communications,Technology,SOC 2020,1
2025,2025 Q3,Lebanon,Financial and Insurance Activities,Finance,SOC 2020,5
2025,2025 Q3,Lebanon,Human Health and Social Work Activities,Healthcare,SOC 2020,8
2025,2025 Q3,Lebanon,Information and Communications,Technology,SOC 2020,7
2025,2025 Q3,Lesotho,Financial and Insurance Activities,Finance,SOC 2020,1
2025,2025 Q3,Lesotho,Human Health and Social Work Activities,Healthcare,SOC 2020,1
2025,2025 Q3,Libya,Education,Education,SOC 2020,1
2025,2025 Q3,Libya,Human Health and Social Work Activities,Healthcare,SOC 2020,1
2025,2025 Q3,Lithuania,Construction,Engineering,SOC 2020,10
2025,2025 Q3,Lithuania,Financial and Insurance Activities,Finance,SOC 2020,3
2025,2025 Q3,Luxembourg,Construction,Engineering,SOC 2020,1
2025,2025 Q3,Luxembourg,Financial and Insurance Activities,Finance,SOC 2020,3
2025,2025 Q3,Luxembourg,Human Health and Social Work Activities,Healthcare,SOC 2020,1
2025,2025 Q3,Luxembourg,Information and Communications,Technology,SOC 2020,1
2025,2025 Q3,Malawi,Human Health and Social Work Activities,Healthcare,SOC 2020,3
2025,2025 Q3,Malaysia,Construction,Engineering,SOC 2020,16
2025,2025 Q3,Malaysia,Education,Education,SOC 2020,7
2025,2025 Q3,Malaysia,Financial and Insurance Activities,Finance,SOC 2020,12
2025,2025 Q3,Malaysia,Human Health and Social Work Activities,Healthcare,SOC 2020,77
2025,2025 Q3,Malaysia,Information and Communications,Technology,SOC 2020,3
2025,2025 Q3,Maldives,Human Health and Social Work Activities,Healthcare,SOC 2020,1
2025,2025 Q3,Malta,Financial and Insurance Activities,Finance,SOC 2020,1
2025,2025 Q3,Malta,Human Health and Social Work Activities,Healthcare,SOC 2020,7
2025,2025 Q3,Mauritius,Education,Education,SOC 2020,1
2025,2025 Q3,Mauritius,Financial and Insurance Activities,Finance,SOC 2020,4
2025,2025 Q3,Mauritius,Human Health and Social Work Activities,Healthcare,SOC 2020,4
2025,2025 Q3,Mexico,Construction,Engineering,SOC 2020,4
2025,2025 Q3,Mexico,Education,Education,SOC 2020,12
2025,2025 Q3,Mexico,Financial and Insurance Activities,Finance,SOC 2020,11
2025,2025 Q3,Mexico,Human Health and Social Work Activities,Healthcare,SOC 2020,6
2025,2025 Q3,Mexico,Information and Communications,Technology,SOC 2020,4
2025,2025 Q3,Moldova,Construction,Engineering,SOC 2020,1
2025,2025 Q3,Moldova,Education,Education,SOC 2020,1
2025,2025 Q3,Mongolia,Financial and Insurance Activities,Finance,SOC 2020,1
2025,2025 Q3,Morocco,Construction,Engineering,SOC 2020,1
2025,2025 Q3,Morocco,Education,Education,SOC 2020,3
2025,2025 Q3,Morocco,Financial and Insurance Activities,Finance,SOC 2020,12
2025,2025 Q3,Morocco,Human Health and Social Work Activities,Healthcare,SOC 2020,2
2025,2025 Q3,Myanmar (Burma),Construction,Engineering,SOC 2020,1
2025,2025 Q3,Myanmar (Burma),Financial and Insurance Activities,Finance,SOC 2020,1
2025,2025 Q3,Myanmar (Burma),Human Health and Social Work Activities,Healthcare,SOC 2020,16
2025,2025 Q3,Nepal,Construction,Engineering,SOC 2020,1
2025,2025 Q3,Nepal,Education,Education,SOC 2020,1
2025,2025 Q3,Nepal,Financial and Insurance Activities,Finance,SOC 2020,1
2025,2025 Q3,Nepal,Human Health and Social Work Activities,Healthcare,SOC 2020,37
2025,2025 Q3,Nepal,Information and Communications,Technology,SOC 2020,4
2025,2025 Q3,Netherlands,Construction,Engineering,SOC 2020,45
2025,2025 Q3,Netherlands,Education,Education,SOC 2020,10
2025,2025 Q3,Netherlands,Financial and Insurance Activities,Finance,SOC 2020,45
2025,2025 Q3,Netherlands,Human Health and Social Work Activities,Healthcare,SOC 2020,7
2025,2025 Q3,Netherlands,Information and Communications,Technology,SOC 2020,20
2025,2025 Q3,New Zealand,Construction,Engineering,SOC 2020,1
2025,2025 Q3,New Zealand,Education,Education,SOC 2020,3
2025,2025 Q3,New Zealand,Financial and Insurance Activities,Finance,SOC 2020,9
2025,2025 Q3,New Zealand,Human Health and Social Work Activities,Healthcare,SOC 2020,10
2025,2025 Q3,New Zealand,Information and Communications,Technology,SOC 2020,2
2025,2025 Q3,Nigeria,Construction,Engineering,SOC 2020,4
2025,2025 Q3,Nigeria,Education,Education,SOC 2020,12
2025,2025 Q3,Nigeria,Financial and Insurance Activities,Finance,SOC 2020,19
2025,2025 Q3,Nigeria,Human Health and Social Work Activities,Healthcare,SOC 2020,267
2025,2025 Q3,Nigeria,Information and Communications,Technology,SOC 2020,10
2025,2025 Q3,North Macedonia,Education,Education,SOC 2020,1
2025,2025 Q3,North Macedonia,Financial and Insurance Activities,Finance,SOC 2020,1
2025,2025 Q3,North Macedonia,Human Health and Social Work Activities,Healthcare,SOC 2020,1
2025,2025 Q3,Norway,Education,Education,SOC 2020,3
2025,2025 Q3,Norway,Financial and Insurance Activities,Finance,SOC 2020,16
2025,2025 Q3,Norway,Human Health and Social Work Activities,Healthcare,SOC 2020,3
2025,2025 Q3,Norway,Information and Communications,Technology,SOC 2020,6
2025,2025 Q3,Oman,Education,Education,SOC 2020,1
2025,2025 Q3,Oman,Human Health and Social Work Activities,Healthcare,SOC 2020,5
2025,2025 Q3,Pakistan,Construction,Engineering,SOC 2020,6
2025,2025 Q3,Pakistan,Education,Education,SOC 2020,33
2025,2025 Q3,Pakistan,Financial and Insurance Activities,Finance,SOC 2020,13
2025,2025 Q3,Pakistan,Human Health and Social Work Activities,Healthcare,SOC 2020,297
2025,2025 Q3,Pakistan,Information and Communications,Technology,SOC 2020,113
2025,2025 Q3,Palestine,Education,Education,SOC 2020,2
2025,2025 Q3,Palestine,Human Health and Social Work Activities,Healthcare,SOC 2020,5
2025,2025 Q3,Panama,Financial and Insurance Activities,Finance,SOC 2020,1
2025,2025 Q3,Paraguay,Education,Education,SOC 2020,2
2025,2025 Q3,Peru,Construction,Engineering,SOC 2020,2
2025,2025 Q3,Peru,Education,Education,SOC 2020,3
2025,2025 Q3,Peru,Financial and Insurance Activities,Finance,SOC 2020,2
2025,2025 Q3,Peru,Information and Communications,Technology,SOC 2020,1
2025,2025 Q3,Philippines,Construction,Engineering,SOC 2020,44
2025,2025 Q3,Philippines,Education,Education,SOC 2020,6
2025,2025 Q3,Philippines,Financial and Insurance Activities,Finance,SOC 2020,12
2025,2025 Q3,Philippines,Human Health and Social Work Activities,Healthcare,SOC 2020,98
2025,2025 Q3,Philippines,Information and Communications,Technology,SOC 2020,4
2025,2025 Q3,Poland,Construction,Engineering,SOC 2020,48
2025,2025 Q3,Poland,Education,Education,SOC 2020,7
2025,2025 Q3,Poland,Financial and Insurance Activities,Finance,SOC 2020,18
2025,2025 Q3,Poland,Human Health and Social Work Activities,Healthcare,SOC 2020,3
2025,2025 Q3,Poland,Information and Communications,Technology,SOC 2020,9
2025,2025 Q3,Portugal,Construction,Engineering,SOC 2020,6
2025,2025 Q3,Portugal,Education,Education,SOC 2020,12
2025,2025 Q3,Portugal,Financial and Insurance Activities,Finance,SOC 2020,23
2025,2025 Q3,Portugal,Human Health and Social Work Activities,Healthcare,SOC 2020,13
2025,2025 Q3,Portugal,Information and Communications,Technology,SOC 2020,3
2025,2025 Q3,Qatar,Human Health and Social Work Activities,Healthcare,SOC 2020,1
2025,2025 Q3,Refugee,Construction,Engineering,SOC 2020,1
2025,2025 Q3,Romania,Construction,Engineering,SOC 2020,15
2025,2025 Q3,Romania,Education,Education,SOC 2020,3
2025,2025 Q3,Romania,Financial and Insurance Activities,Finance,SOC 2020,11
2025,2025 Q3,Romania,Human Health and Social Work Activities,Healthcare,SOC 2020,10
2025,2025 Q3,Romania,Information and Communications,Technology,SOC 2020,12
2025,2025 Q3,Russia,Construction,Engineering,SOC 2020,1
2025,2025 Q3,Russia,Education,Education,SOC 2020,9
2025,2025 Q3,Russia,Financial and Insurance Activities,Finance,SOC 2020,31
2025,2025 Q3,Russia,Human Health and Social Work Activities,Healthcare,SOC 2020,5
2025,2025 Q3,Russia,Information and Communications,Technology,SOC 2020,54
2025,2025 Q3,Saudi Arabia,Education,Education,SOC 2020,1
2025,2025 Q3,Saudi Arabia,Financial and Insurance Activities,Finance,SOC 2020,5
2025,2025 Q3,Saudi Arabia,Human Health and Social Work Activities,Healthcare,SOC 2020,16
2025,2025 Q3,Serbia,Education,Education,SOC 2020,1
2025,2025 Q3,Serbia,Financial and Insurance Activities,Finance,SOC 2020,3
2025,2025 Q3,Serbia,Human Health and Social Work Activities,Healthcare,SOC 2020,1
2025,2025 Q3,Serbia,Information and Communications,Technology,SOC 2020,3
2025,2025 Q3,Seychelles,Financial and Insurance Activities,Finance,SOC 2020,1
2025,2025 Q3,Singapore,Education,Education,SOC 2020,7
2025,2025 Q3,Singapore,Financial and Insurance Activities,Finance,SOC 2020,38
2025,2025 Q3,Singapore,Human Health and Social Work Activities,Healthcare,SOC 2020,11
2025,2025 Q3,Singapore,Information and Communications,Technology,SOC 2020,13
2025,2025 Q3,Slovakia,Construction,Engineering,SOC 2020,1
2025,2025 Q3,Slovakia,Education,Education,SOC 2020,1
2025,2025 Q3,Slovakia,Financial and Insurance Activities,Finance,SOC 2020,2
2025,2025 Q3,Slovenia,Education,Education,SOC 2020,2
2025,2025 Q3,Slovenia,Human Health and Social Work Activities,Healthcare,SOC 2020,1
2025,2025 Q3,Slovenia,Information and Communications,Technology,SOC 2020,2
2025,2025 Q3,Somalia,Human Health and Social Work Activities,Healthcare,SOC 2020,2
2025,2025 Q3,South Africa,Construction,Engineering,SOC 2020,9
2025,2025 Q3,South Africa,Education,Education,SOC 2020,14
2025,2025 Q3,South Africa,Financial and Insurance Activities,Finance,SOC 2020,23
2025,2025 Q3,South Africa,Human Health and Social Work Activities,Healthcare,SOC 2020,22
2025,2025 Q3,South Africa,Information and Communications,Technology,SOC 2020,12
2025,2025 Q3,South Korea,Education,Education,SOC 2020,18
2025,2025 Q3,South Korea,Financial and Insurance Activities,Finance,SOC 2020,14
2025,2025 Q3,South Korea,Human Health and Social Work Activities,Healthcare,SOC 2020,11
2025,2025 Q3,South Korea,Information and Communications,Technology,SOC 2020,8
2025,2025 Q3,Spain,Construction,Engineering,SOC 2020,54
2025,2025 Q3,Spain,Education,Education,SOC 2020,60
2025,2025 Q3,Spain,Financial and Insurance Activities,Finance,SOC 2020,89
2025,2025 Q3,Spain,Human Health and Social Work Activities,Healthcare,SOC 2020,30
2025,2025 Q3,Spain,Information and Communications,Technology,SOC 2020,35
2025,2025 Q3,Sri Lanka,Construction,Engineering,SOC 2020,2
2025,2025 Q3,Sri Lanka,Education,Education,SOC 2020,12
2025,2025 Q3,Sri Lanka,Financial and Insurance Activities,Finance,SOC 2020,6
2025,2025 Q3,Sri Lanka,Human Health and Social Work Activities,Healthcare,SOC 2020,132
2025,2025 Q3,Sri Lanka,Information and Communications,Technology,SOC 2020,3
2025,2025 Q3,St Kitts and Nevis,Construction,Engineering,SOC 2020,1
2025,2025 Q3,St Kitts and Nevis,Education,Education,SOC 2020,1
2025,2025 Q3,St Kitts and Nevis,Human Health and Social Work Activities,Healthcare,SOC 2020,1
2025,2025 Q3,St Lucia,Construction,Engineering,SOC 2020,1
2025,2025 Q3,St Lucia,Education,Education,SOC 2020,1
2025,2025 Q3,St Lucia,Human Health and Social Work Activities,Healthcare,SOC 2020,2
2025,2025 Q3,Sudan,Education,Education,SOC 2020,1
2025,2025 Q3,Sudan,Human Health and Social Work Activities,Healthcare,SOC 2020,89
2025,2025 Q3,Sudan,Information and Communications,Technology,SOC 2020,4
2025,2025 Q3,Sweden,Education,Education,SOC 2020,8
2025,2025 Q3,Sweden,Financial and Insurance Activities,Finance,SOC 2020,26
2025,2025 Q3,Sweden,Human Health and Social Work Activities,Healthcare,SOC 2020,7
2025,2025 Q3,Sweden,Information and Communications,Technology,SOC 2020,18
2025,2025 Q3,Switzerland,Education,Education,SOC 2020,8
2025,2025 Q3,Switzerland,Financial and Insurance Activities,Finance,SOC 2020,34
2025,2025 Q3,Switzerland,Human Health and Social Work Activities,Healthcare,SOC 2020,10
2025,2025 Q3,Switzerland,Information and Communications,Technology,SOC 2020,5
2025,2025 Q3,Syria,Construction,Engineering,SOC 2020,1
2025,2025 Q3,Syria,Education,Education,SOC 2020,1
2025,2025 Q3,Syria,Human Health and Social Work Activities,Healthcare,SOC 2020,6
2025,2025 Q3,Taiwan,Education,Education,SOC 2020,9
2025,2025 Q3,Taiwan,Financial and Insurance Activities,Finance,SOC 2020,7
2025,2025 Q3,Taiwan,Human Health and Social Work Activities,Healthcare,SOC 2020,25
2025,2025 Q3,Taiwan,Information and Communications,Technology,SOC 2020,9
2025,2025 Q3,Tanzania,Education,Education,SOC 2020,1
2025,2025 Q3,Tanzania,Human Health and Social Work Activities,Healthcare,SOC 2020,1
2025,2025 Q3,Thailand,Education,Education,SOC 2020,2
2025,2025 Q3,Thailand,Financial and Insurance Activities,Finance,SOC 2020,5
2025,2025 Q3,Thailand,Information and Communications,Technology,SOC 2020,5
2025,2025 Q3,Trinidad and Tobago,Education,Education,SOC 2020,2
2025,2025 Q3,Trinidad and Tobago,Human Health and Social Work Activities,Healthcare,SOC 2020,22
2025,2025 Q3,Tunisia,Education,Education,SOC 2020,1
2025,2025 Q3,Tunisia,Financial and Insurance Activities,Finance,SOC 2020,7
2025,2025 Q3,Tunisia,Human Health and Social Work Activities,Healthcare,SOC 2020,2
2025,2025 Q3,Tunisia,Information and Communications,Technology,SOC 2020,3
2025,2025 Q3,Turkey,Construction,Engineering,SOC 2020,12
2025,2025 Q3,Turkey,Education,Education,SOC 2020,55
2025,2025 Q3,Turkey,Financial and Insurance Activities,Finance,SOC 2020,30
2025,2025 Q3,Turkey,Human Health and Social Work Activities,Healthcare,SOC 2020,33
2025,2025 Q3,Turkey,Information and Communications,Technology,SOC 2020,29
2025,2025 Q3,Uganda,Education,Education,SOC 2020,5
2025,2025 Q3,Uganda,Financial and Insurance Activities,Finance,SOC 2020,1
2025,2025 Q3,Uganda,Human Health and Social Work Activities,Healthcare,SOC 2020,7
2025,2025 Q3,Uganda,Information and Communications,Technology,SOC 2020,1
2025,2025 Q3,Ukraine,Construction,Engineering,SOC 2020,2
2025,2025 Q3,Ukraine,Financial and Insurance Activities,Finance,SOC 2020,8
2025,2025 Q3,Ukraine,Information and Communications,Technology,SOC 2020,11
2025,2025 Q3,United Arab Emirates,Education,Education,SOC 2020,1
2025,2025 Q3,United Arab Emirates,Financial and Insurance Activities,Finance,SOC 2020,3
2025,2025 Q3,United States,Construction,Engineering,SOC 2020,6
2025,2025 Q3,United States,Education,Education,SOC 2020,157
2025,2025 Q3,United States,Financial and Insurance Activities,Finance,SOC 2020,320
2025,2025 Q3,United States,Human Health and Social Work Activities,Healthcare,SOC 2020,98
2025,2025 Q3,United States,Information and Communications,Technology,SOC 2020,167
2025,2025 Q3,Uruguay,Information and Communications,Technology,SOC 2020,1
2025,2025 Q3,Uzbekistan,Financial and Insurance Activities,Finance,SOC 2020,2
2025,2025 Q3,Uzbekistan,Human Health and Social Work Activities,Healthcare,SOC 2020,1
2025,2025 Q3,Vanuatu,Information and Communications,Technology,SOC 2020,1
2025,2025 Q3,Venezuela,Education,Education,SOC 2020,1
2025,2025 Q3,Vietnam,Education,Education,SOC 2020,3
2025,2025 Q3,Vietnam,Financial and Insurance Activities,Finance,SOC 2020,5
2025,2025 Q3,Vietnam,Information and Communications,Technology,SOC 2020,6
2025,2025 Q3,Yemen,Human Health and Social Work Activities,Healthcare,SOC 2020,1
2025,2025 Q3,Zambia,Education,Education,SOC 2020,2
2025,2025 Q3,Zambia,Financial and Insurance Activities,Finance,SOC 2020,2
2025,2025 Q3,Zambia,Human Health and Social Work Activities,Healthcare,SOC 2020,3
2025,2025 Q3,Zimbabwe,Construction,Engineering,SOC 2020,3
2025,2025 Q3,Zimbabwe,Education,Education,SOC 2020,6
2025,2025 Q3,Zimbabwe,Financial and Insurance Activities,Finance,SOC 2020,1
2025,2025 Q3,Zimbabwe,Human Health and Social Work Activities,Healthcare,SOC 2020,35
2025,2025 Q4,Afghanistan,Construction,Engineering,SOC 2020,1
2025,2025 Q4,Afghanistan,Human Health and Social Work Activities,Healthcare,SOC 2020,2
2025,2025 Q4,Albania,Construction,Engineering,SOC 2020,1
2025,2025 Q4,Albania,Education,Education,SOC 2020,1
2025,2025 Q4,Albania,Financial and Insurance Activities,Finance,SOC 2020,2
2025,2025 Q4,Algeria,Financial and Insurance Activities,Finance,SOC 2020,1
2025,2025 Q4,Algeria,Human Health and Social Work Activities,Healthcare,SOC 2020,1
2025,2025 Q4,Algeria,Information and Communications,Technology,SOC 2020,1
2025,2025 Q4,Argentina,Education,Education,SOC 2020,2
2025,2025 Q4,Argentina,Financial and Insurance Activities,Finance,SOC 2020,6
2025,2025 Q4,Argentina,Human Health and Social Work Activities,Healthcare,SOC 2020,1
2025,2025 Q4,Argentina,Information and Communications,Technology,SOC 2020,1
2025,2025 Q4,Armenia,Human Health and Social Work Activities,Healthcare,SOC 2020,1
2025,2025 Q4,Australia,Construction,Engineering,SOC 2020,5
2025,2025 Q4,Australia,Education,Education,SOC 2020,17
2025,2025 Q4,Australia,Financial and Insurance Activities,Finance,SOC 2020,57
2025,2025 Q4,Australia,Human Health and Social Work Activities,Healthcare,SOC 2020,25
2025,2025 Q4,Australia,Information and Communications,Technology,SOC 2020,18
2025,2025 Q4,Austria,Construction,Engineering,SOC 2020,7
2025,2025 Q4,Austria,Education,Education,SOC 2020,3
2025,2025 Q4,Austria,Financial and Insurance Activities,Finance,SOC 2020,11
2025,2025 Q4,Austria,Human Health and Social Work Activities,Healthcare,SOC 2020,3
2025,2025 Q4,Austria,Information and Communications,Technology,SOC 2020,3
2025,2025 Q4,Azerbaijan,Financial and Insurance Activities,Finance,SOC 2020,2
2025,2025 Q4,Azerbaijan,Human Health and Social Work Activities,Healthcare,SOC 2020,1
2025,2025 Q4,Azerbaijan,Information and Communications,Technology,SOC 2020,2
2025,2025 Q4,Bahrain,Education,Education,SOC 2020,1
2025,2025 Q4,Bahrain,Financial and Insurance Activities,Finance,SOC 2020,1
2025,2025 Q4,Bahrain,Human Health and Social Work Activities,Healthcare,SOC 2020,4
2025,2025 Q4,Bangladesh,Education,Education,SOC 2020,2
2025,2025 Q4,Bangladesh,Financial and Insurance Activities,Finance,SOC 2020,1
2025,2025 Q4,Bangladesh,Human Health and Social Work Activities,Healthcare,SOC 2020,22
2025,2025 Q4,Bangladesh,Information and Communications,Technology,SOC 2020,3
2025,2025 Q4,Belarus,Financial and Insurance Activities,Finance,SOC 2020,4
2025,2025 Q4,Belarus,Human Health and Social Work Activities,Healthcare,SOC 2020,1
2025,2025 Q4,Belarus,Information and Communications,Technology,SOC 2020,3
2025,2025 Q4,Belgium,Construction,Engineering,SOC 2020,66
2025,2025 Q4,Belgium,Education,Education,SOC 2020,5
2025,2025 Q4,Belgium,Financial and Insurance Activities,Finance,SOC 2020,25
2025,2025 Q4,Belgium,Human Health and Social Work Activities,Healthcare,SOC 2020,12
2025,2025 Q4,Belgium,Information and Communications,Technology,SOC 2020,8
2025,2025 Q4,Belize,Financial and Insurance Activities,Finance,SOC 2020,1
2025,2025 Q4,Benin,Education,Education,SOC 2020,2
2025,2025 Q4,Benin,Information and Communications,Technology,SOC 2020,1
2025,2025 Q4,Bosnia and Herzegovina,Education,Education,SOC 2020,1
2025,2025 Q4,Botswana,Human Health and Social Work Activities,Healthcare,SOC 2020,1
2025,2025 Q4,Brazil,Construction,Engineering,SOC 2020,2
2025,2025 Q4,Brazil,Education,Education,SOC 2020,27
2025,2025 Q4,Brazil,Financial and Insurance Activities,Finance,SOC 2020,23
2025,2025 Q4,Brazil,Human Health and Social Work Activities,Healthcare,SOC 2020,12
2025,2025 Q4,Brazil,Information and Communications,Technology,SOC 2020,7
2025,2025 Q4,Brunei,Human Health and Social Work Activities,Healthcare,SOC 2020,1
2025,2025 Q4,Bulgaria,Construction,Engineering,SOC 2020,22
2025,2025 Q4,Bulgaria,Education,Education,SOC 2020,1
2025,2025 Q4,Bulgaria,Financial and Insurance Activities,Finance,SOC 2020,2
2025,2025 Q4,Bulgaria,Human Health and Social Work Activities,Healthcare,SOC 2020,2
2025,2025 Q4,Bulgaria,Information and Communications,Technology,SOC 2020,1
2025,2025 Q4,Burkina Faso,Education,Education,SOC 2020,1
2025,2025 Q4,Cameroon,Education,Education,SOC 2020,1
2025,2025 Q4,Cameroon,Financial and Insurance Activities,Finance,SOC 2020,3
2025,2025 Q4,Cameroon,Human Health and Social Work Activities,Healthcare,SOC 2020,3
2025,2025 Q4,Canada,Construction,Engineering,SOC 2020,2
2025,2025 Q4,Canada,Education,Education,SOC 2020,20
2025,2025 Q4,Canada,Financial and Insurance Activities,Finance,SOC 2020,35
2025,2025 Q4,Canada,Human Health and Social Work Activities,Healthcare,SOC 2020,22
2025,2025 Q4,Canada,Information and Communications,Technology,SOC 2020,22
2025,2025 Q4,Chile,Construction,Engineering,SOC 2020,1
2025,2025 Q4,Chile,Education,Education,SOC 2020,3
2025,2025 Q4,Chile,Financial and Insurance Activities,Finance,SOC 2020,3
2025,2025 Q4,Chile,Human Health and Social Work Activities,Healthcare,SOC 2020,3
2025,2025 Q4,Chile,Information and Communications,Technology,SOC 2020,2
2025,2025 Q4,China,Construction,Engineering,SOC 2020,4
2025,2025 Q4,China,Education,Education,SOC 2020,162
2025,2025 Q4,China,Financial and Insurance Activities,Finance,SOC 2020,91
2025,2025 Q4,China,Human Health and Social Work Activities,Healthcare,SOC 2020,12
2025,2025 Q4,China,Information and Communications,Technology,SOC 2020,67
2025,2025 Q4,Colombia,Construction,Engineering,SOC 2020,2
2025,2025 Q4,Colombia,Education,Education,SOC 2020,7
2025,2025 Q4,Colombia,Financial and Insurance Activities,Finance,SOC 2020,5
2025,2025 Q4,Colombia,Information and Communications,Technology,SOC 2020,2
2025,2025 Q4,Congo (Democratic Republic),Education,Education,SOC 2020,1
2025,2025 Q4,Costa Rica,Financial and Insurance Activities,Finance,SOC 2020,1
2025,2025 Q4,Costa Rica,Human Health and Social Work Activities,Healthcare,SOC 2020,1
2025,2025 Q4,Costa Rica,Information and Communications,Technology,SOC 2020,2
2025,2025 Q4,Croatia,Construction,Engineering,SOC 2020,56
2025,2025 Q4,Croatia,Education,Education,SOC 2020,1
2025,2025 Q4,Croatia,Financial and Insurance Activities,Finance,SOC 2020,6
2025,2025 Q4,Croatia,Information and Communications,Technology,SOC 2020,4
2025,2025 Q4,Cyprus,Education,Education,SOC 2020,1
2025,2025 Q4,Cyprus,Financial and Insurance Activities,Finance,SOC 2020,1
2025,2025 Q4,Cyprus,Human Health and Social Work Activities,Healthcare,SOC 2020,1
2025,2025 Q4,Cyprus,Information and Communications,Technology,SOC 2020,2
2025,2025 Q4,Czechia,Education,Education,SOC 2020,4
2025,2025 Q4,Czechia,Financial and Insurance Activities,Finance,SOC 2020,3
2025,2025 Q4,Czechia,Human Health and Social Work Activities,Healthcare,SOC 2020,3
2025,2025 Q4,Denmark,Construction,Engineering,SOC 2020,1
2025,2025 Q4,Denmark,Education,Education,SOC 2020,2
2025,2025 Q4,Denmark,Financial and Insurance Activities,Finance,SOC 2020,12
2025,2025 Q4,Denmark,Human Health and Social Work Activities,Healthcare,SOC 2020,1
2025,2025 Q4,Denmark,Information and Communications,Technology,SOC 2020,2
2025,2025 Q4,Dominica,Education,Education,SOC 2020,1
2025,2025 Q4,Dominica,Human Health and Social Work Activities,Healthcare,SOC 2020,1
2025,2025 Q4,Ecuador,Construction,Engineering,SOC 2020,2
2025,2025 Q4,Ecuador,Education,Education,SOC 2020,12
2025,2025 Q4,Ecuador,Financial and Insurance Activities,Finance,SOC 2020,1
2025,2025 Q4,Ecuador,Human Health and Social Work Activities,Healthcare,SOC 2020,1
2025,2025 Q4,Egypt,Construction,Engineering,SOC 2020,3
2025,2025 Q4,Egypt,Education,Education,SOC 2020,1
2025,2025 Q4,Egypt,Financial and Insurance Activities,Finance,SOC 2020,4
2025,2025 Q4,Egypt,Human Health and Social Work Activities,Healthcare,SOC 2020,134
2025,2025 Q4,Egypt,Information and Communications,Technology,SOC 2020,9
2025,2025 Q4,Estonia,Construction,Engineering,SOC 2020,2
2025,2025 Q4,Estonia,Education,Education,SOC 2020,1
2025,2025 Q4,Estonia,Financial and Insurance Activities,Finance,SOC 2020,3
2025,2025 Q4,Estonia,Human Health and Social Work Activities,Healthcare,SOC 2020,1
2025,2025 Q4,Estonia,Information and Communications,Technology,SOC 2020,1
2025,2025 Q4,Eswatini,Human Health and Social Work Activities,Healthcare,SOC 2020,7
2025,2025 Q4,Ethiopia,Education,Education,SOC 2020,1
2025,2025 Q4,Ethiopia,Human Health and Social Work Activities,Healthcare,SOC 2020,2
2025,2025 Q4,Finland,Construction,Engineering,SOC 2020,4
2025,2025 Q4,Finland,Education,Education,SOC 2020,2
2025,2025 Q4,Finland,Financial and Insurance Activities,Finance,SOC 2020,7
2025,2025 Q4,Finland,Human Health and Social Work Activities,Healthcare,SOC 2020,2
2025,2025 Q4,Finland,Information and Communications,Technology,SOC 2020,3
2025,2025 Q4,France,Construction,Engineering,SOC 2020,15
2025,2025 Q4,France,Education,Education,SOC 2020,74
2025,2025 Q4,France,Financial and Insurance Activities,Finance,SOC 2020,161
2025,2025 Q4,France,Human Health and Social Work Activities,Healthcare,SOC 2020,13
2025,2025 Q4,France,Information and Communications,Technology,SOC 2020,35
2025,2025 Q4,Gabon,Financial and Insurance Activities,Finance,SOC 2020,1
2025,2025 Q4,"Gambia, The",Education,Education,SOC 2020,1
2025,2025 Q4,Georgia,Financial and Insurance Activities,Finance,SOC 2020,2
2025,2025 Q4,Georgia,Information and Communications,Technology,SOC 2020,2
2025,2025 Q4,Germany,Construction,Engineering,SOC 2020,7
2025,2025 Q4,Germany,Education,Education,SOC 2020,58
2025,2025 Q4,Germany,Financial and Insurance Activities,Finance,SOC 2020,106
2025,2025 Q4,Germany,Human Health and Social Work Activities,Healthcare,SOC 2020,29
2025,2025 Q4,Germany,Information and Communications,Technology,SOC 2020,35
2025,2025 Q4,Ghana,Construction,Engineering,SOC 2020,3
2025,2025 Q4,Ghana,Education,Education,SOC 2020,8
2025,2025 Q4,Ghana,Human Health and Social Work Activities,Healthcare,SOC 2020,34
2025,2025 Q4,Greece,Construction,Engineering,SOC 2020,4
2025,2025 Q4,Greece,Education,Education,SOC 2020,13
2025,2025 Q4,Greece,Financial and Insurance Activities,Finance,SOC 2020,12
2025,2025 Q4,Greece,Human Health and Social Work Activities,Healthcare,SOC 2020,40
2025,2025 Q4,Greece,Information and Communications,Technology,SOC 2020,3
2025,2025 Q4,Guatemala,Financial and Insurance Activities,Finance,SOC 2020,1
2025,2025 Q4,Haiti,Financial and Insurance Activities,Finance,SOC 2020,1
2025,2025 Q4,Honduras,Human Health and Social Work Activities,Healthcare,SOC 2020,1
2025,2025 Q4,Hong Kong,Construction,Engineering,SOC 2020,1
2025,2025 Q4,Hong Kong,Education,Education,SOC 2020,3
2025,2025 Q4,Hong Kong,Financial and Insurance Activities,Finance,SOC 2020,7
2025,2025 Q4,Hong Kong,Human Health and Social Work Activities,Healthcare,SOC 2020,3
2025,2025 Q4,Hong Kong,Information and Communications,Technology,SOC 2020,1
2025,2025 Q4,Hungary,Construction,Engineering,SOC 2020,1
2025,2025 Q4,Hungary,Education,Education,SOC 2020,1
2025,2025 Q4,Hungary,Financial and Insurance Activities,Finance,SOC 2020,9
2025,2025 Q4,Hungary,Human Health and Social Work Activities,Healthcare,SOC 2020,5
2025,2025 Q4,Hungary,Information and Communications,Technology,SOC 2020,1
2025,2025 Q4,Iceland,Human Health and Social Work Activities,Healthcare,SOC 2020,1
2025,2025 Q4,India,Construction,Engineering,SOC 2020,17
2025,2025 Q4,India,Education,Education,SOC 2020,55
2025,2025 Q4,India,Financial and Insurance Activities,Finance,SOC 2020,243
2025,2025 Q4,India,Human Health and Social Work Activities,Healthcare,SOC 2020,344
2025,2025 Q4,India,Information and Communications,Technology,SOC 2020,937
2025,2025 Q4,Indonesia,Education,Education,SOC 2020,4
2025,2025 Q4,Indonesia,Financial and Insurance Activities,Finance,SOC 2020,2
2025,2025 Q4,Indonesia,Information and Communications,Technology,SOC 2020,6
2025,2025 Q4,Iran,Construction,Engineering,SOC 2020,9
2025,2025 Q4,Iran,Education,Education,SOC 2020,4
2025,2025 Q4,Iran,Financial and Insurance Activities,Finance,SOC 2020,3
2025,2025 Q4,Iran,Human Health and Social Work Activities,Healthcare,SOC 2020,68
2025,2025 Q4,Iran,Information and Communications,Technology,SOC 2020,10
2025,2025 Q4,Iraq,Human Health and Social Work Activities,Healthcare,SOC 2020,14
2025,2025 Q4,Israel,Education,Education,SOC 2020,4
2025,2025 Q4,Israel,Financial and Insurance Activities,Finance,SOC 2020,10
2025,2025 Q4,Israel,Human Health and Social Work Activities,Healthcare,SOC 2020,1
2025,2025 Q4,Israel,Information and Communications,Technology,SOC 2020,12
2025,2025 Q4,Italy,Construction,Engineering,SOC 2020,8
2025,2025 Q4,Italy,Education,Education,SOC 2020,48
2025,2025 Q4,Italy,Financial and Insurance Activities,Finance,SOC 2020,99
2025,2025 Q4,Italy,Human Health and Social Work Activities,Healthcare,SOC 2020,42
2025,2025 Q4,Italy,Information and Communications,Technology,SOC 2020,22
2025,2025 Q4,Ivory Coast,Education,Education,SOC 2020,1
2025,2025 Q4,Jamaica,Education,Education,SOC 2020,3
2025,2025 Q4,Jamaica,Financial and Insurance Activities,Finance,SOC 2020,1
2025,2025 Q4,Jamaica,Human Health and Social Work Activities,Healthcare,SOC 2020,1
2025,2025 Q4,Japan,Construction,Engineering,SOC 2020,1
2025,2025 Q4,Japan,Education,Education,SOC 2020,10
2025,2025 Q4,Japan,Financial and Insurance Activities,Finance,SOC 2020,50
2025,2025 Q4,Japan,Information and Communications,Technology,SOC 2020,28
2025,2025 Q4,Jordan,Education,Education,SOC 2020,1
2025,2025 Q4,Jordan,Financial and Insurance Activities,Finance,SOC 2020,4
2025,2025 Q4,Jordan,Human Health and Social Work Activities,Healthcare,SOC 2020,17
2025,2025 Q4,Kazakhstan,Education,Education,SOC 2020,4
2025,2025 Q4,Kazakhstan,Financial and Insurance Activities,Finance,SOC 2020,1
2025,2025 Q4,Kazakhstan,Information and Communications,Technology,SOC 2020,8
2025,2025 Q4,Kenya,Construction,Engineering,SOC 2020,1
2025,2025 Q4,Kenya,Education,Education,SOC 2020,2
2025,2025 Q4,Kenya,Financial and Insurance Activities,Finance,SOC 2020,4
2025,2025 Q4,Kenya,Human Health and Social Work Activities,Healthcare,SOC 2020,9
2025,2025 Q4,Kosovo,Education,Education,SOC 2020,1
2025,2025 Q4,Kosovo,Human Health and Social Work Activities,Healthcare,SOC 2020,1
2025,2025 Q4,Kuwait,Human Health and Social Work Activities,Healthcare,SOC 2020,2
2025,2025 Q4,Kyrgyzstan,Financial and Insurance Activities,Finance,SOC 2020,1
2025,2025 Q4,Kyrgyzstan,Human Health and Social Work Activities,Healthcare,SOC 2020,1
2025,2025 Q4,Kyrgyzstan,Information and Communications,Technology,SOC 2020,2
2025,2025 Q4,Latvia,Construction,Engineering,SOC 2020,3
2025,2025 Q4,Latvia,Financial and Insurance Activities,Finance,SOC 2020,3
2025,2025 Q4,Latvia,Information and Communications,Technology,SOC 2020,1
2025,2025 Q4,Lebanon,Education,Education,SOC 2020,1
2025,2025 Q4,Lebanon,Financial and Insurance Activities,Finance,SOC 2020,3
2025,2025 Q4,Lebanon,Human Health and Social Work Activities,Healthcare,SOC 2020,5
2025,2025 Q4,Lesotho,Human Health and Social Work Activities,Healthcare,SOC 2020,1
2025,2025 Q4,Libya,Human Health and Social Work Activities,Healthcare,SOC 2020,1
2025,2025 Q4,Lithuania,Construction,Engineering,SOC 2020,12
2025,2025 Q4,Lithuania,Financial and Insurance Activities,Finance,SOC 2020,2
2025,2025 Q4,Lithuania,Information and Communications,Technology,SOC 2020,2
2025,2025 Q4,Luxembourg,Construction,Engineering,SOC 2020,1
2025,2025 Q4,Luxembourg,Education,Education,SOC 2020,2
2025,2025 Q4,Luxembourg,Financial and Insurance Activities,Finance,SOC 2020,1
2025,2025 Q4,Luxembourg,Information and Communications,Technology,SOC 2020,1
2025,2025 Q4,Madagascar,Education,Education,SOC 2020,1
2025,2025 Q4,Malawi,Education,Education,SOC 2020,1
2025,2025 Q4,Malaysia,Construction,Engineering,SOC 2020,1
2025,2025 Q4,Malaysia,Education,Education,SOC 2020,6
2025,2025 Q4,Malaysia,Financial and Insurance Activities,Finance,SOC 2020,7
2025,2025 Q4,Malaysia,Human Health and Social Work Activities,Healthcare,SOC 2020,33
2025,2025 Q4,Malaysia,Information and Communications,Technology,SOC 2020,6
2025,2025 Q4,Malta,Education,Education,SOC 2020,1
2025,2025 Q4,Malta,Financial and Insurance Activities,Finance,SOC 2020,1
2025,2025 Q4,Malta,Human Health and Social Work Activities,Healthcare,SOC 2020,14
2025,2025 Q4,Mauritius,Financial and Insurance Activities,Finance,SOC 2020,1
2025,2025 Q4,Mauritius,Human Health and Social Work Activities,Healthcare,SOC 2020,3
2025,2025 Q4,Mexico,Construction,Engineering,SOC 2020,1
2025,2025 Q4,Mexico,Education,Education,SOC 2020,3
2025,2025 Q4,Mexico,Financial and Insurance Activities,Finance,SOC 2020,2
2025,2025 Q4,Mexico,Information and Communications,Technology,SOC 2020,2
2025,2025 Q4,Moldova,Human Health and Social Work Activities,Healthcare,SOC 2020,1
2025,2025 Q4,Mongolia,Financial and Insurance Activities,Finance,SOC 2020,1
2025,2025 Q4,Morocco,Education,Education,SOC 2020,4
2025,2025 Q4,Morocco,Financial and Insurance Activities,Finance,SOC 2020,14
2025,2025 Q4,Morocco,Human Health and Social Work Activities,Healthcare,SOC 2020,2
2025,2025 Q4,Morocco,Information and Communications,Technology,SOC 2020,4
2025,2025 Q4,Myanmar (Burma),Education,Education,SOC 2020,1
2025,2025 Q4,Myanmar (Burma),Financial and Insurance Activities,Finance,SOC 2020,2
2025,2025 Q4,Myanmar (Burma),Human Health and Social Work Activities,Healthcare,SOC 2020,21
2025,2025 Q4,Nepal,Financial and Insurance Activities,Finance,SOC 2020,1
2025,2025 Q4,Nepal,Human Health and Social Work Activities,Healthcare,SOC 2020,19
2025,2025 Q4,Netherlands,Construction,Engineering,SOC 2020,77
2025,2025 Q4,Netherlands,Education,Education,SOC 2020,3
2025,2025 Q4,Netherlands,Financial and Insurance Activities,Finance,SOC 2020,40
2025,2025 Q4,Netherlands,Human Health and Social Work Activities,Healthcare,SOC 2020,3
2025,2025 Q4,Netherlands,Information and Communications,Technology,SOC 2020,14
2025,2025 Q4,New Zealand,Construction,Engineering,SOC 2020,1
2025,2025 Q4,New Zealand,Education,Education,SOC 2020,3
2025,2025 Q4,New Zealand,Financial and Insurance Activities,Finance,SOC 2020,2
2025,2025 Q4,New Zealand,Human Health and Social Work Activities,Healthcare,SOC 2020,7
2025,2025 Q4,New Zealand,Information and Communications,Technology,SOC 2020,6
2025,2025 Q4,Nigeria,Construction,Engineering,SOC 2020,1
2025,2025 Q4,Nigeria,Education,Education,SOC 2020,11
2025,2025 Q4,Nigeria,Financial and Insurance Activities,Finance,SOC 2020,11
2025,2025 Q4,Nigeria,Human Health and Social Work Activities,Healthcare,SOC 2020,229
2025,2025 Q4,Nigeria,Information and Communications,Technology,SOC 2020,8
2025,2025 Q4,North Macedonia,Education,Education,SOC 2020,1
2025,2025 Q4,Norway,Construction,Engineering,SOC 2020,8
2025,2025 Q4,Norway,Education,Education,SOC 2020,2
2025,2025 Q4,Norway,Financial and Insurance Activities,Finance,SOC 2020,19
2025,2025 Q4,Norway,Information and Communications,Technology,SOC 2020,2
2025,2025 Q4,Oman,Human Health and Social Work Activities,Healthcare,SOC 2020,4
2025,2025 Q4,Pakistan,Construction,Engineering,SOC 2020,7
2025,2025 Q4,Pakistan,Education,Education,SOC 2020,24
2025,2025 Q4,Pakistan,Financial and Insurance Activities,Finance,SOC 2020,11
2025,2025 Q4,Pakistan,Human Health and Social Work Activities,Healthcare,SOC 2020,163
2025,2025 Q4,Pakistan,Information and Communications,Technology,SOC 2020,21
2025,2025 Q4,Palestine,Education,Education,SOC 2020,2
2025,2025 Q4,Palestine,Human Health and Social Work Activities,Healthcare,SOC 2020,5
2025,2025 Q4,Panama,Financial and Insurance Activities,Finance,SOC 2020,1
2025,2025 Q4,Panama,Human Health and Social Work Activities,Healthcare,SOC 2020,1
2025,2025 Q4,Panama,Information and Communications,Technology,SOC 2020,1
2025,2025 Q4,Peru,Construction,Engineering,SOC 2020,3
2025,2025 Q4,Peru,Financial and Insurance Activities,Finance,SOC 2020,1
2025,2025 Q4,Peru,Human Health and Social Work Activities,Healthcare,SOC 2020,1
2025,2025 Q4,Philippines,Construction,Engineering,SOC 2020,39
2025,2025 Q4,Philippines,Education,Education,SOC 2020,7
2025,2025 Q4,Philippines,Financial and Insurance Activities,Finance,SOC 2020,9
2025,2025 Q4,Philippines,Human Health and Social Work Activities,Healthcare,SOC 2020,49
2025,2025 Q4,Poland,Construction,Engineering,SOC 2020,51
2025,2025 Q4,Poland,Education,Education,SOC 2020,4
2025,2025 Q4,Poland,Financial and Insurance Activities,Finance,SOC 2020,20
2025,2025 Q4,Poland,Human Health and Social Work Activities,Healthcare,SOC 2020,4
2025,2025 Q4,Poland,Information and Communications,Technology,SOC 2020,6
2025,2025 Q4,Portugal,Construction,Engineering,SOC 2020,8
2025,2025 Q4,Portugal,Education,Education,SOC 2020,4
2025,2025 Q4,Portugal,Financial and Insurance Activities,Finance,SOC 2020,15
2025,2025 Q4,Portugal,Human Health and Social Work Activities,Healthcare,SOC 2020,8
2025,2025 Q4,Portugal,Information and Communications,Technology,SOC 2020,10
2025,2025 Q4,Qatar,Construction,Engineering,SOC 2020,1
2025,2025 Q4,Qatar,Education,Education,SOC 2020,1
2025,2025 Q4,Refugee,Human Health and Social Work Activities,Healthcare,SOC 2020,1
2025,2025 Q4,Romania,Construction,Engineering,SOC 2020,15
2025,2025 Q4,Romania,Education,Education,SOC 2020,4
2025,2025 Q4,Romania,Financial and Insurance Activities,Finance,SOC 2020,7
2025,2025 Q4,Romania,Human Health and Social Work Activities,Healthcare,SOC 2020,7
2025,2025 Q4,Romania,Information and Communications,Technology,SOC 2020,5
2025,2025 Q4,Russia,Construction,Engineering,SOC 2020,1
2025,2025 Q4,Russia,Education,Education,SOC 2020,1
2025,2025 Q4,Russia,Financial and Insurance Activities,Finance,SOC 2020,33
2025,2025 Q4,Russia,Human Health and Social Work Activities,Healthcare,SOC 2020,2
2025,2025 Q4,Russia,Information and Communications,Technology,SOC 2020,29
2025,2025 Q4,Saudi Arabia,Human Health and Social Work Activities,Healthcare,SOC 2020,13
2025,2025 Q4,Saudi Arabia,Information and Communications,Technology,SOC 2020,3
2025,2025 Q4,Senegal,Education,Education,SOC 2020,1
2025,2025 Q4,Senegal,Financial and Insurance Activities,Finance,SOC 2020,1
2025,2025 Q4,Serbia,Construction,Engineering,SOC 2020,2
2025,2025 Q4,Serbia,Information and Communications,Technology,SOC 2020,2
2025,2025 Q4,Singapore,Education,Education,SOC 2020,4
2025,2025 Q4,Singapore,Financial and Insurance Activities,Finance,SOC 2020,25
2025,2025 Q4,Singapore,Human Health and Social Work Activities,Healthcare,SOC 2020,7
2025,2025 Q4,Singapore,Information and Communications,Technology,SOC 2020,7
2025,2025 Q4,Slovakia,Financial and Insurance Activities,Finance,SOC 2020,3
2025,2025 Q4,Slovakia,Human Health and Social Work Activities,Healthcare,SOC 2020,1
2025,2025 Q4,Slovenia,Education,Education,SOC 2020,1
2025,2025 Q4,Slovenia,Human Health and Social Work Activities,Healthcare,SOC 2020,2
2025,2025 Q4,Somalia,Education,Education,SOC 2020,1
2025,2025 Q4,South Africa,Construction,Engineering,SOC 2020,5
2025,2025 Q4,South Africa,Education,Education,SOC 2020,9
2025,2025 Q4,South Africa,Financial and Insurance Activities,Finance,SOC 2020,22
2025,2025 Q4,South Africa,Human Health and Social Work Activities,Healthcare,SOC 2020,14
2025,2025 Q4,South Africa,Information and Communications,Technology,SOC 2020,4
2025,2025 Q4,South Korea,Education,Education,SOC 2020,21
2025,2025 Q4,South Korea,Financial and Insurance Activities,Finance,SOC 2020,19
2025,2025 Q4,South Korea,Human Health and Social Work Activities,Healthcare,SOC 2020,3
2025,2025 Q4,South Korea,Information and Communications,Technology,SOC 2020,8
2025,2025 Q4,Spain,Construction,Engineering,SOC 2020,25
2025,2025 Q4,Spain,Education,Education,SOC 2020,27
2025,2025 Q4,Spain,Financial and Insurance Activities,Finance,SOC 2020,50
2025,2025 Q4,Spain,Human Health and Social Work Activities,Healthcare,SOC 2020,10
2025,2025 Q4,Spain,Information and Communications,Technology,SOC 2020,13
2025,2025 Q4,Sri Lanka,Construction,Engineering,SOC 2020,2
2025,2025 Q4,Sri Lanka,Education,Education,SOC 2020,2
2025,2025 Q4,Sri Lanka,Financial and Insurance Activities,Finance,SOC 2020,4
2025,2025 Q4,Sri Lanka,Human Health and Social Work Activities,Healthcare,SOC 2020,72
2025,2025 Q4,Sri Lanka,Information and Communications,Technology,SOC 2020,1
2025,2025 Q4,St Kitts and Nevis,Financial and Insurance Activities,Finance,SOC 2020,2
2025,2025 Q4,St Kitts and Nevis,Human Health and Social Work Activities,Healthcare,SOC 2020,2
2025,2025 Q4,St Kitts and Nevis,Information and Communications,Technology,SOC 2020,1
2025,2025 Q4,St Lucia,Human Health and Social Work Activities,Healthcare,SOC 2020,2
2025,2025 Q4,Stateless,Human Health and Social Work Activities,Healthcare,SOC 2020,1
2025,2025 Q4,Sudan,Education,Education,SOC 2020,2
2025,2025 Q4,Sudan,Human Health and Social Work Activities,Healthcare,SOC 2020,26
2025,2025 Q4,Sweden,Construction,Engineering,SOC 2020,1
2025,2025 Q4,Sweden,Education,Education,SOC 2020,4
2025,2025 Q4,Sweden,Financial and Insurance Activities,Finance,SOC 2020,25
2025,2025 Q4,Sweden,Human Health and Social Work Activities,Healthcare,SOC 2020,9
2025,2025 Q4,Sweden,Information and Communications,Technology,SOC 2020,15
2025,2025 Q4,Switzerland,Construction,Engineering,SOC 2020,1
2025,2025 Q4,Switzerland,Education,Education,SOC 2020,2
2025,2025 Q4,Switzerland,Financial and Insurance Activities,Finance,SOC 2020,34
2025,2025 Q4,Switzerland,Human Health and Social Work Activities,Healthcare,SOC 2020,5
2025,2025 Q4,Switzerland,Information and Communications,Technology,SOC 2020,6
2025,2025 Q4,Syria,Human Health and Social Work Activities,Healthcare,SOC 2020,2
2025,2025 Q4,Syria,Information and Communications,Technology,SOC 2020,2
2025,2025 Q4,Taiwan,Education,Education,SOC 2020,6
2025,2025 Q4,Taiwan,Financial and Insurance Activities,Finance,SOC 2020,6
2025,2025 Q4,Taiwan,Human Health and Social Work Activities,Healthcare,SOC 2020,21
2025,2025 Q4,Taiwan,Information and Communications,Technology,SOC 2020,5
2025,2025 Q4,Tanzania,Human Health and Social Work Activities,Healthcare,SOC 2020,1
2025,2025 Q4,Thailand,Construction,Engineering,SOC 2020,10
2025,2025 Q4,Thailand,Education,Education,SOC 2020,3
2025,2025 Q4,Thailand,Human Health and Social Work Activities,Healthcare,SOC 2020,3
2025,2025 Q4,Trinidad and Tobago,Human Health and Social Work Activities,Healthcare,SOC 2020,7
2025,2025 Q4,Tunisia,Education,Education,SOC 2020,2
2025,2025 Q4,Tunisia,Financial and Insurance Activities,Finance,SOC 2020,6
2025,2025 Q4,Tunisia,Human Health and Social Work Activities,Healthcare,SOC 2020,1
2025,2025 Q4,Tunisia,Information and Communications,Technology,SOC 2020,3
2025,2025 Q4,Turkey,Construction,Engineering,SOC 2020,8
2025,2025 Q4,Turkey,Education,Education,SOC 2020,21
2025,2025 Q4,Turkey,Financial and Insurance Activities,Finance,SOC 2020,14
2025,2025 Q4,Turkey,Human Health and Social Work Activities,Healthcare,SOC 2020,24
2025,2025 Q4,Turkey,Information and Communications,Technology,SOC 2020,23
2025,2025 Q4,Turkmenistan,Education,Education,SOC 2020,1
2025,2025 Q4,Turkmenistan,Information and Communications,Technology,SOC 2020,2
2025,2025 Q4,Uganda,Education,Education,SOC 2020,1
2025,2025 Q4,Uganda,Financial and Insurance Activities,Finance,SOC 2020,1
2025,2025 Q4,Uganda,Human Health and Social Work Activities,Healthcare,SOC 2020,2
2025,2025 Q4,Ukraine,Construction,Engineering,SOC 2020,8
2025,2025 Q4,Ukraine,Education,Education,SOC 2020,3
2025,2025 Q4,Ukraine,Financial and Insurance Activities,Finance,SOC 2020,7
2025,2025 Q4,Ukraine,Human Health and Social Work Activities,Healthcare,SOC 2020,1
2025,2025 Q4,Ukraine,Information and Communications,Technology,SOC 2020,4
2025,2025 Q4,United Arab Emirates,Human Health and Social Work Activities,Healthcare,SOC 2020,1
2025,2025 Q4,United States,Construction,Engineering,SOC 2020,5
2025,2025 Q4,United States,Education,Education,SOC 2020,98
2025,2025 Q4,United States,Financial and Insurance Activities,Finance,SOC 2020,218
2025,2025 Q4,United States,Human Health and Social Work Activities,Healthcare,SOC 2020,48
2025,2025 Q4,United States,Information and Communications,Technology,SOC 2020,137
2025,2025 Q4,Uruguay,Financial and Insurance Activities,Finance,SOC 2020,1
2025,2025 Q4,Uzbekistan,Information and Communications,Technology,SOC 2020,1
2025,2025 Q4,Venezuela,Financial and Insurance Activities,Finance,SOC 2020,3
2025,2025 Q4,Vietnam,Construction,Engineering,SOC 2020,1
2025,2025 Q4,Vietnam,Education,Education,SOC 2020,9
2025,2025 Q4,Vietnam,Information and Communications,Technology,SOC 2020,6
2025,2025 Q4,Zambia,Human Health and Social Work Activities,Healthcare,SOC 2020,3
2025,2025 Q4,Zambia,Information and Communications,Technology,SOC 2020,1
2025,2025 Q4,Zimbabwe,Construction,Engineering,SOC 2020,1
2025,2025 Q4,Zimbabwe,Education,Education,SOC 2020,5
2025,2025 Q4,Zimbabwe,Financial and Insurance Activities,Finance,SOC 2020,3
2025,2025 Q4,Zimbabwe,Human Health and Social Work Activities,Healthcare,SOC 2020,12
2026,2026 Q1,Afghanistan,Education,Education,SOC 2020,2
2026,2026 Q1,Afghanistan,Human Health and Social Work Activities,Healthcare,SOC 2020,5
2026,2026 Q1,Albania,Construction,Engineering,SOC 2020,3
2026,2026 Q1,Albania,Education,Education,SOC 2020,1
2026,2026 Q1,Albania,Financial and Insurance Activities,Finance,SOC 2020,5
2026,2026 Q1,Albania,Human Health and Social Work Activities,Healthcare,SOC 2020,1
2026,2026 Q1,Algeria,Education,Education,SOC 2020,2
2026,2026 Q1,Algeria,Financial and Insurance Activities,Finance,SOC 2020,1
2026,2026 Q1,Algeria,Human Health and Social Work Activities,Healthcare,SOC 2020,2
2026,2026 Q1,Algeria,Information and Communications,Technology,SOC 2020,1
2026,2026 Q1,Angola,Information and Communications,Technology,SOC 2020,1
2026,2026 Q1,Argentina,Construction,Engineering,SOC 2020,1
2026,2026 Q1,Argentina,Financial and Insurance Activities,Finance,SOC 2020,10
2026,2026 Q1,Argentina,Human Health and Social Work Activities,Healthcare,SOC 2020,4
2026,2026 Q1,Armenia,Financial and Insurance Activities,Finance,SOC 2020,3
2026,2026 Q1,Australia,Construction,Engineering,SOC 2020,7
2026,2026 Q1,Australia,Education,Education,SOC 2020,9
2026,2026 Q1,Australia,Financial and Insurance Activities,Finance,SOC 2020,46
2026,2026 Q1,Australia,Human Health and Social Work Activities,Healthcare,SOC 2020,62
2026,2026 Q1,Australia,Information and Communications,Technology,SOC 2020,13
2026,2026 Q1,Austria,Construction,Engineering,SOC 2020,3
2026,2026 Q1,Austria,Education,Education,SOC 2020,5
2026,2026 Q1,Austria,Financial and Insurance Activities,Finance,SOC 2020,8
2026,2026 Q1,Austria,Human Health and Social Work Activities,Healthcare,SOC 2020,3
2026,2026 Q1,Austria,Information and Communications,Technology,SOC 2020,6
2026,2026 Q1,Azerbaijan,Information and Communications,Technology,SOC 2020,2
2026,2026 Q1,Bahrain,Human Health and Social Work Activities,Healthcare,SOC 2020,3
2026,2026 Q1,Bangladesh,Financial and Insurance Activities,Finance,SOC 2020,1
2026,2026 Q1,Bangladesh,Human Health and Social Work Activities,Healthcare,SOC 2020,25
2026,2026 Q1,Bangladesh,Information and Communications,Technology,SOC 2020,6
2026,2026 Q1,Belarus,Education,Education,SOC 2020,1
2026,2026 Q1,Belarus,Financial and Insurance Activities,Finance,SOC 2020,1
2026,2026 Q1,Belarus,Information and Communications,Technology,SOC 2020,5
2026,2026 Q1,Belgium,Construction,Engineering,SOC 2020,31
2026,2026 Q1,Belgium,Education,Education,SOC 2020,16
2026,2026 Q1,Belgium,Financial and Insurance Activities,Finance,SOC 2020,30
2026,2026 Q1,Belgium,Human Health and Social Work Activities,Healthcare,SOC 2020,6
2026,2026 Q1,Belgium,Information and Communications,Technology,SOC 2020,9
2026,2026 Q1,Benin,Financial and Insurance Activities,Finance,SOC 2020,1
2026,2026 Q1,Benin,Information and Communications,Technology,SOC 2020,1
2026,2026 Q1,Bolivia,Education,Education,SOC 2020,1
2026,2026 Q1,Bolivia,Human Health and Social Work Activities,Healthcare,SOC 2020,1
2026,2026 Q1,Botswana,Financial and Insurance Activities,Finance,SOC 2020,2
2026,2026 Q1,Botswana,Human Health and Social Work Activities,Healthcare,SOC 2020,1
2026,2026 Q1,Brazil,Construction,Engineering,SOC 2020,2
2026,2026 Q1,Brazil,Education,Education,SOC 2020,22
2026,2026 Q1,Brazil,Financial and Insurance Activities,Finance,SOC 2020,14
2026,2026 Q1,Brazil,Human Health and Social Work Activities,Healthcare,SOC 2020,13
2026,2026 Q1,Brazil,Information and Communications,Technology,SOC 2020,19
2026,2026 Q1,Bulgaria,Construction,Engineering,SOC 2020,3
2026,2026 Q1,Bulgaria,Education,Education,SOC 2020,1
2026,2026 Q1,Bulgaria,Financial and Insurance Activities,Finance,SOC 2020,2
2026,2026 Q1,Bulgaria,Human Health and Social Work Activities,Healthcare,SOC 2020,3
2026,2026 Q1,Bulgaria,Information and Communications,Technology,SOC 2020,2
2026,2026 Q1,Burkina Faso,Education,Education,SOC 2020,1
2026,2026 Q1,Burundi,Human Health and Social Work Activities,Healthcare,SOC 2020,1
2026,2026 Q1,Cameroon,Education,Education,SOC 2020,4
2026,2026 Q1,Cameroon,Financial and Insurance Activities,Finance,SOC 2020,3
2026,2026 Q1,Cameroon,Information and Communications,Technology,SOC 2020,2
2026,2026 Q1,Canada,Construction,Engineering,SOC 2020,1
2026,2026 Q1,Canada,Education,Education,SOC 2020,13
2026,2026 Q1,Canada,Financial and Insurance Activities,Finance,SOC 2020,42
2026,2026 Q1,Canada,Human Health and Social Work Activities,Healthcare,SOC 2020,17
2026,2026 Q1,Canada,Information and Communications,Technology,SOC 2020,16
2026,2026 Q1,Chile,Education,Education,SOC 2020,6
2026,2026 Q1,Chile,Financial and Insurance Activities,Finance,SOC 2020,1
2026,2026 Q1,Chile,Human Health and Social Work Activities,Healthcare,SOC 2020,2
2026,2026 Q1,Chile,Information and Communications,Technology,SOC 2020,2
2026,2026 Q1,China,Construction,Engineering,SOC 2020,2
2026,2026 Q1,China,Education,Education,SOC 2020,173
2026,2026 Q1,China,Financial and Insurance Activities,Finance,SOC 2020,74
2026,2026 Q1,China,Human Health and Social Work Activities,Healthcare,SOC 2020,3
2026,2026 Q1,China,Information and Communications,Technology,SOC 2020,68
2026,2026 Q1,Colombia,Construction,Engineering,SOC 2020,1
2026,2026 Q1,Colombia,Education,Education,SOC 2020,6
2026,2026 Q1,Colombia,Financial and Insurance Activities,Finance,SOC 2020,1
2026,2026 Q1,Colombia,Human Health and Social Work Activities,Healthcare,SOC 2020,3
2026,2026 Q1,Colombia,Information and Communications,Technology,SOC 2020,2
2026,2026 Q1,Costa Rica,Construction,Engineering,SOC 2020,1
2026,2026 Q1,Croatia,Construction,Engineering,SOC 2020,25
2026,2026 Q1,Croatia,Education,Education,SOC 2020,2
2026,2026 Q1,Croatia,Financial and Insurance Activities,Finance,SOC 2020,4
2026,2026 Q1,Croatia,Human Health and Social Work Activities,Healthcare,SOC 2020,1
2026,2026 Q1,Croatia,Information and Communications,Technology,SOC 2020,2
2026,2026 Q1,Cuba,Information and Communications,Technology,SOC 2020,1
2026,2026 Q1,Cyprus,Education,Education,SOC 2020,1
2026,2026 Q1,Cyprus,Human Health and Social Work Activities,Healthcare,SOC 2020,6
2026,2026 Q1,Cyprus,Information and Communications,Technology,SOC 2020,3
2026,2026 Q1,Czechia,Education,Education,SOC 2020,2
2026,2026 Q1,Czechia,Financial and Insurance Activities,Finance,SOC 2020,2
2026,2026 Q1,Czechia,Human Health and Social Work Activities,Healthcare,SOC 2020,3
2026,2026 Q1,Czechia,Information and Communications,Technology,SOC 2020,1
2026,2026 Q1,Denmark,Construction,Engineering,SOC 2020,1
2026,2026 Q1,Denmark,Education,Education,SOC 2020,5
2026,2026 Q1,Denmark,Financial and Insurance Activities,Finance,SOC 2020,23
2026,2026 Q1,Denmark,Human Health and Social Work Activities,Healthcare,SOC 2020,1
2026,2026 Q1,Denmark,Information and Communications,Technology,SOC 2020,5
2026,2026 Q1,Dominica,Human Health and Social Work Activities,Healthcare,SOC 2020,1
2026,2026 Q1,Ecuador,Education,Education,SOC 2020,5
2026,2026 Q1,Ecuador,Financial and Insurance Activities,Finance,SOC 2020,1
2026,2026 Q1,Ecuador,Human Health and Social Work Activities,Healthcare,SOC 2020,4
2026,2026 Q1,Ecuador,Information and Communications,Technology,SOC 2020,1
2026,2026 Q1,Egypt,Construction,Engineering,SOC 2020,1
2026,2026 Q1,Egypt,Education,Education,SOC 2020,13
2026,2026 Q1,Egypt,Financial and Insurance Activities,Finance,SOC 2020,1
2026,2026 Q1,Egypt,Human Health and Social Work Activities,Healthcare,SOC 2020,91
2026,2026 Q1,Egypt,Information and Communications,Technology,SOC 2020,9
2026,2026 Q1,Estonia,Information and Communications,Technology,SOC 2020,1
2026,2026 Q1,Eswatini,Financial and Insurance Activities,Finance,SOC 2020,1
2026,2026 Q1,Ethiopia,Education,Education,SOC 2020,2
2026,2026 Q1,Ethiopia,Financial and Insurance Activities,Finance,SOC 2020,5
2026,2026 Q1,Ethiopia,Human Health and Social Work Activities,Healthcare,SOC 2020,1
2026,2026 Q1,Fiji,Education,Education,SOC 2020,1
2026,2026 Q1,Finland,Education,Education,SOC 2020,2
2026,2026 Q1,Finland,Financial and Insurance Activities,Finance,SOC 2020,3
2026,2026 Q1,Finland,Human Health and Social Work Activities,Healthcare,SOC 2020,4
2026,2026 Q1,Finland,Information and Communications,Technology,SOC 2020,7
2026,2026 Q1,France,Construction,Engineering,SOC 2020,16
2026,2026 Q1,France,Education,Education,SOC 2020,148
2026,2026 Q1,France,Financial and Insurance Activities,Finance,SOC 2020,196
2026,2026 Q1,France,Human Health and Social Work Activities,Healthcare,SOC 2020,9
2026,2026 Q1,France,Information and Communications,Technology,SOC 2020,41
2026,2026 Q1,"Gambia, The",Education,Education,SOC 2020,1
2026,2026 Q1,Georgia,Financial and Insurance Activities,Finance,SOC 2020,4
2026,2026 Q1,Georgia,Information and Communications,Technology,SOC 2020,1
2026,2026 Q1,Germany,Construction,Engineering,SOC 2020,5
2026,2026 Q1,Germany,Education,Education,SOC 2020,62
2026,2026 Q1,Germany,Financial and Insurance Activities,Finance,SOC 2020,123
2026,2026 Q1,Germany,Human Health and Social Work Activities,Healthcare,SOC 2020,18
2026,2026 Q1,Germany,Information and Communications,Technology,SOC 2020,52
2026,2026 Q1,Ghana,Education,Education,SOC 2020,5
2026,2026 Q1,Ghana,Human Health and Social Work Activities,Healthcare,SOC 2020,40
2026,2026 Q1,Greece,Construction,Engineering,SOC 2020,3
2026,2026 Q1,Greece,Education,Education,SOC 2020,11
2026,2026 Q1,Greece,Financial and Insurance Activities,Finance,SOC 2020,6
2026,2026 Q1,Greece,Human Health and Social Work Activities,Healthcare,SOC 2020,45
2026,2026 Q1,Greece,Information and Communications,Technology,SOC 2020,4
2026,2026 Q1,Guatemala,Financial and Insurance Activities,Finance,SOC 2020,1
2026,2026 Q1,Guyana,Human Health and Social Work Activities,Healthcare,SOC 2020,2
2026,2026 Q1,Haiti,Education,Education,SOC 2020,1
2026,2026 Q1,Honduras,Education,Education,SOC 2020,1
2026,2026 Q1,Honduras,Human Health and Social Work Activities,Healthcare,SOC 2020,1
2026,2026 Q1,Hong Kong,Education,Education,SOC 2020,5
2026,2026 Q1,Hong Kong,Financial and Insurance Activities,Finance,SOC 2020,10
2026,2026 Q1,Hong Kong,Human Health and Social Work Activities,Healthcare,SOC 2020,1
2026,2026 Q1,Hong Kong,Information and Communications,Technology,SOC 2020,4
2026,2026 Q1,Hungary,Education,Education,SOC 2020,5
2026,2026 Q1,Hungary,Financial and Insurance Activities,Finance,SOC 2020,9
2026,2026 Q1,Hungary,Human Health and Social Work Activities,Healthcare,SOC 2020,2
2026,2026 Q1,Hungary,Information and Communications,Technology,SOC 2020,3
2026,2026 Q1,India,Construction,Engineering,SOC 2020,26
2026,2026 Q1,India,Education,Education,SOC 2020,69
2026,2026 Q1,India,Financial and Insurance Activities,Finance,SOC 2020,297
2026,2026 Q1,India,Human Health and Social Work Activities,Healthcare,SOC 2020,377
2026,2026 Q1,India,Information and Communications,Technology,SOC 2020,1179
2026,2026 Q1,Indonesia,Construction,Engineering,SOC 2020,1
2026,2026 Q1,Indonesia,Education,Education,SOC 2020,9
2026,2026 Q1,Indonesia,Financial and Insurance Activities,Finance,SOC 2020,4
2026,2026 Q1,Indonesia,Human Health and Social Work Activities,Healthcare,SOC 2020,2
2026,2026 Q1,Indonesia,Information and Communications,Technology,SOC 2020,5
2026,2026 Q1,Iran,Construction,Engineering,SOC 2020,2
2026,2026 Q1,Iran,Education,Education,SOC 2020,14
2026,2026 Q1,Iran,Financial and Insurance Activities,Finance,SOC 2020,1
2026,2026 Q1,Iran,Human Health and Social Work Activities,Healthcare,SOC 2020,57
2026,2026 Q1,Iran,Information and Communications,Technology,SOC 2020,2
2026,2026 Q1,Iraq,Education,Education,SOC 2020,1
2026,2026 Q1,Iraq,Financial and Insurance Activities,Finance,SOC 2020,1
2026,2026 Q1,Iraq,Human Health and Social Work Activities,Healthcare,SOC 2020,8
2026,2026 Q1,Israel,Education,Education,SOC 2020,2
2026,2026 Q1,Israel,Financial and Insurance Activities,Finance,SOC 2020,2
2026,2026 Q1,Israel,Human Health and Social Work Activities,Healthcare,SOC 2020,7
2026,2026 Q1,Israel,Information and Communications,Technology,SOC 2020,4
2026,2026 Q1,Italy,Construction,Engineering,SOC 2020,6
2026,2026 Q1,Italy,Education,Education,SOC 2020,58
2026,2026 Q1,Italy,Financial and Insurance Activities,Finance,SOC 2020,97
2026,2026 Q1,Italy,Human Health and Social Work Activities,Healthcare,SOC 2020,43
2026,2026 Q1,Italy,Information and Communications,Technology,SOC 2020,34
2026,2026 Q1,Jamaica,Education,Education,SOC 2020,2
2026,2026 Q1,Jamaica,Human Health and Social Work Activities,Healthcare,SOC 2020,6
2026,2026 Q1,Japan,Construction,Engineering,SOC 2020,1
2026,2026 Q1,Japan,Education,Education,SOC 2020,37
2026,2026 Q1,Japan,Financial and Insurance Activities,Finance,SOC 2020,129
2026,2026 Q1,Japan,Human Health and Social Work Activities,Healthcare,SOC 2020,12
2026,2026 Q1,Japan,Information and Communications,Technology,SOC 2020,33
2026,2026 Q1,Jordan,Education,Education,SOC 2020,1
2026,2026 Q1,Jordan,Financial and Insurance Activities,Finance,SOC 2020,1
2026,2026 Q1,Jordan,Human Health and Social Work Activities,Healthcare,SOC 2020,17
2026,2026 Q1,Jordan,Information and Communications,Technology,SOC 2020,2
2026,2026 Q1,Kazakhstan,Financial and Insurance Activities,Finance,SOC 2020,1
2026,2026 Q1,Kazakhstan,Information and Communications,Technology,SOC 2020,4
2026,2026 Q1,Kenya,Education,Education,SOC 2020,6
2026,2026 Q1,Kenya,Financial and Insurance Activities,Finance,SOC 2020,4
2026,2026 Q1,Kenya,Human Health and Social Work Activities,Healthcare,SOC 2020,9
2026,2026 Q1,Kenya,Information and Communications,Technology,SOC 2020,1
2026,2026 Q1,Kuwait,Financial and Insurance Activities,Finance,SOC 2020,1
2026,2026 Q1,Kuwait,Human Health and Social Work Activities,Healthcare,SOC 2020,3
2026,2026 Q1,Kyrgyzstan,Education,Education,SOC 2020,1
2026,2026 Q1,Latvia,Construction,Engineering,SOC 2020,3
2026,2026 Q1,Latvia,Financial and Insurance Activities,Finance,SOC 2020,2
2026,2026 Q1,Lebanon,Construction,Engineering,SOC 2020,1
2026,2026 Q1,Lebanon,Education,Education,SOC 2020,1
2026,2026 Q1,Lebanon,Financial and Insurance Activities,Finance,SOC 2020,5
2026,2026 Q1,Lebanon,Human Health and Social Work Activities,Healthcare,SOC 2020,6
2026,2026 Q1,Lesotho,Education,Education,SOC 2020,1
2026,2026 Q1,Liberia,Education,Education,SOC 2020,1
2026,2026 Q1,Libya,Human Health and Social Work Activities,Healthcare,SOC 2020,4
2026,2026 Q1,Lithuania,Construction,Engineering,SOC 2020,9
2026,2026 Q1,Lithuania,Education,Education,SOC 2020,1
2026,2026 Q1,Lithuania,Financial and Insurance Activities,Finance,SOC 2020,4
2026,2026 Q1,Lithuania,Human Health and Social Work Activities,Healthcare,SOC 2020,1
2026,2026 Q1,Lithuania,Information and Communications,Technology,SOC 2020,2
2026,2026 Q1,Luxembourg,Financial and Insurance Activities,Finance,SOC 2020,1
2026,2026 Q1,Luxembourg,Information and Communications,Technology,SOC 2020,1
2026,2026 Q1,Malawi,Education,Education,SOC 2020,4
2026,2026 Q1,Malawi,Human Health and Social Work Activities,Healthcare,SOC 2020,2
2026,2026 Q1,Malaysia,Construction,Engineering,SOC 2020,2
2026,2026 Q1,Malaysia,Education,Education,SOC 2020,12
2026,2026 Q1,Malaysia,Financial and Insurance Activities,Finance,SOC 2020,7
2026,2026 Q1,Malaysia,Human Health and Social Work Activities,Healthcare,SOC 2020,25
2026,2026 Q1,Malaysia,Information and Communications,Technology,SOC 2020,4
2026,2026 Q1,Maldives,Financial and Insurance Activities,Finance,SOC 2020,1
2026,2026 Q1,Maldives,Human Health and Social Work Activities,Healthcare,SOC 2020,1
2026,2026 Q1,Malta,Human Health and Social Work Activities,Healthcare,SOC 2020,8
2026,2026 Q1,Mauritania,Financial and Insurance Activities,Finance,SOC 2020,1
2026,2026 Q1,Mauritius,Financial and Insurance Activities,Finance,SOC 2020,4
2026,2026 Q1,Mauritius,Human Health and Social Work Activities,Healthcare,SOC 2020,1
2026,2026 Q1,Mexico,Education,Education,SOC 2020,11
2026,2026 Q1,Mexico,Financial and Insurance Activities,Finance,SOC 2020,5
2026,2026 Q1,Mexico,Human Health and Social Work Activities,Healthcare,SOC 2020,2
2026,2026 Q1,Mexico,Information and Communications,Technology,SOC 2020,6
2026,2026 Q1,Morocco,Construction,Engineering,SOC 2020,1
2026,2026 Q1,Morocco,Education,Education,SOC 2020,10
2026,2026 Q1,Morocco,Financial and Insurance Activities,Finance,SOC 2020,16
2026,2026 Q1,Morocco,Human Health and Social Work Activities,Healthcare,SOC 2020,3
2026,2026 Q1,Morocco,Information and Communications,Technology,SOC 2020,4
2026,2026 Q1,Myanmar (Burma),Construction,Engineering,SOC 2020,1
2026,2026 Q1,Myanmar (Burma),Education,Education,SOC 2020,2
2026,2026 Q1,Myanmar (Burma),Human Health and Social Work Activities,Healthcare,SOC 2020,14
2026,2026 Q1,Myanmar (Burma),Information and Communications,Technology,SOC 2020,2
2026,2026 Q1,Namibia,Human Health and Social Work Activities,Healthcare,SOC 2020,1
2026,2026 Q1,Nepal,Construction,Engineering,SOC 2020,1
2026,2026 Q1,Nepal,Human Health and Social Work Activities,Healthcare,SOC 2020,20
2026,2026 Q1,Netherlands,Construction,Engineering,SOC 2020,45
2026,2026 Q1,Netherlands,Education,Education,SOC 2020,11
2026,2026 Q1,Netherlands,Financial and Insurance Activities,Finance,SOC 2020,31
2026,2026 Q1,Netherlands,Human Health and Social Work Activities,Healthcare,SOC 2020,6
2026,2026 Q1,Netherlands,Information and Communications,Technology,SOC 2020,15
2026,2026 Q1,New Zealand,Education,Education,SOC 2020,2
2026,2026 Q1,New Zealand,Financial and Insurance Activities,Finance,SOC 2020,6
2026,2026 Q1,New Zealand,Human Health and Social Work Activities,Healthcare,SOC 2020,5
2026,2026 Q1,New Zealand,Information and Communications,Technology,SOC 2020,3
2026,2026 Q1,Nigeria,Construction,Engineering,SOC 2020,2
2026,2026 Q1,Nigeria,Education,Education,SOC 2020,14
2026,2026 Q1,Nigeria,Financial and Insurance Activities,Finance,SOC 2020,18
2026,2026 Q1,Nigeria,Human Health and Social Work Activities,Healthcare,SOC 2020,230
2026,2026 Q1,Nigeria,Information and Communications,Technology,SOC 2020,8
2026,2026 Q1,Norway,Education,Education,SOC 2020,2
2026,2026 Q1,Norway,Financial and Insurance Activities,Finance,SOC 2020,15
2026,2026 Q1,Norway,Human Health and Social Work Activities,Healthcare,SOC 2020,1
2026,2026 Q1,Norway,Information and Communications,Technology,SOC 2020,4
2026,2026 Q1,Oman,Human Health and Social Work Activities,Healthcare,SOC 2020,4
2026,2026 Q1,Pakistan,Construction,Engineering,SOC 2020,5
2026,2026 Q1,Pakistan,Education,Education,SOC 2020,20
2026,2026 Q1,Pakistan,Financial and Insurance Activities,Finance,SOC 2020,13
2026,2026 Q1,Pakistan,Human Health and Social Work Activities,Healthcare,SOC 2020,195
2026,2026 Q1,Pakistan,Information and Communications,Technology,SOC 2020,11
2026,2026 Q1,Palestine,Education,Education,SOC 2020,2
2026,2026 Q1,Palestine,Human Health and Social Work Activities,Healthcare,SOC 2020,5
2026,2026 Q1,Palestine,Information and Communications,Technology,SOC 2020,1
2026,2026 Q1,Panama,Education,Education,SOC 2020,1
2026,2026 Q1,Peru,Construction,Engineering,SOC 2020,2
2026,2026 Q1,Peru,Education,Education,SOC 2020,4
2026,2026 Q1,Peru,Financial and Insurance Activities,Finance,SOC 2020,3
2026,2026 Q1,Peru,Human Health and Social Work Activities,Healthcare,SOC 2020,1
2026,2026 Q1,Peru,Information and Communications,Technology,SOC 2020,1
2026,2026 Q1,Philippines,Construction,Engineering,SOC 2020,59
2026,2026 Q1,Philippines,Education,Education,SOC 2020,4
2026,2026 Q1,Philippines,Financial and Insurance Activities,Finance,SOC 2020,4
2026,2026 Q1,Philippines,Human Health and Social Work Activities,Healthcare,SOC 2020,41
2026,2026 Q1,Philippines,Information and Communications,Technology,SOC 2020,3
2026,2026 Q1,Poland,Construction,Engineering,SOC 2020,55
2026,2026 Q1,Poland,Education,Education,SOC 2020,4
2026,2026 Q1,Poland,Financial and Insurance Activities,Finance,SOC 2020,13
2026,2026 Q1,Poland,Human Health and Social Work Activities,Healthcare,SOC 2020,3
2026,2026 Q1,Poland,Information and Communications,Technology,SOC 2020,6
2026,2026 Q1,Portugal,Construction,Engineering,SOC 2020,6
2026,2026 Q1,Portugal,Education,Education,SOC 2020,7
2026,2026 Q1,Portugal,Financial and Insurance Activities,Finance,SOC 2020,10
2026,2026 Q1,Portugal,Human Health and Social Work Activities,Healthcare,SOC 2020,9
2026,2026 Q1,Portugal,Information and Communications,Technology,SOC 2020,10
2026,2026 Q1,Qatar,Human Health and Social Work Activities,Healthcare,SOC 2020,2
2026,2026 Q1,Romania,Construction,Engineering,SOC 2020,24
2026,2026 Q1,Romania,Education,Education,SOC 2020,1
2026,2026 Q1,Romania,Financial and Insurance Activities,Finance,SOC 2020,5
2026,2026 Q1,Romania,Human Health and Social Work Activities,Healthcare,SOC 2020,11
2026,2026 Q1,Romania,Information and Communications,Technology,SOC 2020,8
2026,2026 Q1,Russia,Construction,Engineering,SOC 2020,1
2026,2026 Q1,Russia,Education,Education,SOC 2020,4
2026,2026 Q1,Russia,Financial and Insurance Activities,Finance,SOC 2020,24
2026,2026 Q1,Russia,Human Health and Social Work Activities,Healthcare,SOC 2020,1
2026,2026 Q1,Russia,Information and Communications,Technology,SOC 2020,24
2026,2026 Q1,Samoa,Human Health and Social Work Activities,Healthcare,SOC 2020,1
2026,2026 Q1,Saudi Arabia,Education,Education,SOC 2020,2
2026,2026 Q1,Saudi Arabia,Human Health and Social Work Activities,Healthcare,SOC 2020,10
2026,2026 Q1,Serbia,Construction,Engineering,SOC 2020,1
2026,2026 Q1,Serbia,Education,Education,SOC 2020,2
2026,2026 Q1,Serbia,Financial and Insurance Activities,Finance,SOC 2020,7
2026,2026 Q1,Serbia,Information and Communications,Technology,SOC 2020,6
2026,2026 Q1,Singapore,Construction,Engineering,SOC 2020,1
2026,2026 Q1,Singapore,Education,Education,SOC 2020,6
2026,2026 Q1,Singapore,Financial and Insurance Activities,Finance,SOC 2020,28
2026,2026 Q1,Singapore,Human Health and Social Work Activities,Healthcare,SOC 2020,10
2026,2026 Q1,Singapore,Information and Communications,Technology,SOC 2020,4
2026,2026 Q1,Slovakia,Construction,Engineering,SOC 2020,13
2026,2026 Q1,Slovakia,Financial and Insurance Activities,Finance,SOC 2020,6
2026,2026 Q1,Slovakia,Human Health and Social Work Activities,Healthcare,SOC 2020,1
2026,2026 Q1,Slovenia,Human Health and Social Work Activities,Healthcare,SOC 2020,2
2026,2026 Q1,South Africa,Construction,Engineering,SOC 2020,2
2026,2026 Q1,South Africa,Education,Education,SOC 2020,9
2026,2026 Q1,South Africa,Financial and Insurance Activities,Finance,SOC 2020,20
2026,2026 Q1,South Africa,Human Health and Social Work Activities,Healthcare,SOC 2020,19
2026,2026 Q1,South Africa,Information and Communications,Technology,SOC 2020,6
2026,2026 Q1,South Korea,Education,Education,SOC 2020,22
2026,2026 Q1,South Korea,Financial and Insurance Activities,Finance,SOC 2020,28
2026,2026 Q1,South Korea,Human Health and Social Work Activities,Healthcare,SOC 2020,3
2026,2026 Q1,South Korea,Information and Communications,Technology,SOC 2020,11
2026,2026 Q1,South Sudan,Human Health and Social Work Activities,Healthcare,SOC 2020,1
2026,2026 Q1,Spain,Construction,Engineering,SOC 2020,18
2026,2026 Q1,Spain,Education,Education,SOC 2020,28
2026,2026 Q1,Spain,Financial and Insurance Activities,Finance,SOC 2020,62
2026,2026 Q1,Spain,Human Health and Social Work Activities,Healthcare,SOC 2020,29
2026,2026 Q1,Spain,Information and Communications,Technology,SOC 2020,25
2026,2026 Q1,Sri Lanka,Construction,Engineering,SOC 2020,4
2026,2026 Q1,Sri Lanka,Education,Education,SOC 2020,5
2026,2026 Q1,Sri Lanka,Financial and Insurance Activities,Finance,SOC 2020,1
2026,2026 Q1,Sri Lanka,Human Health and Social Work Activities,Healthcare,SOC 2020,66
2026,2026 Q1,Sri Lanka,Information and Communications,Technology,SOC 2020,2
2026,2026 Q1,Sudan,Construction,Engineering,SOC 2020,1
2026,2026 Q1,Sudan,Education,Education,SOC 2020,6
2026,2026 Q1,Sudan,Human Health and Social Work Activities,Healthcare,SOC 2020,24
2026,2026 Q1,Sweden,Construction,Engineering,SOC 2020,1
2026,2026 Q1,Sweden,Education,Education,SOC 2020,5
2026,2026 Q1,Sweden,Financial and Insurance Activities,Finance,SOC 2020,30
2026,2026 Q1,Sweden,Human Health and Social Work Activities,Healthcare,SOC 2020,2
2026,2026 Q1,Sweden,Information and Communications,Technology,SOC 2020,8
2026,2026 Q1,Switzerland,Education,Education,SOC 2020,6
2026,2026 Q1,Switzerland,Financial and Insurance Activities,Finance,SOC 2020,25
2026,2026 Q1,Switzerland,Human Health and Social Work Activities,Healthcare,SOC 2020,6
2026,2026 Q1,Switzerland,Information and Communications,Technology,SOC 2020,3
2026,2026 Q1,Syria,Education,Education,SOC 2020,1
2026,2026 Q1,Syria,Financial and Insurance Activities,Finance,SOC 2020,1
2026,2026 Q1,Syria,Human Health and Social Work Activities,Healthcare,SOC 2020,6
2026,2026 Q1,Syria,Information and Communications,Technology,SOC 2020,1
2026,2026 Q1,Taiwan,Education,Education,SOC 2020,4
2026,2026 Q1,Taiwan,Financial and Insurance Activities,Finance,SOC 2020,5
2026,2026 Q1,Taiwan,Human Health and Social Work Activities,Healthcare,SOC 2020,20
2026,2026 Q1,Taiwan,Information and Communications,Technology,SOC 2020,9
2026,2026 Q1,Tanzania,Construction,Engineering,SOC 2020,1
2026,2026 Q1,Tanzania,Education,Education,SOC 2020,7
2026,2026 Q1,Tanzania,Financial and Insurance Activities,Finance,SOC 2020,1
2026,2026 Q1,Tanzania,Human Health and Social Work Activities,Healthcare,SOC 2020,1
2026,2026 Q1,Thailand,Education,Education,SOC 2020,7
2026,2026 Q1,Thailand,Financial and Insurance Activities,Finance,SOC 2020,2
2026,2026 Q1,Thailand,Human Health and Social Work Activities,Healthcare,SOC 2020,3
2026,2026 Q1,Thailand,Information and Communications,Technology,SOC 2020,1
2026,2026 Q1,Trinidad and Tobago,Financial and Insurance Activities,Finance,SOC 2020,1
2026,2026 Q1,Trinidad and Tobago,Human Health and Social Work Activities,Healthcare,SOC 2020,9
2026,2026 Q1,Tunisia,Education,Education,SOC 2020,1
2026,2026 Q1,Tunisia,Financial and Insurance Activities,Finance,SOC 2020,5
2026,2026 Q1,Tunisia,Human Health and Social Work Activities,Healthcare,SOC 2020,1
2026,2026 Q1,Tunisia,Information and Communications,Technology,SOC 2020,1
2026,2026 Q1,Turkey,Construction,Engineering,SOC 2020,13
2026,2026 Q1,Turkey,Education,Education,SOC 2020,21
2026,2026 Q1,Turkey,Financial and Insurance Activities,Finance,SOC 2020,14
2026,2026 Q1,Turkey,Human Health and Social Work Activities,Healthcare,SOC 2020,20
2026,2026 Q1,Turkey,Information and Communications,Technology,SOC 2020,27
2026,2026 Q1,Uganda,Education,Education,SOC 2020,10
2026,2026 Q1,Uganda,Human Health and Social Work Activities,Healthcare,SOC 2020,4
2026,2026 Q1,Uganda,Information and Communications,Technology,SOC 2020,1
2026,2026 Q1,Ukraine,Construction,Engineering,SOC 2020,23
2026,2026 Q1,Ukraine,Education,Education,SOC 2020,2
2026,2026 Q1,Ukraine,Financial and Insurance Activities,Finance,SOC 2020,11
2026,2026 Q1,Ukraine,Human Health and Social Work Activities,Healthcare,SOC 2020,1
2026,2026 Q1,Ukraine,Information and Communications,Technology,SOC 2020,9
2026,2026 Q1,United Arab Emirates,Financial and Insurance Activities,Finance,SOC 2020,1
2026,2026 Q1,United States,Construction,Engineering,SOC 2020,7
2026,2026 Q1,United States,Education,Education,SOC 2020,115
2026,2026 Q1,United States,Financial and Insurance Activities,Finance,SOC 2020,235
2026,2026 Q1,United States,Human Health and Social Work Activities,Healthcare,SOC 2020,46
2026,2026 Q1,United States,Information and Communications,Technology,SOC 2020,157
2026,2026 Q1,Uruguay,Education,Education,SOC 2020,1
2026,2026 Q1,Uzbekistan,Information and Communications,Technology,SOC 2020,1
2026,2026 Q1,Venezuela,Financial and Insurance Activities,Finance,SOC 2020,1
2026,2026 Q1,Venezuela,Information and Communications,Technology,SOC 2020,1
2026,2026 Q1,Vietnam,Education,Education,SOC 2020,11
2026,2026 Q1,Vietnam,Financial and Insurance Activities,Finance,SOC 2020,3
2026,2026 Q1,Vietnam,Human Health and Social Work Activities,Healthcare,SOC 2020,3
2026,2026 Q1,Vietnam,Information and Communications,Technology,SOC 2020,3
2026,2026 Q1,Yemen,Human Health and Social Work Activities,Healthcare,SOC 2020,1
2026,2026 Q1,Zambia,Education,Education,SOC 2020,3
2026,2026 Q1,Zambia,Human Health and Social Work Activities,Healthcare,SOC 2020,6
2026,2026 Q1,Zimbabwe,Construction,Engineering,SOC 2020,3
2026,2026 Q1,Zimbabwe,Education,Education,SOC 2020,5
2026,2026 Q1,Zimbabwe,Financial and Insurance Activities,Finance,SOC 2020,4
2026,2026 Q1,Zimbabwe,Human Health and Social Work Activities,Healthcare,SOC 2020,10
