Organisation_Match,Sector
(IECC CARE) INDEPENDENT EXCEL CARE CONSORTIUM LIMITED,Healthcare
003 LTD,Education
09 CARE LIMITED,Healthcare
0XA TECHNOLOGIES LTD,Finance
1 ACE TRAINING LIMITED,Education
1 ALS LIMITED,Education
1 ANSWER INSURANCE SERVICES LTD.,Finance
1 DIGITALS EUROPE LIMITED,Technology
1 STEP BEYOND SUPPORT LTD,Healthcare
10 EUROPE LIMITED,Engineering
107 CANNON STREET LIMITED,Finance
10:10 GAMES LIMITED,Technology
10BE5 LTD.,Technology
10BIT FX LIMITED,Technology
10PEARLS LTD,Technology
11AND12 LIMITED,Engineering
11PLUS TEACHER LTD,Technology
11X LIMITED,Technology
1218 UK LIMITED,Technology
123 E-FILING LIMITED,Technology
1416 DIGITAL LTD,Technology
152 HARLEY STREET LIMITED,Healthcare
15GIFTS LTD,Technology
1771 TECHNOLOGIES LIMITED,Technology
1783 LIMITED,Finance
18 DEGREES BELOW LTD,Engineering
18 WEEK SUPPORT LIMITED,Healthcare
1854 MEDIA LIMITED,Technology
18PLUS SUPPORT LIMITED,Healthcare
1A ORTHODONTICS LIMITED,Healthcare
1BREADCRUMB UK LTD,Technology
1E LIMITED,Technology
1GLOBAL OPERATIONS (UK) LIMITED,Technology
1OAK CAPITAL LIMITED,Finance
1OSD LTD,Healthcare
1PARTCARBON LTD,Technology
1PS GROUP LIMITED,Finance
1ST ADTUBE LIMITED,Technology
1ST CLASS CARE SOLUTIONS LIMITED,Healthcare
1ST ENABLE LTD,Healthcare
1ST GRADE CARE LTD,Healthcare
1ST HOMECARE SOLUTIONS LIMITED,Healthcare
1ST MED LIMITED,Healthcare
1ST TECHNOLOGIES LTD,Technology
2 CARERS LTD,Healthcare
200OK SOLUTIONS LTD,Technology
2035 LTD,Technology
21 SIX PLATFORM LIMITED,Finance
21D CLINICAL LIMITED,Healthcare
21ST CENTURY CARE (PLYMOUTH) LIMITED,Healthcare
247 IT SERVICES LIMITED,Technology
24HAYMARKET LIMITED,Finance
24SQ LIMITED,Technology
27FOUR (UK) LTD,Finance
28B LIMITED,Technology
29FORWARD LTD,Technology
2:30 LIMITED,Healthcare
2BIT TECH LIMITED,Technology
2CONNECT EQUITIES LTD,Technology
2DEES LTD,Healthcare
2ELV HORIZON LIMITED,Technology
2I LIMITED,Technology
2INNOVATIVE LTD,Technology
2RSQ SERVICES LTD,Technology
2SD TECHNOLOGIES LIMITED,Technology
3 ANGELS COMPLEX CARE SERVICES LTD,Healthcare
3 F INTERNATIONAL LIMITED,Healthcare
3 PEAKS HEALTH LIMITED,Healthcare
3 SIDED CUBE (UK) LTD,Technology
3 SPIRIT ENTERPRISE UK LIMITED,Education
30SECONDS GROUP LTD,Technology
313 VISION CARE LTD,Healthcare
33N LTD,Technology
345 TECHNOLOGY LIMITED,Technology
360 DEGREES CLINIC LTD,Healthcare
360 DIGI MARKETING LTD,Technology
360 HEALTH LTD,Healthcare
360 TRADING NETWORKS UK LIMITED,Finance
365 CHILDMINDING LTD,Education
365 IT PRO LIMITED,Technology
365 SUPPORT LIMITED,Healthcare
381 MS LTD,Technology
3A CARE (BROMSGROVE) LTD,Healthcare
3A TELECOM CONSULTANCY LTD,Technology
3AB CARE LIMITED,Education
3ADESIGN LTD,Engineering
3AI LTD,Engineering
3BELLE.AMI HEALTH LIMITED,Healthcare
3D CARE (CARDIFF) LIMITED,Healthcare
3D TECHNICAL DESIGN LIMITED,Engineering
3DMD TECHNOLOGIES LIMITED,Technology
3DREID LIMITED,Engineering
3F BIO LTD,Engineering
3FORGE UK LTD,Technology
3GI TECHNOLOGY LIMITED,Technology
3I INFOTECH (UK) LIMITED,Technology
3I PLC,Finance
3MSE LTD,Engineering
3R EPOS LIMITED,Technology
3RDI LIMITED,Technology
3S COMMERCIAL LTD,Engineering
3S KNOWLEDGE LIMITED,Engineering
3S MONEY CLUB LIMITED,Technology
3VRM LIMITED,Technology
3X TECH LTD,Technology
4 EYES CAPITAL LIMITED,Finance
4 WAYS HEALTHCARE LIMITED,Healthcare
42 TECHNOLOGY LIMITED,Engineering
44 ENERGY LTD,Engineering
44PIXELS LIMITED,Technology
4A TECHNOLOGIES LTD,Technology
4DS NURSERIES AND PRE SCHOOL LTD,Education
4IAPPS SOLUTIONS LTD,Technology
4J STUDIOS LIMITED,Technology
4K NETWORKS LTD,Technology
4PS CONSTRUCTION SOLUTIONS LIMITED,Technology
4RDIGITAL LIMITED,Technology
4S UK CONSULTING LIMITED,Technology
4T MARKETS LIMITED,Finance
4T2 SENSORS LTD,Engineering
4WAY CONSULTING LTD,Engineering
5 DIMENSIONS TRUST,Education
542 DIGITAL LIMITED,Technology
5AB CARE LTD,Healthcare
5G COMMUNICATIONS LIMITED,Technology
5G3I LTD,Engineering
5STARS TOTAL SOLUTIONS LTD,Technology
5Y TECHNOLOGY LIMITED,Technology
6 BIT EDUCATION LTD,Technology
60X LTD,Technology
663 DESIGN LTD,Engineering
6INTO7 LTD,Technology
6SOFT LTD,Technology
7 ES OUTSOURCE LTD,Technology
7 HILLS ICT SERVICES LTD,Technology
7 HILLS SOLUTIONS LTD,Technology
73 STRINGS LTD,Technology
7AM LIMITED,Technology
7DXPERTS UK LTD,Technology
7HILLS TECHNOLOGIES LTD,Technology
7N ARCHITECTS (RANDOLPH) LTD,Engineering
7RIDGE LIMITED,Finance
"80,000 HOURS LIMITED",Education
8687 LTD,Technology
89UP LTD,Technology
8X8 UK LIMITED,Technology
9 MONTHS LIMITED,Education
90 SLOANE STREET LIMITED,Healthcare
9FIN LIMITED,Technology
9NEXUS LIMITED,Technology
9PARTICLE LTD,Technology
@@@ FILER LIMITED,Technology
A & A MOBILE LTD,Technology
A & B DENTAL LTD,Healthcare
A & R CARE LIMITED,Healthcare
A & Z CONSULTANCY SERVICES LTD,Technology
A B GRAPHIC INTERNATIONAL LIMITED,Engineering
A CLASS NURSERY LTD,Education
A CLOUD GURU LTD,Technology
A DESIGN STUDIO LIMITED,Engineering
A K SOFTWARE HOUSE LTD,Technology
A KARIM PHARMA LTD,Healthcare
A KOMMS LTD,Technology
A LITTLE PEACE OF MIND LTD,Healthcare
A ONE STAR MARKETING LIMITED,Technology
A R VISION LIMITED,Technology
A RABBIT'S FOOT LTD,Technology
A RATED HOMECARE LTD,Healthcare
A SILVA STUDIO LIMITED,Healthcare
A STAR CARE SERVICES LIMITED,Healthcare
A STAR SUPPORT SERVICES LTD,Healthcare
A&A HOMECARE LTD,Healthcare
A&J ASSISTED LIVING LTD,Healthcare
A&J CARE LIMITED,Healthcare
A&J SCHOOL LIMITED,Education
A&O SHARED SOLUTIONS LIMITED,Technology
A&R GUARDIAN SERVICES LIMITED,Healthcare
A&S ENG SERVICES LIMITED,Engineering
A&S RESCUE SERVICES LIMITED,Healthcare
A&T CARING SERVICES LTD,Healthcare
A-2-SEA SOLUTIONS LIMITED,Technology
A-LOGICS LTD,Technology
A-PLAN HOLDINGS,Finance
A-SQUARED STUDIO ENGINEERS LTD,Engineering
A-TECH FABRICATIONS LIMITED,Engineering
A-TO-E TRAINING AND SOLUTIONS LTD,Education
A-Z LEARNING ACADEMY LTD,Education
A. H. J. DAVID LIMITED,Healthcare
A.C.C.E.S.S 2016 LIMITED,Healthcare
A.G.E. NURSING HOMES LIMITED,Healthcare
A.K MARINE SERVICES LTD,Engineering
A.R.M TECHNOLOGIES LIMITED,Technology
A/O VC UK LIMITED,Finance
A1 APPLIANCE REPAIRS LIMITED,Engineering
A1 CHIRO LTD,Healthcare
A1 QUALITY HOME CARE LIMITED,Healthcare
A1 TELECOMMUNICATION SERVICES LTD,Technology
A1M TRAINING LTD,Education
A1PHA SECURITY SERVICES LTD,Finance
A2 ENGINEERING LTD,Engineering
A2MAR CONSULTANCY LIMITED,Engineering
A2Z SOFTWARE SOLUTIONS LIMITED,Technology
A2Z STAFFING SOLUTIONS LIMITED,Technology
A2Z TECHNOLOGIES LTD,Technology
A3 CARE LTD,Healthcare
A3CHIRO LIMITED,Healthcare
A3N CONSULTING LIMITED,Technology
A3PRO LTD,Technology
A3S SOLUTIONS LIMITED,Engineering
A4FM LTD,Technology
A4S SERVICES LIMITED,Finance
AA ACCESS PARTNERSHIP LIMITED,Technology
AA ARTS LIMITED,Education
AA BUSINESS CONSULTING LIMITED,Technology
AA FINANCIAL BIZZ LIMITED,Technology
AA HEALTHCARE SERVICES LTD,Healthcare
AA LIMITED,Finance
AA MOBILES LIMITED,Technology
AA NOVA LIMITED,Technology
AA TECHNOLOGY SOLUTIONS LTD,Technology
AAA DENTALAB LTD,Healthcare
AAA HOMECARE LIMITED,Healthcare
AAASE CONSULTANTS LTD,Engineering
AABAN PARTNERSHIP LIMITED,Healthcare
AADYA IT LIMITED,Technology
AALYRIA TECHNOLOGIES (UK) LIMITED,Technology
AAMBROS TRADING LTD,Technology
AAN TECHNOLOGIES LIMITED,Technology
AAPNA SERVICES LIMITED,Healthcare
AAREON UK LIMITED,Technology
AAREVA LTD,Finance
AARJ CARE SERVICES LTD,Healthcare
AARK HEALTH LIMITED,Healthcare
AARKI (UK) LIMITED,Technology
AARTI CONSULTING SERVICES LIMITED,Technology
AARUN SOFTWARE LIMITED,Technology
AARVN IT LTD,Technology
AARYAN MOBILE AND COMPUTER SERVICES LIMITED,Technology
AASHIKA LTD,Technology
AASRA CARE LIMITED,Healthcare
AATECH SOLUTIONS LTD,Technology
AAVE LIMITED,Technology
AB CREATIONS LIMITED,Healthcare
AB DENTAL LTD,Healthcare
AB GYNAE LIMITED,Healthcare
AB SOFTWARE SOLUTIONS LTD,Technology
ABA CONNECTED LIMITED,Education
ABACUS CARE SOLUTIONS LTD,Healthcare
ABACUS HEALTHCARE LTD,Healthcare
ABACUS INFORMATION TECHNOLOGY UK LIMITED,Technology
ABACUS-69 HOLDINGS LIMITED,Finance
ABAS SOLUTIONS LTD,Technology
ABBEY CARE SOLUTIONS LIMITED,Healthcare
ABBEY GRANGE CARE HOME LTD,Healthcare
ABBEY HEALTHCARE (AARON COURT) LIMITED,Healthcare
ABBEY HEALTHCARE (HAMILTON) LTD,Healthcare
ABBEY MULTI ACADEMY TRUST,Education
ABBEY PRECISION LIMITED,Engineering
ABBEY PRIVATE NURSING HOME LTD,Healthcare
ABBEY SCHOOL LIMITED,Healthcare
ABBEY TYRES AND MECHANIC LIMITED,Engineering
ABBEYFIELD NORTHUMBRIA,Healthcare
ABBEYSIDE NURSING HOME LIMITED,Healthcare
ABBFEM CONSULTING LIMITED,Technology
ABBOTT GREEN SERVICES LTD,Technology
ABBYY UK LTD,Technology
ABC CARE HOME LTD,Healthcare
ABC DAYCARE LTD,Healthcare
ABC EDUCATION CONSULTANCY LTD,Education
ABC INTERNATIONAL BANK PLC,Finance
ABC REFRIGERATION LTD,Engineering
ABC SMILE LTD,Healthcare
ABC STUDIO CHILDCARE LTD,Healthcare
ABDI & ABDI LIMITED,Engineering
ABDULLAH CHILDCARE LIMITED,Healthcare
ABEC LTD,Engineering
ABELON SYSTEMS LIMITED,Technology
ABER SOFT LIMITED,Technology
ABERCARE LIMITED,Healthcare
ABERDEEN ASSOCIATION OF SOCIAL SERVICE,Education
ABERDEEN CYRENIANS LIMITED,Healthcare
ABERDEEN DENTAL CARE LIMITED,Healthcare
ABERDONIA CARE LIMITED,Healthcare
ABERDOUR SCHOOL EDUCATIONAL TRUST,Education
ABERGARW CARE HOME LIMITED,Healthcare
ABETTER HEALTH LTD,Healthcare
ABEX CAPITAL LIMITED,Technology
ABEXON LTD,Technology
ABI BUSINESS SERVICES LIMITED,Technology
ABI DEVELOPMENTS 3 LIMITED,Healthcare
ABI STEEL WORKS LTD,Engineering
ABI TECHNOLOGY LIMITED,Technology
ABIDE HOME CARE LIMITED,Healthcare
ABILITIES DEVELOPMENT LTD,Education
ABILITY HEALTHCARE CANNOCK LTD,Healthcare
ABILITY OPTIONS LTD,Healthcare
ABILITYNET,Technology
ABINGDON LEARNING TRUST,Education
ABINGDON NURSERIES LIMITED,Education
ABINGDON SCHOOL,Education
ABITOL SERVICES LIMITED,Healthcare
ABJAK LTD,Technology
ABL CARE LTD,Healthcare
ABL ENERGY & MARINE CONSULTANTS LIMITED,Engineering
ABLE CARE HUDDERSFIELD LTD,Healthcare
ABLE HANDS HEALTHCARE LTD,Healthcare
ABLECARE (HELSTON) LIMITED,Healthcare
ABLECARE (PHILIPHAUGH) LTD,Healthcare
ABLEGRANGE (WEMBLEY) LIMITED,Healthcare
ABLETRUST CARE LIMITED,Healthcare
ABM ACADEMY LIMITED,Education
ABMI ENGINEERING UK LTD,Engineering
ABNERCARE LTD,Healthcare
ABNEY & BAKER (BATH) LTD,Healthcare
ABNORMAL AI UK LTD,Technology
ABODE HEALTHCARE LTD,Healthcare
ABOUT:ENERGY LIMITED,Engineering
ABOVE SURVEYING LTD,Technology
ABRIDGE SYSTEMS LIMITED,Technology
ABS AUTOMATION SYSTEMS LIMITED,Technology
ABS CARE LTD,Healthcare
ABSA SECURITIES UNITED KINGDOM LIMITED,Finance
ABSOLUTE CARE AGENCY (EM) LIMITED,Healthcare
ABSOLUTE CARE HOMES (CENTRAL) LIMITED,Healthcare
ABSOLUTE CARE SERVICES LTD,Healthcare
ABSOLUTE CARE SOUTH WEST LTD,Healthcare
ABSOLUTE HEALTHCARE WEST LIMITED,Healthcare
ABSOLUTE RISK TECHNOLOGY LIMITED,Engineering
ABSOLUTEFIBRE LTD,Technology
ABSOLUTELY NO NONSENSE ADMIN LTD,Technology
ABSORB SOFTWARE UK LTD,Technology
ABSTRACT TECH LIMITED,Technology
ABTRACE LIMITED,Technology
ABUNDANT GRAZE LTD,Education
ABZENA (CAMBRIDGE) LIMITED,Engineering
ACA COMPLIANCE (EUROPE) LIMITED,Finance
ACA SYSTEMS SUPPORT LIMITED,Technology
ACACIA CARE AND EDUCATION LIMITED,Education
ACACIA COMMUNITY CARE LIMITED,Education
ACACIA CREATIVE STUDIO LTD,Education
ACACIA LODGE CARE HOME LIMITED,Healthcare
ACADEMIA LIMITED,Technology
ACADEMIA ONE LIMITED,Education
ACADEMIA PARK LTD,Technology
ACADEMIC ACHIEVER LIMITED,Education
ACADEMIC RESEARCH HOUSE UK LIMITED,Education
ACADEMICALLY LTD,Finance
ACADEMICIANS LTD,Education
ACADEMY CARE LTD,Healthcare
ACADEMY HOUSE LIMITED,Healthcare
ACADEMY OF LIVE TECHNOLOGY LTD,Education
ACADEMY OF SINOLOGY UK,Education
ACADEMY TRANSFORMATION TRUST,Education
ACADIAN ASSET MANAGEMENT (UK) LIMITED,Finance
ACASTA EUROPE LIMITED,Finance
ACCEDE SUPPORT LIMITED,Healthcare
ACCEL SOFTWARE SERVICES LIMITED,Technology
ACCELALPHA EUROPE LTD,Technology
ACCELERATE HEALTH CIC,Healthcare
ACCELERATOR ADVISORY LIMITED,Finance
ACCELY LTD,Technology
ACCELYA GLOBAL LIMITED,Finance
ACCENCIS CONSULTING LTD,Technology
ACCENTOR IT SOLUTIONS LIMITED,Technology
ACCESS DIGNITY CARE LIMITED,Healthcare
ACCESS EQUITY MANAGEMENT LIMITED,Finance
ACCESS INFINITY LTD,Technology
ACCESS SUPPORT 24 LIMITED,Healthcare
ACCESSAFE UK LTD,Engineering
ACCESSESP UK LIMITED,Engineering
ACCESSION THERAPEUTICS LIMITED,Engineering
ACCIDENT & INJURY ASSOCIATES LIMITED,Finance
ACCINNOZ LIMITED,Technology
ACCION LABS (UK) LIMITED,Technology
ACCIVA TECHNO SOFT LIMITED,Technology
ACCOLADE SUPPORT AND CARE LTD,Healthcare
ACCORD IT LTD,Technology
ACCORD MULTI ACADEMY TRUST,Education
ACCORDIA SUPPORTED LIVING SERVICES LIMITED,Healthcare
ACCOTAX LONDON LTD,Technology
ACCOUNTAGILITY LIMITED,Technology
ACCOUNTING & BUSINESS SERV LTD,Technology
ACCOUNTING & TAX PLANNING UK LIMITED,Finance
ACCOUNTING CRUNCHERS LIMITED,Technology
ACCREDIBLE LTD,Technology
ACCTAX (ONLINE) LTD,Technology
ACCU-SET HEALTHCARE LTD,Healthcare
ACCURIA LTD,Technology
ACCURX LIMITED,Technology
ACE ANALYTICS LIMITED,Technology
ACE CARE 4 U LIMITED,Healthcare
ACE CHILDRENS OCCUPATIONAL THERAPY LIMITED,Healthcare
ACE COMMUNITY SERVICES LIMITED,Healthcare
ACE CONSULTANTS LTD,Technology
ACE ENGINEERING SOLUTIONS LTD,Engineering
ACE HEALTHCARE SOLUTIONS LIMITED,Healthcare
ACE INFOTECH SOLUTIONS LTD,Technology
ACE IT SOLUTIONS LTD,Technology
ACE LIFTS LTD,Engineering
ACE MONEY TRANSFER LIMITED,Finance
ACE TECHNOLOGIES LIMITED,Technology
ACE THINKER LIMITED,Technology
ACE UK ENGINEERING CONSULTANTS LTD,Engineering
ACEBRIDGE EDUCATION LTD,Technology
ACEPP UK LTD,Engineering
ACEPROSOFT SOLUTIONS LIMITED,Technology
ACER TRUST,Education
ACES ACADEMIES TRUST,Education
ACG OPERATIONS LTD,Healthcare
ACGAE LTD.,Technology
ACHERON CAPITAL LIMITED,Finance
ACHIEVE PHARMA UK LIMITED,Engineering
ACHIEVE TEACHERS LTD,Education
ACHIEVE TOGETHER LIMITED,Healthcare
ACHIEVERS CARE SOLUTIONS LIMITED,Healthcare
ACHIEVING ABOVE AVERAGE LTD,Healthcare
ACHILLES GROUP LIMITED,Finance
ACI WORLDWIDE (EMEA) LIMITED,Technology
ACINFO LIMITED,Technology
ACK MANUFACTURING LTD,Engineering
ACKROYD HOUSE LIMITED,Healthcare
ACKROYD LOWRIE LIMITED,Engineering
ACKWORTH SCHOOL,Education
ACME CREDIT CONSULTANTS LIMITED,Finance
ACME PROFESSIONALS LIMITED,Engineering
ACODIA LTD,Technology
ACORA LIMITED,Technology
ACORN (WATFORD) LTD,Healthcare
ACORN COMMUNITY CARE,Education
ACORN DAY OPPORTUNITIES LTD,Healthcare
ACORN DIAGNOSTICS LTD,Healthcare
ACORN FOSTERING SERVICES LIMITED,Healthcare
ACORN HEALTH CARE LIMITED,Healthcare
ACORN INSURANCE AND FINANCIAL SERVICES LIMITED,Finance
ACORN PSYCHOLOGY LTD,Education
ACORNS CHILDREN'S HOSPICE TRUST,Healthcare
ACOUSTIC PIXEL LIMITED,Technology
"ACP MANAGEMENT PARTNERS, LTD",Finance
ACQUAH LODGE LIMITED,Healthcare
ACQUIA LTD,Technology
ACQUIRE CARE LTD,Healthcare
ACQUIRED LIMITED,Finance
ACRE HOMECARE LTD,Healthcare
ACRE PLATFORMS LIMITED,Technology
ACRON ENGINEERING SERVICES (UK) LTD,Engineering
ACROSS THE BAY LTD,Healthcare
ACROTREND SOLUTIONS LIMITED,Technology
ACS (NORTH) LTD,Healthcare
ACS BUILDING PRODUCTS LIMITED,Engineering
ACS INTERNATIONAL SCHOOLS LIMITED,Education
ACS-TECH LIMITED,Engineering
ACT BUILD CHANGE LTD,Technology
ACT III LTD,Technology
ACTELLIGENT (U.K.) COMPANY LIMITED,Technology
ACTIMIZE UK LIMITED,Technology
ACTING OFFICE LIMITED,Technology
ACTION AGAINST HUNGER UK,Healthcare
ACTION FOR CHILDREN,Healthcare
ACTION ON DISABILITY,Healthcare
ACTIONSTEP OPERATIONS UK LIMITED,Technology
ACTIUM BIDCO (UK) LIMITED,Finance
ACTIVATE LEARNING EDUCATION TRUST,Education
ACTIVE CARE & SUPPORT LTD,Healthcare
ACTIVE CARE EDUCATION LTD,Technology
ACTIVE CARE ORGANISATION LIMITED,Healthcare
ACTIVE COMPANIONS LTD,Healthcare
ACTIVE INFORMATION SYSTEMS LIMITED,Technology
ACTIVE PARTNERS TRUST,Education
ACTIVE PATHWAYS LIMITED,Healthcare
ACTIVE PHARMACARE LTD,Healthcare
ACTIVE WEBDEZIGN LTD,Technology
ACTIVECORE LIMITED,Technology
ACTIVEFENCE LIMITED,Technology
ACTIVEIS LIMITED,Technology
ACTIVEOPS PLC,Technology
ACTIVEVIAM LTD,Technology
ACTIVPAYROLL LTD.,Technology
ACTON FINISHING LIMITED,Engineering
ACTUAL CARE SERVICES LTD,Healthcare
ACTUARIAL ADVISORY SERVICES LIMITED,Finance
ACUDEMY LIMITED,Education
ACUITY ENGINEERING LIMITED,Engineering
ACUMA SOLUTIONS LIMITED,Technology
ACUMATICA UK LIMITED,Technology
ACUMEN BAY CONSULTANCY LIMITED,Technology
ACUMEN GLOBAL ACADEMY LTD,Technology
ACUMEN SOFTWARE LTD,Technology
ACUTEC LIMITED,Technology
ACUTRO LTD,Technology
ACUURA LIMITED,Healthcare
ACUUTECH LIMITED,Technology
ACX INSTRUMENTS LTD,Engineering
ACXIOM LIMITED,Technology
AD DATA ANALYTICS LTD,Technology
AD PROPERTY TRAINING LTD,Education
AD SERVICE HOLBROOK LTD,Healthcare
AD SIGNAL LIMITED,Technology
AD UD DEEN LTD,Technology
ADA COUNSELLING LTD,Education
ADA INFORMATICS LIMITED,Technology
ADAGE DIGITAL LTD,Technology
ADAJOUR LIMITED,Healthcare
ADAM HAULAGE SERVICES LTD,Engineering
ADAMANT COMPOSITES UK LTD,Engineering
ADAMAS WIND LIMITED,Engineering
ADAMS CARE LTD,Healthcare
ADAMS CHIROPRACTIC LIMITED,Healthcare
ADAPTECH AI LTD,Technology
ADAPTIMMUNE LIMITED,Engineering
ADAPTIX LIMITED,Engineering
ADB CONTRACTS LTD,Engineering
ADC INFRASTRUCTURE LIMITED,Engineering
ADC THERAPEUTICS (UK) LIMITED,Engineering
ADDED CARE LTD,Healthcare
ADDED SCIENTIFIC LIMITED,Engineering
ADDESU LTD,Technology
ADDI CARE SERVICES LTD,Healthcare
ADDISON BRADLEY & CO. LIMITED,Finance
ADDITIV LTD,Technology
ADDRESS ENTERPRISE LIMITED,Healthcare
ADDRESS INTELLIGENCE TECHNOLOGIES LIMITED,Technology
ADDSECURE LIMITED,Technology
ADDSOFT SOLUTIONS LIMITED,Technology
ADEC SOLUTIONS LIMITED,Technology
ADEEB FACILITIES MANAGEMENT LIMITED,Engineering
ADEENA LTD,Technology
ADEFAKKY LIMITED,Technology
ADELANTE SOFTWARE LTD,Technology
ADEN ENGINEERING & CONSULTANCY LTD,Technology
ADEN HEALTH CARE LTD,Healthcare
ADEN HOMES LIMITED,Healthcare
ADENNCAST LIMITED,Technology
ADENOSH LIMITED,Healthcare
ADERANT LEGAL (UK) LIMITED,Technology
ADESHIE GATE KIDS LIMITED,Education
ADEX CARE LTD,Healthcare
ADEX INTERNATIONAL TECHNOLOGIES LTD,Technology
ADFIN FINANCIAL SERVICES LTD,Technology
ADFORM LONDON LIMITED,Technology
ADGAN ELECTRICS LTD,Engineering
ADHDME CARE LIMITED,Healthcare
ADI TECHNOLOGY LIMITED,Technology
ADIDO LIMITED,Technology
ADIGO LIMITED,Healthcare
ADINSTRUMENTS LIMITED,Technology
ADISON INFO LIMITED,Technology
ADM AUTOMATION LIMITED,Engineering
ADMACRO LTD,Finance
ADMAN'S HEALTH CARE LTD,Healthcare
ADMAXIM LIMITED,Technology
ADMIRAL MARKETS UK LTD,Finance
ADMIRE CONSULTANCY SERVICES LTD,Technology
ADMISSION NETWORK LTD,Education
ADMONGREL LTD,Technology
ADNAMI LTD,Technology
ADNOC INTERNATIONAL UK LIMITED,Finance
ADOBE GROUP LIMITED,Finance
ADP ARCHITECTURE LIMITED,Engineering
ADP CONSULTING & ENGINEERING LTD,Engineering
ADQURA LIMITED,Technology
ADROITX LIMITED,Technology
ADROSONIC UK LIMITED,Technology
ADSILICO LIMITED,Engineering
ADTHENA LTD,Technology
ADULT TRANSITION SERVICES LTD,Healthcare
ADVANCE AI LTD,Technology
ADVANCE AUTOMATED SYSTEMS LIMITED,Engineering
ADVANCE CABLING SOLUTIONS LTD,Technology
ADVANCE COLLEGE OF BUSINESS AND TECHNOLOGY LIMITED,Education
ADVANCE EDUCATION GROUP LTD,Education
ADVANCE HE,Education
ADVANCE MEDIA LTD,Technology
ADVANCE PHYSIOTHERAPY GROUP LTD,Healthcare
ADVANCE SOLUTIONS CORP LTD,Technology
ADVANCED 365 LIMITED,Finance
ADVANCED AUTOMOBILE SOLUTIONS LTD,Engineering
ADVANCED BEAUTY MEDICAL LTD,Healthcare
ADVANCED CARE (NI) LTD,Healthcare
ADVANCED COUPLINGS LIMITED,Engineering
ADVANCED DESIGN TECHNOLOGY LIMITED,Technology
ADVANCED ELECTRIC MACHINES LIMITED,Engineering
ADVANCED FLOURISH CARE LIMITED,Healthcare
ADVANCED MARKETS (UK) LIMITED,Finance
ADVANCED MEDCARE LTD,Healthcare
ADVANCED MUSCULOSKELETAL ULTRASOUND LTD,Healthcare
ADVANCED STUDY LTD,Technology
ADVANCED VISION TECHNOLOGY LIMITED,Engineering
ADVANCENET EUROPE LIMITED,Technology
ADVANEX EUROPE LIMITED,Engineering
ADVANIA UK LIMITED,Technology
ADVANTAGE BUSINESS SYSTEMS LIMITED,Technology
ADVANTAGE SCHOOLS,Education
ADVANTAGE SHIELD HAVEN LTD,Healthcare
ADVANTEX NETWORK SOLUTIONS LIMITED,Technology
ADVENT DATA SOLUTIONS LTD,Technology
ADVENT INTERNATIONAL LTD,Finance
ADVENTORIS LTD,Technology
ADVISED LTD,Technology
ADVISEINC LTD,Technology
ADYOULIKE LIMITED,Technology
ADZACTLI LTD,Technology
ADZUNA LIMITED,Technology
AE ENERGY CONSULTING LIMITED,Education
AEC SYSTEMS LTD,Technology
AECOM LIMITED,Engineering
AED ENERGY LTD,Engineering
AEDS CONSULTANTS LIMITED,Engineering
AEGIQ LTD,Technology
AEGIS ENERGY LTD,Engineering
AEGIS MANAGING AGENCY LIMITED,Finance
AEGIS TRUST,Education
AEO-UK LIMITED,Finance
AEON ENERGY LTD,Engineering
AERA TECHNOLOGY LIMITED,Technology
AERACURA LIMITED,Healthcare
AERIAL DAYS LIMITED,Education
AERIOS LIMITED,Technology
AERIUS MARINE UK LTD,Engineering
AERIVO GROUP UK LIMITED,Technology
AEROCLOUD SYSTEMS LIMITED,Technology
AEROELASTICITY & NONLINEAR ANALYSES SPECIALISTS LTD,Engineering
AEROSPACEHV LTD,Engineering
AEROTROPE LIMITED,Engineering
AESN LIMITED,Technology
AESTHETHICALLY LTD,Technology
AESTHETIC CARE BEAUTY CLINIC LTD,Healthcare
AESTHETIC DENTAL IMPLANTS TEAM LIMITED,Healthcare
AESTHETICS CLINIQUE LTD,Healthcare
AESTHEZIA LIMITED,Healthcare
AETEK LTD,Engineering
AETHER LIMITED,Engineering
AETHOS U.K. LIMITED,Finance
AF PAYMENTS LIMITED,Finance
AF PIPES LTD,Engineering
AFENI HEALTHCARE LIMITED,Healthcare
AFFECT MEDIA LIMITED,Technology
AFFERENT SOFTWARE LIMITED,Technology
AFFILIATED MANAGERS GROUP LIMITED,Finance
AFFINIA HEALTHCARE LIMITED,Healthcare
AFFINITI AI LIMITED,Technology
AFFINITY BUSINESS SERVICES LIMITED,Finance
AFFINITY CARE CONSORTIUM LTD,Healthcare
AFFINITY FIRE ENGINEERING (UK) LIMITED,Engineering
AFFINITY LABORATORIES LIMITED,Engineering
AFFINITY TRUST,Healthcare
AFFLE (UK) LTD.,Technology
AFFLUENT TECHNOLOGY LIMITED,Technology
AFFORDABLE HEALTHCARE LTD,Healthcare
AFH INDEPENDENT FINANCIAL SERVICES LIMITED,Finance
AFIN BANK LIMITED,Finance
AFINITI EUROPE TECHNOLOGIES LIMITED,Technology
AFK SOLUTIONS LIMITED,Technology
AFLAC NORTHERN IRELAND LTD,Technology
AFLEX LIMITED,Technology
AFM CONSULTING LIMITED,Technology
AFON GOCH CHILDREN'S HOMES LTD,Healthcare
AFON TECHNOLOGY LTD,Engineering
AFONSOM LIMITED,Healthcare
AFP ASSETS LIMITED,Finance
AFR2 GROUP LTD,Finance
AFRICAN CARIBBEAN ACHIEVEMENT PROJECT,Education
AFRIKA TIKKUN UK,Education
AFROZANTIX LTD,Technology
AFTERNOONIFY LTD,Technology
AFX VENTURES LIMITED,Technology
AFYA CARE LTD,Healthcare
AFYN HOLDINGS LTD,Finance
AG CONSULTANCY & APPS LTD,Technology
AG IT CONSULTANCY LIMITED,Technology
AG1 UK ENTERPRISE LTD,Healthcare
AGA KHAN FOUNDATION (UNITED KINGDOM),Healthcare
AGAPE CARE SOLUTIONS LTD,Healthcare
AGAPE MULTI ACADEMY TRUST,Education
AGAPE SUPERBE CARE LTD,Healthcare
AGARICUS ROBOTICS LTD,Engineering
AGAVE CAPITAL MANAGEMENT LIMITED,Finance
AGC TELECOMS LTD.,Technology
AGCO LIMITED,Engineering
AGDEVCO LIMITED,Finance
AGDP HOLDINGS LIMITED,Healthcare
AGE NI,Healthcare
AGE PARTNERSHIP LIMITED,Finance
AGE UK,Healthcare
AGE UK LAMBETH,Healthcare
AGEAS INSURANCE LIMITED,Finance
AGEE CARE LIMITED,Healthcare
AGEMO AI LTD,Technology
AGENCY DELTA LTD,Technology
AGENDA 21 ARCHITECTS STUDIO LTD,Engineering
AGENT PAID LIMITED,Technology
AGENT SOFTWARE LIMITED,Technology
AGFA HEALTHCARE IT UK LIMITED,Technology
AGG UK LIMITED,Engineering
AGGA SOLUTION LIMITED,Technology
AGICAP UK LIMITED,Technology
AGILE 101 CONSULTING LTD,Technology
AGILE AND IT DIGITAL SERVICES LIMITED,Technology
AGILE APPLICATIONS LIMITED,Technology
AGILE COLLECTIVE LTD,Technology
AGILE CONSULTANCY SERVICES LIMITED,Technology
AGILE ENGINEERING CONSULTANCY LTD,Engineering
AGILE INFO SOLUTIONS LIMITED,Technology
AGILE KINETIC LIMITED,Technology
AGILE LONDON LIMITED,Technology
AGILE SOFTWARE SYSTEMS LTD,Technology
AGILE SOLUTIONS (GB) LTD,Technology
AGILE WINGS LIMITED,Technology
AGILEDNA CONSULTANCY LTD,Technology
AGILERL LTD,Technology
AGILETS UK LIMITED,Technology
AGILITY3 LIMITED,Technology
AGILYSYS UK LTD,Technology
AGINCARE ENABLE LIMITED,Healthcare
AGINCARE HOMES HOLDINGS LIMITED,Healthcare
AGIO AI UK LIMITED,Technology
AGIO RATINGS LIMITED,Technology
AGIS AUTOGAS LTD,Engineering
AGITO GLOBAL LIMITED,Engineering
AGNES AND ARTHUR LIMITED,Healthcare
AGNES FOODS INTERNATIONAL LTD,Technology
AGPAYTECH LTD.,Finance
AGRISOUND LIMITED,Engineering
AGTEK CONSULTING LIMITED,Technology
AH HOME CARE LIMITED,Healthcare
AH TECHNOLOGY LTD,Technology
AHA SECURITY LTD,Finance
AHC ENTERPRISES UK LIMITED,Healthcare
AHEAD UK SOLUTIONS LIMITED,Technology
AHMADIYYA MUSLIM JAMAAT INTERNATIONAL,Healthcare
AHMED AND CO BUSINESS SERVICES LTD,Technology
AHMED CHEM LTD,Healthcare
AHN REFRIGERATION LTD,Engineering
AHP HOMECARE LTD,Healthcare
AHPL CONSULTANTS LIMITED,Technology
AHR IT & PROPERTIES LTD,Technology
AHRO CENTER FOR ACADEMIC RESEARCH LIMITED,Technology
AI COMPUTING LTD,Technology
AI CORPORATE LIMITED,Technology
AI DATA LABS LTD,Technology
AI DIGITAL LIMITED,Technology
AI DIZITAL SOLUTIONS LTD,Technology
AI PATHFINDER INC LIMITED,Finance
AI TECH LTD,Technology
AI-PRIORI LTD,Technology
AI4PROCESS LTD,Technology
AIBASE LTD,Technology
AICO SOFTWARE LIMITED,Technology
AICS (ACQUIRED INJURY CARE & SUPPORT) LTD,Healthcare
AID WITH CARE LIMITED,Healthcare
AIDVANTE CONSULTING GROUP LTD,Technology
AIKYA INVESTMENT MANAGEMENT LIMITED,Finance
AIM 4 HOPE CIC,Education
AIM ENGINEERING & FABRICATION GROUP LTD,Engineering
AIM UP,Healthcare
AIMPOINT DIGITAL UK LIMITED,Technology
AIMS CARE LIMITED,Healthcare
AIMS EDUCATION LIMITED,Education
AIMS HOMECARE LIMITED,Healthcare
AIMSS GROUP LTD,Engineering
AIMSUN LIMITED,Technology
AIMU TECH LTD,Technology
AIOI NISSAY DOWA INSURANCE MANAGEMENT LIMITED,Finance
AIOLOS BIO LIMITED,Engineering
AIOS TECHNOLOGY LTD,Technology
AIR AWARE LABS LTD,Technology
AIR TORQUE (UK) LIMITED,Engineering
AIRBUS HELICOPTERS UK LIMITED,Engineering
AIRBUS PROTECT LIMITED,Engineering
AIRCALL UK LTD,Technology
AIRCARDS LTD,Technology
AIRCRAFT ENGINEERING SERVICES LIMITED,Engineering
AIRE LOGIC LIMITED,Technology
AIREX TECHNOLOGIES LTD,Engineering
AIRFINITY LIMITED,Technology
AIRGUARD ENVIROCARE LIMITED,Engineering
AIRHIVE LTD,Engineering
AIRLINEN LTD,Technology
AIRMERGENT LIMITED,Technology
AIRPLUS INTERNATIONAL LIMITED,Technology
AIRPOS LIMITED,Technology
AIRSOURCE LTD.,Technology
AIRSPAN COMMUNICATIONS LIMITED,Technology
AIRTEL AFRICA PLC,Finance
AIRTIGHT BUILDING SOLUTIONS LTD,Engineering
AIRWALLEX (UK) LIMITED,Finance
AIRX TECHNOLOGIES LIMITED,Technology
AIS CONSULTING UK LTD,Technology
AIS WIND ENERGY LTD,Engineering
AISH HATORAH UK LIMITED,Education
AISTETIC LIMITED,Technology
AISY LTD,Technology
AIT SOLUTIONS LIMITED,Technology
AIT TECH LIMITED,Technology
AIVEDA AC LIMITED,Healthcare
AIVEDA ML LIMITED,Healthcare
AIVEDA SS LIMITED,Healthcare
AIVHUB LTD,Technology
AIWAKEN LTD,Technology
AIXTRON LIMITED,Engineering
AJ ENGINEERING & CONSTRUCTION SERVICES LIMITED,Engineering
AJ INFOTECH LIMITED,Technology
AJAX MINERVA LIMITED,Engineering
AJK TELECOMS LIMITED,Technology
AJL MEDICAL LIMITED,Healthcare
AJOUVE LIMITED,Technology
AK INFRASOFT LTD,Technology
AK INNOVATIVE DESIGN SOLUTION LTD,Engineering
AK METALWORKS LIMITED,Engineering
AK PHARMA LTD,Healthcare
AK23 LTD,Technology
AKABA SOCIAL UK LTD,Healthcare
AKAM CARE LIMITED,Healthcare
AKAMAI TECHNOLOGIES LIMITED,Technology
AKARI CARE LIMITED,Healthcare
AKARI TRADING LIMITED,Finance
AKASH INFOSYSTEMS LTD,Technology
AKASHI DIGITAL LIMITED,Technology
AKENEO LTD,Technology
AKEREOS CAPITAL LTD,Finance
AKESIS LTD,Technology
AKHIL TECH LIMITED,Technology
AKINN GROUP LTD,Technology
AKIXI LIMITED,Technology
AKM COMPUTER LIMITED,Technology
AKN ENGINEERING LIMITED,Engineering
AKOOVA LTD,Technology
AKR CARE HOMES LIMITED,Healthcare
AKSHAYA INFOPOINT LTD,Technology
AKST LIMITED,Technology
AKSYA TECHNOLOGIES LTD,Technology
AKT UK&I LIMITED,Technology
AKULA SOLUTIONS LIMITED,Technology
AKUR8 LTD,Technology
AL ARAFAH KIDS LIMITED,Healthcare
AL BALAGH ACADEMY,Education
AL BURRAQ IT SERVICES LTD,Technology
AL HASSAN EDUCATIONAL ACADEMY,Education
AL MUSTAFA WELFARE TRUST INTERNATIONAL LTD,Healthcare
AL WAFI ELECTROMECHANICAL WORKS (UK) LTD,Engineering
AL-BARAKA WELFARE TRUST INTERNATIONAL,Healthcare
AL-MAKTOUM COLLEGE OF HIGHER EDUCATION,Education
AL-QUDS AL-ARABI PUBLISHING AND ADVERTISING (OVERSEAS) LIMITED,Technology
ALAIN CHARLES PUBLISHING LIMITED,Technology
ALAMSOFT LTD,Technology
ALAN DICK COMMUNICATIONS LIMITED,Technology
ALAN JOHNSTON PARTNERSHIP LIMITED,Engineering
ALAN WOOD PARTNERSHIP LIMITED,Engineering
ALANTAS LIMITED,Technology
ALANTRA CORPORATE PORTFOLIO ADVISORS INTERNATIONAL LIMITED,Finance
ALANTRA PARTNERS INTERNATIONAL LIMITED,Finance
ALARIS THE RF TECHNOLOGY GROUP LTD,Finance
ALARO LTD,Technology
ALAS MULTINATIONAL LIMITED,Healthcare
ALASTAIR COEY ARCHITECTS LTD,Engineering
ALATAS UK LIMITED,Engineering
ALATION UK LTD,Technology
ALATOR DATA SERVICES LTD,Engineering
ALBACO LIMITED,Finance
ALBAN QUALITY CARE LIMITED,Healthcare
ALBANURSERIES LTD,Education
ALBANY CARE LIMITED,Healthcare
ALBATROSS EDUCATION LTD,Education
ALBEMARLE HALL LIMITED,Healthcare
ALBEMARLE REST HOME LTD,Healthcare
ALBION LODGE LIMITED,Healthcare
ALBOURNE PARTNERS LIMITED,Finance
ALBYTECH IT SERVICES LTD,Technology
ALCAS LIMITED,Technology
ALCESTER GRAMMAR SCHOOL,Education
ALCHEMY EXCHANGE LTD,Technology
ALCHEMY MACHINES LIMITED,Technology
ALCHEMY PHARMA LIMITED,Healthcare
ALCHEMY PRIME LIMITED,Finance
ALCHEMY SOFTWARE LTD,Technology
ALCHEMY TECHNOLOGY SERVICES LIMITED,Technology
ALCHEMYBET LTD,Technology
ALD SUPPORT LIMITED,Healthcare
ALDE CARE LTD,Healthcare
ALDEN REPAIRS & MAINTENANCE LTD,Engineering
ALDERGROVE MANOR LTD,Healthcare
ALDERLEY ANALYTICAL LTD,Engineering
ALDERLEY LIGHTHOUSE LABS LTD,Healthcare
ALDERMORE GROUP PLC,Finance
ALDERSGATE HOLDING COMPANY LIMITED,Finance
ALDERSON DIGITAL LTD,Finance
ALDO FABRICATION LTD,Engineering
ALDOR SOLUTIONS LTD,Engineering
ALDRIDGE EDUCATION,Education
ALDRO SCHOOL EDUCATIONAL TRUST LIMITED,Education
ALEPH COMMODITIES LTD,Finance
ALERT LOGIC UK LTD,Technology
ALETHEIA ACADEMY LTD,Healthcare
ALETI SOFTWARE SYSTEMS LTD,Technology
ALEXANDER COURT NURSING HOME LIMITED,Healthcare
ALEXANDER MARTIN ARCHITECTS LIMITED,Engineering
ALEXANDER MILLER LIMITED,Finance
ALEXANDER PARK HOMES LIMITED,Healthcare
ALEXANDER TAYLOR (BAKERIES) LIMITED,Finance
ALEXANDRA HOUSE SUPPORT SERVICES LTD,Healthcare
ALEXANDRA LODGE CARE HOME LIMITED,Healthcare
ALEXANDRA MONTESSORI LIMITED,Education
ALEXANDRA PARK HOME LIMITED,Healthcare
ALEXANDRA STEED URBAN LTD,Engineering
ALEXIA MARINE LTD,Engineering
ALFA PHYSIO LIMITED,Healthcare
ALFANAR,Healthcare
ALFIE MEDICAL LTD,Healthcare
ALFOR AVIATION AND TECHNICAL SERVICES LIMITED,Engineering
ALFRED WHOLESALE LIMITED,Technology
ALFRISTON SCHOOL,Education
ALGAECYTES LIMITED,Engineering
ALGIZ TECHNOLOGY LIMITED,Technology
ALGOLIA LIMITED,Technology
ALGOMO LIMITED,Technology
ALGORIUM LIMITED,Technology
ALGREEN LTD,Engineering
ALHAMBRA CARE LIMITED,Healthcare
ALI STEEL & FABRICATIONS LTD,Engineering
ALIANZA UK TECHNOLOGIES LIMITED,Finance
ALICARE SOLUTIONS LIMITED,Healthcare
ALICORN LIMITED,Finance
ALIFYA EDUCATION LTD,Education
ALIGN 4 LIFE SEVENOAKS LTD,Healthcare
ALIGN TECHNOLOGY UK LIMITED,Healthcare
ALIGN-ALYTICS UK LTD,Technology
ALIGNE TECHNOLOGIES LTD,Technology
ALIGNED AI LIMITED,Technology
ALIMAK GROUP UK LTD,Engineering
ALIS HEALTHCARE LIMITED,Healthcare
ALISON BROOKS ARCHITECTS LIMITED,Engineering
ALISTAIR BURROUGHS DESIGN PARTNERSHIP LIMITED,Engineering
ALISTAIR DOWNIE LIMITED,Engineering
ALITER CONSULTING LIMITED,Technology
ALIUM CONSULTANCY LTD,Finance
ALIVE INDUSTRIES LIMITED,Technology
ALL ABOUT CARE LIMITED,Healthcare
ALL ABOUT LAPTOPS LTD,Engineering
ALL CARE SERVICES LTD,Healthcare
ALL DAY CARE SERVICES LTD,Healthcare
ALL HEALTH CARE SERVICES LIMITED,Healthcare
ALL IN ALL SOLUTIONS LIMITED,Technology
ALL IN ORDER SOLUTIONS LTD,Technology
ALL METAL SERVICES LIMITED,Engineering
ALL ROUND CARE SOLUTIONS LIMITED,Healthcare
ALL SAINTS ACADEMY DUNSTABLE,Education
ALL SAINTS CATHOLIC ACADEMY TRUST,Education
ALL SAINTS GREEN DENTAL CLINIC LTD,Healthcare
ALL SAINTS' TRUST,Education
ALL SEAS CAPITAL PARTNERS LTD,Finance
ALL STARS CHILD CARE SERVICES LTD,Healthcare
ALL4ONE CARE SERVICES LIMITED,Healthcare
ALLAG CARE LIMITED,Healthcare
ALLAGENTS LTD,Technology
ALLAMBIE ENTERPRISES LIMITED,Healthcare
ALLANDALE CARE GROUP LIMITED,Healthcare
ALLBEST SOLUTIONS LIMITED,Healthcare
ALLBETTER CARE LIMITED,Healthcare
ALLCHILD LIMITED,Education
ALLEGION (UK) LIMITED,Engineering
ALLEGION SAFETY & SECURITY SOLUTIONS LIMITED,Engineering
ALLEGIS GROUP LIMITED,Technology
ALLEGRA FAIRMILE GRANGE LIMITED,Healthcare
ALLEN DIESELS LIMITED,Engineering
ALLEN SPEECH & LANGUAGE LTD,Education
ALLENBY DOUGLAS LIMITED,Healthcare
ALLERGOTECH LIMITED,Technology
ALLERTON C&S GL LIMITED,Healthcare
ALLERTON C&S SE LIMITED,Healthcare
ALLERTON C&S SW LIMITED,Healthcare
ALLESLEY CHILDRENS CARE LTD,Healthcare
ALLETT LIMITED,Engineering
ALLFOCAL OPTICS LIMITED,Technology
ALLIANCE & ASSOCIATES LTD,Education
ALLIANCE COMMUNITY HOME CARE LTD,Healthcare
ALLIANCE DENTAL CARE LIMITED,Healthcare
ALLIANCE FOR BETTER CARE CIC,Healthcare
ALLIANCE FOR COHESION AND RACIAL EQUALITY LTD,Technology
ALLIANCE FOR NATURAL HEALTH INTERNATIONAL,Engineering
ALLIANCE FOR RESPONSIBLE CITIZENSHIP LIMITED,Education
ALLIANCE JIU-JITSU UK LIMITED,Education
ALLIANCE MEDICAL LIMITED,Healthcare
ALLIANCE MOTORS & BODY REPAIRS LTD,Engineering
ALLIANCEBERNSTEIN LIMITED,Finance
ALLIANZ GLOBAL INVESTORS UK LIMITED,Finance
ALLIANZ INSURANCE PLC,Finance
ALLIED COMPUTER UK LTD,Technology
ALLIED COMPUTERS INTERNATIONAL LIMITED,Technology
ALLIED NEURO THERAPY LIMITED,Healthcare
ALLIED SOFTWARE LTD,Technology
ALLIED STORAGE TANKS LIMITED,Engineering
ALLIED WORLDWIDE LIMITED,Technology
ALLINCOM LIMITED,Technology
ALLIOT TECHNOLOGIES LIMITED,Technology
ALLISON HOUSE THORNABY LIMITED,Healthcare
ALLIUM UK HOLDING LIMITED,Finance
ALLOT LIMITED,Technology
ALLOY INC LIMITED,Technology
ALLOY THERAPEUTICS UK LIMITED,Engineering
ALLOYED LIMITED,Engineering
ALLPAY LIMITED,Finance
ALLPOINTS FIBRE NETWORKS LIMITED,Technology
ALLSPRING GLOBAL INVESTMENTS (UK) LIMITED,Finance
ALLTRADEFINDER LTD,Engineering
ALLVUE SYSTEMS LIMITED,Technology
ALLWYN ENTERTAINMENT LTD,Finance
ALLYGROW TECHNOLOGIES UK LIMITED,Technology
ALMA ATTIC LIMITED,Finance
ALMA CAPITAL LONDON LIMITED,Finance
ALMA CARE HOMES BROOME LIMITED,Healthcare
ALMAS ART FOUNDATION,Education
ALMIRAH CONSULTS LTD,Technology
ALMIS INTERNATIONAL LIMITED,Technology
ALMNS LIMITED,Technology
ALMOND FLEX LIMITED,Healthcare
ALMOND TREE CARE LTD,Healthcare
ALMOUSLLI DENTAL LTD,Healthcare
ALNYLAM UK LIMITED,Engineering
ALP TECHNOLOGIES LTD,Engineering
ALPA CARE LTD,Healthcare
ALPACAP LIMITED,Technology
ALPENBEST LIMITED,Healthcare
ALPERTON COMMUNITY SCHOOL,Education
ALPHA & OMEGA GURUKULAM LTD,Education
ALPHA 1 SHEET METAL & LASER LTD,Engineering
ALPHA ACADEMIC LTD,Finance
ALPHA AND OMEGA CHURCH CIC,Education
ALPHA BUILDING SERVICES ENGINEERING LTD,Education
ALPHA CARE AND SUPPORT SERVICES LIMITED,Healthcare
ALPHA CARE EPSOM LTD,Healthcare
ALPHA CONSTRUCTION (PVT) LTD,Engineering
ALPHA ENGINEERS LTD,Engineering
ALPHA FUNDING LIMITED,Finance
ALPHA FX LIMITED,Finance
ALPHA HEALTH & SOCIAL CARE SERVICES LTD,Healthcare
ALPHA HEALTH CARE LIMITED,Healthcare
ALPHA INITIATIVES LTD,Technology
ALPHA MAY CARE FIRST LTD,Healthcare
ALPHA NET IT LIMITED,Technology
ALPHA REACH LTD,Technology
ALPHA SCHOOLS (HOLDINGS) LIMITED,Education
ALPHA THERM LIMITED,Engineering
ALPHA TRUST,Education
ALPHA-IMPERIAL PRIVATE LTD,Healthcare
ALPHA2 SOLUTIONS & SOFTWARE LIMITED,Technology
ALPHAANALYTICS LIMITED,Technology
ALPHAGREP UK LIMITED,Technology
ALPHAKEY GROUP LIMITED,Technology
ALPHALAKE TECHNOLOGIES LTD,Technology
ALPHAN TECH SOLUTIONS LTD,Engineering
ALPHANE CAPITAL LIMITED,Finance
ALPHANOVE CONSULTANCY LTD,Technology
ALPHARITHM TECHNOLOGIES LIMITED,Technology
ALPHASIGHTS LTD,Technology
ALPHATALK LIMITED,Technology
ALPHATEC SOFTWARE LIMITED,Technology
ALPHAVETA LTD,Technology
ALPHERATZ CONSULTING LTD,Technology
ALPHONSO UK LIMITED,Technology
ALPIMA LTD,Technology
ALPINE GROVE PARTNERS (UK) LTD,Finance
ALPINE HEALTH CARE LIMITED,Healthcare
ALPINE HEALTH LIMITED,Healthcare
ALPINE PROPERTY SURVEYS LTD,Engineering
ALPS IT CONSULTANCY LIMITED,Technology
ALQUITY INVESTMENT MANAGEMENT LIMITED,Finance
ALS LABORATORIES (UK) LIMITED,Engineering
ALSCIENT LIMITED,Technology
ALSEDA UK LIMITED,Technology
ALT FIRE LTD,Engineering
ALTA ADVISERS LIMITED,Finance
ALTANA TECHNOLOGIES UK LTD,Technology
ALTANO UK LIMITED,Finance
ALTELIUM LTD,Technology
ALTERA SEMICONDUCTOR TECHNOLOGY UK LIMITED,Technology
ALTERED CARBON LIMITED,Engineering
ALTERED LTD,Technology
ALTEREST LIMITED,Technology
ALTERNATIVE CARE LIMITED,Healthcare
ALTERNATIVE LEARNING TRUST,Education
ALTERO CAPITAL UK LTD,Finance
ALTERY LTD,Finance
ALTHAM CARE LIMITED,Healthcare
ALTI WEALTH MANAGEMENT (UK) LIMITED,Finance
ALTIMAPA LIMITED,Finance
ALTIMETRIK UK LTD,Technology
ALTIS PARTNERS LIMITED,Finance
ALTIUS CONSULTANTS LTD,Technology
ALTMORE PRACTICE LIMITED,Healthcare
ALTODATA LTD,Technology
ALTONEXUS LIMITED,Technology
ALTOS LABS UK LIMITED,Engineering
ALTRIUM FINANCIAL SERVICES LTD,Finance
ALTRUISTIC CARE LIMITED,Healthcare
ALTTA GROUP LIMITED,Education
ALTUM HEALTH LIMITED,Healthcare
ALTURA PLATFORM LTD,Technology
ALTUS EDUCATION PARTNERSHIP,Education
ALTUS GROUP LTD,Engineering
ALTUS INVESTMENT MANAGEMENT LIMITED,Finance
ALTUS UW LIMITED,Finance
ALTUS VENTURES LIMITED,Technology
ALULA INSURTECH LTD,Technology
ALULA TECHNOLOGIES LTD,Technology
ALVA LG LIMITED,Education
ALVES ICARE LTD,Healthcare
ALVIZ STUDIOS LTD,Engineering
ALWAYS CARING BROMLEY LTD,Healthcare
ALY ENTERPRISES LIMITED,Technology
ALZHEIMER'S RESEARCH UK,Healthcare
AM HOMECARE SERVICES LTD,Healthcare
AM INSIGHTS TECHNOLOGY LIMITED,Finance
AM PHONE TRADING LIMITED,Technology
AM2PM QUALITY CARE LIMITED,Healthcare
AMACHYCK CARE SOLUTION LTD,Healthcare
AMADA UNITED KINGDOM LIMITED,Engineering
AMADEUS IT SERVICES UK LIMITED,Technology
AMADEUS SOFTWARE LIMITED,Technology
AMAFHH HEALTHCARE LIMITED,Healthcare
AMAL UK LIMITED,Finance
AMALI CARE LTD,Healthcare
AMANDAROSIE LIMITED,Healthcare
AMAR DESH PUBLICATIONS UK LTD,Technology
AMARILE U.K. LIMITED,Technology
AMASS LEADS LTD,Technology
AMAYA CARE HOMES (MAESTEG) LIMITED,Healthcare
AMAYA CARE HOMES (TY COCH) LIMITED,Healthcare
AMAYA CARE HOMES LIMITED,Healthcare
AMAZEME UK LTD,Technology
AMAZIN CARE LIMITED,Healthcare
AMAZING4GRACE CHILDCARE LIMITED,Healthcare
AMB FINANCIAL LTD,Finance
AMBER CARE (LINCOLNSHIRE) LIMITED,Healthcare
AMBER HOME CARERS LTD,Healthcare
AMBER RESIDENTIAL CARE HOMES LTD,Healthcare
AMBER ROSE HEALTHCARE LTD,Healthcare
AMBER THERAPEUTICS LIMITED,Engineering
AMBERGREEN HEALTH & SOCIAL CARE LTD,Healthcare
AMBERLEY HEALTHCARE LIMITED,Healthcare
AMBIENCE HEALTHCARE LTD,Healthcare
AMBIENT CARE LIMITED,Healthcare
AMBIENTA LTD,Finance
AMBITION COMMUNITY TRUST,Education
AMBITION EDUCATION TRUST,Education
AMBITIOUS ABOUT AUTISM,Education
AMBITIOUS CHILDREN'S HOMES LTD,Healthcare
AMBREY RISK LIMITED,Engineering
AMBRIDGE EUROPE LIMITED,Finance
AMBUE LTD,Technology
AMBULANT PHYSIOTHERAPY LTD,Healthcare
AMC CARE LTD,Healthcare
AMC HEALTHCARE SOLUTIONS LTD,Healthcare
AMCA STRUCTURES LTD,Engineering
AMDHAN LIMITED,Technology
AMEBA SYSTEMS LTD,Technology
AMELIA'S HOUSE LIMITED,Healthcare
AMERICAN INTERNATIONAL GROUP UK LIMITED,Finance
AMERICAN TECHNO CONTROLS LTD,Engineering
AMERSHAM SCHOOL,Education
AMESBURY ABBEY LIMITED,Healthcare
AMETHYST ACADEMIES TRUST,Education
AMETHYST CARE & SUPPORT GROUP LIMITED,Healthcare
AMETHYST CARE HOME LIMITED,Healthcare
AMETHYST CARE LTD,Healthcare
AMETIS HOMES LTD,Healthcare
AMF PRECISION ENGINEERING LIMITED,Engineering
AMFAH LTD,Technology
AMG WEALTH MANAGEMENT LTD,Finance
AMGEN LIMITED,Engineering
AMI HOME CARE LIMITED,Healthcare
AMIABLE PEOPLE LTD,Healthcare
AMICA CARE TRUST,Healthcare
AMICALA LIMITED,Healthcare
AMICARE DOMICILIARY CARE SERVICES LTD,Healthcare
AMICIS CARE LIMITED,Healthcare
AMICURA LIMITED,Healthcare
AMICUS THERAPEUTICS UK LIMITED,Healthcare
AMIECARE LTD,Healthcare
AMINI CORP UK LIMITED,Technology
AMIOSEC LTD,Engineering
AMISTON LIMITED,Engineering
AMIT BANGRE CONSULTING LIMITED,Engineering
AMITEK SOLUTIONS LIMITED,Technology
AMITRA CAPITAL LIMITED,Finance
AMJ CARE LTD,Healthcare
AMK GLOBAL GROUP LTD,Finance
AMKARE LIMITED,Healthcare
AML ANALYTICS LTD,Technology
AML REPORTING LIMITED,Healthcare
AML RIGHTSOURCE LIMITED,Technology
AMM ENTERPRISE UK LTD,Technology
AMMA SERVICES LIMITED,Technology
AMNET SMARTSHORING SERVICES LIMITED,Technology
AMO CONSULTANCY SERVICES LTD,Technology
AMODO DESIGN LTD,Engineering
AMONDO LTD,Technology
AMORE MEDIA SYSTEMS LTD,Technology
AMORIGIN LIMITED,Technology
AMOT UK HOLDINGS LIMITED,Engineering
AMPERSAND MANAGEMENT UK LTD,Finance
AMPERSAND-US LTD,Technology
AMPHIBIO LTD,Engineering
AMPHISTA THERAPEUTICS LIMITED,Engineering
AMPHORA UK LIMITED,Technology
AMPLE EBUSINESS LTD,Technology
AMPLE MORTGAGES LIMITED,Finance
AMPLIENCE (UK) LIMITED,Technology
AMPLIFI CAPITAL (U.K.) LIMITED,Finance
AMPLIFI GROUP LIMITED,Technology
AMPLIFON LIMITED,Healthcare
AMPLIFY TRADING LIMITED,Technology
AMPLIFYCHANGE,Finance
AMPLYFI LTD,Technology
AMPTRON ELECTRICAL SERVICES LIMITED,Engineering
AMREF HEALTH AFRICA,Healthcare
AMRIAL CARE LIMITED,Healthcare
AMS CARE LIMITED,Healthcare
AMS CARE SERVICES LTD,Healthcare
AMS INTEGRATED SOLUTIONS LIMITED,Engineering
AMS NUCLEAR ENGINEERING LTD,Engineering
AMSEK SUPPORT SERVICES LTD,Healthcare
AMSUN IT LIMITED,Technology
AMT-SYBEX LIMITED,Technology
AMUNDI (UK) LIMITED,Finance
AMY ADAMS HOMECARE UK LIMITED,Healthcare
AMYGDA LABS LTD,Technology
AMZ CARE LTD,Healthcare
AMZOO DRIVING SCHOOL LTD,Education
AN EXPERIMENT IN ART LTD,Education
AN MEDICS UK LTD,Healthcare
AN-NAML INVENTIVE PREMIX LTD,Technology
ANA CHILD MINDING SERVICES LTD,Healthcare
ANACAPA WAVEPOWER LTD.,Engineering
ANACONDA SERVICES (UK) LIMITED,Technology
ANAEKO LIMITED,Technology
ANAKATA WIND POWER RESOURCES LTD,Engineering
ANALYSYS MASON LIMITED,Technology
ANALYTICA INSPECTION LIMITED,Engineering
ANALYTICS ENGINES LIMITED,Technology
ANALYTICS SEO LIMITED,Technology
ANALYTICS SPHERE LTD,Technology
ANALYTIUM LTD,Technology
ANALYTTICA DATALAB PRIVATE LIMITED,Technology
ANAM ENGINEERING LTD,Technology
ANANKAI LIMITED,Technology
ANANSI TECHNOLOGY LIMITED,Technology
ANANYA IT SERVICES LTD,Technology
ANANYAA CONSULTING LTD,Technology
ANAPLAN LIMITED,Technology
ANAVEC HEALTHCARE SOLUTION LTD,Healthcare
ANAVO CARE LTD,Healthcare
ANCESTRY.COM UK LIMITED,Technology
ANCHOR COMMUNITY SUPPORT LTD,Healthcare
ANCHOR FINANCIAL ADVISORY LIMITED,Finance
ANCHOR FOSTER CARE SERVICES LIMITED,Healthcare
ANCHOR INFORMATICS LTD,Technology
ANCHOR PRIVATE CLIENTS (UK) LIMITED,Finance
ANCHUSA CARE LIMITED,Healthcare
AND AUTOMATION LIMITED,Engineering
AND DESIGNS LIMITED,Engineering
AND TECHNOLOGY RESEARCH LIMITED,Engineering
ANDIGITAL LIMITED,Technology
ANDILE HOMECARE LTD,Healthcare
ANDMU CARE SERVICES LIMITED,Healthcare
ANDREW NURNBERG ASSOCIATES LIMITED,Technology
ANDREWS COURT LIMITED,Healthcare
ANDRIMA UK LTD,Engineering
ANDRITZ HYDRO HAMMERFEST (UK) LIMITED,Engineering
ANDUIN TRANSACTIONS UK LTD,Technology
ANDY HARMON GROUP LTD,Engineering
ANDY STURGEON GARDEN DESIGN LIMITED,Engineering
ANEMOS-ANALYTICS LTD,Technology
ANERA LABS UK LTD,Technology
ANETO DIGITAL SERVICES LTD,Technology
ANFA MANAGEMENT LTD,Technology
ANGE TRUSTED CARE LIMITED,Healthcare
ANGEL CARE HOMES LIMITED,Healthcare
ANGEL CARE PLC,Healthcare
ANGEL DENTAL IMPLANT CENTRE (UK) LTD,Healthcare
ANGEL HEALTHCARE LIMITED,Healthcare
ANGEL HEALTHCARE PROFESSIONALS LTD,Healthcare
ANGEL HOME CARE CONSULTANCY LIMITED,Healthcare
ANGEL HOME CARE SERVICE PRIVATE LIMITED,Healthcare
ANGEL SOLUTIONS LTD,Technology
ANGEL SOULS CARE LTD,Healthcare
ANGEL SUPPORT LIVING LTD,Healthcare
ANGEL UK CARE LIMITED,Healthcare
ANGEL'S CARE SUPPORT LTD,Healthcare
ANGELINA CARE LIMITED,Healthcare
ANGELINA'S DAY CARE LTD,Healthcare
ANGELS (STRATTON HOUSE) LTD,Healthcare
ANGELS CHILD CARE LTD,Healthcare
ANGELS DOMICILIARY CARE LTD,Healthcare
ANGILA CARE LTD,Healthcare
ANGLIA CATHODIC PROTECTION SERVICES LIMITED,Engineering
ANGLIA LIVING CARE SERVICES LTD,Healthcare
ANGLIAN LEARNING,Education
ANGLO CHINESE SCHOOL OF LONDON LIMITED,Education
ANGLO MEDICAL LTD,Healthcare
ANGLOSLAV INTERNATIONAL LTD,Education
ANGLOTEC LIMITED,Education
ANGOLO ENTERPRISE LIMITED,Healthcare
ANGRA LIMITED,Finance
ANGUS KYLOE PARTNERS LIMITED,Technology
ANH CARE HOMES LTD,Healthcare
ANHEDDAU CYF,Healthcare
ANICO FINANCIAL SERVICES LIMITED,Finance
ANIMA RESIDENTIAL CARE LIMITED,Healthcare
ANIMMERSION UK LTD,Technology
ANIMOCA BRANDS UK LIMITED,Technology
ANJUM INTERNATIONAL LTD,Technology
ANK SOLUTIONS LTD,Healthcare
ANKSLEY LTD,Healthcare
ANN MASON CARE LTD,Healthcare
ANN PHYSIOCARE LIMITED,Technology
ANN TUPLIN CARE HOMES LTD,Healthcare
ANNA HOUSE LIMITED,Healthcare
ANNE'S DAY LTD,Engineering
ANNSPRINT LIMITED,Finance
ANQA HOLDINGS (UK) LTD,Technology
ANRA TECHNOLOGIES UK LTD,Technology
ANS DT SERVICES LIMITED,Technology
ANSARI IT LTD,Technology
ANSATZ CAPITAL UK LTD,Technology
ANSOL LIMITED,Technology
ANSON CARE SERVICES LIMITED,Healthcare
ANSPEAR LIMITED,Technology
ANSTEY HEALTHCARE LTD,Healthcare
ANSWERTREE LTD,Technology
ANT DATA LIMITED,Technology
ANTACO (UK) LIMITED,Engineering
ANTARCTICA ASSET MANAGEMENT (EUROPE) LIMITED,Finance
ANTARE TECHNOLOGY LIMITED,Technology
ANTARES GLOBAL MANAGEMENT LIMITED,Finance
ANTAVO LIMITED,Technology
ANTERIOR LTD,Technology
ANTHEM SCHOOLS TRUST,Education
ANTHESIS LIMITED,Technology
ANTHONY JAMES INSURANCE BROKERS LIMITED,Finance
ANTHONY TOBY HOMES TRUST,Healthcare
ANTHOPEC LTD,Technology
ANTHROPIC LIMITED,Technology
ANTIDOX LIMITED,Technology
ANTIN INFRASTRUCTURE PARTNERS UK LIMITED,Finance
ANTIPODES PARTNERS (UK) LIMITED,Finance
ANTITHESIS UK LIMITED,Technology
ANTIVERSE LTD,Engineering
ANTONI & RIENZIE LIMITED,Healthcare
ANUP CONSULTING LTD,Technology
ANUREDDY LIMITED,Technology
ANUTECH LIMITED,Technology
ANUUBHAAV SECURITY SOLUTIONS LTD,Technology
ANVIL ANALYTICAL LIMITED,Technology
ANYA CONSULTANCY SERVICES LIMITED,Technology
ANYVISION (U.K.) LIMITED,Technology
ANZ DIGITAL LIMITED,Technology
AOC HOMECARE LTD,Healthcare
AOK CARE LTD,Healthcare
AOKAH UK LTD,Technology
AONE CHILDREN'S SERVICES LTD,Healthcare
AOSA CARE SERVICES LTD,Healthcare
AOSH QUALIFICATIONS LIMITED,Education
AOSPHERE LIMITED,Technology
AOZORA EUROPE LIMITED,Finance
AP CAPITAL INTERNATIONAL LIMITED,Finance
AP IT SOLUTIONS LTD,Technology
APACHE APPLICATIONS LTD,Technology
APACHE IX LIMITED,Technology
APADMI LIMITED,Technology
APASEN,Healthcare
APAX PARTNERS UK LTD,Finance
APC CARE LIMITED,Healthcare
APCO DENTAL LTD,Healthcare
APCO TECHNOLOGIES SERVICES LTD,Engineering
APECS CONSULT LTD,Engineering
APERTUM ONLINE LTD,Engineering
"APERTURE INVESTORS UK, LTD",Finance
APERTURECHINA LTD,Technology
APEX ACOUSTICS LIMITED,Engineering
APEX CARE HOMES LIMITED,Healthcare
APEX CONSULTING ENGINEERS LIMITED,Engineering
APEX DENT LIMITED,Healthcare
APEX DENTAL GROUP LIMITED,Healthcare
APEX FINTECH SOLUTIONS UK LTD,Technology
APEX INNOVATIONS LONDON LIMITED,Technology
APEX IT SOLUTIONS & SERVICES LTD,Technology
APEX LITIGATION FINANCE LIMITED,Finance
APEX MOLECULAR LIMITED,Engineering
APEX REPAIR & MAINTENANCE LTD,Engineering
APEX SYSTEMS GLOBAL LIMITED,Technology
APEX TECHNO LIMITED,Technology
APG TECHNOLOGIES LIMITED,Technology
APHRODITE FASHION LIMITED,Technology
API GROUP UK HOLDCO LIMITED,Finance
APL EUROPE (UK) LTD.,Finance
APL MEDIA LIMITED,Technology
APLOMB CHILDCARE LIMITED,Healthcare
APLOS INNOVATION LTD,Technology
APOHA LIMITED,Engineering
APOLITICAL GROUP LIMITED,Technology
APOLLO CLINICS LTD,Healthcare
APOLLO DENTAL SERVICES LTD,Healthcare
APOLLO INT UK LTD,Technology
APOLLO RESEARCH AI LTD,Technology
APOLLON TRADING LTD,Technology
APP TECH DEVELOPMENT LIMITED,Technology
APPH LIMITED,Engineering
APPHERE LTD,Technology
APPIAN BASE METALS MANAGEMENT LIMITED,Finance
APPIAN EUROPE LIMITED,Technology
APPLE & WAY LIMITED,Healthcare
APPLE BEST CARE LTD,Healthcare
APPLE HOUSE (LEICS) LTD,Healthcare
APPLE HOUSE LIMITED,Healthcare
APPLE MONTESSORI SCHOOL LONDON LIMITED,Education
APPLE SOCIAL CARE LTD,Healthcare
APPLE TREE LIFE SCIENCES (UK) LIMITED,Finance
APPLE-TREE (OBELELE) NURSERY LTD,Education
APPLEFORD HOMES LIMITED,Healthcare
APPLEGARTH CARE HOME LIMITED,Healthcare
APPLES AND HONEY NIGHTINGALE CIC,Education
APPLEXUS INFOTECH LTD,Technology
APPLIED AGI LIMITED,Engineering
APPLIED DATA SCIENCE PARTNERS LTD,Technology
APPLIED INDUSTRIAL SYSTEMS LIMITED,Technology
APPLIED MICROENGINEERING LIMITED,Engineering
APPLIED NETWORK SOLUTIONS LIMITED,Technology
APPLUS UK LTD,Engineering
APPLY DIGITAL UK LTD,Technology
APPMETRIC SOFTWARE LIMITED,Technology
APPRAISED LIMITED,Technology
APPROVALMAX LIMITED,Technology
APPS SMILES LIMITED,Healthcare
APPSATILE PM LTD,Technology
APPSCLOUDINO LTD,Technology
APPSSENTIAL LIMITED,Technology
APPSTRATO LTD,Technology
APPSYNC DESIGNS LTD,Technology
APPVIA LTD,Technology
APPVIEWX EUROPE LIMITED,Technology
APPZEN UK LTD,Technology
APRAMEYAH TECHNOLOGIES LIMITED,Technology
APRECO LIMITED,Engineering
APRIL MORTGAGES LIMITED,Finance
APRIMO MARKETING OPERATIONS UK LTD,Technology
APROLIS UK LIMITED,Engineering
APS CARE LTD,Healthcare
APSLEY CARE LTD,Healthcare
APT CARE LIMITED,Healthcare
APT GLOBAL SOLUTIONS LTD,Technology
APT WORKS LIMITED,Engineering
APTAMER GROUP PLC,Engineering
APTAP LTD,Technology
APTEM LTD,Technology
APTO DC LIMITED,Finance
AQA EDUCATION,Education
AQOVIA UK LIMITED,Technology
AQUA MEDICAL LABORATORIES LTD,Healthcare
AQUA ROBSON CARE LTD,Healthcare
AQUA SECURITY SOFTWARE UK LTD,Technology
AQUA-MEDIA INTERNATIONAL LIMITED,Technology
AQUABIO LIMITED,Engineering
AQUAFOREST LTD,Technology
AQUAMARE MARINE LTD,Engineering
AQUASCOPE SOLUTIONS LTD,Technology
AQUILA INTERACTIVE LIMITED,Technology
AQUIS GLOBAL LIMITED,Finance
AR ARCHITECTURE LTD,Engineering
AR COMPLETE SOLUTIONS LIMITED,Technology
AR FABRICATIONS UK LIMITED,Engineering
AR INFOSYS LIMITED,Technology
AR IT CONSULTANCY OF UK LIMITED,Technology
AR PHYSIOCARE PVT LTD,Healthcare
AR TECH SUPPORT LTD,Technology
AR1 HOMECARE LIMITED,Healthcare
ARAADIGIT LTD,Technology
ARABESQUE ASSET MANAGEMENT LTD,Finance
ARACHNYS INFORMATION SERVICES LIMITED,Technology
ARAG PLC,Finance
ARAL & CO INTEGRATED MANAGEMENT SERVICES LIMITED,Technology
ARAMAR SOLUTIONS LIMITED,Technology
ARAMCO TRADING LIMITED,Finance
ARAMCO VENTURES LIMITED,Finance
ARBION LIMITED,Finance
ARBITER RISK CORPS LIMITED,Finance
ARBNCO LTD,Technology
ARBORETUM NURSING HOME LIMITED,Healthcare
ARC AEROSYSTEMS LIMITED,Engineering
ARC CARE LTD,Healthcare
ARC COMMUNITY CARE LTD,Healthcare
ARC ENGINEERING LTD,Engineering
ARC ENVIRONMENTAL LIMITED,Engineering
ARC INSIGHTS LTD,Technology
ARC INTERNATIONAL DESIGN CONSULTANTS UK LIMITED,Engineering
ARC SIMULATIONS LTD,Technology
ARC SOLUTIONS PVT LTD,Technology
ARCA HEALTH LIMITED,Healthcare
ARCADE LTD,Technology
ARCADIS HUMAN RESOURCES LIMITED,Engineering
ARCARE BOSCOBEL HOLDINGS LIMITED,Healthcare
ARCARE RESIDENTIAL CARE LIMITED,Healthcare
ARCARE WOODLANDS LIMITED,Healthcare
ARCEPTIVE LIMITED,Technology
ARCH AI TECHNOLOGIES LTD,Technology
ARCH FUTURES LTD,Healthcare
ARCH HOMES AND SUPPORT LTD,Healthcare
ARCH INSURANCE (UK) LIMITED,Finance
ARCH NINE INTERNATIONAL LIMITED,Technology
ARCH TECHNOLOGY LTD,Technology
ARCH WEST MIDLANDS LTD,Healthcare
ARCHANGEL AUTONOMY LTD,Engineering
ARCHANGEL LIGHTWORKS LTD,Engineering
ARCHER AVIATION UK LIMITED,Engineering
ARCHER HUMPHRYES INTERNATIONAL LTD,Engineering
ARCHER TECHNOLOGIES UK LIMITED,Technology
ARCHESTRA LIMITED,Engineering
ARCHILIZER LTD,Technology
ARCHIMYDES PVT LTD,Technology
ARCHINNO LTD,Engineering
ARCHIPELAGO TECHNOLOGY GROUP LTD,Engineering
ARCHITECTURE ASSEMBLY LTD,Engineering
ARCHITECTURE NORTH LTD,Engineering
ARCHITECTURE UNKNOWN LIMITED,Engineering
ARCHMORE CARE SERVICES LTD,Healthcare
ARCHTON CONSULTING SERVICES LIMITED,Technology
ARCHWAY LEARNING TRUST,Education
ARCMONT ASSET MANAGEMENT LIMITED,Finance
ARCTIC CLOUD SOLUTIONS LTD,Technology
ARCTIC LAKE TECHNOLOGY LTD,Technology
ARCTIS MANAGEMENT UK LIMITED,Finance
ARCTORIS LTD,Engineering
ARCTURIS DATA (UK) LIMITED,Engineering
ARCTURUS TECHNOLOGY LTD,Technology
ARCUS CAPITAL LTD,Finance
ARCWIDE UK & I LIMITED,Technology
ARCWIDE UK LIMITED,Technology
ARDAGH METAL PACKAGING UK LIMITED,Engineering
ARDATEM UK LTD,Engineering
ARDEA INVESTMENT MANAGEMENT (UK) LIMITED,Finance
ARDENT OIL RESOURCES LIMITED,Technology
ARDENT SMILE LTD,Healthcare
ARDENTON CARE HOLDINGS LIMITED,Finance
ARDIAN INVESTMENT UK LIMITED,Finance
ARDIS SERVICES LTD,Healthcare
ARDONAGH SERVICES LIMITED,Finance
ARDOQ UK LIMITED,Technology
AREGON CARE LTD,Healthcare
ARELI CARE LTD,Healthcare
ARENKO CLEANTECH LIMITED,Technology
ARES MANAGEMENT LIMITED,Finance
AREVA CONSULTANCY LIMITED,Technology
ARGENT LABS LIMITED,Technology
ARGENTA SYNDICATE MANAGEMENT LIMITED,Finance
ARGENTUM DATA SOLUTIONS LTD,Technology
ARGF LIMITED,Healthcare
ARGO NATURAL RESOURCES LIMITED,Engineering
ARGO-HYTOS LTD,Engineering
ARGTI SOFTWARE & IT SOLUTIONS UK LTD,Technology
ARGYLE IT & EDUCATION LIMITED,Technology
ARHAM MANAGEMENT LTD,Finance
ARIA DEVELOPMENT HOLDINGS LIMITED,Finance
ARIA HEALTHCARE GROUP LTD,Healthcare
ARIA REMIT LIMITED,Finance
ARIA SYSTEMS UK LIMITED,Technology
ARIA TECHNOLOGIES LIMITED,Technology
ARIELLE'S CARE LTD,Healthcare
ARIES GLOBAL SOFTWARE HOLDING LIMITED,Technology
ARINI CAPITAL MANAGEMENT LIMITED,Finance
ARION INVESTMENT MANAGEMENT LIMITED,Finance
ARISE P&L LIMITED,Finance
ARISE YOUTH SUPPORT LIMITED,Healthcare
ARISECARE LTD,Healthcare
ARISH GLOBAL SERVICES LTD,Technology
ARISTA NETWORKS UK LTD,Technology
ARIYAN HEALTHCARE LIMITED,Healthcare
ARJ CAPITAL LIMITED,Finance
ARJ.GLOBAL LTD,Technology
ARJUN INFRASTRUCTURE PARTNERS LIMITED,Finance
ARK CLS LIMITED,Technology
ARK FAMILY OFFICE LTD,Education
ARK GLOBAL SOLUTIONS LTD,Technology
ARK INVEST INTERNATIONAL LTD,Technology
ARK INVESTMENT MANAGEMENT LTD,Finance
ARK IT SERVICES LTD,Technology
ARK MORTGAGES LTD,Finance
ARK SELECTION LTD,Technology
ARK SYNDICATE MANAGEMENT LIMITED,Finance
ARK VENTURES UK LTD,Education
ARK-G SURGERIES LIMITED,Healthcare
ARKASH MANAGEMENT CONSULTANTS LIMITED,Healthcare
ARKEN.LEGAL (UK) LIMITED,Technology
ARKHAM INTELLIGENCE LTD,Technology
ARKK CONSULTING LTD,Technology
ARKKE CAPITAL LTD,Finance
ARKUS CONSULTING LIMITED,Technology
ARKWRIGHT INSURANCE BROKERS LIMITED,Finance
ARLATION UK LIMITED,Technology
ARLINGTON GROUP ASSET MANAGEMENT LIMITED,Finance
ARM2ARM SUPPORT LTD,Healthcare
ARMA CARE SERVICES LIMITED,Healthcare
ARMAAN ZOHAAN LIMITED,Healthcare
ARMADA TECHNOLOGIES LIMITED,Engineering
ARMIRA CAPITAL LIMITED,Finance
ARMIRA UK LIMITED,Finance
ARMIRATE EDUCATION LIMITED,Education
ARMLON SOFTWARE SOLUTIONS LTD,Technology
ARMOUR CARE SERVICES LTD,Healthcare
ARMOUR OF LIGHT LIMITED,Healthcare
ARMSTRONG CAPITAL MANAGEMENT LIMITED,Finance
ARMSTRONG INTEGRATED LIMITED,Engineering
ARMUNDIA UNITED KINGDOM LTD,Technology
ARN CARE LTD,Healthcare
ARNLEA SYSTEMS LIMITED,Technology
AROGYA CONNECTED HEALTH LTD,Healthcare
AROMA CARE PEOPLE LTD,Healthcare
ARONDITE LTD,Technology
ARONEL COTTAGE CARE HOME LTD,Healthcare
AROUND THE CLOCK HEALTHCARE LTD,Healthcare
AROXO LTD,Technology
ARQIT LIMITED,Technology
ARQUANT MANAGEMENT LIMITED,Finance
ARR INVESTMENT PARTNERS LTD,Finance
ARRAN HEALTHCARE LIMITED,Healthcare
ARRANMORE PARK REST HOME LTD,Healthcare
ARRAZZAQ CONSULTANCY LIMITED,Technology
ARRBRA LIMITED,Engineering
ARREOBLUE LTD,Technology
ARRIA DATA2TEXT LIMITED,Technology
ARROW DIGITAL SPACE LTD,Technology
ARS CONSULTANCY LTD,Engineering
ARSH INNOVATIVE IT LTD,Technology
ART OF CLOUD LTD,Technology
ART TECHNOLOGIES LIMITED,Technology
ART-I-CHECK LTD,Technology
ARTEFACT UK LTD,Technology
ARTEK SERVICES & SOLUTIONS LIMITED,Technology
ARTEMIS CONSULTANTS LIMITED,Technology
ARTEMIS ENERGY LIMITED,Finance
ARTEMISIA GLOBAL CAPITAL LIMITED,Finance
ARTERA LTD,Technology
ARTFARM LIMITED,Finance
ARTI CARE HOMES (GLOUCESTER) LIMITED,Healthcare
ARTICKL LTD,Technology
ARTICULATE COMMUNICATIONS AGENCY LTD,Technology
ARTIFICIAL INTELLIGENCE DIGITAL SOLUTIONS LIMITED,Technology
ARTIFICIAL INTELLIGENCE MONITORING GROUP LTD,Technology
ARTIFICIAL SOCIETIES LTD,Technology
ARTIOS PHARMA LIMITED,Engineering
ARTIS WORKS LTD,Technology
ARTISIO LIMITED,Technology
ARTLIST UK LIMITED,Technology
ARTLOGIC MEDIA LIMITED,Technology
ARTNEER LIMITED,Technology
ARTS FACTORY LTD,Healthcare
ARUVR LIMITED,Technology
ARVA AI LTD,Technology
ARVAL UK GROUP LIMITED,Finance
ARVY CONSULTANCY (UK) LIMITED,Technology
ARYAKA NETWORKS UK LIMITED,Technology
AS CHILTERN HOMECARE LTD,Healthcare
AS CUEVAS LANDSCAPING & DESIGN LTD,Healthcare
AS FOREIGN EDUCATION CONSULTANTS LIMITED,Education
AS&K COMMUNICATIONS LIMITED,Technology
AS-SURE PHYSIO LTD,Healthcare
ASA CARE HOME LIMITED,Healthcare
ASA UK & IRELAND LIMITED,Engineering
ASAF HK GROUP LIMITED,Engineering
ASANA HEALTHCARE LTD,Healthcare
ASANA SOFTWARE UK LIMITED,Technology
ASAP SYSTEMS LIMITED,Technology
ASAPP LIMITED,Technology
ASAPRAJ CONSULTING LTD,Technology
ASB TECH LTD,Technology
ASCEND CREATIVE LIMITED,Technology
ASCEND DIGITAL SOLUTIONS LTD,Technology
ASCEND LEARNING SYSTEMS LIMITED,Technology
ASCEND SUPPORT (SOUTH) LIMITED,Healthcare
ASCEND TECHNOLOGIES LIMITED,Technology
ASCENDION ENGINEERING SOLUTIONS EUROPE LIMITED,Technology
ASCENDX CLOUD LIMITED,Technology
ASCENSION CATHOLIC ACADEMY TRUST,Education
ASCENSO TYRES GLOBAL LIMITED,Finance
ASCENTI PHYSIO LIMITED,Healthcare
ASCENTIA SUPPORT SERVICES LTD,Healthcare
ASCENTIFY LABS LTD,Technology
ASCENTIQ SOLUTIONS LIMITED,Technology
ASCENTIS,Education
ASCERTIA LIMITED,Technology
ASCII CONSULTING LIMITED,Technology
ASCO FIXINGS LIMITED,Engineering
ASCOM CONSULTING LIMITED,Technology
ASCON CARE SERVICES LIMITED,Healthcare
ASCOT LODGE LTD,Healthcare
ASCOT UNDERWRITING HOLDINGS LIMITED,Finance
ASD CARE LIMITED,Healthcare
ASE PLC,Technology
ASER MEDIA LIMITED,Finance
ASFIGO TECHNOLOGIES LIMITED,Engineering
ASFIN SOFTWARE & CONSULTANCY LTD,Technology
ASGARD CONTROLLED ENVIRONMENTS LTD,Engineering
ASGARD HI-TECH SOLUTIONS LIMITED,Engineering
ASH & LACY BUILDING SYSTEMS LIMITED,Engineering
ASHA CONSULTING SERVICES LTD,Technology
ASHBERRY HEALTHCARE LIMITED,Healthcare
ASHBOURNE COURT RESIDENTIAL CARE HOME LIMITED,Healthcare
ASHBRIGHT AGENCY LIMITED,Healthcare
ASHBURTON HOUSE CARE HOME LTD,Healthcare
ASHBY ENERGY ASSESSORS LIMITED,Engineering
ASHBY SIGNS LIMITED,Engineering
ASHCARE (SUMMERFIELDS) LTD,Healthcare
ASHCARE SOLIHULL LIMITED,Healthcare
ASHCODE LIMITED,Technology
ASHCOURT GROUP LIMITED,Finance
ASHCROFT SC LTD,Healthcare
ASHDALE CARE LIMITED,Healthcare
ASHEBOROUGH HOUSE CARE CENTRE LTD,Healthcare
ASHER CARE LTD,Healthcare
ASHFORD & FIELDS LIMITED,Technology
ASHFORD MUSCULOSKELETAL AND SPORTS PHYSIOTHERAPY CENTRE LTD,Healthcare
ASHFORD PACKAGING EQUIPMENT LIMITED,Engineering
ASHFORD THERAPY & REHABILITATION ALLIANCE LTD,Healthcare
ASHGILL CARE HOME LIMITED,Healthcare
ASHGROVE CARE HOME GROUP LTD,Healthcare
ASHGROVE CARE HOME LIMITED,Healthcare
ASHILL LODGE CARE LIMITED,Healthcare
ASHLEY COURT CARE LIMITED,Healthcare
ASHLING HOMES HEALTHCARE LTD,Healthcare
ASHLOTRIMCARE LTD,Healthcare
ASHMERE DERBYSHIRE LIMITED,Healthcare
ASHMORE GROUP PLC,Finance
ASHOKA LONDON LIMITED,Education
ASHRANA LIMITED,Healthcare
ASHREY CARE LIMITED,Healthcare
ASHSAM MEDICAL LTD,Healthcare
ASHTECH SYSTEM LTD,Technology
ASHTEK IT SOLUTIONS LTD,Technology
ASHTON CARE (BOGNOR REGIS) LIMITED,Healthcare
ASHTON COURT GROUP LIMITED,Technology
ASHTON LODGE LIMITED,Healthcare
ASHTON MANOR CARE HOME LTD,Healthcare
ASHTONLEIGH HOMES LTD,Healthcare
ASHURST LODGE HEALTHCARE LIMITED,Healthcare
ASHVILLE RESIDENTIAL HOME LTD,Healthcare
ASHWELL HOME CARE SERVICES LIMITED,Healthcare
ASHWOOD CHILDRENS CARE HOME LTD,Healthcare
ASIA MONEY TRANSFER LTD,Finance
ASK GLORIA AI LTD,Technology
ASK SOLUTIONS LONDON LIMITED,Technology
ASK4SUPPORT LIMITED,Technology
ASKABLE LTD,Technology
ASKBIO UK LTD,Engineering
ASKHAM VILLAGE COMMUNITY LIMITED,Healthcare
ASKN LTD,Education
ASMPT SMT UK LIMITED,Engineering
ASMPT UK HOLDING LIMITED,Finance
ASN SERVICES LIMITED,Technology
ASOLVI UK LIMITED,Technology
ASONE DESIGN LIMITED,Technology
ASP PRACTICE LIMITED,Healthcare
ASP TECHNOLOGIES LIMITED,Technology
ASPECT CAPITAL LIMITED,Finance
ASPECT ENTERPRISE SOLUTIONS LIMITED,Technology
ASPECT HEALTHCARE SERVICES LIMITED,Healthcare
ASPECT LABS LTD,Finance
ASPECT STUDIOS LIMITED,Engineering
ASPECT SUPPORTED LIVING LIMITED,Healthcare
ASPECTS INFOTECH LTD,Technology
ASPEN CARE LIMITED,Healthcare
ASPEN HILL HEALTHCARE LIMITED,Healthcare
ASPEN INSURANCE UK LIMITED,Finance
ASPEN STROMB CONSULTANCY LIMITED,Technology
ASPER SOFT LIMITED,Technology
ASPER TECHNOLOGIES LIMITED,Technology
ASPER.AI LIMITED,Technology
ASPIRANT ANALYTICS LTD,Technology
ASPIRANT CONSULTANCY SERVICES LTD,Education
ASPIRATIONS ACADEMIES TRUST,Education
ASPIRE 2 BE LTD,Healthcare
ASPIRE AND LEARN LTD,Education
ASPIRE CARE AND WELLBEING LTD,Healthcare
ASPIRE CARE SERVICES LTD,Healthcare
ASPIRE DAY NURSERY LTD,Healthcare
ASPIRE FOR INTELLIGENT CARE AND SUPPORT CIC,Healthcare
ASPIRE FT UK LIMITED,Finance
ASPIRE HOUSE LTD,Healthcare
ASPIRE HOUSING & PERSONAL DEVELOPMENT SERVICES LIMITED,Healthcare
ASPIRE INFORMATION TECHNOLOGIES LIMITED,Technology
ASPIRE INFOTECH TECHNOLOGIES LTD,Technology
ASPIRE LEARNING CENTRES & CHILDCARE LIMITED,Education
ASPIRE LIFE CARE LIMITED,Healthcare
ASPIRE PHYSIOTHERAPY CARE LIMITED,Healthcare
ASPIRE SQUARE LTD,Technology
ASPIRE SUPPORT LTD,Healthcare
ASPIRE SYSTEMS UK LTD,Technology
ASPIRE TUTORING LTD,Education
ASPIRE WELLBEING LIMITED,Finance
ASPIRITY PARTNERS HOLDINGS LIMITED,Finance
ASPRAY HOUSE LTD,Healthcare
ASPREY HEALTHCARE LIMITED,Healthcare
ASSEMBLE TECHNOLOGY LTD,Technology
ASSEMBLE YOU LIMITED,Education
ASSEMBLY MEDIA LIMITED,Technology
ASSENTIAN LIMITED,Technology
ASSET DYNAMICS GROUP LIMITED,Engineering
ASSET GREEN LTD,Finance
ASSET GUIDE LIMITED,Finance
ASSET INFOTECH LIMITED,Technology
ASSET SERVICES LIMITED,Technology
ASSETLOGIC INTERNATIONAL LTD,Technology
ASSETVAULT LIMITED,Technology
ASSIMIL8 LIMITED,Technology
ASSIMILA LIMITED,Engineering
ASSIST DIGITAL EU LIMITED,Technology
ASSIST DOMICILIARY CARE LIMITED,Healthcare
ASSISTED LIVING CARE GROUP LTD,Healthcare
ASSOCIATE MANAGEMENT SYSTEMS LIMITED,Education
ASSOCIATED ARCHITECTS UK LIMITED,Engineering
ASSOCIATES IN ADVERTISING LIMITED,Technology
ASSOCIATION OF INTERNATIONAL CERTIFIED PROFESSIONAL ACCOUNTANTS (UK),Education
ASSOCIATION OF OPTOMETRISTS,Healthcare
"ASSOCIATION OF SCIENTISTS, DEVELOPERS AND FACULTIES",Technology
ASSORE INTERNATIONAL HOLDINGS LIMITED,Finance
ASSOSIA LTD,Technology
ASSURE CARE LTD,Healthcare
ASSURE RESIDENTIAL CARE LTD,Healthcare
ASSURED DATA PROTECTION LIMITED,Technology
ASSURED GUARANTY (UK) SERVICES LIMITED,Finance
ASSURED HEALTHCARE SOLUTIONS HOLDINGS LTD,Finance
ASSURED LIVING CARE LIMITED,Healthcare
ASSUREX LIMITED,Technology
ASSURIC UK OPCO LIMITED,Technology
ASSYNT GROUP LIMITED,Technology
ASSYSTEM ENERGY & INFRASTRUCTURE LIMITED,Technology
AST SPACEMOBILE UK LIMITED,Technology
ASTAR HOMECARE LTD,Healthcare
ASTEC INDUSTRIES EUROPE LIMITED,Engineering
ASTEX THERAPEUTICS LIMITED,Engineering
ASTLEY HOUSE NURSING HOME LIMITED,Healthcare
ASTON CARE LIMITED,Healthcare
ASTON COMMUNITY EDUCATION TRUST,Education
ASTON HALL CARE LIMITED,Healthcare
ASTON PRE-SCHOOL AND CRECHE SERVICES LTD,Education
ASTON TRANSITIONAL CARE LIMITED,Healthcare
ASTOUNDING CARE SERVICES LTD,Healthcare
ASTRA ASSET MANAGEMENT UK LIMITED,Finance
ASTREA ACADEMY TRUST,Education
ASTREA UK SERVICES LIMITED,Engineering
ASTREYA LIMITED,Technology
ASTRONAUTX LIMITED,Engineering
ASTROSCALE LTD,Engineering
ASTROTEN LTD,Technology
ASTRUM MULTI ACADEMY TRUST,Education
ASTUTE TRADING LIMITED,Technology
ASU GLOBAL FOUNDATION UK LIMITED,Education
ASYLUM WELCOME,Technology
AT DENT LIMITED,Healthcare
AT GILL ENTERPRISES LTD,Technology
AT GLOBAL MARKETS (UK) LIMITED,Finance
AT MANAGEMENT LIMITED,Technology
AT MEDICS LIMITED,Healthcare
AT&T ISTEL,Technology
ATA TECHNIQUE LTD,Engineering
ATALANTA HEALTHCARE SERVICES LIMITED,Healthcare
ATAMAN TRADING LIMITED,Technology
ATAVA LIMITED,Education
ATC SYSTEMS LIMITED,Engineering
ATCORE TECHNOLOGY LIMITED,Technology
ATEGI LIMITED,Healthcare
ATELIER GOOCH LTD,Engineering
ATELIER SET LIMITED,Engineering
ATELIER TECHNOLOGY LIMITED,Technology
ATELIER U W A ARCHITECTS LIMITED,Engineering
ATEME UK LTD,Technology
ATEN COMMUNICATIONS UK LTD,Technology
ATEST LIMITED,Engineering
ATEX MEDIA LIMITED,Technology
ATHELSTANONE PTY LTD,Technology
ATHENA ADVISORY SOLUTIONS LTD,Technology
ATHENA CARE HOMES (GAYWOOD) LIMITED,Healthcare
ATHENA CARE HOMES (MONMOUTH) LIMITED,Healthcare
ATHENA DENTAL LABORATORY LIMITED,Technology
ATHENA HOUSING AND SUPPORT LIMITED,Healthcare
ATHERAPY LIMITED,Healthcare
ATHERDEN FULLER LENG LIMITED,Engineering
ATHIUM LIMITED,Technology
ATHLETES' PERFORMANCE UK LIMITED,Healthcare
ATHLON MOBILITY SERVICES UK LIMITED,Finance
ATHORPE HEALTH CARE LIMITED,Healthcare
ATIF CONSULT LTD,Engineering
ATL MARINE & ENERGY LIMITED,Finance
ATLA AI LTD,Technology
ATLANTA HEALTHCARE LIMITED,Healthcare
ATLANTA INSURANCE INTERMEDIARIES LIMITED,Finance
ATLANTIC BIOGAS LTD,Engineering
ATLANTIC COOLING LIMITED,Engineering
ATLANTIC HOUSE GROUP LIMITED,Finance
ATLANTIC SPRINGS CONSULTING LTD,Technology
ATLANTIC UK INSURANCE AND REINSURANCE BROKERS LTD,Finance
ATLANTIS HEALTH UK LIMITED,Healthcare
ATLANTIS MEDICARE (BRIDGENESS) LIMITED,Healthcare
ATLANTIS TECHNOLOGY SOLUTIONS LIMITED,Technology
ATLAS COPCO IAS UK LIMITED,Engineering
ATLAS CRANES UK LIMITED,Engineering
ATLAS HEALTH GROUP LIMITED,Finance
ATLAS MAPPING LIMITED,Technology
ATLAS SUPPORT LIMITED,Technology
ATLAS TECHNICA UK LTD,Technology
ATLASSIAN (UK) OPERATIONS LIMITED,Technology
ATM AUTOMATION LIMITED,Engineering
ATMAN CARE LTD,Healthcare
ATMOSO LIMITED,Technology
ATOM INVESTORS UK LTD,Finance
ATOM PROPERTY AID LTD,Technology
ATOMBIT LIMITED,Technology
ATOMIC DIGITAL MARKETING LTD,Technology
ATOMIC WIRE TECHNOLOGY LIMITED,Technology
ATOMINVEST SOFTWARE LTD,Technology
ATOMIX EDUCATIONAL TRUST,Education
ATOMOS INVESTMENTS LIMITED,Finance
ATS MEDICS LIMITED,Healthcare
ATTAIN HEALTH MANAGEMENT SERVICES LTD,Healthcare
ATTAR TECHNOLOGIES LIMITED,Technology
ATTENTIVE CARERS LTD,Healthcare
ATTENTIVE MOBILE UK LTD,Technology
ATTEST TECHNOLOGIES LIMITED,Technology
ATTESTOR LIMITED,Finance
ATTIO LIMITED,Technology
ATTOLIFE LTD,Engineering
ATTUNE UK LIMITED,Technology
ATTWOOD ACADEMIES,Education
ATV GLOBAL LIMITED,Finance
ATVENU UK LTD,Technology
ATYETI LIMITED,Technology
ATZ MEDICAL LTD,Healthcare
AU & AU HOLDINGS LTD,Finance
AU2MATE LTD,Technology
AUBAY UK LIMITED,Technology
AUBREY CAPITAL MANAGEMENT LIMITED,Finance
"AUCTANE, LIMITED",Technology
AUCTREE UK LIMITED,Technology
AUCTUSIO LTD,Technology
AUDAX MANAGEMENT COMPANY (UK) LIMITED,Finance
AUDERE INTERNATIONAL LIMITED,Finance
AUDINATE LTD,Technology
AUDIOLOGICAL SCIENCE LIMITED,Healthcare
AUDIOSTRIP LTD,Technology
AUDITCARE MON CHOISY LIMITED,Healthcare
AUDLEY COURT ESTATES LIMITED,Healthcare
AUFGABE LIMITED,Technology
AUGER TORQUE EUROPE LIMITED,Engineering
AUGMENTIA LTD,Technology
AUGUR INITIATIVE LTD,Technology
AUGURIUM LTD,Finance
AUGUSTA & CO LIMITED,Finance
AUGUSTA CARE LIMITED,Healthcare
AUGUSTA HITECH LIMITED,Technology
AUGUSTA VENTURES LIMITED,Finance
AULYSIUS LTD,Technology
AUN LTD,Healthcare
AUN MEDICAL LTD,Healthcare
AUQUAN LTD,Technology
AURA CARE HOMES LIMITED,Healthcare
AURAGABRIEL LIMITED,Technology
AURAQ LIMITED,Technology
AURATUS SERVICES (UK) LIMITED,Technology
AUREM CARE (KILBURN) LIMITED,Healthcare
AUREOS ENERGY LIMITED,Finance
AURIONPRO (UK) LTD,Technology
AUROR EUROPE LIMITED,Technology
AURORA FUTURE TECHNOLOGIES LIMITED,Technology
AUSTERLITZ LABS LIMITED,Technology
AUSTIN FRIARS,Education
AUSTRALIANSUPER (UK) LTD,Finance
AUTHENTISE LTD,Technology
AUTHUM CARE LIMITED,Healthcare
AUTICHEM LTD,Engineering
AUTIFY DIGITAL LTD,Technology
AUTISM AT KINGWOOD,Healthcare
AUTISM CENTRED CARE LIMITED,Healthcare
AUTISM EAST MIDLANDS,Education
AUTISM LIFE CENTRES CIC,Healthcare
AUTISM TOGETHER,Healthcare
AUTO ASSIST SCOTLAND LTD,Finance
AUTO GARAGE NETWORK LTD,Technology
AUTOFLAME ENGINEERING LIMITED,Engineering
AUTOFLOW LIMITED,Technology
AUTOGENAI LTD,Technology
AUTOGUARD WARRANTIES LTD,Finance
AUTOLINK EXPERTS LTD,Engineering
AUTOLINK SERVICE CENTRE LIMITED,Engineering
AUTOLOMOUS LTD,Technology
AUTOMATA TECHNOLOGIES LIMITED,Engineering
AUTOMATED WIRE BENDING LIMITED,Engineering
AUTOMATION ANYWHERE UK LIMITED,Technology
AUTOMATION CONTROLS LIMITED,Engineering
AUTOMATION HOLDCO LIMITED,Finance
AUTOMATION ONE LTD,Engineering
AUTOMIZEON TECH LTD,Technology
AUTOMUS CONSULTING UK LIMITED,Technology
AUTONATIVE LTD,Technology
AUTONE TRADING LIMITED,Technology
AUTONEURA LTD,Engineering
AUTONOMOUS ENTERPRISES LIMITED,Technology
AUTONOMOUS INTERNATIONAL LIMITED,Technology
AUTONOMOUS MANUFACTURING LTD,Technology
AUTONOMY SERVICE COMPANY LIMITED,Finance
AUTOPICKR LTD,Engineering
AUTOSCRIBE LIMITED,Technology
AUTOSPORT MEDIA UK LTD,Technology
AUTOVISTA LIMITED,Technology
AUTOWEB.CO.UK LIMITED,Technology
AUXILIO CARE LIMITED,Healthcare
AV INTERNATIONAL LIMITED,Technology
AV METALS LIMITED,Engineering
AVA CARE SERVICES LTD,Healthcare
AVACONE LTD,Technology
AVADO LEARNING LIMITED,Education
AVAKINO LIMITED,Healthcare
AVAL CONSULTING GROUP LTD,Engineering
AVALARA EUROPE LTD,Technology
AVALON CAPITAL MARKETS LIMITED,Finance
AVALON ENTERTAINMENT LIMITED,Finance
AVAN ENGINEERING SERVICES LTD,Engineering
AVANADE UK LIMITED,Technology
AVANCE CONSULTING (EUROPE) LIMITED,Technology
AVANT GARDE NEW ELTHAM LTD,Healthcare
AVANTE CARE AND SUPPORT LIMITED,Healthcare
AVANTE IT (UK) LIMITED,Technology
AVANTGARDE FINANCE LTD,Technology
AVANTI FOUNDATION LIMITED,Education
AVANTI HOMECARE LIMITED,Healthcare
AVANTI HYLAS 2 LIMITED,Technology
AVANTI SCHOOLS TRUST,Education
AVANTIA INSURANCE LIMITED,Finance
AVASANT LIMITED,Technology
AVASO TECHNOLOGY SOLUTIONS LTD,Technology
AVAYA UK,Technology
AVEC SUPPORT LTD,Healthcare
AVELLINIA CAPITAL LTD,Finance
AVELLINO CARE LTD,Healthcare
AVENA HEALTHCARE LTD,Healthcare
AVENI LTD,Technology
AVENIR RESEARCH LIMITED,Technology
AVENSYS UK LTD,Healthcare
AVENTUS NETWORK SERVICES LIMITED,Technology
AVENUE IMPACT LIMITED,Technology
AVENUES HEALTHCARE LTD,Healthcare
AVERLEY QWARA HEALTHCARE LTD,Healthcare
AVERROES CAPITAL LIMITED,Finance
AVI CONSULTING LONDON LIMITED,Technology
AVI-SPL LIMITED,Technology
AVIATION INNOVATIONS LIMITED,Technology
AVICAN SUPPORT LTD,Healthcare
AVICENNA CARE LIMITED,Healthcare
AVIFAUNA TECHNOLOGY LIMITED,Technology
AVIGNA SOLUTIONS LIMITED,Technology
AVIGNA TECHNOLOGY SOLUTIONS LIMITED,Technology
AVINEON EUROPE LIMITED,Technology
AVIOR CAPITAL MARKETS INTERNATIONAL LIMITED,Finance
AVISEENA INTERNATIONAL HEALTHCARE LTD,Healthcare
AVISKAAR ENTERPRISES LTD,Technology
AVIURA LIMITED,Technology
AVIVA DENTISTRY LIMITED,Healthcare
AVK INNOVATIONS LTD,Technology
AVK POWER SERVICES LIMITED,Engineering
AVKALAN LTD,Technology
AVL ENTERPRISES LIMITED,Technology
AVL UNITED KINGDOM LIMITED,Engineering
AVM HEALTH CARE LTD,Healthcare
AVOCADO LABS LIMITED,Technology
AVOCET TRUST,Healthcare
AVOIRA LIMITED,Technology
AVOKO GROUP HOLDINGS LTD,Technology
AVON DATA SYSTEMS LIMITED,Technology
AVON EDUCATION SERVICES LTD,Education
AVON HEALTHCARE SOLUTIONS LTD,Healthcare
AVON LODGE UK LIMITED,Healthcare
AVONDALE CARE HOME LIMITED,Healthcare
AVOS TECHNOLOGY LTD,Technology
AVR TECHNOLOGY SERVICES LTD,Technology
AVRAM FINANCIAL SERVICES LIMITED,Finance
AVS INFO SYSTEMS LIMITED,Technology
AVVOKA LIMITED,Technology
AWAAZ ENTERPRISES LTD,Education
AWABAH LTD,Technology
AWARDCO RECOGNITION LIMITED,Technology
AWARE DIGITAL LTD,Technology
AWARE SUPER UK LIMITED,Finance
AWAY DAY CARE LTD,Healthcare
AWEN COLLECTIVE LIMITED,Technology
AWESOME LIVING LTD,Technology
AWESOME PROGRAMMING LTD,Technology
AWH PEN LIMITED,Healthcare
AWIN LTD,Technology
AXA GLOBAL HEALTHCARE (UK) LIMITED,Finance
AXA GROUP OPERATIONS UK LIMITED,Technology
AXELA CARE LIMITED,Healthcare
AXETAY LIMITED,Engineering
AXETRADING LIMITED,Technology
AXI FINANCIAL SERVICES (UK) LIMITED,Finance
AXI-TEK LTD,Engineering
AXIA DIGITAL LTD,Technology
AXIA MARKETS PRO LIMITED,Finance
AXIAL MEDICAL PRINTING LIMITED,Engineering
AXIMA UK LTD,Engineering
AXIOM ENGINEERING ASSOCIATES LIMITED,Engineering
AXIOM HOME CARE LIMITED,Healthcare
AXIOM HOSPITALITY LIMITED,Finance
AXIOM MARKETS LTD,Technology
AXIOM NEUROMONITORING LTD,Healthcare
AXIOM SOFTWARE SOLUTIONS LIMITED,Technology
AXIOM STRUCTURES LIMITED,Engineering
AXIOM TECHNOLOGIES PTY LTD,Technology
AXIOMISE LTD,Engineering
AXIOMO UK LTD,Technology
AXION MARKETING LIMITED,Technology
AXIS HEALTH SOLUTIONS LTD,Healthcare
AXIS MASON LIMITED,Engineering
AXIS PHYSIOTHERAPY LTD,Healthcare
AXIS SPINE TECHNOLOGIES LTD,Engineering
AXITAN RESEARCH UK LIMITED,Engineering
AXIUM INFRASTRUCTURE UK LTD,Finance
AXM ALTERNATIVE INVESTMENTS LTD,Finance
AXNOSIS LTD,Technology
AXOLT LTD,Technology
AXON VT LIMITED,Engineering
AXONE TECHNOLOGIES UK LIMITED,Technology
AXSAI TECHNOLOGIES EUROPE LIMITED,Technology
AXTRIA LIMITED,Technology
AXWAY UK LIMITED,Technology
AXXELTROVA LIMITED,Finance
AXYZ AUTOMATION (U.K.) LIMITED,Engineering
AYAAT TELETRONICS LTD,Technology
AYAI CARE LIMITED,Healthcare
AYAN CAPITAL LTD,Technology
AYANTIKA TECHNOLOGIES LTD,Technology
AYASH GLOBAL CONSULTANCY LIMITED,Technology
AYBOLA SOFTWARE AND TECHNOLOGY LTD,Technology
AYCES SERVICES PRIVATE LIMITED,Technology
AYLESBURY HIGH SCHOOL,Education
AYOTTA TECHNOLOGIES LIMITED,Technology
AYP HEALTHCARE LTD,Healthcare
AYR SPINAL CARE LTD,Healthcare
AYRE CHAMBERLAIN GAUNT LTD.,Engineering
AYRES INVESTMENT MANAGEMENT (UK) LIMITED,Finance
AYS CARE LTD,Healthcare
AYTEL SYSTEMS LTD,Technology
AYTON & MCKEOWN LIMITED,Engineering
AYUB CHILDCARE SERVICES LTD,Education
AYURVEDA RETREAT LTD,Healthcare
AYURVEDA WELLNESS AND PAIN CENTER LTD,Healthcare
AYURVEDIC HEALING & LASER CLINIC LTD,Healthcare
AYURVEDIC HEALTHCARE & LASER CLINIC LTD,Healthcare
AYURVEDIC NATURE CARE LTD,Healthcare
AYUSH AYURVEDA AND YOGA THERAPY CENTER LTD,Healthcare
AYZTECH IT SOLUTIONS LIMITED,Technology
AZAAN HEALTHCARE (DUNDEE) LTD,Healthcare
AZALEA CARE LTD,Healthcare
AZARIAH MEDICAL PARTNERSHIPS LTD,Healthcare
AZARINE LIMITED,Finance
AZERION UK LIMITED,Technology
AZIMO LTD,Finance
AZIMUT UK HOLDINGS LIMITED,Finance
AZINQ LTD,Technology
AZIRIS ENTERPRISE LIMITED,Technology
AZOTIC TECHNOLOGIES LIMITED,Engineering
AZTEK COMMS LIMITED,Technology
AZTO PLATFORM LTD,Technology
AZULE ENERGY HOLDINGS LIMITED,Finance
AZURA PARTNERS LTD,Finance
AZURE CARE LTD,Healthcare
AZURE RESOURCES LTD,Technology
AZURE TECH LTD,Technology
AZZURRO ASSOCIATES LIMITED,Finance
B & H CARE LTD,Healthcare
B AND A PRECISION ENGINEERING LIMITED,Engineering
B M STEEL FABRICATIONS LIMITED,Engineering
B T CONSULTANCY LIMITED,Technology
B&E LIVE LIMITED,Technology
B&F SOLUTIONS LTD,Technology
B&H CALL LIMITED,Healthcare
B-SKILL LIMITED,Education
B-WELL HEALTH & SOCIAL CARE GROUP LIMITED,Healthcare
B.E.S.T PROJECT LTD,Healthcare
B.S.B. SHEET METAL SERVICES LIMITED,Engineering
B.T. BATSFORD LIMITED,Technology
B1LIVING LTD,Technology
B2BE LIMITED,Technology
B2C2 LTD,Finance
BA EDUCATIONAL CONSULTANCY LTD,Education
BA MEDI PHARMA LTD,Healthcare
BA TECHNOLOGIES LIMITED,Engineering
BAAL-PERAZIM CARE SERVICES LTD,Healthcare
BABB TECHNOLOGIES LTD,Technology
BABCAM SUPPORT FOR LIVING LIMITED,Healthcare
BABY I LOVE YOU LIMITED,Healthcare
BABY ULTRASOUND CLINIC LIMITED,Healthcare
BABYLON HEALTHCARE SERVICES LIMITED,Healthcare
BABYVUE LTD,Healthcare
BAC EDUCATION CONSULTANCY LTD,Education
BACASABLE UK LIMITED,Technology
BACK IN MOTION PHYSIOTHERAPY & CLINICAL PILATES LIMITED,Healthcare
BACK LAB LTD,Healthcare
BACK TO ACTIVE LIMITED,Healthcare
BACK TO BASICS CARE & TRAINING LIMITED,Healthcare
BACK2LIFE CLINICS LTD,Healthcare
BACKBASE UK LIMITED,Technology
BACKOFFICE ASSOCIATES EUROPE (UK) LIMITED,Technology
BACKUP DATA LIMITED,Technology
BACTOBIO LTD,Engineering
BADGER METER UK LIMITED,Engineering
BADGERS LODGE LIMITED,Healthcare
BADOO LIMITED,Technology
BAE SYSTEMS ONEARC UK LIMITED,Technology
BAE SYSTEMS PLC,Engineering
BAHOO LIMITED,Healthcare
BAILEY PARTNERSHIP (GROUP) LTD,Engineering
BAILLIESTON COMMUNITY CARE,Healthcare
BAINES CARE LIMITED,Healthcare
BAINS HEALTHCARE LIMITED,Healthcare
BAJWA STEEL LIMITED,Engineering
BAK UP CIC,Technology
BAKEWELL COTTAGE CARE HOME LIMITED,Healthcare
BALAJEE LIMITED,Technology
BALAJI DENTAL LIMITED,Healthcare
BALANCEDBITE HEALTH LTD,Healthcare
BALBEC CAPITAL LIMITED,Finance
BALCOMBE CARE HOMES LIMITED,Healthcare
BALDER CAPITAL LTD,Finance
BALI DENTAL LIMITED,Healthcare
BALINDRA SOFTWARE LIMITED,Technology
BALIO SOFTWARE LIMITED,Technology
BALKAR LIGHTING LIMITED,Engineering
BALLANTYNE BROKERS LTD,Finance
BALLOON DAY NURSERY LIMITED,Education
BALMORAL HOMECARE LTD,Healthcare
BALMS ENERGY LIMITED,Engineering
BALOCH & CO LTD,Technology
BALRE TECHNOLOGIES LTD,Technology
BALSAMEE LTD,Technology
BALTIC CLASSIFIEDS GROUP PLC,Finance
BALUIEVS OUTSOURCING LTD,Technology
BALVAE & COMPANY UK LIMITED,Technology
BAMBOO LIMITED,Finance
BAMBOO NATURAL THERAPY LTD,Healthcare
BAMBOO ROSE LTD,Technology
BAMBOOH EDUCATION LTD,Education
BAMBOOH HOOK NORTON LTD,Education
BAMFORD CARE HOMES LIMITED,Healthcare
BANAN LIMITED,Technology
BANANA APPS LIMITED,Engineering
BANBEATH SMILE SOLUTIONS LTD,Healthcare
BANCROFT'S SCHOOL,Education
BANDAI NAMCO ENTERTAINMENT UK LTD.,Technology
BANDBOX LAUNDRY LIMITED,Technology
BANDRUM NURSING HOME LIMITED,Healthcare
BANGE NURSING HOMES LIMITED,Healthcare
BANJO TECH LTD,Technology
BANK HOUSE CARE HOMES LIMITED,Healthcare
BANK MANDIRI (EUROPE) LIMITED,Finance
BANK OF AFRICA UNITED KINGDOM PLC,Finance
BANK OF BEIRUT (UK) LTD,Finance
BANK OF CHINA (UK) LIMITED,Finance
BANK OF CHINA INTERNATIONAL (UK) LIMITED,Finance
BANK OF LONDON AND THE MIDDLE EAST PLC,Finance
BANK OF THE PHILIPPINE ISLANDS (EUROPE) PLC,Finance
BANK SADERAT PLC,Finance
BANK SEPAH INTERNATIONAL PLC,Finance
BANK STREET DENTAL LTD,Healthcare
BANKED LTD,Technology
BANKIFI TECHNOLOGY LIMITED,Technology
BANKTECH SOFTWARE SERVICES LIMITED,Technology
BANNER HOUSE SUPPORT SERVICES LIMITED,Healthcare
BANNERDALE OSTEOPATHS LTD,Healthcare
BANNING DENTAL GROUP LTD,Healthcare
BANSI GLOBAL SOLUTIONS LTD,Technology
BANTAIN TECH SOLUTIONS LTD,Technology
BANTHAM TECHNOLOGIES LIMITED,Technology
BANTOCK TRAINING LTD,Technology
BANYAN EDUCATIONAL CONSULTANCY LTD,Education
BAOBAB SOCIAL CARE LTD,Healthcare
BARAKA MEDIA GROUP LIMITED,Technology
BARAKAH HEALTHCARE LIMITED,Healthcare
BARBUSS (UK) LIMITED,Finance
BARCHESTER FINCO 2019 LIMITED,Finance
BARCLAY SPECIALIST CARE LTD,Healthcare
BARCLAYS BANK PLC,Finance
BARCLAYS BANK UK PLC,Finance
BARDAKHANOVA CHAMPKINS LIMITED,Engineering
BARESQUARE LTD,Technology
BARGAIN GRASS LIMITED,Engineering
BARING ASSET MANAGEMENT LIMITED,Finance
BARINGS (U.K.) LIMITED,Finance
BARINTHUS BIOTHERAPEUTICS (UK) LIMITED,Engineering
BARJANE INTERNATIONAL GROUP LIMITED,Finance
BARK.COM GLOBAL LIMITED,Technology
BARKER CARE LIMITED,Healthcare
BARKERS ENGINEERING LIMITED,Engineering
BARLEYBIND LIMITED,Healthcare
BARLOCHAN HOUSE LIMITED,Healthcare
BARNET CARERS CENTRE,Healthcare
BARNFIELD HEALTHCARE LTD,Healthcare
BARNKIDS LIMITED,Healthcare
BARNSLEY HEALTHCARE FEDERATION (BHF) CIC,Healthcare
BARNSLEY MARSHALL LIMITED,Engineering
BAROCAL LTD,Engineering
BARRACUDA NETWORKS LIMITED,Technology
BARRIER NETWORKS LIMITED,Technology
BARRON MCCANN LIMITED,Technology
BARROW SMILE CENTRE LTD,Healthcare
BARTER HILL PARTNERSHIP LIMITED,Engineering
BARTLEY GREEN SCHOOL,Education
BARTON BRIDGING CAPITAL LIMITED,Finance
BARTON CARE SERVICES LTD,Technology
BARTON COURT ACADEMY TRUST,Education
BARTON FIRTOP ENGINEERING CO LIMITED,Engineering
BARTON LODGE LTD,Healthcare
BARTON PLACE LIMITED,Healthcare
BASEIMMUNE LTD,Engineering
BASEMAP LIMITED,Technology
BASH CONSULT LTD,Technology
BASIC HEALTHCARE LTD,Healthcare
BASILEIA INVESTMENT HOLDINGS (UK) LIMITED,Finance
BASINGHALL PARTNERS LIMITED,Finance
BASIS CAPITAL MARKETS UK LIMITED,Finance
BASIS CLOUD SOLUTIONS LTD,Technology
BASLAW CONSULTING SERVICES LTD,Technology
BASSWOOD UK LIMITED,Finance
BATELEUR HC LTD,Healthcare
BATLEY MULTI ACADEMY TRUST,Education
BATON HOUSE ENTERPRISES LIMITED,Education
BATON SYSTEMS LIMITED,Technology
BATTELLE UK LIMITED,Engineering
BATTERSEA BRIDGE HOUSE LIMITED,Healthcare
BATTLEFACE INSURANCE SERVICES LIMITED,Finance
BATU TRAINING SERVICES LTD,Education
BAUDDHA LTD,Technology
BAUER EQUIPMENT UK LIMITED,Engineering
BAUHAUS EDUCATIONAL SERVICES LIMITED,Education
BAUMLINK LTD.,Technology
BAVAC CARE LTD,Healthcare
BAVANI CARE HOME LIMITED,Healthcare
BAXI HEATING UK LIMITED,Engineering
BAXTERS HOMECARE LTD,Healthcare
BAY CAPITAL PARTNERS UK LIMITED,Finance
BAY COLLECTIVE UK LIMITED,Finance
BAYFORD NEW HORIZONS LIMITED,Healthcare
BAYLEAF CARE LIMITED,Healthcare
BAYTRIX LTD,Technology
BAYTUL ILM SECONDARY SCHOOL,Education
BAZAARVOICE LIMITED,Technology
BB MERCHANT SERVICES LTD,Finance
BB2 DIGITAL AND TECHNOLOGY SERVICES LTD,Technology
BBC CARE SERVICE LIMITED,Healthcare
BBCARE10 LTD,Healthcare
BBLHD LTD,Healthcare
BBSM LTD,Engineering
BBWW LIMITED,Technology
BC CARE LTD,Healthcare
BC CHESTERFIELD LTD,Healthcare
BC ENGLISHSCORE LIMITED,Education
BC INVESTMENT GROUP (UK) LIMITED,Finance
BC SHEFFIELD LTD,Healthcare
BCAS BIO-MEDICAL SERVICES LIMITED,Engineering
BCH CARE LIMITED,Healthcare
BCI UK IRR LIMITED,Finance
BCS DATA CENTRES LIMITED,Technology
BCT CONSULTANTS LTD.,Technology
BCT CONSULTING LTD,Technology
BD-CAPITAL PARTNERS LIMITED,Finance
BDA PARTNERS (LONDON) LIMITED,Finance
BDC HEALTHCARE & EDUCATION LTD,Healthcare
BDD PHARMA LTD,Engineering
BDE SECURE POWER LTD,Engineering
BDESH CLOUD LIMITED,Technology
BDLAND UK LIMITED,Technology
BE APPLIED LIMITED,Technology
BE CARING TOGETHER LTD,Healthcare
BE COOL GROUP UK LTD,Engineering
BE DENTAL LIMITED,Healthcare
BE FIT LONDON LTD,Education
BE HAPPY SUPPORT LIMITED,Healthcare
BE POSSIBLE LIMITED,Technology
BE WELLNESS LTD,Healthcare
BE YOU CARE SERVICES LTD,Healthcare
BEACHCROFT HOMES LIMITED,Healthcare
BEACON APPS LTD,Technology
BEACON AVENUE GROUP LTD,Technology
BEACON CHILDCARE LTD,Healthcare
BEACON HEALTH KENSINGTON LIMITED,Healthcare
BEACON HILL ACADEMY,Education
BEACON MEDICAL SERVICES GROUP LIMITED,Healthcare
BEACON PLATFORM LIMITED,Technology
BEACON RAIL LEASING LIMITED,Finance
BEAD TECHNOLOGIES LIMITED,Technology
BEAM UP LTD,Technology
BEAMERY LTD,Technology
BEAMSEC LIMITED,Technology
BEAR CARE 1 LIMITED,Healthcare
BEATHAMM LIMITED,Technology
BEATY CONSULTANCY LIMITED,Technology
BEAU SEJOUR CARE SERVICES LIMITED,Healthcare
BEAUCLERC ADVISORY SERVICES LIMITED,Finance
BEAUFORT HEALTHCARE LIMITED,Healthcare
BEAUMONT CARE HOMES LIMITED,Healthcare
BEAUMONT HOME CARE LIMITED,Healthcare
BEAUTIFUL TRACKING LIMITED,Technology
BEAUTIFUL WORLD TRAINING ACADEMY LTD,Education
BEAUTY BIRDIES LTD,Healthcare
BEAUTY PAPERS LIMITED,Technology
BEAUTYBOX MARKET LIMITED,Technology
BEAZLEY MANAGEMENT LIMITED,Finance
BECK & POLLITZER ENGINEERING LIMITED,Engineering
BECKETT RANKINE LIMITED,Engineering
BECODA LIMITED,Finance
BECOMFY LIMITED,Healthcare
BEDALES SCHOOL,Education
BEDFORD PHONE REPAIRS LTD,Technology
BEE HOME CARE LIMITED,Healthcare
BEECH CLIFFE LIMITED,Healthcare
BEECH COTTAGE LIMITED,Healthcare
BEECH HOUSE CAREHOME WORKSOP LIMITED,Healthcare
BEECHCROFT CARE HOMES LTD,Healthcare
BEECHCROFT DENTAL CARE LIMITED,Healthcare
BEECHDALE CARE LIMITED,Healthcare
BEECHES HOMECARE KENT LTD,Healthcare
BEECHES LEARNING AND DEVELOPMENT TRUST,Education
BEECHES RETIREMENT HOTEL LIMITED,Healthcare
BEECHOLME ADULT CARE LTD,Healthcare
BEECHVALE NURSING HOME LIMITED,Healthcare
BEELINE BEHAVIOUR CHANGE LTD,Healthcare
BEEP DIGITAL LTD,Technology
BEERSHEBA SOCIAL CARE SERVICES LIMITED,Healthcare
BEESEE LIMITED,Healthcare
BEESOCIALIZE LTD,Technology
BEESPACE TECHNOLOGIES LTD,Technology
BEETECHCONSULTING LTD,Technology
BEGONIA LTD,Healthcare
BEHAVIOURAL INSIGHTS LTD,Engineering
BEHAVIOURLAB LIMITED,Technology
BEIER360 LIMITED,Technology
BEIFANG EDUCATION GROUP (UK) LTD,Education
BEIGI & CHIU CLINICAL PSYCHOLOGY LTD,Healthcare
BEING HUMANITARIAN LTD,Healthcare
BEKKA CARE LIMITED,Healthcare
BELCHO CARE LTD,Healthcare
BELFAST CENTRAL MISSION,Healthcare
BELGAUM MEDICAL CENTRE LTD,Healthcare
BELGRAVE CAPITAL MANAGEMENT LIMITED,Finance
BELGRAVIA CARE HOME LIMITED,Healthcare
BELHATI CONSULTING SERVICES LIMITED,Technology
BELIEVE AND ACHIEVE SUPPORT LTD,Healthcare
BELL IT & MANAGEMENT CONSULTANCY LTD,Technology
BELL PHILLIPS ARCHITECTS LIMITED,Engineering
BELL SOFT LTD,Technology
BELLA BAMBINI DAY NURSERY LTD,Education
BELLEGROVE DENTAL SURGERY LIMITED,Healthcare
BELLERIVE FCJ CATHOLIC COLLEGE,Education
BELLEVIE CARE LTD,Technology
BELLEVUE DENTAL LTD,Healthcare
BELLEVUE EDUCATION INTERNATIONAL LIMITED,Education
BELLEVUE PLACE EDUCATION TRUST,Education
BELLMONT COLLEGE LIMITED,Education
BELLROCK TECHNOLOGY LIMITED,Technology
BELLS HOME CARE LTD,Healthcare
BELLS POWER SOLUTIONS LTD,Engineering
BELLVIEW (UK) LTD,Healthcare
BELMONT HEALTHCARE (MADEIRA) LIMITED,Healthcare
BELMONT HEALTHCARE (MURDOCH) LIMITED,Healthcare
BELMONT HEALTHCARE (WOODBURY) LIMITED,Healthcare
BELMONT LANSDOWN LIMITED,Technology
BELMONT RESIDENTIAL CARE LTD,Healthcare
BELMONT VIEW LIMITED,Healthcare
BELMONT VILLA CARE HOME LIMITED,Healthcare
BELOGIC SYSTEMS LIMITED,Technology
BELOVED HOMECARE LTD,Education
BELROSE LIMITED,Healthcare
BELSIZE ARCHITECTS LIMITED,Engineering
BELSIZE VILLAGE NURSERY LTD,Education
BELTODAM LTD,Education
BELVEDERE CARE LIMITED,Healthcare
BELVIDERE COURT LTD,Healthcare
BELVOIR HEALTHCARE LTD,Healthcare
BEN ADAMS ARCHITECTS LIMITED,Engineering
BEN BALDWIN-A LIMITED,Engineering
BEN CARE SOLUTIONS LIMITED,Healthcare
BENAR DERMATOLOGY LTD,Healthcare
BENCHLING UK LTD,Technology
BENCHMARK GENETICS LIMITED,Engineering
BENCHMARK MINERAL INTELLIGENCE LIMITED,Technology
BENEDETTI ARCHITECTS LIMITED,Engineering
BENENDEN SCHOOL,Education
BENEPAY LTD,Technology
BENEVOLENCE TECHNOLOGIES PRIVATE LIMITED,Technology
BENGAGED MEDIA LIMITED,Technology
BENHALL CARE LIMITED,Healthcare
BENJAMIN UK LTD,Healthcare
BENJEMAX LIMITED,Healthcare
BENNETTS ASSOCIATES LIMITED,Engineering
BENNETTS MOTORCYCLING SERVICES LIMITED,Finance
BENOY LIMITED,Engineering
BENRIDGE CARE HOMES LIMITED,Technology
BENTLEY LODGE CARE HOME LTD,Healthcare
BENTON CARE LIMITED,Healthcare
BEP SYSTEMS LIMITED,Technology
BEPI LTD,Technology
BEQOM UK LIMITED,Technology
BERGMEN LTD,Technology
BERKELEY CREDIT LIMITED,Finance
BERKELEY HEALTH LIMITED,Healthcare
BERKLEY CARE GROUP LTD,Finance
BERKSHIRE GLOBAL ADVISORS LTD,Finance
BERKSHIRE TECHNOLOGIES LIMITED,Technology
BERMONT ADVISORS LIMITED,Finance
BERNARD GEOMATICS LIMITED,Engineering
BERNARD OLESINSKI LIMITED,Engineering
BEROA LIMITED,Healthcare
BERRAN LTD,Healthcare
BERRY HEALTH LTD,Technology
BERRY PALMER & LYLE LIMITED,Finance
BERRY THERAPY LIMITED,Education
BERWICK ASSOCIATES LIMITED,Finance
BERWICK CARE HOMES LIMITED,Healthcare
BERYL SOLUTIONS LTD,Technology
BESPOKE CARE (SHEFFIELD) LIMITED,Healthcare
BESPOKE CARE AND SUPPORT LTD,Healthcare
BESPOKE CARE SERVICES EAST DORSET LTD,Healthcare
BESPOKE PROFESSIONALS LIMITED,Education
BESPOKE SUPPORT SOLUTIONS LTD,Technology
BESS SERVICE LTD,Engineering
BEST AT HOME ADULT CARE PRIVATE LIMITED,Healthcare
BEST AT HOME DOMICILIARY CARE SERVICES LTD,Healthcare
BEST BARGAIN SEWING SUPPLIES LTD,Engineering
BEST CARE 4 U LTD,Healthcare
BEST CARE JS LIMITED,Healthcare
BEST CARE LIVERPOOL LIMITED,Healthcare
BEST FOREX PRIVATE LTD,Finance
BEST LEARNING SUPPORT LIMITED,Education
BEST MORTGAGE ADVISER LTD,Finance
BEST QUALITY DOUBLE GLAZING LIMITED,Engineering
BEST SKINCARE CLINIC LIMITED,Healthcare
BEST SUPPORT CARE LTD,Healthcare
BEST TRAINING LONDON LIMITED,Education
BEST@CARE LIMITED,Healthcare
BESTCARE AGENCY & RECRUITMENT LIMITED,Healthcare
BESTCARE LTD,Healthcare
BESTECH PRIVATE LTD,Technology
BETA CAE SYSTEMS UK LIMITED,Technology
BETABLE LIMITED,Technology
BETCONNECT LTD,Technology
BETDEX LABS LTD,Technology
BETHAM SUPPORT LIVING LTD,Healthcare
BETHANY HOME LTD,Healthcare
BETHEL HEALTHCARE (HULL) LIMITED,Healthcare
BETHNAL GREEN MONTESSORI SCHOOL LIMITED,Education
BETHPHAGE,Healthcare
BETHS GRAMMAR SCHOOL,Education
BETO SOLUTIONS LTD,Healthcare
BETONGPARK LIMITED,Engineering
BETTER DAIRY LIMITED,Engineering
BETTER FAMILIES SOCIAL WORK SERVICES LTD,Healthcare
BETTER HALF LIMITED,Technology
BETTER HEALTH MCR LTD,Healthcare
BETTER HOME CARE LTD,Healthcare
BETTER HOME CARE SERVICES LIMITED,Technology
BETTER TOMORROW LTD,Technology
BETTERVIEW BRITAIN LTD,Healthcare
BEUMER GROUP UK LIMITED,Engineering
BEVRIS SUPPORT LTD,Healthcare
BEXLEY GRAMMAR SCHOOL,Education
BEXLEY MANOR NURSERY SCHOOL LIMITED,Education
BEXLEYHEATH CHIROPRACTIC CLINIC LIMITED,Healthcare
BEXPRIME LTD,Engineering
BEXPRT LTD,Technology
BEYOND BLOOD DIAGNOSTICS LTD,Engineering
BEYOND BLUE LIMITED,Technology
BEYOND CARBON ASSOCIATES LTD,Engineering
BEYOND ENGINEERING CONSULTING LTD,Engineering
BEYOND GROUP GLOBAL LIMITED,Education
BEYOND HEALTH LIMITED,Healthcare
BEYOND HOLDINGS LIMITED,Technology
BEYOND LIMITS (PLYMOUTH) LTD,Healthcare
BEYOND SCHOOLS TRUST,Education
BEYONDAUTISM,Education
BEYONDWMS LTD,Technology
BEYONK LTD,Technology
BF INTERNATIONAL BEST FIELDS BEST FOOD LIMITED,Finance
BFG TOGETHER LTD,Healthcare
BFH (42) LIMITED,Finance
BG INFOTECH LTD,Technology
BG&E CONSULTING ENGINEERS LTD,Engineering
BGB WESTON LIMITED,Finance
BGF SERVICES LTD,Finance
BGS HEALTHCARE LTD,Healthcare
BGTS LTD,Technology
BH MULTI FAMILY OFFICE LTD,Technology
BH RESIDENTIAL CARE HOME LIMITED,Healthcare
BHANDAL CARE GROUP (1ST CARE UK) LTD,Healthcare
BHANDAL CARE GROUP (BSB CARE) LTD,Healthcare
BHANDARI BROTHERS LTD,Finance
BHARAT RE GLOBAL LTD,Finance
BHART LTD,Healthcare
BHARTI LIMITED,Healthcare
BHASHINI VBS CONSULTANCY LIMITED,Technology
BHAVIKA ITECH SOLUTIONS LIMITED,Technology
BHRISH LTD,Technology
BHS CONSULTANTS LIMITED,Technology
BI DARE SOLUTIONS LTD,Technology
BI INTEGRATIONS LTD,Technology
BIA ANALYTICAL LTD,Engineering
BIACO LIMITED,Engineering
BIAW CARE SERVICES LTD,Healthcare
BIBBY FINANCIAL SERVICES LIMITED,Finance
BIBIMONEY LTD,Technology
BIBORG UK LTD,Technology
BICI LONDON LIMITED,Engineering
BIDSTACK LTD,Technology
BIE MAGNUM LIMITED,Engineering
BIEA BRITISH INTERNATIONAL EDUCATION ASSOCIATION LTD,Education
BIEL CONSULTANCY LTD,Technology
BIESSE GROUP UK LIMITED,Engineering
BIFIT CO. LTD,Healthcare
BIG BARAKA LIMITED,Healthcare
BIG DATA SCIENCE & TECHNOLOGY LIMITED,Technology
BIG EDUCATION TRUST,Education
BIG GREEN LIGHT LTD,Finance
BIG HEARTS RECRUITMENT LTD,Healthcare
BIG LEAP CONSULTING LTD,Technology
BIG PICTURE (SOFTWARE) LIMITED,Technology
BIG WIN PHILANTHROPY,Education
BIGCHANGE LIMITED,Technology
BIGFOOT INTERNATIONAL EDUCATION LTD,Education
BIGHAND LIMITED,Technology
BIGLAND ACCIDENT REPAIR CENTRE LIMITED,Engineering
BIGLAND MOTORS LTD,Engineering
BIGMANTRA LTD,Technology
BIGMINDS TECHNOLOGY SOLUTIONS LIMITED,Technology
BIGSPARK LIMITED,Technology
BIGTXN LTD,Technology
BIJC LIMITED,Engineering
BIKUR CHOLIM LTD,Healthcare
BILDERLINGS PAY LIMITED,Finance
BILLINGTON CARERS LTD,Healthcare
BILLION DOLLAR BOY LIMITED,Technology
BILLION GLOBAL CHASE LTD,Finance
BILLIONCARE LTD,Healthcare
BILLON FINANCIAL LTD,Finance
BIM DEPARTMENT LTD,Technology
BIM TECHNOLOGIES (EUROPE) LIMITED,Technology
BIM YORKSHIRE LTD,Engineering
BIMTEK LIMITED,Engineering
BINARY IS LIMITED,Technology
BINARY10 LTD,Technology
BINAYAK ENTERPRISE LIMITED,Education
BIND MEDIA LTD,Technology
BIND RESEARCH,Engineering
BING CAPITAL PARTNERS LTD,Finance
BINSINA LIMITED,Healthcare
BINSOLS (GB) LIMITED,Technology
BINYAN STUDIOS LIMITED,Engineering
BIO CAPITAL LTD,Finance
BIOASCENT DISCOVERY LIMITED,Engineering
BIOCORTEX LTD,Engineering
BIOCRUCIBLE LTD,Engineering
BIOGRAPHICA LTD,Technology
BIOINTERACTIONS LIMITED,Engineering
BIOLAB LONDON LTD,Engineering
BIOLIBERTY LTD,Engineering
BIOLUMINUX LTD,Healthcare
BIOMARKER TECHNOLOGIES (BMKGENE) UK LTD,Engineering
BIOME9 LIMITED,Engineering
BIOMODAL LIMITED,Engineering
BION SOLUTIONS LIMITED,Technology
BIONIC ASSOCIATES LTD,Technology
BIOPTIX LTD,Engineering
BIOREGIONAL DEVELOPMENT GROUP,Engineering
BIOS HEALTH LTD,Engineering
BIOTRIAL INTERNATIONAL LIMITED,Healthcare
BIOTRONICS 3D LIMITED,Technology
BIOXYDYN LIMITED,Engineering
BIP SOLUTIONS LIMITED,Technology
BIPROCSI LTD,Technology
BIRCH CARE LTD,Healthcare
BIRCHESTER CARE LIMITED,Healthcare
BIRCHFIELD ENGINEERING LIMITED,Engineering
BIRCHLANDS (HAXBY) LIMITED,Healthcare
BIRCHLEY SUPPLIES LTD,Engineering
BIRCHWOOD HIGH SCHOOL,Education
BIRDEYE UK LIMITED,Technology
BIRDI LTD,Technology
BIRKBY DENTAL CARE LIMITED,Healthcare
BIRKBY MEDICAL LTD,Healthcare
BIRL TECHNOLOGY LTD,Technology
BIRLASOFT SOLUTIONS LIMITED,Technology
BIRLINN LIMITED,Technology
BIRMINGHAM CHRISTIAN COLLEGE,Education
BIRMINGHAM HIGH PERFORMANCE TURBOMACHINERY LIMITED,Engineering
BIRMINGHAM MUSLIM FOUNDATION LTD,Education
BIRMINGHAM NEWMAN UNIVERSITY,Education
BIRTENSHAW,Education
BISCA UK LIMITED,Engineering
BISHOP CHADWICK CATHOLIC EDUCATION TRUST,Education
BISHOP STOPFORD SCHOOL,Education
BISHOP'S HATFIELD GIRLS' SCHOOL,Education
BISHOPSHALT SCHOOL,Education
BISMOR CARE HOMES LTD,Healthcare
BISNOW LTD,Technology
BIT BIO LIMITED,Engineering
BITFOUNT LTD,Technology
BITLOGIX LTD,Technology
BITMAP BUREAU LTD,Technology
BITNET SOLUTIONS LTD,Technology
BITS IN GLASS UK LTD,Technology
BITS SPECTRUM GLOBAL LTD,Technology
BIVICTRIX LIMITED,Engineering
BIZ ASSOCIATES LTD,Technology
BIZ CRUNCH LTD,Technology
BIZ ENGINEERING LIMITED,Engineering
BIZAGI LIMITED,Technology
BIZBELL VENTURES LIMITED,Finance
BIZLOG LTD,Technology
BIZMAX TECH LTD,Technology
BIZZ EDUCATIONAL CONSULTANCY LTD,Education
BK CHILDCARE LIMITED,Healthcare
BK IT SOLUTIONS LTD,Technology
BKAIRALI LTD,Healthcare
BKUK GROUP LIMITED,Finance
BKWAI LTD,Technology
BLACK & BROWN DENTAL LIMITED,Healthcare
BLACK & WHITE TINTS LTD,Engineering
BLACK AND WHITE ENGINEERING LIMITED,Engineering
BLACK BOX MEDIA MARKETING LTD,Technology
BLACK BOX NETWORK SERVICES (UK) LIMITED,Technology
BLACK BRITISH GOLFERS CIC,Education
BLACK BULL BIOCHAR LTD,Technology
BLACK COW TECHNOLOGY LIMITED,Technology
BLACK FIRE SOLUTIONS LTD,Technology
BLACK KNIGHT FOOTBALL CLUB UK LIMITED,Finance
BLACK PEARL MEDICAL LTD,Healthcare
BLACK ROCK RESTAURANT GROUP LTD,Finance
BLACKADDER CORPORATION LIMITED,Healthcare
BLACKAPPLE SOLUTIONS LTD,Technology
BLACKBERRY HILL LIMITED,Healthcare
BLACKBOARD (UK) LIMITED,Education
BLACKBROOK CAPITAL (EUROPE) LIMITED,Finance
BLACKFEN SCHOOL FOR GIRLS,Education
BLACKFIN CAPITAL PARTNERS UK LTD,Finance
BLACKHOUSE MEDIA (BHM) LTD,Technology
BLACKMOOR INVESTMENT PARTNERS LIMITED,Finance
BLACKROCK INVESTMENT MANAGEMENT (UK) LIMITED,Finance
BLACKROD HOUSE LIMITED,Healthcare
BLACKST1 MEDIA LTD,Technology
BLACKSTOWN HOLDINGS LIMITED,Finance
BLACKWALL SECURITY LTD,Technology
BLACKWATER DENTAL SURGERY & IMPLANT CENTRE LTD,Healthcare
BLACKWATER TECH LTD,Technology
BLACKWELL ASSOCIATES LIMITED,Healthcare
BLACKWOOD CAPITAL GROUP (UK) LIMITED,Finance
BLAK DIAMOND SOCIAL CARE LIMITED,Healthcare
BLAKBEAR LTD,Engineering
BLAKE & BOND LTD,Technology
BLAKEWATER HOMECARE SERVICES LTD,Healthcare
BLANTYRE CAPITAL LIMITED,Finance
BLAZEHILL CAPITAL LIMITED,Finance
BLEND CRAFTERS LIMITED,Technology
BLEND FAMILY LTD,Finance
BLENHEIM HIGH SCHOOL,Education
BLESSING DENTAL CARE LTD,Healthcare
BLESSING'S CARE LTD,Healthcare
BLIND VETERANS UK,Healthcare
BLINK IMAGE LIMITED,Engineering
BLINX SOLUTIONS LIMITED,Technology
BLIPPAR LIMITED,Technology
BLIS GLOBAL LTD,Technology
BLISS CARE TORQUAY LIMITED,Healthcare
BLISS SOFTWARE SOLUTIONS LTD,Technology
BLISSFUL CARE LIMITED,Healthcare
BLISSHEALTH CONCEPTS LTD,Healthcare
BLITZ CONSULTING LIMITED,Technology
BLOC DIGITAL LTD,Technology
BLOCK DOX LIMITED,Technology
BLOCK SCHOLES LTD,Technology
BLOCKAPT LIMITED,Technology
BLOCKCHAIN (GB) LIMITED,Technology
BLOCKCHAIN TECH LTD,Technology
BLOCKEYFI UK LIMITED,Technology
BLOCKS ONLINE LIMITED,Technology
BLOCKSPACE GROUP LTD,Technology
BLOODS UK LIMITED,Engineering
BLOOLOOP LIMITED,Technology
BLOOM & GONSAI LIMITED,Healthcare
BLOOM GROUP HOLDING LTD,Technology
BLOOM HEALTH GROUP LTD,Technology
BLOOMCARE GREENGABLES LTD,Healthcare
BLOOMING TULIPS MONTESSORI LTD,Education
BLOOMIQ LIMITED,Technology
BLOOMREACH UK LTD,Technology
BLOOMSBURY KG LIMITED,Healthcare
BLOOMSBURY PUBLISHING PLC,Technology
BLOOP AI LIMITED,Technology
BLOSS LTD,Technology
BLOSSOM CARE GROUP LIMITED,Healthcare
BLOSSOM CHILDREN'S HOMES LIMITED,Healthcare
BLOSSOM EDUCARE LTD,Education
BLOSSOM HCG LTD,Healthcare
BLOSSOM HEALTHCARE SOLUTIONS HERTFORDSHIRE LIMITED,Healthcare
BLOSSOM HIGH LIMITED,Healthcare
BLOSSOM SCAN LIMITED,Healthcare
BLOSSOM TREE MONTESSORI LIMITED,Education
BLOTT.IO LTD,Technology
BLOXD LTD,Technology
BLS GLOBAL LTD,Technology
BLTW CARE LTD,Healthcare
BLU MARINE LTD,Engineering
BLUCARE LIMITED,Healthcare
BLUDA INDEX LTD,Technology
BLUDOT DIGITAL LIMITED,Technology
BLUE ANGEL CARE LIMITED,Healthcare
BLUE BUTTERFLY LIMITED,Education
BLUE CAR TECHNOLOGIES LIMITED,Technology
BLUE CHIP TECHNOLOGIES LTD,Technology
BLUE COMMUNICATION LIMITED,Technology
BLUE DENTAL LABORATORY LIMITED,Healthcare
BLUE ENDEAVOUR LIMITED,Technology
BLUE FIRE AI LIMITED,Technology
BLUE FOUNTAIN CARE LIMITED,Healthcare
BLUE FRONTIER IT LTD,Technology
BLUE HERON RESEARCH PARTNERS (UK) LIMITED,Technology
BLUE HORIZON ASSET MANAGEMENT LIMITED,Finance
BLUE LILY HOME CARE LIMITED,Healthcare
BLUE LOTUS HEALTHCARE LTD,Healthcare
BLUE MAR LIMITED,Healthcare
BLUE MARINE FOUNDATION,Education
BLUE MILE CARE LTD,Healthcare
BLUE OPAL LIMITED,Healthcare
BLUE PEAR DAY NURSERY LIMITED,Healthcare
BLUE PRECISION TECHNOLOGIES LTD,Technology
BLUE PRISM LIMITED,Technology
BLUE RIBAND GROUP LIMITED,Finance
BLUE ROSE CARE LIMITED,Healthcare
BLUE SAFFRON LIMITED,Technology
BLUE SKY DENTAL LIMITED,Healthcare
BLUE SKY ENABLING LIMITED,Healthcare
BLUE SKY ERP LTD,Technology
BLUE STAR CARE LTD,Healthcare
BLUE STATE DIGITAL UK LIMITED,Technology
BLUE STRAWBERRY AI LTD,Technology
BLUE THORN TECHNOLOGY LTD,Technology
BLUE THREAD SOLUTIONS LIMITED,Technology
BLUE VENTURES CONSERVATION,Healthcare
BLUE WIRE CAPITAL LTD,Finance
BLUE YONDER TECHNOLOGY SOLUTIONS (UK) LIMITED,Technology
BLUEBELL CARE AT HOME LTD,Healthcare
BLUEBELL GROUP HOMES LTD,Healthcare
BLUEBELL HEALTHCARE LTD,Healthcare
BLUEBELL PLACE LIMITED,Healthcare
BLUEBELL RESIDENTIAL HOME LIMITED,Healthcare
BLUEBELL SUPPORT SERVICES LIMITED,Healthcare
BLUEBERRY CONSULTANCY LIMITED,Technology
BLUEBERRY SYSTEMS LIMITED,Technology
BLUEBINARIES ENGINEERING AND SOLUTIONS LTD,Engineering
BLUEBIRD SOLUTIONS LTD,Technology
BLUEBOARD CARE SERVICES LTD,Healthcare
BLUEBRIDGE ONE BUSINESS SOLUTIONS LIMITED,Technology
BLUECUBE CYBER SECURITY SOLUTIONS LIMITED,Technology
BLUEFLOAT MANAGEMENT UK LIMITED,Engineering
BLUEFRIARS BROKERS LIMITED,Finance
BLUEFRONT CARE LTD,Healthcare
BLUEJAY CARE LTD,Healthcare
BLUEKONG NETWORKS LIMITED,Technology
BLUELAYER LTD,Technology
BLUELIGHT CRM LTD,Technology
BLUELINE HEALTHCARE SOLUTIONS LTD,Healthcare
BLUELOOP LIMITED,Technology
BLUELOTUS TECHNOLOGIES LIMITED,Technology
BLUEMATRIX RESEARCH LIMITED,Technology
BLUEOPTIMA LIMITED,Technology
BLUEROSE TECHNOLOGIES LIMITED,Technology
BLUESEA TECHNOLOGY LTD,Technology
BLUESKEYE AI LTD,Technology
BLUESTAR SOFTWARE LIMITED,Technology
BLUEWATER CARE LIMITED,Healthcare
BLUEWAVESCONSULT LTD,Technology
BLUJAY SOLUTIONS LTD,Technology
BLUM HEALTH LTD,Technology
BLUPRINT GLOBAL LIMITED,Technology
BM MOBILE CARE LTD,Technology
BMA CONSULTANCY LIMITED,Technology
BMAT EDUCATION,Education
BMC HELIX UK LIMITED,Technology
BMH TUTORS LIMITED,Education
BMJ GROUPS SOLUTIONS LTD,Education
BMJ PUBLISHING GROUP LIMITED,Technology
BMS AND ELECTRICAL SERVICES LTD,Engineering
BN MANAGEMENT CONSULTANCY LIMITED,Technology
BNF CAPITAL LIMITED,Finance
BNP CARE LTD,Healthcare
BNP PARIBAS ASSET MANAGEMENT UK LIMITED,Finance
BNP PARIBAS LEASING SOLUTIONS LIMITED,Finance
BNW TECHNOLOGY LTD,Technology
BNXA UK HOLDING LIMITED,Technology
BOARD INTELLIGENCE LTD,Technology
BOARDMAN ENGINEERING AND MANAGEMENT SERVICES LTD,Engineering
BOARS TYE RESIDENTIAL HOME LTD,Healthcare
BOBA COMMODITIES LIMITED,Finance
BOBST MANCHESTER LTD,Engineering
BODITRAX TECHNOLOGIES LTD,Technology
BODRIGGY PHARMACY LTD,Healthcare
BODY & SOUL,Healthcare
BODYTONIC CLINIC LIMITED,Healthcare
BOGHANI CONSULTANCY SERVICES LTD,Technology
BOHUNT EDUCATION TRUST,Education
BOILER ROOM (UK) LIMITED,Technology
BOILERHOUSE SERVICES LIMITED,Engineering
BOITEFIN LIMITED,Finance
BOKA CAPITAL LTD,Finance
BOKES LTD,Finance
BOKU LABS LTD,Technology
BOKU NETWORK SERVICES UK LTD,Technology
BOLD ELECTRIFICATION UK LTD,Engineering
BOLD INNOVATE LTD,Technology
BOLDER ACADEMY TRUST,Education
BOLDYN NETWORKS GROUP LIMITED,Technology
BOLERO INTERNATIONAL LIMITED,Technology
BOLFF HEALTHCARE SERVICES LTD,Healthcare
BOLGIATEN LIMITED,Technology
BOLT CARE SERVICES LTD,Healthcare
BOLT INSIGHT LIMITED,Technology
BOLT SERVICES UK LIMITED,Technology
BOLTON HOSPICE,Healthcare
BOLTTECH DEVICE PROTECTION (UK) LIMITED,Finance
BOLTZ LTD,Technology
BOLTZBIT LIMITED,Technology
BOMBARDIER SERVICES (UK) LIMITED,Engineering
BON BON BEAN LIMITED,Education
BONDAVAL LTD,Finance
BONDCARE (BROMFORD) LIMITED,Healthcare
BONDCARE (DARRINGTON) LIMITED,Healthcare
BONDCARE (HALIFAX) LIMITED,Healthcare
BONDCARE (HENLEY) LIMITED,Healthcare
BONDCARE (LONDON) LTD,Healthcare
BONDCARE (REGIONS) LIMITED,Healthcare
BOOGERTMAN + PARTNERS UK LIMITED,Engineering
BOOKING WHIZZ LIMITED,Technology
BOOKTRUST,Education
BOOKWHEN LTD,Technology
BOOKYUP.COM LTD,Technology
BOOMI CORPORATION LIMITED,Technology
BOON N BLESS LIMITED,Healthcare
BOOST AI LTD,Technology
BOOST IT TECHNOLOGIES LTD,Technology
BOOTCAMP MEDIA LIMITED,Technology
BOOTH WELSH AUTOMATION LIMITED,Engineering
BORDER BUSINESS SYSTEMS LIMITED,Technology
BORDERLESS TEK LTD,Technology
BOREAS SOFTWARE AND CONSULTING LTD,Technology
BORIS SOFTWARE LIMITED,Technology
BORIUM STUDIO LIMITED,Technology
BORIVALI CONSULTANCY LIMITED,Technology
BORN SOCIAL LIMITED,Technology
BORNEL CARE LIMITED,Healthcare
BORWOOD LIMITED,Technology
BOS AEROSPACE LTD,Engineering
BOSCH REXROTH LIMITED,Engineering
BOSCH THERMOTECHNOLOGY LTD,Engineering
BOSCO CATHOLIC EDUCATION TRUST,Education
BOSE EDUTECH LIMITED,Engineering
BOSE TECHNOLOGIES LIMITED,Technology
BOSSS (UK) LIMITED,Education
BOSTON GRAMMAR SCHOOL,Education
BOSTON LIMITED,Technology
BOSTON PARTNERS (UK) LIMITED,Finance
BOSVILLE LIMITED,Healthcare
BOSWORTH DENTAL LIMITED,Healthcare
BOTANY BAY ASSET MANAGEMENT LIMITED,Finance
BOTANY HOUSE LIMITED,Healthcare
BOTIFY LIMITED,Technology
BOTT LIMITED,Engineering
BOTTOMLINE TECHNOLOGIES LIMITED,Technology
BOUCHERNE LTD,Healthcare
BOUND RATES LIMITED,Technology
BOUNTIFUL CARE & SUPPORT SERVICES LIMITED,Healthcare
BOURN HALL LIMITED,Healthcare
BOURNE EDUCATION TRUST,Education
BOURNEMOUTH RAINBOW LTD,Healthcare
BOUYANT-C LTD,Technology
BOW ADMISSION SERVICE LTD,Education
BOW MOTOR AID LIMITED,Engineering
BOWDEN DERRA PARK LIMITED,Healthcare
BOWIMI LIMITED,Technology
BOWLAND CARE SERVICES LTD,Healthcare
BOWMAN INTERNATIONAL LIMITED,Engineering
BOX BROADBAND LIMITED,Technology
BOX TECHNOLOGIES LIMITED,Technology
BOX UK LIMITED,Technology
BOXARR LIMITED,Technology
BOXER DESIGN AND MANUFACTURING LIMITED,Engineering
BOXXE LIMITED,Technology
BOYCE CARE LTD,Healthcare
BOYD TECHNOLOGIES ASHINGTON UK LIMITED,Engineering
BOYNDIE DENTAL CARE LIMITED,Healthcare
BPAV TECHNOLOGY GROUP LTD,Technology
BPG DASARI LIMITED,Technology
BPI ON DEMAND LIMITED,Technology
BR3AKFREE LIMITED,Healthcare
BRABYNS HOUSE LIMITED,Healthcare
BRACE CREATIVE AGENCY LTD,Technology
BRACSTAN INSTALLATIONS LTD,Engineering
BRADESCO SECURITIES UK LIMITED,Finance
BRADFORD ASIAN RADIO LIMITED COMPANY,Technology
BRADFORD GRINDERS (U.K.) LIMITED,Engineering
BRADLEY MURPHY DESIGN LIMITED,Engineering
BRADLEY-HOLE SCHOENAICH LANDSCAPE ARCHITECTS LIMITED,Engineering
BRADSHAW MANOR CARE LTD,Healthcare
BRADSTOCK CONSULTING ENGINEERS LTD,Engineering
BRADWELL HALL NURSING HOME LIMITED,Healthcare
BRADY TECHNOLOGIES LIMITED,Technology
BRAEBURN HOME,Healthcare
BRAERIACH LTD,Technology
BRAHAM GLAZING LTD,Engineering
BRAIDR LIMITED,Technology
BRAIN BOOSTERS ACADEMY GB LIMITED,Education
BRAIN BRIDGE TECHNOLOGY LIMITED,Technology
BRAIN LABS DIGITAL LTD,Technology
BRAIN PAYROLL UK LIMITED,Technology
BRAIN TUMOUR RESEARCH,Healthcare
BRAINERD LIMITED,Healthcare
BRAINFLOSS UK PRIVATE LIMITED,Technology
BRAINOMIX LIMITED,Technology
BRAINS HUB LTD,Technology
BRAINSTATION LEARNING LIMITED,Education
BRAINTREE LIMITED,Engineering
BRAMA CARE LTD,Healthcare
BRAMAH SECURITY CENTRES LIMITED,Engineering
BRAMBLES CARE HOME LTD,Healthcare
BRAMBLINGS (KENT) LIMITED,Healthcare
BRAMLEY HEALTH LIMITED,Healthcare
BRAMLEY HOME CARE LIMITED,Healthcare
BRAMPTON MANOR TRUST,Education
BRANCASTER CARE HOMES LIMITED,Healthcare
BRANCASTER HOMECARE LIMITED,Healthcare
BRANCHSPACE LIMITED,Technology
BRAND APPS LIMITED,Technology
BRAND TRACTION LIMITED,Technology
BRANDLAB LONDON LIMITED,Technology
BRANDPIE DIGITAL LIMITED,Technology
BRASIL WARRANT UK LIMITED,Finance
BRAVE EDUCATIONUK LIMITED,Education
BRAVE HEARTS INTERNATIONAL LIMITED,Technology
BRAVE LONDON LTD,Technology
BRAVE SOFTWARE EUROPE LTD,Technology
BRAVESMILE TECH LIMITED,Technology
BRAVO CARE LIMITED,Healthcare
BRAVOSOLUTION UK LIMITED,Technology
BRAVURA SOLUTIONS (UK) LIMITED,Technology
BRAWN POWER LTD,Technology
BRB CAPITAL MANAGEMENT LIMITED,Finance
BREAK BARRIERS (NOTTINGHAM) LTD,Healthcare
BREAKFORTH MENTAL HEALTH SUPPORT SERVICES LIMITED,Education
BREAKWELL SUMNER PARTNERSHIP LIMITED,Engineering
BREATHE BATTERY TECHNOLOGIES LIMITED,Engineering
BREECARE LIMITED,Healthcare
BREEZ TECHNOLOGY LIMITED,Technology
BREEZE CONNECT LTD.,Education
BRENPOWER LTD,Technology
BRENT CENTRE FOR YOUNG PEOPLE,Healthcare
BRENT MENCAP,Healthcare
BRENTFORD SCHOOL FOR GIRLS,Education
BRENTINNOVATE LTD,Technology
BRENTSIDE PRIMARY ACADEMY,Education
BRETBY CARE HOME LIMITED,Healthcare
BREVAN HOWARD ASSET MANAGEMENT SERVICES LIMITED,Finance
BRG INFOTECH LIMITED,Technology
BRIARLEA CARE & SUPPORTED LIVING LIMITED,Healthcare
BRICEAMERY CAPITAL LTD,Finance
BRICKENDON CONSULTING LIMITED,Technology
BRICKLANE TECHNOLOGIES LTD,Technology
BRICKS TO BLOCKS LTD,Engineering
BRICKWISE LABS LTD,Technology
BRICLOGIX TECHNOLOGIES LTD,Technology
BRICZ SUPPLY CHAIN LTD,Technology
BRIDGE ACADEMY TRUST,Education
BRIDGE DENTAL PRACTICE LIMITED,Healthcare
BRIDGE HOUSE HOLDINGS LIMITED,Healthcare
BRIDGE OF DON SMILE LTD,Healthcare
BRIDGE STREET NEWS & SNACKS LTD,Technology
BRIDGE TO CARE HOUSING LIMITED,Healthcare
BRIDGE2FUTURE LTD,Healthcare
BRIDGECARE SOLUTIONS LTD,Healthcare
BRIDGEHEAD SOFTWARE LIMITED,Technology
BRIDGEN GROUP LIMITED,Technology
BRIDGEPARK CAPITAL LTD,Finance
BRIDGEPOINT ADVISERS LIMITED,Finance
BRIDGEPOINT ALLIANCE LTD,Healthcare
BRIDGES FUND MANAGEMENT LIMITED,Finance
BRIDGEVIEW RESIDENTIAL HOME LTD,Healthcare
BRIDGEWOOD TRUST LIMITED,Healthcare
BRIDGING GAPS LIMITED,Education
BRIELLE HEALTHCARE SERVICES LTD,Healthcare
BRIERLEY CARE LTD,Healthcare
BRIGANTIA LEARNING TRUST LIMITED,Education
BRIGGS OF BURTON PLC,Engineering
BRIGHAM YOUNG UNIVERSITY LIMITED,Education
BRIGHT BIOTECH LIMITED,Engineering
BRIGHT CARE 4U LTD,Healthcare
BRIGHT FUTURE TUITION LTD,Education
BRIGHT FUTURES EDUCATIONAL TRUST,Education
BRIGHT FUTURES SC LTD,Healthcare
BRIGHT HOMECARE LTD,Healthcare
BRIGHT INTERGRATED CARE LTD,Healthcare
BRIGHT KIDS DAY NURSERY LTD,Education
BRIGHT LINE CHILDCARE LTD,Healthcare
BRIGHT ORIGIN NURSERY LIMITED,Education
BRIGHT PATHWAY LTD,Education
BRIGHT SG LIMITED,Technology
BRIGHT SITES CONSULTING LIMITED,Technology
BRIGHT SOJOURNER LIMITED,Education
BRIGHT TINEY HOME NURSERY LTD,Healthcare
BRIGHT TRAINING & ASSESSMENT LTD,Technology
BRIGHT TUTORS LTD,Education
BRIGHTBLESSING HEALTHCARE LTD,Healthcare
BRIGHTEC LTD,Technology
BRIGHTEDGE ACADEMY LIMITED,Education
BRIGHTENING LIVES LTD,Healthcare
BRIGHTER DAYS CARE AT HOME LTD,Healthcare
BRIGHTER FUTURE SERVICES LIMITED,Healthcare
BRIGHTER PATHWAYS NW LTD,Healthcare
BRIGHTLIGHT SUPPORT LTD,Healthcare
BRIGHTLINK POWER TESTING LIMITED,Engineering
BRIGHTLY SOFTWARE LIMITED,Technology
BRIGHTMARK SOLUTIONS LTD,Technology
BRIGHTMINDED LTD,Technology
BRIGHTON COLLEGE,Education
BRIGHTON FERTILITY ASSOCIATES LTD,Healthcare
BRIGHTON PARK CAPITAL UK LIMITED,Finance
BRIGHTSKY YOUTH SERVICES LIMITED,Healthcare
BRIINK INTELLIGENCE UK LTD,Technology
BRILLIANT TOTS LIMITED,Healthcare
BRILLIO UK LIMITED,Technology
BRINDLEY CAPITAL GROUP LIMITED,Finance
BRINGG UK LIMITED,Technology
BRINGING YOU TOGETHER LIMITED,Technology
BRINGO GROUP LTD,Technology
BRINK TECHNOLOGY LTD,Technology
BRISCA HEALTHCARE LTD,Healthcare
BRISFIX LTD,Engineering
BRISTOL CARE HOMES LIMITED,Healthcare
BRISTOL DRUGS PROJECT LIMITED,Healthcare
BRISTOL MUSIC TRUST,Education
BRISTOL SCHOOL OF ACTING LTD,Education
BRITANNIA EDUCATION TRUST,Education
BRITANNIA FOSTERING AGENCY LIMITED,Healthcare
BRITANNIA GLOBAL INVESTMENTS LIMITED,Finance
BRITANNIA SCHOOL OF ACADEMICS LTD,Education
BRITCENT LTD,Education
BRITESTONE ENTERPRISES LTD,Technology
BRITEYELLOW LIMITED,Technology
BRITGREEN ENERGY LTD,Engineering
BRITISH AIRWAYS ENGINEERING GATWICK LIMITED,Engineering
BRITISH CHINA INTERNATIONAL CONSULTING LIMITED,Education
BRITISH HEART FOUNDATION,Healthcare
BRITISH INTERNATIONAL INVESTMENT PLC,Finance
BRITISH PSYCHOTHERAPY FOUNDATION,Education
BRITISH REMA ROTARY ENGINEERING LTD,Engineering
BRITMATE LTD,Technology
BRITMED HEALTHCARE LTD,Healthcare
BRITS ENERGY LIMITED,Technology
BRITSCHOOL4U LTD,Education
BRITSUPPLIES LIMITED,Engineering
BRITTANIA CONSULTANCY SERVICES LTD,Technology
BRITZKE NUTRITION LTD.,Healthcare
BROAD FINTECH LTD,Finance
BROAD VISIONS TECHNOLOGIES LTD,Technology
BROADCOM EUROPE LIMITED,Engineering
BROADENING CHOICES FOR OLDER PEOPLE,Healthcare
BROADLEAF PARTNERSHIP TRUST,Education
BROADMEAD RESTHOME LTD,Healthcare
BROADSHEET MEDIA UK LIMITED,Technology
BROADSTONE CORPORATE BENEFITS LIMITED,Finance
BROADSTREET HOUSE LIMITED,Healthcare
BROADWAY ACADEMY TRUST,Education
BROADWAY BRASS LIMITED,Engineering
BROADY FLOW CONTROL LIMITED,Engineering
BROCK SOLUTIONS UK LIMITED,Engineering
BROCK STREET DENTAL PRACTICE LIMITED,Healthcare
BROCKHILL PARK PERFORMING ARTS COLLEGE,Education
BROD SERVICES LTD,Technology
BRODIE CONSULTING LIMITED,Finance
BROMLEY HEALTHCARE COMMUNITY INTEREST COMPANY,Healthcare
BROMPTON LODGE RESIDENTIAL HOME LIMITED,Healthcare
BROMSGROVE QUALITY HOMECARE LIMITED,Healthcare
BROMSGROVE SCHOOL,Education
BRON LABS LIMITED,Technology
BRONDESBURY LODGE LIMITED,Healthcare
BRONZE TOWER (DBI) LIMITED,Education
BROOK HOUSE HEALTH LTD,Healthcare
BROOK LANE REST HOME LIMITED,Healthcare
BROOK MEDICAL PARTNERSHIP LIMITED,Healthcare
BROOKDALE CARE HOME LIMITED,Healthcare
BROOKE HEALTHCARE LTD,Healthcare
BROOKE HOUSE CARE LTD,Healthcare
BROOKES HOME CARE SERVICES LIMITED,Healthcare
BROOKFIELD ASSET MANAGER (UK) HOLDCO LIMITED,Finance
BROOKFIELD FINANCIAL PLANNING LTD,Finance
BROOKHAVEN CARE LIMITED,Healthcare
BROOKLAND FINANCIAL LIMITED,Finance
BROOKLANDS CARE HOME LTD,Healthcare
BROOKLANDS FS LIMITED,Finance
BROOKLANDS PHARMACY LIMITED,Healthcare
BROOKLANDS REST HOME LIMITED,Healthcare
BROOKLYN CARE HOMES LIMITED,Healthcare
BROOKLYN CARE LIMITED,Healthcare
BROOKLYN DOUBLE GLAZING LIMITED,Engineering
BROOKMOUNT CARE HOME LTD,Healthcare
BROOKS RESOURCE ACADEMY LIMITED,Education
BROOKSBANK VALVES LIMITED,Engineering
BROOKSVIEW HEALTHCARE LTD,Healthcare
BROSPLY LTD,Technology
BROTHERS BRIDGE TECHNOLOGY LTD,Technology
BROUGHTON DENTAL PRACTICE LIMITED,Healthcare
BROUGHTON HALL CARE LIMITED,Healthcare
BROUGHTON LIFE SCIENCES LIMITED,Engineering
BROWLINE CONSULTING LTD,Technology
BROWN & BROWN (EUROPE) LIMITED,Finance
BROWN & COMPANY ARCHITECTS LTD,Engineering
BROWN EARTH TECHNOLOGIES UK LIMITED,Technology
BROWNHILL CARE LIMITED,Healthcare
BROWNLOW ENTERPRISES LIMITED,Healthcare
BROWSERSTACK UK LTD,Technology
BROXBURN SMILE CENTRE LTD,Healthcare
BRS CONSULTING LTD,Technology
BRS TECHNOLOGY LIMITED,Technology
BRSK LIMITED,Technology
BRUHATI SOLUTIONS LTD,Technology
BRUSH GROUP LIMITED,Finance
BRUTON SCHOOL FOR GIRLS,Education
BRYDEN CARE LTD,Healthcare
BRYDG CAPITAL LTD,Finance
BRYN DAVAN CARE LTD,Healthcare
BRYN ILLTYD CARE HOME LTD,Healthcare
BRYN-Y-MOR LTD,Healthcare
BRYNMAWR CARE VILLAGE LTD,Healthcare
BRYSON HOUSE LTD,Healthcare
BRYTER SERVICES UK LIMITED,Technology
BS TECH SOLUTIONS LTD,Technology
BS24 LIMITED,Healthcare
BSBI CONSULTING LIMITED,Technology
BSBL UK LIMITED,Engineering
BSKT GROUP LIMITED,Technology
BSMART LONDON LIMITED,Finance
BSMS LONDON UK LTD,Education
BSOFT TECHNOLOGIES LTD,Technology
BT PENSION SCHEME MANAGEMENT LIMITED,Finance
BTECH SUPPORT LTD,Technology
BTECH&CO LTD,Technology
BTG PACTUAL (UK) LIMITED,Finance
BTIG LIMITED,Finance
BTRT LTD,Technology
BTS FABRICATIONS LIMITED,Engineering
BU BREGAL UNTERNEHMERKAPITAL UK LTD,Finance
BUBBLE IT SOLUTIONS LIMITED,Technology
BUBO AI LTD,Technology
BUD FINANCIAL LIMITED,Technology
BUDENBERG GAUGE COMPANY LIMITED,Engineering
BUGNI LABS LTD,Technology
BUGSHAN BRITISH COMPANY LIMITED,Finance
BUI LTD,Technology
BUILD SOLAR LTD,Engineering
BUILD WARRANTY INSURANCE SERVICES LTD,Finance
BUILDOTS UK LIMITED,Technology
BUILDPARTNER TECHNOLOGY LTD,Technology
BUILTVISIBLE LIMITED,Technology
BUKCS LIMITED,Healthcare
BULKHEAD LIMITED,Technology
BULLETPROOF CYBER LTD,Technology
BULLSEYE FINANCIAL LTD,Finance
BUMADE HEALTHCARE SERVICES LTD,Healthcare
BUMBLE BEES DAY NURSERY LTD,Education
BUMBLEBEE IT SOLUTIONS LTD,Technology
BUMPER INTERNATIONAL LIMITED,Finance
BUOYANT CARE UK LIMITED,Healthcare
BUPA OCCUPATIONAL HEALTH LIMITED,Healthcare
BURDA PRINCIPAL INVESTMENTS LIMITED,Finance
BUREAU CONSULTING LIMITED,Technology
BUREAU PROBERTS INTERNATIONAL LIMITED,Engineering
BURFORD CAPITAL (UK) LIMITED,Finance
BURGUNDY CARE SERVICES LTD,Healthcare
BURLINGTON MEDIA GROUP LTD,Technology
BURLINGTON NURSING HOME LIMITED,Healthcare
BURLINGTON SCHOOL LIMITED,Education
BURNS & MCDONNELL EUROPE (UK) LIMITED,Engineering
BURO HAPPOLD ENGINEERS LIMITED,Engineering
BURRELL & MISTRY LTD,Engineering
BURRELL CARE LTD,Healthcare
BURSON BUCHANAN LIMITED,Finance
BURTON HEALTHCARE LIMITED,Healthcare
BURTON INTERNATIONAL CONSULTANCY LIMITED,Education
BUSBY HOUSE DENTAL CENTRE LIMITED,Healthcare
BUSCON LIMITED,Technology
BUSH HOUSE PEMBROKE LIMITED,Healthcare
BUSINESS COMMUNICATIONS AND SERVICES GROUP LIMITED,Technology
BUSINESS CONNEXION LIMITED,Technology
BUSINESS DISABILITY FORUM,Healthcare
BUSINESS EXCELLENCE EUROPE LIMITED,Technology
BUSINESS INSIDER EUROPE LIMITED,Technology
BUSINESS INSIGHTS PRIVATE LIMITED,Technology
BUSINESS INSURANCE SOLUTIONS LIMITED,Finance
BUSINESS INTELLIGENCE AND STRATEGY LIMITED,Technology
BUSINESS SCHOOL ENGLAND LIMITED,Education
BUSINESS SCIENCE CORPORATION LTD,Technology
BUSINESS SYSTEMS (U.K.) LIMITED,Engineering
BUSINESS SYSTEMS INTERNATIONAL LTD.,Technology
BUSINESS TOGETHER LIMITED,Technology
BUSINESS TOOLS AND SOLUTIONS LIMITED,Technology
BUSINESSMOBILES.COM LTD,Technology
BUSINESSOPTIX LIMITED,Technology
BUSUU LIMITED,Technology
BUSY BEES CARE LIMITED,Healthcare
BUTACARE LIMITED,Healthcare
BUTE HOUSE PREPARATORY SCHOOL FOR GIRLS LIMITED,Education
BUTLER INVESTMENT MANAGERS LIMITED,Finance
BUTTERCROSS DENTAL LTD,Healthcare
BUTTERFLY CHILDMINDING LTD,Healthcare
BUTTERFLY PROJECTS LTD,Technology
BUTTON TECH UK LIMITED,Technology
BUYERDECK LIMITED,Technology
BUZZ RADAR LIMITED,Technology
BUZZFEED UK LIMITED,Technology
BVN UK ARCHITECTURE LTD,Engineering
BVNK SERVICES LIMITED,Finance
BVP UK & EUROPE INVESTORS LIMITED,Finance
BW BUSINESS SOLUTIONS (UK) LTD,Education
BW CDMO HOLDINGS UK LIMITED,Finance
BW FLEXIBLE SYSTEMS UK LIMITED,Engineering
BW OFFSHORE (UK) LIMITED,Engineering
BWA HEALTH & CARE SERVICES LTD,Healthcare
BWAM UK LIMITED,Finance
BYLAND ENGINEERING LIMITED,Engineering
BYNDER LIMITED,Technology
BYRNE LOOBY PARTNERS (UK) LIMITED,Technology
BYTES SOFTWARE SERVICES LIMITED,Technology
BYTESNAP DESIGN LIMITED,Technology
BZ TECHNOLOGY LIMITED,Technology
C & C RESERVOIRS LIMITED,Engineering
C & K HEALTHCARE LIMITED,Healthcare
C & M WEALTH INTERNATIONAL LTD,Finance
C SQUARED NETWORKS LTD,Technology
C THE SIGNS LIMITED,Technology
C VAP CIC,Education
C W RESEARCH LIMITED,Technology
C WZRD LIMITED,Education
C&O SLS LIMITED,Healthcare
C-CHANGE SCOTLAND,Healthcare
C-MART SOLUTIONS LIMITED,Technology
C. HOARE & CO.,Finance
C.E.A.TOWNE(SHIP RIGGERS)LIMITED,Engineering
C.K. CRANE (INTERNATIONAL) LIMITED,Engineering
C24 HEALTHCARE LTD,Healthcare
C2FO LTD,Technology
C3 MEDIA LIMITED,Technology
C40 CITIES CLIMATE LEADERSHIP UK,Engineering
C6 DIGITAL LTD,Technology
CA AUTO FINANCE UK LTD,Finance
CAA ICON UK LIMITED,Finance
CAAFI HEALTH CIC,Education
CAAL LIMITED,Technology
CAB MANAGEMENT SYSTEM LTD,Technology
CABLE AND DEVICES UK LIMITED,Technology
CABLE AND SPLICING SERVICES LIMITED,Technology
CABOT LEARNING FEDERATION,Education
CABOT UK HOLDCO LIMITED,Finance
CACHE NET IT LIMITED,Technology
CACI LIMITED,Technology
CACTUS COMMUNICATIONS LIMITED,Healthcare
CAD ARCHITECTURE (MIDLANDS) LTD,Engineering
CAD CAM CONSULTANCY LTD,Engineering
CADJU LIMITED,Technology
CADOG HOMECARE LTD,Healthcare
CADONIX LTD,Technology
CADUCIFER MEDICAL SERVICES LIMITED,Healthcare
CAE (UK) PLC,Engineering
CAE TECHNOLOGY SERVICES LIMITED,Technology
CAERUS LIFECARE LIMITED,Healthcare
CAESARS TRADING AND TECHNOLOGY SERVICES LIMITED,Finance
CAESIGMA SOLUTIONS UK LTD,Technology
CAF RAIL UK LIMITED,Engineering
CAFETAX UK LIMITED,Technology
CAGAN TECH LIMITED,Technology
CAIMAN SOFTWARE DEVELOPMENT LIMITED,Technology
CAIRLLUM CARE LTD,Healthcare
CAIRNHILL STRUCTURES LIMITED,Engineering
CAIUS CAPITAL SERVICES LIMITED,Finance
CALCINOTTO LIMITED,Engineering
CALDERDALE HOME CARE LIMITED,Healthcare
CALDWELL & BELING LTD,Healthcare
CALDWELL CONSULTING ENGINEERS LIMITED,Engineering
CALEDONIAN CARE CONSULTANTS LTD,Healthcare
CALENDULA (BEBINGTON) LIMITED,Healthcare
CALEY HOME CARE LTD,Healthcare
CALIBRE GLOBAL LIMITED,Technology
CALIBRECODE SOLUTIONS LTD,Technology
CALIFORNIA BIDCO LIMITED,Finance
CALIGRA LTD,Technology
CALISTAA LIMITED,Healthcare
CALL SYSTEMS TECHNOLOGY LIMITED,Technology
CALLIGO (UK) LIMITED,Technology
CALLMARKER UK LTD,Technology
CALLOSUM LTD,Engineering
CALLQUEST FOR CARE LIMITED,Healthcare
CALLS9 LIMITED,Technology
CALM FUTURES LTD,Healthcare
CALNEX SOLUTIONS PLC,Technology
CALROM LIMITED,Technology
CALSAN LIMITED,Healthcare
CALTON SYSTEMS LIMITED,Healthcare
CALVARY CARE LTD,Healthcare
CALVERCARE LIMITED,Healthcare
CALYX SOLUTIONS UK LTD,Technology
CAMASCOPE LIMITED,Technology
CAMBIO HEALTHCARE SYSTEMS LIMITED,Technology
CAMBRIAN ROBOTICS LIMITED,Technology
CAMBRIDGE ALLERGY LTD,Engineering
CAMBRIDGE ARTS & SCIENCES LIMITED,Education
CAMBRIDGE ASSOCIATES LIMITED,Finance
CAMBRIDGE CARE COMPANY LIMITED,Healthcare
CAMBRIDGE CENTER FOR EDUCATION EXCHANGE LTD,Education
CAMBRIDGE CITY COMPANY LIMITED,Education
CAMBRIDGE COLLEGE OF MANAGEMENT AND SCIENCES LTD,Education
CAMBRIDGE CONSULTANTS LIMITED,Engineering
CAMBRIDGE CULTURE EXCHANGE LTD,Education
CAMBRIDGE DENTAL HUB LTD,Healthcare
CAMBRIDGE DREAM LIMITED,Education
CAMBRIDGE DYNAMICS LIMITED,Engineering
CAMBRIDGE FINANCE LTD,Technology
CAMBRIDGE GAN DEVICES LIMITED,Engineering
CAMBRIDGE GUARANTEE LIMITED,Finance
CAMBRIDGE HOUSE AND TALBOT,Healthcare
CAMBRIDGE INNOVATION CAPITAL LIMITED,Finance
CAMBRIDGE MICROELECTRONICS LTD,Engineering
CAMBRIDGE MONTESSORI LTD,Education
CAMBRIDGE NUTRANOSTICS LIMITED,Engineering
CAMBRIDGE PHENOTYPING LIMITED,Engineering
CAMBRIDGE PHOTON TECHNOLOGY LIMITED,Engineering
CAMBRIDGE SENSORIIS LTD,Engineering
CAMBRIDGE SMART PLASTICS LIMITED,Engineering
CAMBRIDGE SPORTS MEDICINE CENTRE LTD,Healthcare
CAMBRIDGE STAR COLLEGE LTD,Education
CAMBRIDGE STEINER SCHOOL PROJECT,Education
CAMBRIDGESHIRE INNOVATION CENTRE LTD,Finance
CAMBUSTION LIMITED,Engineering
CAMCAP MARKETS LIMITED,Finance
CAMDEN HEALTH EVOLUTION LTD,Healthcare
CAMDEN HIGH STREET PRACTICE LIMITED,Healthcare
CAMELOT CARE (YEOVIL) LTD,Healthcare
CAMERON FLOW CONTROL TECHNOLOGY (UK) LIMITED,Engineering
CAMION INFRASTRUCTURE LIMITED,Technology
CAMPAIGN MONITOR EUROPE UK LTD,Technology
CAMPBELL DENTAL PRACTICE LTD,Healthcare
CAMPDEN BRI (CHIPPING CAMPDEN) LIMITED,Engineering
CAMPHILL COMMUNITY CLANABOGAN,Healthcare
CAMPHILL COMMUNITY GLENCRAIG,Healthcare
CAMPHILL COMMUNITY MOURNE GRANGE,Healthcare
CAMPION CAPITAL LIMITED,Finance
CAMPSTEAD LTD,Technology
CAMRON PUBLIC RELATIONS LIMITED,Technology
CAMSHOPPING LIMITED,Technology
CAMVISION EDUCATION LIMITED,Education
CAMWORTH LIMITED,Technology
CANACCORD GENUITY LIMITED,Finance
CANACCORD GENUITY WEALTH LIMITED,Finance
CANALIS TECHNOLOGY LIMITED,Engineering
CANAPII LIMITED,Technology
CANARY CARE SERVICES LTD,Healthcare
CANARY HOUSE CARE LIMITED,Healthcare
CANBURY PRESS LTD,Technology
CANCER RESEARCH UK,Healthcare
CANDELA HEALTHCARE LTD,Healthcare
CANDLEFOX LIMITED,Technology
CANDU LABS LIMITED,Technology
CANNA CARE PHARMA LIMITED,Healthcare
CANNOCK CHASE AND SOUTH STAFFORDSHIRE CARE 28 LIMITED,Healthcare
CANONICAL UK LIMITED,Technology
CANONS HIGH SCHOOL,Education
CANOPY EDUCATION CIC,Technology
CANPACK UK LIMITED,Engineering
CANSFORD LABORATORIES LIMITED,Healthcare
CANTAB RESEARCH LIMITED,Technology
CANTERBURY CARE HOMES LIMITED,Healthcare
CANTERBURY CHRIST CHURCH UNIVERSITY,Education
CANTOURAGE HOLDINGS LTD,Finance
CANVAS8 LIMITED,Technology
CANVERSE GAMES LTD,Technology
CANWICK HOUSE CARE HOME LIMITED,Healthcare
CAONIMA MANDARIN LTD,Education
CAP CODER LIMITED,Engineering
CAPABILITY SCOTLAND,Education
CAPACITY PLACE LIMITED,Finance
CAPCHASE UK LIMITED,Finance
CAPE ANN ASSET MANAGEMENT LTD,Finance
CAPECOM LTD,Technology
CAPELLA CARE LIMITED,Healthcare
CAPGEMINI UK PLC,Technology
CAPI MONEY UK LTD,Finance
CAPILLARY TECHNOLOGIES EUROPE LIMITED,Technology
CAPITA PENSION SOLUTIONS LIMITED,Finance
CAPITA PLC,Technology
CAPITAL CLIENTS LTD,Technology
CAPITAL COMPUTER SOFTWARE LTD,Technology
CAPITAL ENTERPRISE INVESTMENTS LIMITED,Finance
CAPITAL INTEGRATION SYSTEMS UK LIMITED,Technology
CAPITAL INTERNATIONAL LIMITED,Finance
CAPITAL ONE (EUROPE) PLC,Finance
CAPITAL PROPERTY & CONSTRUCTION CONSULTANTS LTD,Engineering
CAPITAL TECH LIMITED,Technology
CAPITALRISE FINANCE LIMITED,Finance
CAPITRAD ADVISORS LIMITED,Finance
CAPLIN SYSTEMS LIMITED,Technology
CAPRI HEALTHCARE LTD,Technology
CAPRICORN WEALTH MANAGEMENT LIMITED,Finance
CAPROCK UK LIMITED,Technology
CAPSA.AI LTD,Technology
CAPSID BIOTECHNOLOGY LTD,Engineering
CAPSIL LIMITED,Finance
CAPSTONE CARE LIMITED,Healthcare
CAPSTONE IT SOLUTIONS LTD,Technology
CAPTUR LIMITED,Technology
CAPTURE ENERGY LTD,Technology
CAPULA LIMITED,Technology
CARA TECHNOLOGY LIMITED,Technology
CARADON HEALTHCARE LTD,Healthcare
CARBOLITE GERO LIMITED,Engineering
CARBON UNDERWRITING LIMITED,Finance
CARBONPLACE UK LIMITED,Finance
CARD GEOTECHNICS LIMITED,Engineering
CARD TRANSACT LIMITED,Finance
CARDANO ADVISORY LIMITED,Finance
CARDIAC DPOW LIMITED,Healthcare
CARDIAC RISK IN THE YOUNG,Healthcare
CARDIATEC BIOSCIENCES LTD,Engineering
CARDIFF & VALE CARING 4 U LIMITED,Healthcare
CARDIFF MONTESSORI SCHOOL LIMITED,Education
CARDINAL INSURANCE MANAGEMENT SYSTEMS LIMITED,Technology
CARDLANE LIMITED,Education
CARDO GROUP LIMITED,Finance
CARDONET CONSULTANCY LTD,Technology
CARDONET LIMITED,Technology
CARDUN CARE CIC,Healthcare
CARE & CARERS LTD,Healthcare
CARE & GRACE LTD,Healthcare
CARE 2 SHARE LIMITED,Healthcare
CARE 2 U LIMITED,Healthcare
CARE 24 (UK) LIMITED,Healthcare
CARE 24-7 LIMITED,Healthcare
CARE 4 CARE SERVICES LTD,Healthcare
CARE 4 J LIMITED,Healthcare
CARE 4 U (C4U) LTD,Healthcare
CARE 4 YOU MANCHESTER LTD,Healthcare
CARE 4U CARE LIMITED,Healthcare
CARE 4U SERVICES (MIDLANDS) LTD,Healthcare
CARE ACRE LIMITED,Healthcare
CARE AGENCY SERVICES LTD,Healthcare
CARE AND COMPASSION AGENCY LTD,Healthcare
CARE AND HOMES LIMITED,Healthcare
CARE AND MANAGEMENT SERVICES LIMITED,Healthcare
CARE AND SUPPORT (RESOURCE) SERVICES LTD,Healthcare
CARE AND SUPPORT TM LTD,Healthcare
CARE AND TRUST LIMITED,Healthcare
CARE ANGELS HOMECARE LIMITED,Healthcare
CARE ASSIST LIMITED,Healthcare
CARE AT HOME (MIDLANDS) LIMITED,Healthcare
CARE AT HOME GROUP LTD,Healthcare
CARE AT HOME READING LIMITED,Healthcare
CARE AT HOME SERVICES LIMITED,Healthcare
CARE AT MY HOME LTD,Healthcare
CARE CENTRAL LTD,Healthcare
CARE CENTRE INC LTD,Healthcare
CARE CHOICE+ LTD,Healthcare
CARE CIRCLE LTD,Healthcare
CARE CONFIDENCE LTD,Healthcare
CARE CONNECT BURY LTD,Healthcare
CARE CONNECT CHESHIRE LTD,Healthcare
CARE CONSORTIUM (BIDDULPH) LIMITED,Healthcare
CARE CORRECT LTD,Healthcare
CARE COVER LIMITED,Healthcare
CARE CYMRU SERVICES LIMITED,Healthcare
CARE DENTAL LTD,Healthcare
CARE DIRECT 24 LIMITED,Healthcare
CARE DIRECT RECRUITMENT LTD,Healthcare
CARE EPSOM & REIGATE LIMITED,Healthcare
CARE ESTEEM LIMITED,Technology
CARE FIRST (SMETHWICK) LTD,Healthcare
CARE FIRST 24 LTD,Healthcare
CARE FIRST SERVICES LIMITED,Healthcare
CARE FOR VETERANS,Healthcare
CARE FOR YOUR LIFE LTD,Healthcare
CARE FORCE LIMITED,Healthcare
CARE GATES SERVICES LTD,Healthcare
CARE HAND SERVICE LTD,Healthcare
CARE HERTS LIMITED,Healthcare
CARE HIRES LIMITED,Technology
CARE HOMES OF DISTINCTION LIMITED,Healthcare
CARE IMPACT LTD,Healthcare
CARE IN HANDS LIMITED,Healthcare
CARE INT LIMITED,Education
CARE INTERNATIONAL UK,Healthcare
CARE JUST 4U LIMITED,Healthcare
CARE LABEL LTD,Healthcare
CARE MATTERS (WILTSHIRE) LIMITED,Healthcare
CARE ME LTD,Healthcare
CARE MEDICAL LIMITED,Healthcare
CARE MK LTD,Healthcare
CARE MOMENTS HEALTHCARE LTD,Healthcare
CARE MORE LIMITED,Healthcare
CARE NAVIGATION LTD,Healthcare
CARE NEXUS LTD,Healthcare
CARE NO1 LTD,Healthcare
CARE OUTLOOK LTD,Healthcare
CARE PARTNERS HEALTH CARE LTD,Healthcare
CARE PERFECT LTD,Healthcare
CARE PERSPECTIVES LIMITED,Healthcare
CARE PESPECTIVE LTD,Healthcare
CARE PLUS DEVON LTD,Healthcare
CARE PLUS MORE LTD,Healthcare
CARE PLUS NW LIMITED,Technology
CARE PLUS RECRUITMENT AGENCY LIMITED,Healthcare
CARE PRO (SOUTH EAST) LIMITED,Healthcare
CARE PROMISE LIMITED,Healthcare
CARE QTERS LTD,Healthcare
CARE REHAB LTD,Healthcare
CARE SANTE LONDON LIMITED,Healthcare
CARE SHIELD SERVICES LIMITED,Healthcare
CARE SOLUTION BUREAU CIC,Healthcare
CARE SOLUTIONS HOMECARE LTD,Healthcare
CARE SOUTH,Healthcare
CARE STAFF LTD,Technology
CARE STAFF SERVICES LTD,Healthcare
CARE SUPPORT MK LTD,Healthcare
CARE SUPPORT SCOTLAND LTD,Healthcare
CARE SUPREME LTD,Healthcare
CARE SYSTEMS (UK) LIMITED,Technology
CARE TO YOU HEALTHCARE LIMITED,Healthcare
CARE TOGETHER LIMITED,Healthcare
CARE U CARE LTD,Healthcare
CARE UNBOUND LIMITED,Healthcare
CARE UNITE LTD,Healthcare
CARE WITH PRIDE LEICESTER LTD,Education
CARE WITH PRIDE LTD,Education
CARE WITHIN LTD,Healthcare
CARE WORLD AGENCY LTD,Healthcare
CARE XY LIMITED,Healthcare
CARE-A-LOT LIMITED,Healthcare
CARE-IN-WALES LTD,Healthcare
CARE1 PROFESSIONAL SERVICES LTD,Healthcare
CARE24 RECRUITMENT LTD,Healthcare
CARE2CARE (YORKSHIRE) LTD,Healthcare
CARE2HOME LTD,Healthcare
CARE2VICTORY SERVICES LTD,Healthcare
CARE4LESS LIMITED,Healthcare
CARE4OCUS LTD,Healthcare
CARE4U TWENTYFOUR LTD,Healthcare
CARE4U WE LTD,Healthcare
CAREBERRY SOFTWARE LTD,Technology
CAREBRIDGE (UK) LIMITED,Healthcare
CARECALL SERVICES LIMITED,Healthcare
CARECROFT LTD,Healthcare
CARED CARE LIMITED,Healthcare
CAREDO LTD,Healthcare
CAREDOM HEALTHCARE LIMITED,Healthcare
CAREER TUTORS LIMITED,Education
CAREFORYOU LTD,Healthcare
CAREFRONT CARE SERVICES LTD,Healthcare
CAREHART LIMITED,Healthcare
CAREHOST SERVICES LIMITED,Healthcare
CARELIFE LTD,Healthcare
CARELIGHT LIMITED,Engineering
CARELINE LIFESTYLES (UK) LTD,Healthcare
CAREMAID SERVICES LIMITED,Healthcare
CAREMARK LIMITED,Healthcare
CARENOVA LTD,Healthcare
CAREPLUS HEALTHCARE SERVICES LTD,Healthcare
CAREPOINT SERVICES LIMITED,Healthcare
CAREPRIDE LIMITED,Healthcare
CARER CONNECT LIMITED,Technology
CARERS 4 U LTD,Healthcare
CARERS AT HOME LIMITED,Healthcare
CARERS IN HERTFORDSHIRE,Healthcare
CARERS TO YOU LTD,Healthcare
CARERS WITH CARE LIMITED,Healthcare
CARESOFT ENGINEERING SERVICES LIMITED,Engineering
CARESOFT GLOBAL LIMITED,Technology
CARESURE LIMITED,Healthcare
CARETOUCH LIMITED,Healthcare
CAREUK LIVING LTD,Healthcare
CAREVANTAGE LTD,Healthcare
CAREWISE LTD,Healthcare
CAREYOURWAY HOMECARE LTD,Healthcare
CARGENBRIDGE LIMITED,Healthcare
CARGOCORP UK LTD,Finance
CARHOLME DENTAL GROUP LIMITED,Finance
CARIAD CARE GROUP LTD,Healthcare
CARING ANGELS LTD,Healthcare
CARING ARMS TOGETHER LTD,Healthcare
CARING CARE LIMITED,Healthcare
CARING CONNECTIONS LIMITED,Healthcare
CARING CREW LIMITED,Healthcare
CARING FEATHERS LTD,Healthcare
CARING FOCUS LIMITED,Healthcare
CARING FOR CARE LIMITED,Education
CARING HANDS HOME CARE SERVICES LTD,Healthcare
CARING HANDS LIMITED,Healthcare
CARING HEARTS HOMECARE LTD,Healthcare
CARING HOLDING TOPCO LTD,Finance
CARING LANE LIMITED,Healthcare
CARING PROFESSIONAL SOLUTIONS LIMITED,Healthcare
CARINGHEARTS SUPPORT SERVICES LTD,Healthcare
CARINGPLUS HEALTHCARE SERVICES LTD,Healthcare
CARINGSMART LTD,Healthcare
CARISBROOK DENTAL CARE LTD,Healthcare
CARISBROOKE DENTAL LEICESTER LIMITED,Healthcare
CARISBROOKE HEALTHCARE LTD,Healthcare
CARITAS DIOCESE OF SALFORD,Healthcare
CARITAS SUPPORT LTD,Healthcare
CARLETON COURT RESIDENTIAL HOME LTD,Healthcare
CARLTON DESIGN PARTNERSHIP LIMITED,Engineering
CARLTON HALL LIMITED,Healthcare
CARLUKE DIGNITY CARE LTD,Healthcare
CARMAND LTD,Healthcare
CARMENTA TECHNOLOGIES LTD,Technology
CARMIGNAC UK LTD,Finance
CAROLINA BUSINESS LIMITED,Technology
CARONS CARE LINE LTD,Healthcare
CARPENDERS CARE LIMITED,Healthcare
CARR GOMM,Healthcare
CARRCROFT CARE HOME LIMITED,Healthcare
CARRINGTON HOUSE LTD,Healthcare
CARROLL & PARTNERS LIMITED,Finance
CARSHALTON BOYS SPORTS COLLEGE,Education
CARTA FINANCIAL SERVICES LIMITED,Finance
CARTERS GREEN HEALTHCARE SERVICES LIMITED,Healthcare
CARTESIAN LIMITED,Technology
CARTODB UK LIMITED,Technology
CARVAL INVESTORS UK LIMITED,Finance
CARVALHO INDEPENDENT LIVING L LIMITED,Healthcare
CASA CARE LIMITED,Healthcare
CASA ENVIRONMENTAL SERVICES LTD,Engineering
CASBENS SUPPORTED LIVING COMMUNITY AND HOME SUPPORT SERVICES LTD,Healthcare
CASCADE (BANKS HOUSE) LIMITED,Healthcare
CASCADE (CHARLTON HOUSE) LIMITED,Healthcare
CASCADE (COHEN HOUSE) LIMITED,Healthcare
CASCADE (STILES HOUSE) LIMITED,Healthcare
CASE INTERNATIONAL EDUCATION LTD,Education
CASE45 LTD,Technology
CASEY CONSULTANTS LTD,Engineering
CASHDASH UK LIMITED,Technology
CASPER MUELLER KNEER LTD,Engineering
CASPERAKI MULTIMEDIA SOLUTIONS LTD.,Technology
CASPIAN HEALTHCARE LTD,Healthcare
CASPIAN SCHOOL OF ACADEMICS LTD,Education
CASSINI SYSTEMS LIMITED,Technology
CASSYNI LIMITED,Technology
CAST GROUP SERVICES LTD,Finance
CAST SOFTWARE LIMITED,Technology
CASTELL VENTURES LIMITED,Healthcare
CASTLE AIR LIMITED,Engineering
CASTLE DENE SURGERY LIMITED,Healthcare
CASTLE HARBOUR INVESTMENTS LIMITED,Finance
CASTLE HOUSE NURSING HOME LIMITED,Healthcare
CASTLE SCHOOL EDUCATION TRUST,Education
CASTLE TRUST CAPITAL PLC,Finance
CASTLEFIELD ADVISORY PARTNERS LIMITED,Finance
CASWELL CHIROPRACTIC LIMITED,Healthcare
CATALENT NOTTINGHAM LIMITED,Engineering
CATALYST CORPORATION LTD,Engineering
CATALYST IT EUROPE LIMITED,Technology
CATALYST PERFORMANCE LTD,Technology
CATALYST SPORT AND HEALTH LIMITED,Education
CATALYSTNEX LIMITED,Technology
CATAPULT LABS LTD,Technology
CATCH 22 CHARITY LIMITED,Healthcare
CATCY CARE LIMITED,Healthcare
CATHAY PACIFIC MANAGEMENT LTD,Technology
CATHEDRAL SCHOOLS TRUST,Education
CATHENA HEALTHCARE LIMITED,Healthcare
CATHERINE HOUSE LIMITED,Healthcare
CATHIE ASSOCIATES LIMITED,Engineering
CATO NETWORKS (UK) LIMITED,Technology
CATSCI LTD,Engineering
CATTO INTERNATIONAL LIMITED,Healthcare
CAUDALIE GROUP LIMITED,Finance
CAURI LTD,Technology
CAUSALY LTD,Technology
CAVENDISH CARE HOME LIMITED,Healthcare
CAVENDISH CLOSE LIMITED,Healthcare
CAVENDISH RESIDENTIAL CARE HOMES LIMITED,Healthcare
CAVILLION LTD,Education
CAWOOD SCIENTIFIC LIMITED,Engineering
CAYSURE DIGITAL LIMITED,Technology
CBA ASSOCIATES LIMITED,Technology
CBAMBOO LTD,Technology
CBC UK LIMITED,Finance
CBH WEALTH UK LIMITED,Finance
CBOE EUROPE LIMITED,Finance
CBR CLINICS LIMITED,Healthcare
CBS CONSULTING SERVICES LTD,Technology
CBS GLOBAL SOLUTION UK LIMITED,Engineering
CC HEALTH CARE LIMITED,Healthcare
CC MANAGEMENT CONSULTING LTD,Technology
CCBI GLOBAL MARKETS (UK) LIMITED,Finance
CCCU-UK,Education
CCL TECHNOLOGY SOLUTIONS LTD,Technology
CCL-FORENSICS LIMITED,Technology
CCT COMMUNITY ENABLEMENT TEAM LTD,Education
CD CAPITAL ASSET MANAGEMENT LIMITED,Finance
CDA SYSTEMS LIMITED,Technology
CDAM (UK) LIMITED,Finance
CDD HEALTHCARE STAFFING LTD,Healthcare
CDE GLOBAL LIMITED,Engineering
CDL GROUP HOLDINGS LIMITED,Technology
CDP AERO LTD,Engineering
CDP WORLDWIDE,Technology
CDTECHSOLUTIONS LTD,Technology
CDW LIMITED,Technology
CECIL EARTH UK LTD,Technology
CECILE HEALTHCARE UK LIMITED,Healthcare
CECURE INTELLIGENCE LIMITED,Technology
CEDAR BAY EVOLVE LTD,Technology
CEDAR CARE HOMES LIMITED,Healthcare
CEDAR HOUSE (KENT) LIMITED,Healthcare
CEDAR HOUSE CARE HOME LIMITED,Healthcare
CEDAR LAWN ROMSEY LIMITED,Healthcare
CEDAR TREE CARE HOME LTD,Healthcare
CEDARCARE (SE) LTD,Healthcare
CEDARWAYS RESIDENTIAL CHILD CARE LARKHILL HOUSE LIMITED,Healthcare
CEDARWOOD HOUSE LIMITED,Healthcare
CEDE FOUNDATION,Education
CEDE TECHNOLOGIES LTD,Finance
CEDUS LIMITED,Technology
CEEDA LTD,Healthcare
CEG ADMINISTRATIVE SERVICES LIMITED,Education
CEGEDIM RX LIMITED,Technology
CEI ENGLAND LIMITED,Technology
CEL HOMECARE LIMITED,Healthcare
CELCOM SOLUTIONS LTD,Technology
CELEBAL TECHNOLOGIES UK LTD,Technology
CELEBRUS TECHNOLOGIES PLC,Technology
CELESTIAL CROWN PARTNERS LTD,Healthcare
CELESTRIX LTD,Technology
CELFINET UK TELECOMMUNICATIONS CONSULTING SERVICES LTD,Engineering
CELFOCUS LTD,Technology
CELL SMASH LTD,Technology
CELLAR DOOR ARCHITECTURE LTD,Engineering
CELLBXHEALTH EUROPE LIMITED,Engineering
CELLCRAFT LTD.,Engineering
CELLINTA LTD,Engineering
CELLOMATICS BIOSCIENCES LIMITED,Engineering
CELLULAR PATHOLOGY SERVICES LIMITED,Healthcare
CELLVOYANT TECHNOLOGIES LIMITED,Engineering
CELONIS LTD,Technology
CELSTREAM CORPORATION LTD,Technology
CELTIS SOLUTIONS LIMITED,Technology
CELTRA LIMITED,Technology
CEMPLICITY UK LIMITED,Technology
CEN GROUP LTD,Technology
CEN-ESG LIMITED,Technology
CENEX (CENTRE OF EXCELLENCE FOR LOW CARBON AND FUEL CELL TECHNOLOGIES),Engineering
CENTA-CO LTD,Healthcare
CENTAURI CARE LTD,Healthcare
CENTAURI TECH LTD,Technology
CENTDOOR LIMITED,Technology
CENTER FOR COUNTERING DIGITAL HATE LTD,Technology
CENTER FOR CREATIVE LEADERSHIP LTD,Education
CENTERSQUARE INVESTMENT ADVISORS UK LTD,Finance
CENTILE PARTNERS ADVISORY LIMITED,Finance
CENTILLION TECHNOLOGY LIMITED,Engineering
CENTIUM SOFTWARE LIMITED,Technology
CENTIVA CAPITAL UK LTD,Finance
CENTRA TECHNOLOGY UK LIMITED,Technology
CENTRAL FLEET SOLUTIONS LTD,Engineering
CENTRAL MANCHESTER NETWORKS LTD,Healthcare
CENTRAL NORTH LEEDS PRIMARY CARE NETWORK LTD,Healthcare
CENTRAL ORTHODONTICS LIMITED,Healthcare
CENTRAL PARK DENTAL PRACTICE LIMITED,Healthcare
CENTRAL STAFFING LIMITED,Healthcare
CENTRAL SURREY HEALTH LIMITED,Healthcare
CENTRAL TRUST LIMITED,Finance
CENTRAL WEST PRIMARY CARE NETWORK LTD,Healthcare
CENTRE FOR CITIES,Education
CENTRE FOR EDUCATION-UK LTD,Education
"CENTRE FOR FINANCE, TECHNOLOGY AND ENTREPRENEURSHIP LTD",Education
CENTRE FOR MENTAL HEALTH,Engineering
CENTRE FOR POLICY STUDIES LIMITED,Technology
CENTRE FOR PROCESS INNOVATION LIMITED,Engineering
CENTRE FOR PUBLIC IMPACT EUROPE,Education
CENTRE OF ACCOUNTANCY CAREERS & TRAINING LTD,Education
CENTRE OF INTELLIGENT TECHNOLOGIES LTD,Technology
CENTRED CHIROPRACTIC LIMITED,Healthcare
CENTRED SOLUTIONS LIMITED,Engineering
CENTREPOINT SERVICES LTD,Healthcare
CENTRICUS ASSET MANAGEMENT LIMITED,Finance
CENTTRIP LIMITED,Finance
CENTURO GLOBAL LIMITED,Technology
CENTURY HEALTHCARE LIMITED,Healthcare
CENTURY INNOVATIONS LTD,Technology
CENTURY-TECH LIMITED,Technology
CENTURYPLUS LIMITED,Healthcare
CEOX SERVICES LTD,Technology
CEPHAS RESOURCE SOLUTIONS LIMITED,Technology
CEPTER UK LTD,Technology
CERAMEX LTD,Engineering
CERAMIC STUDIOS PREMIER LTD,Healthcare
CERBERUS NUCLEAR LIMITED,Engineering
CEREBRAL PALSY CYMRU,Healthcare
CERO GENERATION SERVICES LIMITED,Finance
CERTA INSURANCE PARTNERS LTD,Finance
CERTARA UK LIMITED,Technology
CERTIFIED BUSINESS SOLUTIONS UK LTD,Technology
CERTIFIED HEALTHCARE SOLUTIONS LIMITED,Healthcare
CERTINIA UK LIMITED,Technology
CERTORA SMART CONTRACTS UK LTD.,Technology
CERTUA GROUP LIMITED,Finance
CERTUSS (UK) LIMITED,Engineering
CERVELLO LIMITED,Technology
CETO AI LIMITED,Technology
CEVITR LIMITED,Technology
CEX.IO LTD,Technology
CEXAL LTD,Engineering
CEYHAN RECOVERY (UK) LIMITED,Engineering
CEYLO IT SOLUTIONS LTD,Technology
CEZANNE HR LIMITED,Technology
CF PRIVATE EQUITY U.K. LIMITED,Finance
CFC UNDERWRITING LIMITED,Finance
CFH CAPITAL (UK) LIMITED,Finance
CFMS SERVICES LIMITED,Engineering
CFO SOLUTIONS GROUP LTD,Technology
CFS AEROPRODUCTS LTD,Engineering
CFT CARE LIMITED,Healthcare
CGI AXIS LTD,Engineering
CHADDENWYCH SERVICES LIMITED,Technology
CHADDERTON HEALTHCARE LTD,Healthcare
CHAILEY HERITAGE FOUNDATION,Education
CHAIN OF HOPE,Healthcare
CHAINALYSIS UK LIMITED,Technology
CHAKRA PSYCHICS LTD,Healthcare
CHALKIE AI LTD,Education
CHALKNDUSTER TUTORS LIMITED,Education
CHALLOCH ENERGY LIMITED,Engineering
CHAMANTHI LTD,Technology
CHAMOMILE CARE LTD,Healthcare
CHAMP SYSTEMS LIMITED,Technology
CHAMPION MOBILE GLOBAL LTD,Technology
CHANCERY EDUCATION TRUST,Education
CHANCERY WALL FINANCIAL SERVICES LTD,Finance
CHANCES CCFSS LIMITED,Healthcare
CHANDOS LODGE CARE HOMES LTD,Healthcare
CHANDRAWAR IT TECHNOLOGIES PVT LTD,Technology
CHANGAN UK R & D CENTRE LIMITED,Engineering
CHANGING GENERATIONS JP LIMITED,Healthcare
CHANGING LIVES LEARNING TRUST,Education
CHANGING SOCIAL LTD,Technology
CHANIX MARKETING LTD,Technology
CHANMIL CARE LTD,Healthcare
CHANNEL 3 CONSULTING LTD,Technology
CHANNEL DIGITAL HOLDINGS LIMITED,Finance
CHANNEL FACTORY EUROPE LIMITED,Technology
CHAOTIC WORKS LIMITED,Technology
CHAPEL & ASSOCIATES LTD,Healthcare
CHAPTER 7 ARCHITECTS LTD,Engineering
CHAPTER ONE CHILDCARE (UK) LIMITED,Healthcare
CHARI CONSULTING LIMITED,Technology
CHARICE HEALTHCARE LTD,Healthcare
CHARIS FOUR LIMITED,Finance
CHARIS HOUSE LIMITED,Healthcare
CHARIS SERVICES FOR CHILDREN LTD,Healthcare
CHARKOS UK LTD,Healthcare
CHARLES AND DEAN LIMITED,Finance
CHARLES ANDREWS LTD,Engineering
CHARLES RIVER LABORATORIES EDINBURGH LIMITED,Engineering
CHARLES SCOTT & PARTNERS CONSULTING ENGINEERS LIMITED,Engineering
CHARLES SQUARE LIMITED,Technology
CHARLTON PARK ACADEMY,Education
CHARM (UK) LIMITED,Healthcare
CHARM THERAPEUTICS LIMITED,Technology
CHARNLEY CARE HOMES LIMITED,Healthcare
CHARTAM HOUSE NURSERY LIMITED,Healthcare
CHARTBEECH LTD,Healthcare
CHARTERHOUSE DEVELOPMENT CAPITAL LIMITED,Finance
CHARTERS SCHOOL,Education
CHASE BUCHANAN CONSULTING LTD,Finance
CHASE CHILDCARE LTD,Education
CHASE HOUSE LIMITED,Healthcare
CHASE SYMMONS HEALTHCARE LIMITED,Healthcare
CHASTON HOUSE LTD,Healthcare
CHATRESH CONSULTANTS LIMITED,Technology
CHATSWORTH BIDCO LIMITED,Education
CHATTERMILL ANALYTICS LIMITED,Technology
CHAUCER SYNDICATES LIMITED,Finance
CHAUNCY SCHOOL,Education
CHAZAK LIMITED,Education
CHB DESIGN SERVICES LTD,Engineering
CHD LIVING LTD,Healthcare
CHEADLE HULME SCHOOL,Education
CHEAM ACADEMIES NETWORK,Education
CHEAM SCHOOL EDUCATIONAL TRUST,Education
CHEAMSIAM LTD,Healthcare
CHECK HOUSE CARE LIMITED,Healthcare
CHECKIT PLC,Finance
CHECKMARX UK LTD,Technology
CHECKOUT LTD,Finance
CHECKSTEP LIMITED,Technology
CHEEKY TEEKY LTD,Technology
CHEERFUL ELEGANT HEALTHCARE LTD,Healthcare
CHEESECAKE ENERGY LIMITED,Engineering
CHEETHAM KIDS ACADEMY LTD,Healthcare
CHEFS IN SCHOOLS,Education
CHEKIN LTD,Technology
CHELE CARE LIMITED,Healthcare
CHELLAM SERVICES LTD,Technology
CHELMSFORD CARE CENTRE LTD,Healthcare
CHELSEA PRE-PREP LIMITED,Education
CHELTONIAN CARE (UK) LTD,Healthcare
CHELVERTON ASSET MANAGEMENT LIMITED,Finance
CHEMASTERY GROUP LTD,Engineering
CHENDHUR INFOTECH LTD,Technology
CHEONMONG LTD,Education
CHEQUERS HEALTH GROUP LTD,Healthcare
CHEQUP HEALTH LIMITED,Engineering
CHERIBIM LTD,Technology
CHERISH SUPPORT SERVICES LTD,Healthcare
CHERISH UK LIMITED,Healthcare
CHERITON HOMECARE LIMITED,Healthcare
CHERRE RESIDENTIAL CARE LIMITED,Healthcare
CHERRY BLOSSOM DENTAL CARE LIMITED,Healthcare
CHERRY CARE SERVICES OXFORDSHIRE LTD,Healthcare
CHERRY ORCHARDS CARE LTD,Healthcare
CHERRY VENTURES ADVISORS UK LTD,Finance
CHERRYFIELD HOMES LIMITED,Healthcare
CHERVON EUROPE LIMITED,Engineering
CHESHIRE LIFECARE LTD,Healthcare
CHESS & CHEESE LTD,Technology
CHESS PROPERTY SERVICES (LONDON) LTD,Finance
CHESSVANTAGE ACADEMY LIMITED,Education
CHESTERFIELD AND DISTRICT SOCIETY FOR PEOPLE WITH A DISABILITY,Healthcare
CHESTNUT CARE LIMITED,Healthcare
CHESTNUTS (ARNESBY) LIMITED,Healthcare
CHETU LTD,Technology
CHETWOOD FINANCIAL LIMITED,Finance
CHI TECHNOLOGY LTD,Technology
CHIB LTD,Technology
CHICHESTER PHYSIO LTD,Healthcare
CHIEF MECHANIC LIMITED,Technology
CHIGWELL HOMES LTD,Healthcare
CHIGWELL SCHOOL,Education
CHILD CONNECT LIMITED,Healthcare
CHILDREN ASSISTED IN A REAL ENVIRONMENT LTD,Healthcare
CHILDREN CHANGE COLOMBIA LTD,Healthcare
CHILDREN OF COLOUR LIMITED,Healthcare
CHILDREN TO PROSPER LIMITED,Healthcare
CHILDREN'S DISCOVERY CENTRE EAST LONDON,Education
CHILDREN'S HEALTH AND MEDICAL PRACTICE LTD,Healthcare
CHILDREN'S HOSPICES ACROSS SCOTLAND,Healthcare
CHILDRENS DAY CARE COMPANY LIMITED,Healthcare
CHILLI SOURCE SOFTWARE LIMITED,Technology
CHILLIBEAN LIMITED,Technology
CHILTERN AEGIS LTD,Healthcare
CHILTERN CARE SERVICES LIMITED,Healthcare
CHILTERN LEARNING TRUST,Education
CHILTERN RESIDENTIAL HOMES LIMITED,Healthcare
CHILTERN WAY ACADEMY TRUST,Education
CHILTERNWELLBEING LTD,Healthcare
CHILTON INVESTMENT COMPANY LIMITED,Finance
CHIME SOFTWARE LIMITED,Technology
CHINA DAILY UK CO. LTD,Technology
CHINA GLOBAL TELEVISION NETWORK EUROPE LTD.,Technology
CHINA INTERNATIONAL CAPITAL CORPORATION (UK) LIMITED,Finance
CHINA MERCHANTS SECURITIES (UK) LIMITED,Finance
CHINA MOBILE INTERNATIONAL (UK) LIMITED,Technology
CHINA RE UNDERWRITING AGENCY LIMITED,Finance
CHINA TAIPING INSURANCE (UK) CO LTD,Finance
CHINA UNICOM (EUROPE) OPERATIONS LIMITED,Technology
CHINACACHE NETWORKS (UK) LIMITED,Technology
CHINAR TRADE SERVICES LTD,Technology
CHINESE MEDICINE RESEARCH CENTRE OF UK LIMITED,Healthcare
CHINESE PROFICIENCY TEST UK COMMITTEE,Education
CHINESE-ENGLISH LEGAL EDUCATION LIMITED,Technology
CHIP SYNERGY LTD,Technology
CHIPLOGIC TECHNOLOGIES LIMITED,Technology
CHIRO HEALTH LIMITED,Healthcare
CHIRO WORKS (UK) LIMITED,Healthcare
CHIRON CARE (UK) LIMITED,Healthcare
CHIRON HEALTHCARE AT HOME LIMITED,Healthcare
CHISL LTD,Technology
CHISWICK SCHOOL,Education
CHIZHANDE CARE SERVICES LTD,Healthcare
CHOCO COMMUNICATIONS UK LTD,Technology
CHOICE FIRST HEALTH AND HOME CARE LTD,Healthcare
CHOICE HEALTH CARE LIMITED,Healthcare
CHOICE HOLDINGS LIMITED,Healthcare
CHOICECARE 2000 LIMITED,Healthcare
CHOICES HOME FOR CHILDREN LIMITED,Healthcare
CHOICES HOMECARE (CALDERDALE) LIMITED,Healthcare
CHOICES HOMECARE (MERSEYSIDE) LIMITED,Healthcare
CHOICES HOMECARE (OLDHAM) LIMITED,Healthcare
CHOICES HOMECARE (SOUTH YORKS) LIMITED,Healthcare
CHOICES HOMECARE (YORKSHIRE) LIMITED,Healthcare
CHOPRA DENTAL LTD,Healthcare
CHORD CONSULT LIMITED,Engineering
CHORLEGH LIMITED,Finance
CHORUS CAPITAL MANAGEMENT LIMITED,Finance
CHORUS EDUCATION TRUST,Education
CHORUS GLOBAL HOLDINGS LIMITED,Technology
CHOSEN CARE GROUP LIMITED,Education
CHPK FIRE ENGINEERING LIMITED,Engineering
CHRIS LEFTERI DESIGN LIMITED,Engineering
CHRIST COLLEGE,Education
CHRIST THE KING RESIDENTIAL CARE HOMES LIMITED,Healthcare
CHRIST THE REDEEMER CATHOLIC EDUCATION TRUST,Education
CHRIST THE REDEEMER COLLEGE,Education
CHRIST'S COLLEGE FINCHLEY,Education
CHRISTCHURCH PHARMACY LIMITED,Healthcare
CHRISTEL HOUSE EUROPE,Education
CHRISTIAN FOCUS PUBLICATIONS LIMITED,Technology
CHRISTIANS AGAINST POVERTY,Finance
CHRISTMAS LODGE LTD,Healthcare
CHRISTOL CONSULTANCY LIMITED,Technology
CHRONICLE SOFTWARE LTD,Technology
CHRONOGRAPH GBP LTD,Technology
CHRP-EUROPE PRIVATE LIMITED,Technology
CHRYSALIS ASSOCIATES LIMITED,Healthcare
CHS CAR & VAN ACCIDENT REPAIR CENTRE (LONDON) LTD,Engineering
CHS UK MANCO LIMITED,Finance
CHULMLEIGH DENTAL PRACTICE LTD,Healthcare
CHUNE LTD,Engineering
CHUNG YICK TUNG INTERNATIONAL LIMITED,Technology
CHURCHER'S COLLEGE,Education
CHURCHILL HEALTH CARE LTD,Healthcare
CHURCHILL RESIDENTIAL CARE AND NURSING HOMES LIMITED,Healthcare
CHURCHMAN THORNHILL FINCH LIMITED,Engineering
CHURCHVIEW CARE LTD,Healthcare
CI GAMES UK LIMITED,Technology
CI STUDY LTD,Education
CICLOZONE LIMITED,Technology
CICONIA RECOVERY LTD,Healthcare
CIENA LIMITED,Technology
CIFC ASSET MANAGEMENT EUROPE LTD,Finance
CIGNA EUROPEAN SERVICES (UK) LIMITED,Finance
CIGNITI TECHNOLOGIES (UK) LIMITED,Technology
CIKLUM OPERATIONS UK LIMITED,Technology
CIMA CARE (BURTON) LTD,Healthcare
CIMA CARE CONSORTIUM LTD,Healthcare
CIMAR LIMITED,Engineering
CIMCON SOFTWARE (UK) LIMITED,Technology
CIMCORP UK LTD,Technology
CIMPLE LIMITED,Technology
CINCOM SYSTEMS (UK) LIMITED,Technology
CINDY CARE LIMITED,Healthcare
CINEMA8 LIMITED,Technology
CINEMERSIVE LABS LTD,Technology
CINEON TRAINING LIMITED,Technology
CINT UK LIMITED,Technology
CINTRE,Healthcare
CINVEN LIMITED,Finance
CIP LONDON LIMITED,Finance
CIPHR LIMITED,Technology
CIRATA LTD,Technology
CIRCANA (UK) LTD,Technology
CIRCLE CLOUD COMMUNICATIONS LTD,Technology
CIRCLE INTERACTIVE LTD,Technology
CIRCLE LEAF LTD,Engineering
CIRCLECI UK LIMITED,Technology
CIRCUIT ROUTING LIMITED,Technology
CIRCUITHUB LIMITED,Technology
CIRCULAR CARE LTD,Healthcare
CIRCULOR LTD,Technology
CIRCUSFUL,Education
CIRRICO LTD,Technology
CIRRUS NEXUS LTD,Technology
CISCO INTERNATIONAL LIMITED,Technology
CISION GROUP LIMITED,Technology
CITATION CYBER LIMITED,Technology
CITI VENTURE GROUP LTD,Finance
CITIZEN FEMME LTD,Technology
CITIZENS ADVICE 1066,Technology
CITIZENS ADVICE MID MERCIA,Technology
CITTA CARE LTD,Healthcare
CITY & GUILDS LIMITED,Education
CITY AND COMMERCIAL LTD,Finance
CITY CARE PROVIDERS LTD,Healthcare
CITY CARE SERVICES LIMITED,Healthcare
CITY COLLEGE LIMITED,Education
CITY COLLEGE STRATFORD COMMUNITY INTEREST COMPANY,Education
CITY DESIGN LIMITED,Technology
CITY ENGINEERING LIMITED,Engineering
CITY FOOTBALL GROUP LIMITED,Finance
CITY HEALTH CARE PARTNERSHIP CIC,Healthcare
CITY HEALTH CLINIC LIMITED,Healthcare
CITY HEALTH PRACTICE LIMITED,Healthcare
CITY IT SOLUTIONS LTD,Technology
CITY MANDARIN LIMITED,Education
CITY OF LONDON ACADEMIES TRUST,Education
CITY OF LONDON COLLEGE (CLC) LTD,Education
CITY ON A HILL CONSUL LTD,Healthcare
CITY REHAB LTD,Healthcare
CITY SMILE SOLUTIONS LTD,Healthcare
CITY SURE CARE LTD,Technology
CITY TECH BUSINESS SOLUTIONS LTD,Technology
CITY WINDOWS AND GLASS LTD,Engineering
CITYMAAS LTD,Technology
CITYPLUS NETWORK LTD,Finance
CITYSCAPE DIGITAL LIMITED,Engineering
CITYSHAPERS LTD,Healthcare
CITYWIRE FINANCIAL PUBLISHERS LTD,Technology
CIVIC CARE LTD,Healthcare
CIVICARE CENTRAL LIMITED,Healthcare
CIVIL AND STRUCTURAL ENGINEERING SHETLAND LIMITED,Engineering
CIVILS CONSULTING LTD,Engineering
CJS MANAGED CLOUD SERVICES LTD,Technology
CJS RISK MANAGEMENT LTD,Finance
CK IT SERVICES LIMITED,Technology
CKAY SOLUTION LIMITED,Technology
CKI GAS INFRASTRUCTURE LIMITED,Finance
CL CAPITAL (UK) LIMITED,Finance
CLAIMER TECH LTD,Technology
CLAIMSORTED LTD,Technology
CLAIMWISE AI LIMITED,Technology
CLAIRES COURT SCHOOLS LIMITED,Education
CLAIRO LTD,Technology
CLANMARK LTD,Technology
CLARA TECHNOLOGIES (UK) LIMITED,Technology
CLARASYS LIMITED,Technology
CLARDENT LIMITED,Healthcare
CLAREMONT PARK LIMITED,Healthcare
CLARENDON CARE GROUP LIMITED,Healthcare
CLARENDON CARE LIMITED,Healthcare
CLARENDON CARE SERVICES LIMITED,Healthcare
CLARENDON INTERNATIONAL EDUCATION LIMITED,Education
CLARENDON MEWS CARE LIMITED,Healthcare
CLARION CORVUS TRUST,Education
CLARION LOGIC LIMITED,Technology
CLARION PARTNERS EUROPE (U.K.) LIMITED,Finance
CLARITECH ANALYSIS LIMITED,Technology
CLARITY AI LTD,Technology
CLARITY CAPITAL PARTNERS LIMITED,Finance
CLARITY CARE PROVIDERS LTD,Healthcare
CLARITY HOMECARE (DIRECT) LTD,Healthcare
CLARITY SOFTWARE GROUP LIMITED,Technology
CLARIVATE ANALYTICS (UK) LIMITED,Technology
CLARK DEGNAN LIMITED,Engineering
CLARK HOUSE DENTAL SURGERIES LIMITED,Healthcare
CLARK SMITH PARTNERSHIP LIMITED,Engineering
CLASS (UK) LIMITED,Healthcare
CLASS TECHNOLOGY SOLUTIONS LTD,Technology
CLASSIC CARE HOMES (DEVON) LIMITED,Healthcare
CLASSIC HEALTH CARE SOLUTIONS LTD,Healthcare
CLAY LABS UK LTD,Technology
CLAYTEX SERVICES LIMITED,Technology
CLEANING EQUIPMENT SALES AND SERVICES LIMITED,Engineering
CLEANTECH ENGINEERING LIMITED,Engineering
CLEANTECH GROUP EUROPE LIMITED,Technology
CLEAR BOOKS LIMITED,Technology
CLEAR PATHWAY CARE LTD,Healthcare
CLEAR SKY CAPITAL UK LIMITED,Finance
CLEAR THINKING CARE LIMITED,Healthcare
CLEAR TREASURY (UK TRADING) LIMITED,Finance
CLEAR VISUAL COMMUNICATIONS LTD,Technology
CLEARANCE CAPITAL LIMITED,Finance
CLEARBANK GROUP HOLDINGS LIMITED,Finance
CLEARBANK LIMITED,Finance
CLEARCO INSURE LIMITED,Finance
CLEARCOURSE PARTNERSHIP ACQUIRECO FINANCE LIMITED,Finance
CLEARCUT PHYSIOTHERAPY LTD,Healthcare
CLEARER.IO UK LTD,Technology
CLEARGLASS ANALYTICS LIMITED,Technology
CLEARLAKE CAPITAL GROUP LIMITED,Finance
CLEARLIGHT SAUNAS UK LIMITED,Technology
CLEARMACRO LIMITED,Technology
CLEARMATICS TECHNOLOGIES LTD,Technology
CLEARROUTE UK LIMITED,Technology
CLEARSENSE VENTURES LIMITED,Technology
CLEARSPACE TODAY LTD,Engineering
CLEARSTREAM LONDON LIMITED,Technology
CLEARTWO LIMITED,Technology
CLEARVIEW DRIVING LTD,Education
CLEARVUE INVESTMENTS LIMITED,Healthcare
CLEARWATER CARE (LEADON COURT) LIMITED,Healthcare
CLEARWATER DENTAL LTD,Healthcare
CLEDARA LIMITED,Technology
CLEETHORPES DENTAL PRACTICE LIMITED,Healthcare
CLEEVE LODGE LIMITED,Healthcare
CLEMENT MIND LIMITED,Healthcare
CLEO SYSTEMS 24 LTD,Technology
CLERKENWELL CLINICS LIMITED,Healthcare
CLEVELAND CLINIC LONDON LTD,Healthcare
CLEVELAND HEALTHCARE GROUP LIMITED,Healthcare
CLEVERCHAIN LIMITED,Technology
CLEVERNET UK LIMITED,Technology
CLEVRY UK LTD,Technology
CLI SECURE LTD,Technology
CLIA CARE LTD,Healthcare
CLICK DESIGN LTD,Engineering
CLICKABLE SOLUTIONS LTD,Technology
CLICKVIEW LIMITED,Education
CLIFF SERVICES LTD,Technology
CLIFF SOLUTIONS LIMITED,Technology
CLIFFDALE LIMITED,Healthcare
CLIFTON CARE LIMITED,Healthcare
CLIFTON HOMECARE LIMITED,Healthcare
CLIFTON PRIVATE FINANCE LIMITED,Finance
CLIMATE ALIGNED COMPANY LTD,Technology
CLIMATE ASSET MANAGEMENT LIMITED,Finance
CLIMATE BONDS INITIATIVE,Technology
CLIMATE ESSENTIALS LIMITED,Technology
CLIMATE TECH INSIGHTS UK LIMITED,Technology
CLIMATE WINDOWS LTD,Engineering
CLIMB COMMERCE LTD,Technology
CLIMETREK LTD,Finance
CLINI-HUB LIMITED,Technology
CLINIQUE LA PRAIRIE UK LTD.,Healthcare
CLINISUPPLIES LIMITED,Healthcare
CLINISYS SOLUTIONS LIMITED,Technology
CLINTECH HUB LIMITED,Technology
CLIPWAY LIMITED,Finance
CLO-CLO LTD,Healthcare
CLOBOTICS UK LTD,Engineering
CLOSED LOOP MEDICINE LTD,Engineering
CLOSERSTILL GROUP LIMITED,Finance
CLOUD AIOPS CONSULTING LTD,Technology
CLOUD ANALYTICS LIMITED,Technology
CLOUD ARMY UK LIMITED,Technology
CLOUD AWARE SERVICES LTD,Technology
CLOUD BRIDGE TECHNOLOGIES LIMITED,Technology
CLOUD COMBINATOR LTD,Technology
CLOUD COMPUTING SERVICES LTD,Technology
CLOUD CONSULTING GROUP LTD,Technology
CLOUD CX LTD,Technology
CLOUD DATA CONSULTANTS LTD,Technology
CLOUD DIGEST LTD,Engineering
CLOUD FLICKER SOLUTIONS LTD,Technology
CLOUD LENDING UK LTD,Technology
CLOUD MANTRA LIMITED,Technology
CLOUD MASTER LIMITED,Technology
CLOUD ODYSSEY IT SOLUTIONS LTD,Technology
CLOUD RETAIL LTD,Technology
CLOUD SG UK LTD,Technology
CLOUD STEM LTD,Technology
CLOUD TECHEES LTD,Technology
CLOUD TECHNOLOGIES LTD,Technology
CLOUD VALLEY LTD,Technology
CLOUD23 UK IT CONSULTING SERVICES LTD,Technology
CLOUDATTRIBUTION LTD,Technology
CLOUDBEES UK LIMITED,Technology
CLOUDBRAIN SOLUTIONS LIMITED,Technology
CLOUDBUNCH LIMITED,Technology
CLOUDCLEVR LIMITED,Technology
CLOUDERA (UK) LIMITED,Technology
CLOUDEVOQUE LIMITED,Technology
CLOUDEX CONSULTING LIMITED,Technology
CLOUDFACTORY INTERNATIONAL LIMITED,Technology
CLOUDFIRST TECHNOLOGIES LTD,Technology
CLOUDFLARE LIMITED,Technology
CLOUDHIVE LIMITED,Technology
CLOUDIFIE LIMITED,Technology
CLOUDIT SOLUTIONS LIMITED,Technology
CLOUDLEARN LTD,Education
CLOUDMIND AI LIMITED,Technology
CLOUDNC LTD,Engineering
CLOUDNET TECHNOLOGIES LIMITED,Technology
CLOUDPAY TECHNOLOGY LIMITED,Technology
CLOUDPILAR LIMITED,Technology
CLOUDPLEXO LTD,Technology
CLOUDREACH EUROPE LIMITED,Technology
CLOUDROCK PARTNERS LTD,Technology
CLOUDSCOUTS TECHNOLOGY SERVICES UK LTD,Technology
CLOUDSCULPTS SOLUTIONS LTD,Technology
CLOUDSHARP CONSULTANCY SERVICES LIMITED,Technology
CLOUDSHOP LIMITED,Technology
CLOUDSMAN IT SOLUTIONS LIMITED,Technology
CLOUDSMART CONSULTING LTD,Technology
CLOUDSMITH LTD,Technology
CLOUDSOURCE LTD,Technology
CLOUDTAMERS LIMITED,Technology
CLOUDTECH COMMUNICATIONS LTD,Technology
CLOUDTECH INNOVATIONS LTD,Technology
CLOUDTECH24 LTD,Technology
CLOUDXACT LTD,Technology
CLOUDXCEL LTD,Technology
CLOVELLY HOUSE CARE HOME LIMITED,Healthcare
CLOVER CARE SCOTLAND LTD,Healthcare
CLOVER HEALTHCARE LIMITED,Healthcare
CLOVER PUBS HOLDINGS NI LIMITED,Finance
CLOVER SUPPORT GROUP LTD,Healthcare
CLOWDY LIMITED,Technology
CLS MONEY LIMITED,Finance
CLSA (UK),Finance
CLUARAN HCS LIMITED,Healthcare
CLUB HEALTH LTD,Healthcare
CLUBCOM INTERNATIONAL LIMITED,Technology
CLUBSZONE CZ LIMITED,Education
CLUEDIN UK LTD,Technology
CLUES LTD,Finance
CLUSTER GREENS LIMITED,Technology
CLYDE BIOSCIENCES LIMITED,Engineering
CLYDE DENTAL PRACTICE LIMITED,Healthcare
CLYDE VENTURES LIMITED,Finance
CLYDESDALE BANK PLC,Finance
CM CLOUD & DEVOPS LTD,Technology
CM GROUP INVESTMENT LIMITED,Finance
CM SCHOOL LONDON LIMITED,Education
CM TELECOM UK LTD,Technology
CMAS EUROPE LIMITED,Technology
CMASS LTD,Technology
CMC MARKETS UK PLC,Finance
CMJSD CARE LTD,Healthcare
CML STEEL LIMITED,Engineering
CMOLDS LTD,Technology
CMSOFTECH LTD,Technology
CN CONSULTING LTD,Finance
CNA INSURANCE COMPANY LIMITED,Finance
CNBLINK LIMITED,Technology
CNC LEICESTER LIMITED,Engineering
CNERGY LIMITED,Technology
CNI NEWS NETWORK LTD,Technology
CNW CAPITAL SERVICE LTD,Finance
CO-ENTRY SOLUTIONS LTD,Technology
CO-OPERATION IRELAND,Healthcare
COACHHUB LTD,Finance
COACHING CULTURE LTD,Technology
COADJUTE LIMITED,Technology
COAST CARE HOMES LTD,Healthcare
COASTAL ACADEMIES TRUST,Education
COATSINK SOFTWARE LTD,Technology
COBA HOLDINGS LIMITED,Finance
COBA RESOURCING LTD,Technology
COBALT ALUMINIUM LIMITED,Engineering
COBALT ENERGY LIMITED,Engineering
COBMORE HOLDINGS LTD,Engineering
COBRY LTD,Technology
COCHLEAR EUROPE LIMITED,Healthcare
COCKBURN MULTI ACADEMY TRUST,Education
COCO DENTAL LIMITED,Healthcare
COCOA ORIENTAL NETWORK UK LIMITED,Technology
COCOON CHILDREN SERVICES LTD,Healthcare
CODAIRE LIMITED,Technology
CODAT LIMITED,Technology
CODE DESIGN LAB LTD,Technology
CODE IT SOLUTIONS LIMITED,Technology
CODE KIDS LTD,Education
CODE TANTRA LIMITED,Technology
CODEFLEX LTD,Technology
CODEKO HOMES LIMITED,Healthcare
CODELEGS LTD,Technology
CODELESSAI LTD,Technology
CODEPLEXUS LTD,Technology
CODEREFLEX TECHNOLOGIES LTD,Technology
CODESPEAK LTD,Technology
CODESTER LTD,Technology
CODETHINK LIMITED,Technology
CODEX SOFTWARE SOLUTIONS LTD,Technology
CODEXAN INTERNATIONAL LTD,Technology
CODEZY LIMITED,Technology
CODIFAI TECH LTD,Technology
CODIFICATION LTD,Technology
CODILINK UK LTD,Technology
CODING WORLD LTD,Technology
CODIO LTD,Technology
CODM SOFTWARE LIMITED,Technology
COED DU HALL LIMITED,Healthcare
COEFFICIENT SYSTEMS LTD,Technology
COEO LIMITED,Technology
COFFICIENT LIMITED,Technology
COFINITI LIMITED,Technology
COFORGE U.K. LIMITED,Technology
COGA AI LIMITED,Technology
COGENT FINANCIAL SERVICES LIMITED,Finance
COGENT INTERNATIONAL LIMITED,Finance
COGENT NETWORKS LTD,Technology
COGITARE LIMITED,Technology
COGNA LTD,Technology
COGNACITY HEALTH LIMITED,Healthcare
COGNASSIST UK LIMITED,Technology
COGNIDOX LIMITED,Technology
COGNISM LIMITED,Technology
COGNISYS GROUP LIMITED,Technology
COGNITA LIMITED,Finance
COGNITA SCHOOLS LIMITED,Education
COGNITIONHUB.COM LTD,Technology
COGNITIVE SOLUTIONS CORP LTD,Technology
COGNITIVE-EDGE LTD,Technology
COGNITIVE.BUSINESS LTD,Technology
COGNIZANT BUSINESS LOGICS LIMITED,Technology
COGNIZANT WORLDWIDE LIMITED,Technology
COGRAMMAR LTD,Technology
COHEN CARE LTD,Healthcare
COHESITY INTERNATIONAL UK LIMITED,Technology
COINRULE LIMITED,Technology
COINSHARES CAPITAL MARKETS (UK) LIMITED,Technology
COKER CONSULT LTD,Technology
COLATE LTD,Technology
COLCAP FINANCIAL UK LIMITED,Finance
COLCHESTER GLOBAL INVESTORS LIMITED,Finance
COLCHESTER ROAD RESIDENTIAL HOME LIMITED,Healthcare
COLDWHERE LIMITED,Technology
COLFE'S SCHOOL,Education
COLGANBAUER UK LIMITED,Technology
COLIANCE LTD,Technology
COLIBRIX LIMITED,Finance
COLLABORA LIMITED,Technology
COLLABORATION BETTERS THE WORLD UK LIMITED,Technology
COLLABORATIVE CARE SERVICES LTD,Healthcare
COLLABORATIVE SOLUTIONS EUROPE LIMITED,Technology
COLLECTIVE ACTIONS LIMITED,Technology
COLLECTIVE EQUITY OWNERSHIP LIMITED,Technology
COLLECTIVE IQ GROUP LTD,Technology
COLLECTIVE VISION TRUST,Education
COLLEGE FOR INTERNATIONAL COOPERATION AND DEVELOPMENT,Education
COLLEGE FRANCAIS BILINGUE DE LONDRES LTD,Education
COLLEGE OF DENTISTRY LIMITED,Education
COLLEGE OF LONDON LIMITED,Education
COLLETT HOLDINGS LIMITED,Finance
COLLINGSWOOD CARE LIMITED,Healthcare
COLLINGWOOD COLLEGE,Education
COLLINS TECHSPACE LIMITED,Technology
COLLINSHALLGREEN LIMITED,Engineering
COLLINSON CARE LTD,Healthcare
COLLYERS TMA LIMITED,Finance
COLONIAL ROCK LIMITED,Finance
COLORTOKENS UK LIMITED,Technology
COLOUR URBAN DESIGN LIMITED,Engineering
COLT GROUP LIMITED,Finance
COLT TECHNOLOGY SERVICES GROUP LIMITED,Technology
COLTEN CARE LIMITED,Healthcare
COLUMBA HEALTH CARE SERVICES LTD,Healthcare
COLUMBIA SHIPMANAGEMENT (UK) LTD,Engineering
COLUMBUS GLOBAL UK LTD,Technology
COLVIR SOFTWARE SOLUTIONS LTD,Technology
COM SAFER CARE LTD,Healthcare
COMARCH UK LTD,Technology
COMAU U.K. LIMITED,Engineering
COMBE DOMICILIARY CARE LIMITED,Healthcare
COMBINE AI LIMITED,Technology
COME BACK CLUB LTD,Healthcare
COME LEARN FOREX LTD,Education
COMFORT HARMONY CARE LTD,Healthcare
COMFORT LIVING CARE LTD,Healthcare
COMFORT LIVING CARE SERVICES LTD,Healthcare
COMFORT SUPPORT SERVICES LTD,Healthcare
COMFORTING CARE LIMITED,Healthcare
COMFORTING HEALTHCARE LTD,Healthcare
COMFORTS INDEPENDENT LIVING CARE LTD,Healthcare
COMFY CARE HOMES LIMITED,Healthcare
COMIND TECHNOLOGIES LIMITED,Technology
COMIT CONSULTING LTD,Technology
COMIT FINANCIAL SYSTEMS UK LIMITED,Technology
COMMBITZ LTD,Technology
COMMERCE PULSE LTD.,Technology
COMMERCETOOLS LTD,Technology
COMMERCIAL FUNDING SOLUTIONS LTD,Finance
COMMERCIAL VENTILATION SERVICES LTD,Engineering
COMMISSUM ASSOCIATES LIMITED,Technology
COMMIT2CARE SERVICES LTD,Healthcare
COMMITTED CARE SERVICES LIMITED,Healthcare
COMMODITIES AI LTD,Finance
COMMONPLACE DIGITAL LTD,Technology
COMMONSIDE MANAGEMENT SERVICES LIMITED,Technology
COMMONWEALTH COLLEGE OF EXCELLENCE LTD,Education
COMMTECH SOLUTIONS LTD,Technology
COMMUNERE LIMITED,Technology
COMMUNICATION AND LEARNING ENTERPRISES LIMITED,Education
COMMUNICATION WORKS PUBLISHING GROUP LIMITED,Technology
COMMUNICATIONS CONSULTANTS WORLDWIDE LIMITED,Technology
COMMUNICATIONS SOFTWARE (AIRLINE SYSTEMS) LIMITED,Technology
COMMUNITIES INC. CIC,Education
COMMUNITY BELIEVE,Healthcare
COMMUNITY CARE EXPERTS LTD,Engineering
COMMUNITY CARE GROUP LTD,Healthcare
COMMUNITY CARELINE SERVICES MEDWAY LIMITED,Healthcare
COMMUNITY CHILDCARE CENTRES,Education
COMMUNITY FIBRE LIMITED,Technology
COMMUNITY HEALTH AND EYECARE LIMITED,Healthcare
COMMUNITY HOUSING AND THERAPY,Healthcare
COMMUNITY INDEPENDENT LIVING LTD,Healthcare
COMMUNITY INTEREST CARE CIC,Healthcare
COMMUNITY INTEREST LUTON CIC,Healthcare
COMMUNITY LIVES CONSORTIUM,Healthcare
COMMUNITY LIVING KENBURY HOUSE LTD.,Healthcare
COMMUNITY LIVING LTD,Healthcare
COMMUNITY PLACES LIMITED,Healthcare
COMMUNITY SCHOOLS TRUST,Education
COMMUNITY TRAINING PORTAL LIMITED,Education
COMPACT PERSONNEL LTD,Healthcare
COMPACT SYNGAS SOLUTIONS LIMITED,Engineering
COMPANION GROUP LTD,Technology
COMPASS INTERNATIONAL LTD,Technology
COMPASS LABS LTD,Engineering
COMPASS PATHFINDER LIMITED,Engineering
COMPASSION CARE LIMITED,Healthcare
COMPASSION PLUS LIMITED,Healthcare
COMPASSION WEB DESIGN LTD,Technology
COMPASSIONATE CARE DAY SERVICES LTD,Healthcare
COMPASSIONATE CARE TEAM LTD,Healthcare
COMPETENCE DEVELOPMENT LIMITED,Technology
COMPETITIVE LIMITED,Technology
COMPLEAT CARE (UK) LIMITED,Healthcare
COMPLEMENT GENOMICS LIMITED,Engineering
COMPLEMENT THERAPEUTICS LIMITED,Engineering
COMPLEO HEALTH LIMITED,Healthcare
COMPLESSO LIMITED,Healthcare
COMPLETE BUILDING CONTROL LTD,Engineering
COMPLETE CARE 4 U LIMITED,Healthcare
COMPLETE CARE CHESTERFIELD LIMITED,Healthcare
COMPLETE CARE HOMES LIMITED,Healthcare
COMPLETE CHILDRENS CARE LTD,Healthcare
COMPLETE COVER GROUP LIMITED,Finance
COMPLETE CYBER LIMITED,Technology
COMPLETE PEOPLE SOLUTIONS LTD,Healthcare
COMPLETE PHYSIOTHERAPY LIMITED,Healthcare
COMPLETE VENTILATION SOLUTIONS LTD,Engineering
COMPLETELINK LIMITED,Healthcare
COMPLEXICOM LTD,Engineering
COMPLEXIO LIMITED,Technology
COMPLIANCE ANALYTICS LIMITED,Technology
COMPLIANCE ONLINE LIMITED,Technology
COMPLY EXCHANGE LIMITED,Technology
COMPLYGATE LIMITED,Technology
COMPLYPORT LIMITED,Finance
COMPREHENSIVE IT DEVELOPERS LTD,Technology
COMPSOFT (UK) LTD,Technology
COMPUFILE SYSTEMS LIMITED,Technology
COMPUHOUSE LIMITED,Technology
COMPUTE ONE LTD,Technology
COMPUTER CLUB LIMITED,Technology
COMPUTER INTELLECTS LIMITED,Technology
COMPUTER SAYS MAYBE LTD,Technology
COMPUTER TROUBLESHOOTERS REDBRIDGE LIMITED,Technology
COMPUTERSHARE INVESTOR SERVICES PLC,Finance
COMPUTING DISTRIBUTION GROUP LTD,Technology
COMTEK UK LIMITED,Technology
COMVE ENGINEERS LTD,Engineering
CONCENTRIC CAPITAL LIMITED,Education
CONCENTRIC PUMPS LIMITED,Engineering
CONCENTRIC SOLUTIONS LIMITED,Technology
CONCENTRIX CATALYST LTD,Technology
CONCENTRIX TSC UK LTD,Technology
CONCEPT ANALYTICS LTD,Technology
CONCEPT CARE SOLUTIONS LIMITED,Healthcare
CONCEPT HOMECARE LTD,Healthcare
CONCEPT PROJECTS GROUP LIMITED,Engineering
CONCEPT SYSTEMS LIMITED,Technology
CONCEPT YACHTS LIMITED,Engineering
CONCEPTDIGITAL LTD,Engineering
CONCEPTO NIPT LIMITED,Healthcare
CONCEPTO SOLUTIONS LTD,Technology
CONCIRRUS LTD,Technology
CONCORDIA GLOBAL FINANCE LIMITED,Finance
CONCRETE BATCHING SYSTEMS LIMITED,Engineering
CONCUR TECHNOLOGIES (UK) LIMITED,Technology
CONDUCE GROUP LIMITED,Technology
CONDUCT AI LTD,Technology
CONDUCTOR FOUNDERS UK LIMITED,Technology
CONDUENT BUSINESS PROCESS SOLUTIONS LIMITED,Technology
CONDUKT LTD,Technology
CONDUKTOR UK LIMITED,Technology
CONECTERE CONSULTING LIMITED,Technology
CONFERMA LIMITED,Technology
CONFIDENT HOME CARE LIMITED,Healthcare
CONGA EUROPE LTD,Technology
CONGENICA LTD,Engineering
CONIFERS CARE HOMES LTD,Healthcare
CONJECTURE LTD,Engineering
CONJURE LTD,Technology
CONNAHS QUAY DENTAL PRACTICE LTD,Healthcare
CONNATE LIMITED,Technology
CONNAUGHT (UK) LIMITED,Finance
CONNECT INTO CARE LIMITED,Healthcare
CONNECT NURSING LIMITED,Healthcare
CONNECTCOM SOLUTIONS LTD,Technology
CONNECTED DATA COMPANY LTD,Technology
CONNECTED HEALTH LIMITED,Healthcare
CONNECTED IT CONTRACT LIMITED,Technology
CONNECTED STARS LIMITED,Healthcare
CONNECTING CORE IT SOLUTIONS LIMITED,Technology
CONNECTIONS CARE LIMITED,Healthcare
CONNECTIONS HEALTHCARE LTD,Healthcare
CONNECTOR SUBSEA SOLUTIONS (UK) LTD,Engineering
CONNECTWISE LTD,Technology
CONNEX ONE LIMITED,Technology
CONNIFERS CARE LIMITED,Healthcare
CONNISTON CARE LIMITED,Healthcare
CONOVO LTD,Technology
CONQUEST BUSINESS SOLUTIONS LTD,Technology
CONQUEST TECH SOLUTIONS LTD,Technology
CONSCIA GROUP UK LTD,Technology
CONSCIUM LTD,Technology
CONSEB SERVICES LIMITED,Education
CONSENSUS SUPPORT SERVICES LIMITED,Healthcare
CONSENSYS SYSTEMS UK LIMITED,Technology
CONSERVE ENGINEERING SOLUTIONS UK LTD,Engineering
CONSIDER CARE LIMITED,Healthcare
CONSIDERATE HOME CARE LTD,Education
CONSILIO GLOBAL (UK) LIMITED,Technology
CONSILIUMXCEL LIMITED,Technology
CONSILIVM LIMITED,Technology
CONSINST LIMITED,Technology
CONSLEAGUE CONSULTING LTD,Technology
CONSOLIDATED HOLDINGS LIMITED,Finance
CONSTANTIA HEALTHCARE LIMITED,Healthcare
CONSTELLATION COLD LOGISTICS HOLDINGS LIMITED,Finance
CONSTELLATION GLOBAL LIMITED,Technology
CONSTELLATION TECHNOLOGY SERVICES LTD,Technology
CONSTOR SOLUTIONS LIMITED,Technology
CONSTRUCTION DEVELOPMENT CENTRE LTD,Education
CONSTRUCTIVE BIOLOGY LIMITED,Engineering
CONSTRUCTIVE THINKING STUDIO LIMITED,Engineering
CONSTRUCTURE LTD,Engineering
CONSULT PHYSIO LIMITED,Healthcare
CONSULT PLEX LIMITED,Technology
CONSULTA LIMITED,Finance
CONSULTAANT LIMITED,Technology
CONSULTANT CONNECT LIMITED,Technology
CONSULTDOC LIMITED,Healthcare
CONSULTING BLOCK LTD,Technology
CONSULTING DIRECT UK LIMITED,Technology
CONSULTING STRUCTURAL ENGINEERS LIMITED,Engineering
CONSUMER EDGE LIMITED,Technology
CONTABO UK LIMITED,Technology
CONTAINER SOLUTIONS SOFTWARE LTD,Technology
CONTECHS CONSULTING LIMITED,Technology
CONTEMPLATION HOMES LIMITED,Healthcare
CONTENT AND IDEA SOLUTIONS LTD,Technology
CONTENT FORMULA LTD,Technology
CONTENT PROFICIENCY LTD,Technology
CONTENTFUL (UK) LIMITED,Technology
CONTENTO SOCIAL HOMES CIC,Healthcare
CONTEX-CITY LIMITED,Technology
CONTEXTUAL TECHNOLOGIES LTD,Technology
CONTIEM LIMITED,Technology
CONTILIO LIMITED,Technology
CONTINUED CARE FROM OAKVILLE LTD,Healthcare
CONTINUITY HEALTHCARE SERVICES LTD,Healthcare
CONTINUUM ADVISORY PARTNERS LIMITED,Finance
CONTINUUM HEALTH LIMITED,Healthcare
CONTINUUM HEALTHCARE LIMITED,Healthcare
CONTINUUM INDUSTRIES LTD,Technology
CONTOLLO GROUP LIMITED,Finance
CONTOUR TECHNOLOGIES LIMITED,Finance
CONTRARIUS INVESTMENT ADVISORY LIMITED,Finance
CONTROL 2K LIMITED,Technology
CONTROL NOW LTD,Technology
CONTROL SYSTEMS INTERNATIONAL (UK) LIMITED,Technology
CONTROL TECHNOLOGIES UK LTD,Technology
CONTROLCASE LIMITED,Technology
CONTROUK LIMITED,Technology
CONTXT LTD,Technology
CONUNDRUM INDUSTRIAL LIMITED,Technology
CONVEO.AI UK LTD,Technology
CONVERA UK LIMITED,Finance
CONVERGE LTD,Technology
CONVERGENCE LABS LTD,Technology
CONVERSATIONAL SOLUTIONS LTD,Technology
CONVERT & MEASURE LIMITED,Technology
CONVEX LABS LTD,Technology
CONVEX UK SERVICES LIMITED,Finance
CONVEYANCING QUOTES 4U LIMITED,Technology
CONVISTA CONSULTING LIMITED,Technology
CONVIVA LTD,Technology
CONWAY WINDOWS CO. (UK) LIMITED,Engineering
CONWY CARE LTD,Healthcare
CONZUMMATE TECH LTD,Technology
COOK ROBOTHAM ARCHITECTURAL BUREAU LIMITED,Engineering
COOKPAD LIMITED,Technology
COOKSDITCH HOUSE CARE LTD,Healthcare
COOKSON PRECIOUS METALS LIMITED,Engineering
COOL HEALTH LTD,Healthcare
COOLABAH CAPITAL (UK) LTD,Finance
COOLGARIF TECHNOLOGIES LTD,Technology
COOMBE ACADEMY TRUST,Education
COOMBE SOLUTIONS LTD,Technology
COOPER NOBLE CARE LTD,Healthcare
COOPER SQUARE TECHNOLOGIES UK LTD,Technology
COOPERATIVE AI FOUNDATION,Engineering
COOPERHAY LTD,Education
COOPERS MILL LIMITED,Healthcare
COPIOUS LIMITED,Technology
COPPER BEECHES LIMITED,Healthcare
COPPER CONNECT CARE UK LTD,Healthcare
COPPER TECHNOLOGIES (UK) LIMITED,Technology
COPTHALL SCHOOL,Education
COPTHORNE COMPLETE HOME CARE LIMITED,Healthcare
COQUET TRUST,Healthcare
CORAL MARKETING STUBB LTD,Technology
CORALCLOUDS UK LIMITED,Technology
CORALOGIX UK LIMITED,Technology
CORBAN GLOBAL LIMITED,Education
CORCENTRIC LIMITED,Technology
CORD TECHNOLOGIES LIMITED,Technology
CORDBYTE LIMITED,Technology
CORDON TECHNOLOGIES LTD,Engineering
CORDYLINE ASPIRE LIMITED,Engineering
CORE (UK) LIMITED,Technology
CORE AUTOMATION LIMITED,Engineering
CORE CARE PROVIDER SERVICES LIMITED,Healthcare
CORE COMMUNICATION RETAIL LIMITED,Technology
CORE COMMUNICATION SERVICES LIMITED,Finance
CORE CONSULTING INFORMATION TECHNOLOGY LIMITED,Technology
CORE DENTAL LTD,Healthcare
CORE EDUCATION TRUST,Education
CORE ENGINEERING CONSULTING GROUP LIMITED,Engineering
CORE NETWORK SOLUTIONS UK LTD,Technology
CORE OUTCOME SOLUTIONS LIMITED,Technology
CORE POWER (UK) LTD,Engineering
CORE PROSPECTS CARE SERVICES LIMITED,Healthcare
COREBRIDGE INSTITUTIONAL INVESTMENTS (EUROPE) LIMITED,Finance
CORELIGHT UK LTD,Technology
CORELINE FIBRE LIMITED,Technology
CORELOGIC SOLUTIONS LIMITED,Technology
CORENET TECH (UK) PVT LTD,Technology
CORENET TECH LTD,Technology
COREWEAVE UK LIMITED,Technology
CORGAN LTD,Engineering
CORINTHIA GLOBAL MANAGEMENT LIMITED,Finance
CORIO GENERATION LIMITED,Finance
CORLYTICS SOLUTIONS LIMITED,Technology
CORMICA LIMITED,Finance
CORNELIUS VERMUYDEN SCHOOL,Education
CORNERSTONE (NORTH EAST) ADOPTION AND FOSTERING SERVICE,Healthcare
CORNERSTONE ACADEMY TRUST,Education
CORNERSTONE AUTHENTIC CARE LTD,Healthcare
CORNERSTONE HEALTHCARE MIDCO LIMITED,Finance
CORNERSTONE HEALTHCARE SERVICES LIMITED,Healthcare
CORNERSTONE ONDEMAND LIMITED,Technology
CORNERWAYS CHILDRENS SERVICES LIMITED,Healthcare
CORNMARKET INSURANCE SERVICES LIMITED,Finance
CORNSPRING LIMITED,Technology
CORNWALL EDUCATION LEARNING TRUST,Education
CORNWALL HOSPICE CARE LIMITED,Healthcare
CORNWALL INSIGHT LTD,Technology
CORONATION INTERNATIONAL LIMITED,Finance
CORPORATE AVENUE SERVICES LIMITED,Finance
CORPORATE FINANCIAL MANAGEMENT SYSTEMS LIMITED,Technology
CORPORATE GOVERNANCE RISK LIMITED,Technology
CORPORATE PROJECT SOLUTIONS LIMITED,Technology
CORPORATE RESEARCH FORUM LIMITED,Engineering
CORPORATER UK LTD,Technology
CORPUS CHRISTI CATHOLIC ACADEMY TRUST,Education
CORPUS CHRISTI CATHOLIC PRIMARY SCHOOL,Education
CORRA LINN DENT LTD,Healthcare
CORRECTIVE CHIROPRACTIC (MK) LIMITED,Healthcare
CORRELATION RISK PARTNERS LIMITED,Finance
CORRPRO UK (HOLDINGS) LIMITED,Finance
CORRY DENTAL CARE,Healthcare
CORSEARCH UK LIMITED,Technology
CORTEX ENGINEERING SOLUTIONS LTD,Engineering
CORTI AI UK LIMITED,Technology
CORVID CONSULTING UK LTD,Technology
CORVIDE LIMITED,Technology
CORVUS LONDON LIMITED,Technology
COSA VOSTRA UK LIMITED,Technology
COSIST LTD,Technology
COSMETICS SURGERY LIMITED,Healthcare
COSMIC KIDS TRADING LIMITED,Education
COSMO ACADEMIC LTD,Education
COSMO SMART SERVICES LIMITED,Technology
COSMOS HEALTHCARE LTD,Healthcare
COSMOS INTERACTIVE LTD,Technology
COSMOS VIDEO LIMITED,Technology
COSTAR UK LIMITED,Technology
COSTERO HOLDINGS LIMITED,Finance
COSYNE THERAPEUTICS LIMITED,Engineering
COTON CARE LIMITED,Healthcare
COTSWOLD HOUSE CARE HOME LIMITED,Healthcare
COTTAGE CLINIC LIMITED,Healthcare
COTTESWOLD HOUSE DENTAL CARE (GLOUCESTER) LTD,Healthcare
COTTONGRASS HOMES LIMITED,Healthcare
COTTONRAKE CAFE LTD,Finance
COUCHBASE LIMITED,Technology
COUGAR AUTOMATION LIMITED,Engineering
COULSDON DENTAL CLINIC LIMITED,Healthcare
COUNT LTD,Technology
COUNT TECHNOLOGIES LTD,Technology
COUNTFIRE LIMITED,Technology
COUNTRY COURT CARE HOMES 10 LIMITED,Healthcare
COUNTRY COURT CARE HOMES 11 OPCO LIMITED,Healthcare
COUNTRY COURT CARE HOMES 3 OPCO LIMITED,Healthcare
COUNTRY COURT CARE HOMES 5 LIMITED,Healthcare
COUNTRY COURT CARE HOMES 6 LIMITED,Healthcare
COUNTRY COURT CARE HOMES 7 OPCO LIMITED,Healthcare
COUNTRY COURT CARE HOMES LIMITED,Healthcare
COUNTRY HOMES FOR CHILDREN LIMITED,Healthcare
COUNTRYWIDE HEALTHCARE LTD,Healthcare
COUNTWISE ADVISORS LTD,Technology
COURAGE GLOBAL SCHOOL LIMITED,Education
COURAGE HEALTHCARE LTD,Healthcare
COURIER HOLDINGS LTD,Technology
COURSENTIA LTD,Education
COURSERA UK LIMITED,Technology
COURT HOUSE (CHEDDAR) LTD,Healthcare
COURT HOUSE (MALVERN) LIMITED,Healthcare
COURTAULD INSTITUTE OF ART,Education
COURTCARE FLEXI LIMITED,Healthcare
COURTCORRECT LTD,Technology
COV DRIVING SCHOOL LTD,Education
COVALENSE GLOBAL UK PRIVATE LIMITED,Technology
COVALENT SYSTEMS LIMITED,Technology
COVASANT TECHNOLOGIES (UK) PRIVATE LIMITED,Technology
COVATIC LTD,Technology
COVE MANOR CARE HOME LIMITED,Healthcare
COVECTA LTD,Technology
COVENANT HEALTHCARE LTD,Healthcare
COVER-MORE INSURANCE SERVICES LTD,Finance
COVERIS FLEXIBLES HOLDINGS UK LIMITED,Finance
COVERTECH LIMITED,Technology
COVERWISE HOLDINGS LIMITED,Technology
COVESION LIMITED,Engineering
COVVI LIMITED,Engineering
COWBELL CYBER LTD,Technology
COWBELL MANAGING GENERAL AGENCY LTD,Technology
COX GREEN SCHOOL,Education
COX POWERTRAIN LIMITED,Engineering
COX WORKSHOPS LIMITED,Engineering
COXWELL HOMES LIMITED,Healthcare
COYLE EQUIPMENT SERVICES LIMITED,Engineering
COZENTUS TECHNOLOGIES UK LIMITED,Technology
CPB EDUCATIONAL SERVICES LTD,Education
CPC PLANNING CONSULTANTS LIMITED,Engineering
CPC TECHNO SOLUTIONS LIMITED,Technology
CPH INSIGHT LTD,Technology
CPIO LIMITED,Technology
CPM PARTNERS LIMITED,Technology
CPMG ARCHITECTS LIMITED,Engineering
CPOTENTIAL TRUST,Healthcare
CPPP UK LIMITED,Healthcare
CPRIME LIMITED,Technology
CPT MARKETS UK LIMITED,Finance
CRACKNELL LIMITED,Engineering
CRAFTER ENGINEERING LIMITED,Engineering
CRAFTIFY TECH LTD,Technology
CRAGSIDE ENERGY LIMITED,Finance
CRAIGAVON TV SERVICE CENTRE LIMITED,Engineering
CRAIGHAVEN LIMITED,Healthcare
CRAIN COMMUNICATIONS LIMITED,Technology
CRAMLINGTON PRECISION FORGE LIMITED,Engineering
CRANAGE EMC TESTING LIMITED,Engineering
CRANE BIOSCIENCES LTD,Engineering
CRANE LIMITED,Engineering
CRANE MERCHANDISING SYSTEMS LIMITED,Engineering
CRANEMERE INTERNATIONAL LIMITED,Finance
CRANEWARE PLC,Technology
CRANFORD COMMUNITY COLLEGE,Education
CRANFORD SCHOOL,Education
CRANLEIGH PRACTICE LTD,Healthcare
CRANLEY NURSERIES LIMITED,Education
CRANMEAD LIMITED,Healthcare
CRATSOL LTD,Technology
CRAWFORD CHIROPRACTIC LIMITED,Healthcare
CRAWSHAW HALL HEALTHCARE LIMITED,Healthcare
CRAYON LIMITED,Technology
CRC (LONDON) LIMITED,Engineering
CRC CARE LTD,Healthcare
CREAM HOLDINGS (TAUNTON) LIMITED,Healthcare
CREAM I LIMITED,Healthcare
CREAM II LIMITED,Healthcare
CREAM III LIMITED,Healthcare
CREAM RESIDENTIAL CARE LIMITED,Healthcare
CREATE CHANGE LONDON LTD,Technology
CREATE DIGITAL SOLUTIONS LTD,Technology
CREATEC LTD,Engineering
CREATEMASTER LIMITED,Technology
CREATESHIFT LTD,Technology
CREATING FUTURE LIVES CIC,Education
CREATING SMILES LTD,Healthcare
CREATIO BRITAIN LTD,Technology
CREATION FINANCIAL SERVICES LIMITED,Finance
CREATION INTERACTIVE LIMITED,Technology
CREATION TECHNOLOGY SOLUTIONS LIMITED,Technology
CREATIVE AND CONNECTED COMMUNITIES CIC,Healthcare
CREATIVE ARCH LTD,Engineering
CREATIVE CARE (EAST MIDLANDS) LIMITED,Healthcare
CREATIVE CARE HOME LIMITED,Healthcare
CREATIVE CARE LIMITED,Healthcare
CREATIVE CUBS LIMITED,Healthcare
CREATIVE DESIGN AND STRUCTURE LIMITED,Engineering
CREATIVE EDUCATION TRUST,Education
CREATIVE IDEAZ (UK) LTD,Technology
CREATIVE IT CONSULTANTS LTD,Technology
CREATIVE MINDS NURSERIES LIMITED,Education
CREATIVE NETWORKS LIMITED,Technology
CREATIVE PROTOTYPING UNIT LIMITED,Engineering
CREATIVE RESTAURANT HOLDINGS LIMITED,Finance
CREATIVE TOURIST LTD,Technology
CREATORIQ INTERNATIONAL LIMITED,Technology
CREATUM CONSULTING LTD,Technology
CREDIT BENCHMARK LIMITED,Finance
CREDIT FINANCIER INVEST LIMITED,Finance
CREDIT STYLE LIMITED,Finance
CREDIT4 LIMITED,Finance
CREDITON CARE & SUPPORT HOMES LIMITED,Healthcare
CREDO CAPITAL LIMITED,Finance
CREDO TECHNOLOGY SERVICES UK LTD,Technology
CREEKMOOR DAY NURSERY LTD,Education
CRELAKE CARE LIMITED,Healthcare
CREMEXCHANGE TECHNOLOGY LTD,Technology
CREO MEDICAL LIMITED,Engineering
CREO SYNDICATE UK LIMITED,Education
CREO URBAN LIMITED,Technology
CRESCENDO BIOLOGICS LIMITED,Engineering
CRESCENT CARE HOME CORNWALL LIMITED,Healthcare
CRESCENT EDUCATION SERVICES LTD,Education
CRESCONOVA ACADEMY,Education
CRESSET BIOMOLECULAR DISCOVERY LIMITED,Technology
CRESSEX PRACTICE LIMITED,Healthcare
CRESSIVE LIMITED,Technology
CREST AEROSPACE LIMITED,Technology
CREST WALTHAM FOREST,Healthcare
CRESTA HEALTHCARE LTD,Healthcare
CRESTFIELD CARE LIMITED,Healthcare
CRESWELL DENTAL SURGERY LTD,Healthcare
CREWSMART LIMITED,Technology
CREWTON CARE LTD,Healthcare
CREX TECHNOLOGIES LIMITED,Technology
CREXA LTD,Technology
CREZCO LIMITED,Technology
CRIF REALTIME LIMITED,Technology
CRIKEM INDUSTRIES LIMITED,Engineering
CRIMSON CARE LIMITED,Healthcare
CRIMSON TIDE MPRO LIMITED,Technology
CRISIL IREVNA UK LIMITED,Technology
CRISS CARE SOLUTION LTD,Healthcare
CRISTAL HEALTH LTD,Technology
CRISTAL HEALTHCARE SERVICES LTD,Healthcare
CRITEO LTD,Technology
CRITICAL SOFTWARE LTD,Technology
CRIZAC LTD,Technology
CRM TEAM GLOBAL LIMITED,Technology
CRMCREW LIMITED,Technology
CROCKARD ASC LIMITED,Engineering
CROFT ARCHITECTURE LIMITED,Engineering
CROFT AVENUE CARE HOME LIMITED,Healthcare
CROFT COMMUNICATIONS LIMITED,Technology
CROFT HEALTHCARE LTD,Healthcare
CROFT HOUSE CARE HOME LIMITED,Healthcare
CROFTON PARK DENTAL PRACTICE LTD,Healthcare
CROFTWOOD CARE (CHESHIRE) LIMITED,Healthcare
CRON AI LTD,Technology
CRONOSLINK LIMITED,Technology
CROOK LOG CHEMISAL LIMITED,Healthcare
CROP DEMETRA LIMITED,Finance
CROS NT LIMITED,Engineering
CROSBY COMMUNITY CARE LIMITED,Healthcare
CROSS MEDIA LIMITED,Technology
CROSS WORKS LTD,Technology
CROSSBEAM FINANCIAL SERVICES LTD,Finance
CROSSEAGLE CARE SERVICES LTD,Healthcare
CROSSFIELDS CONSULTANTS LIMITED,Technology
CROSSFUZE LIMITED,Technology
CROSSOVER MARKETS UK LIMITED,Technology
CROSSPATH CARE LTD,Healthcare
CROSSPOINT CARE AGENCY LTD,Healthcare
CROSSROADS CARING FOR LIFE LTD,Healthcare
CROSSWAYS CARE SERVICES LTD,Healthcare
CROSURE LIMITED,Technology
CROVER LTD,Engineering
CROWD DATA SYSTEMS LIMITED,Technology
CROWD INVESTMENTS LIMITED,Finance
CROWD NETWORK LIMITED,Technology
CROWD2FUND LIMITED,Technology
CROWDCUBE LIMITED,Finance
CROWDSTRIKE UK LIMITED,Technology
CROWN BIOSCIENCE UK LIMITED,Engineering
CROWN CARE SOLUTIONS LTD,Healthcare
CROWN DENTAL CARE LIMITED,Healthcare
CROWN PHARMACOVIGILANCE LIMITED,Healthcare
CROWN POLISHING AND PLATING COMPANY LIMITED,Engineering
CROWN SUPPORTED LIVING SPACES LTD,Healthcare
CROWNWOOD HEALTHCARE (TEMPLE EWELL) LIMITED,Healthcare
CROWTHORNE CARE SURREY LTD,Healthcare
CROYDON PHYSIOTHERAPY LTD,Healthcare
CRS (NI) LTD,Engineering
CRUXSOL LIMITED,Technology
CRWBAN CARE AND SUPPORT LTD,Healthcare
CRYDENT LTD,Technology
CRYOGENIC LIMITED,Engineering
CRYOLAB LIMITED,Engineering
CRYPTIO LTD,Technology
CRYPTO COIN COMPARISON LTD,Technology
CRYSTAL BUSINESS SOLUTIONS LTD,Healthcare
CRYSTAL HOUSE PLATINUM LIMITED,Healthcare
CRYSTAL NET SOLUTIONS LTD,Technology
CRYSTAL NURSERY (UK) LIMITED,Education
CRYSTAL SOCIAL CARE LIMITED,Healthcare
CS DISCO LTD,Technology
CS GENETICS LIMITED,Engineering
CS MANAGERS LTD,Finance
CSC ADMINISTRATIVE SERVICES LIMITED,Technology
CSC COMPUTER SCIENCES LIMITED,Technology
CSG HEALTHCARE UK LTD,Healthcare
CSIGNUM LTD,Engineering
CSM CONSULTING SERVICES LTD,Technology
CST TRAINING LTD,Education
CT CREATIVE SOLUTIONS LTD,Healthcare
CTALK LIMITED,Technology
CTC LONDON LIMITED,Finance
CTD CARE SERVICES LIMITED,Healthcare
CTE ADVANCED TECHNOLOGIES LTD,Engineering
CTH AWARDS LIMITED,Education
CTI DIGITAL LIMITED,Technology
CTM EUROPE LIMITED,Engineering
CTO DATA SERVICES GROUP LTD,Technology
CTRLSYS LTD,Technology
CTS OFFSHORE AND MARINE LIMITED,Engineering
CU APPS LTD,Technology
CUBE METALS LTD,Engineering
CUBEDIGICO UK LTD,Technology
CUBEWISE SOFTWARE LTD,Technology
CUBEWISE SOLUTIONS (UK) LIMITED,Technology
CUBIT CONSULTING LIMITED,Engineering
CUCKOO FIBRE LIMITED,Technology
CUDO VENTURES LTD,Technology
CULTURE AMP LIMITED,Technology
CULTURE15 LIMITED,Technology
CULTURETRIPART LIMITED,Technology
CUMBERLAND PLATFORMS LIMITED,Engineering
CUMBRIA COUNCIL FOR VOLUNTARY SERVICE,Technology
CUMBRIA DEAF ASSOCIATION,Healthcare
CUMBRIA NURSING SERVICES (MILLFIELD) LIMITED,Healthcare
CUMULOCITY (UK) LTD,Technology
CUPOLA DESIGN LTD,Engineering
CUR8 EARTH LIMITED,Technology
CURA CARE LIMITED,Healthcare
CURALEAF INTERNATIONAL LIMITED,Engineering
CURANS CARE LIMITED,Healthcare
CURILEUM DISCOVERY LTD,Engineering
CURIOCITY CHILDCARE LIMITED,Healthcare
CURIOUSER GROUP LIMITED,Education
CURO CARE DELAHEYS LIMITED,Healthcare
CURO COMPENSATION LIMITED,Technology
CURRENT HEALTH LIMITED,Technology
CURTINS CONSULTING LIMITED,Engineering
CURVE DIGITAL PUBLISHING LIMITED,Technology
CURVE ROYALTY SYSTEMS LTD,Technology
CURVED STONE LTD,Technology
CURVOLT LTD,Engineering
CUSTOMIZED COMMUNITY SUPPORT LTD,Healthcare
CUSTOMUSE LIMITED,Technology
CUT THE MUSTARD (HOLDINGS) LIMITED,Technology
CUTFIELD FREEMAN & COMPANY LIMITED,Finance
CUTIE PIES NURSERY LTD,Education
CUTLER AND GROSS LIMITED,Healthcare
CUTSOLUTIONS LTD,Technology
CUVAMA LIMITED,Technology
CUVVA LIMITED,Finance
CV EUROPE,Technology
CV-LIBRARY LTD,Technology
CVC ADVISERS LIMITED,Finance
CVC SERVICES LTD,Healthcare
CVK INFOTECH LTD,Technology
CWG MARKETS LTD,Finance
CWS ENGINEERING LIMITED,Engineering
CYANCONNODE LIMITED,Technology
CYBAKE LIMITED,Technology
CYBAVERSE LTD,Technology
CYBER RANGE LTD,Technology
CYBER SECURITY HUB LTD,Technology
CYBER SHEKU LIMITED,Technology
CYBER STRATEGIES LTD,Technology
CYBERCUBE ANALYTICS EUROPE LIMITED,Technology
CYBERDD LIMITED,Technology
CYBERIAM HOLDINGS LIMITED,Technology
CYBERLENS LTD,Technology
CYBERLIVER LIMITED,Technology
CYBERLYSMART SERVICES LIMITED,Technology
CYBERMYSTIC LTD,Technology
CYBEROWL LIMITED,Technology
CYBERRATSS LTD,Technology
CYBERREY LTD,Technology
CYBERSECURE365 UK LTD,Technology
CYBERTOTS AT COPLEY CLOSE CHILDREN`S CENTRE LTD,Education
CYBERWAVE IT LIMITED,Technology
CYBRACE LIMITED,Technology
CYCLEHOOP LIMITED,Engineering
CYCLONE ROBOTICS UK LIMITED,Technology
CYCLOPS MARINE LTD,Engineering
CYERA UK LTD,Technology
CYGILANT UK LIMITED,Technology
CYGNET INFOTECH LIMITED,Technology
CYGNETISE LIMITED,Technology
CYGNUS ACADEMIES TRUST,Education
CYIENT EUROPE LIMITED,Technology
CYNERGY BANK PLC,Finance
CYNOMI LTD,Technology
CYPRESSA LIMITED,Finance
CYTIX LTD,Technology
CYTOSPIRE THERAPEUTICS LIMITED,Engineering
CZARNIKOW GROUP LIMITED,Finance
CZWG LIMITED,Engineering
D & L CARE HOMES LIMITED,Healthcare
D S PROPERTY FINANCE LTD,Finance
D SENSE THERAPY LTD,Healthcare
D&A COMMERCIAL CLEANING LTD,Technology
D&A ENGINEERING LTD,Engineering
D&D BUSINESS SERVICES LTD,Healthcare
D&J CARE SERVICES-RESIDENTIAL LTD,Healthcare
D&N SERVICES LTD,Healthcare
D-LINK (EUROPE) LIMITED,Technology
D-TEK SERVICES LTD,Technology
D-WAY SERVICES LTD,Technology
"D. E. SHAW & CO. (U.K.), LTD.",Finance
D.S.Q INTERNATIONAL LTD,Technology
D18 WORKS LIMITED,Technology
D2 NETWORK ASSOCIATES LIMITED,Technology
D2I DATA MANAGEMENT LIMITED,Technology
D2SCO LIMITED,Healthcare
D3R LTD,Technology
DA' WATUL ISLAM UK & EIRE LIMITED,Education
DAACI LIMITED,Technology
DAAPPA LIMITED,Technology
DAARUK CONSULTING LTD,Technology
DABSTER SYSTEMS UK LIMITED,Technology
DACI UTILITIES ENGINEERING CONSULTANCY LIMITED,Engineering
DADA EDUCATION GLOBAL LIMITED,Education
DAELLA DIGITAL LTD,Technology
DAEMON SOLUTIONS LIMITED,Technology
DAFFODIL CARE LIMITED,Healthcare
DAFFODIL PREPARATORY SCHOOL LTD,Education
DAGEM POWER LTD,Engineering
DAIKIN APPLIED (UK) LIMITED,Engineering
DAILOQA SOLUTIONS (UK) LIMITED,Technology
DAILY LIVING CARE LTD,Healthcare
DAILYPAY (NI) LTD,Technology
DAISYCHAIN HOMECARE SERVICES (BAKEWELL) LIMITED,Healthcare
DAIWA ASSET MANAGEMENT (EUROPE) LTD,Finance
DAIWA CAPITAL MARKETS EUROPE LIMITED,Finance
DAIWA INTERNATIONAL CAPITAL PARTNERS LIMITED,Finance
DAKSFIRST LIMITED,Finance
DALCHI HEALTHCARE LIMITED,Healthcare
DALE SOLUTIONS LIMITED,Technology
DALE SYNDICATE SERVICES LIMITED,Finance
DALE TOPCO LIMITED,Healthcare
DALEN LIMITED,Engineering
DALET UK LIMITED,Technology
DALGETY LIMITED,Finance
DALORD HEALTHCARE LIMITED,Healthcare
DAMA ENGINEERING CONSULTANTS LIMITED,Engineering
DAMASCENA HOLDINGS LIMITED,Finance
DAME HANNAH ROGERS TRUST 2019 LIMITED,Healthcare
DAN TOBIN SMITH STUDIO LIMITED,Finance
DANDAIS CARE LIMITED,Healthcare
DANDELION CAPITAL LTD,Technology
DANDELIONUK LIMITED,Healthcare
DANDI LIVING LIMITED,Engineering
DANES EDUCATIONAL TRUST,Education
DANFORTH CARE PARTNERS LIMITED,Healthcare
DANIEL REPAIRS LIMITED,Engineering
DANIELI UK HOLDING LIMITED,Engineering
DANIELLE & DAISY CARE LTD,Healthcare
DANIELS CARE SOLUTIONS LTD,Healthcare
DANISH REFRIGERATION LTD,Engineering
DANLEO TELECOM SERVICES LIMITED,Technology
DANSTON LTD,Engineering
DANT Y COED DENTAL PRACTICE LIMITED,Healthcare
DANTA IT SOLUTIONS LIMITED,Technology
DAPHNE TECHNOLOGIES LTD,Finance
DAR GLOBAL PLC,Finance
DARABARA BUSINESS LTD,Education
DARBYSHIRE CARE LIMITED,Healthcare
DARETHEALTHCARE UK LIMITED,Healthcare
DARKTRACE HOLDINGS LIMITED,Technology
DARNTONB3 LIMITED,Engineering
DARRENN GROUP LIMITED,Engineering
DART INFOTECH LIMITED,Technology
DARTBRIDGE SYSTEMS LIMITED,Technology
DARTFORD CLINIC LTD,Healthcare
DARTFORD GRAMMAR SCHOOL,Education
DARWIN DELTA LIMITED,Education
DARWIN EVOLUTION TECHNOLOGIES LTD,Technology
DAS CARE LIMITED,Healthcare
DAS CONSULTANCY SERVICES LIMITED,Technology
DASAN UNITED LIMITED,Technology
DASCARE HOME LTD,Healthcare
DASH GAMES LTD,Technology
DASHLY LIMITED,Technology
DASHWOOD BREWER & PHIPPS LTD,Finance
DATA ANALYTICS & VISUALISATION LIMITED,Technology
DATA CLARITY LIMITED,Technology
DATA CONNECT SOLUTIONS LTD,Technology
DATA CUBED LIMITED,Technology
DATA DESIGN SOLUTIONS LIMITED,Technology
DATA FIDELITY PVT LTD,Technology
DATA INTELLECT SERVICES LIMITED,Technology
DATA INTENSITY LIMITED,Technology
DATA OPS LIMITED,Technology
DATA PRIVACY SIMPLIFIED LTD,Technology
DATA PROTECTION PEOPLE LIMITED,Technology
DATA SOCKET LIMITED,Technology
DATA SOLUTIONZ LIMITED,Technology
DATA SPARTAN LIMITED,Technology
DATA TECHNOLOGY LIMITED,Technology
DATA TRANS TECHNOLOGIES LIMITED,Technology
DATA TREK TECHNOLOGIES LTD,Technology
DATA TRIALS SOLUTIONS LTD,Technology
DATA YIELD LIMITED,Technology
DATAACTIONS LIMITED,Technology
DATAART TECHNOLOGIES UK LTD,Technology
DATABOOK LABS UK LTD,Technology
DATABUZZ LTD,Technology
DATACHOICE SOLUTIONS LTD,Technology
DATAFLIGHT SOLUTIONS LTD,Technology
DATAFORM LAB LIMITED,Engineering
DATAGARDENER SOLUTIONS LIMITED,Technology
DATAGENE LIMITED,Technology
DATAGOAT LIMITED,Technology
DATAIKU LTD,Technology
DATALEC POWER INSTALLATIONS LIMITED,Engineering
DATALINEAGE CONSULTING LIMITED,Technology
DATAMARAN LIMITED,Technology
DATAMATICS INFOTECH LIMITED,Technology
DATAMATO TECHNOLOGIES LIMITED,Technology
DATAMBIT LIMITED,Technology
DATAMELLON LIMITED,Technology
DATAMETICA UK LIMITED,Technology
DATAMINR UK LTD,Technology
DATAOBRII LTD,Technology
DATAPAO LIMITED,Technology
DATAPARE LTD,Technology
DATAPROV LIMITED,Technology
DATAR CANCER GENETICS UK PRIVATE LIMITED,Healthcare
DATAROBOT UK LTD,Technology
DATASEAT LTD,Technology
DATASHRUBS TECHNOLOGIES LTD,Technology
DATASITE UK LTD.,Technology
DATASIXTH LIMITED,Technology
DATASLICE LTD,Technology
DATASOFT DIGITEL LTD,Technology
DATASPARQ LIMITED,Technology
DATASSENTIAL UK LIMITED,Technology
DATATEL FIBER LTD,Technology
DATATEL LTD,Technology
DATATRIX LTD,Technology
DATAVID LIMITED,Technology
DATAWHIZZ LIMITED,Technology
DATAZONE TECHNOLOGIES LIMITED,Technology
DATCONET LTD,Technology
DATEL COMPUTING LIMITED,Technology
DATOX LTD,Technology
DATTO EUROPE LIMITED,Technology
DAUTI LIFTS LTD,Engineering
DAVALL GEARS LTD,Engineering
DAVENPORT MANOR RESIDENTIAL HOME LTD,Healthcare
DAVETHAN TECHNOLOGIES LIMITED,Engineering
DAVID BROWN SANTASALO UK LIMITED,Engineering
DAVID GAME COLLEGE LTD,Education
DAVID KOHN ARCHITECTS LIMITED,Engineering
DAVID STANLEY OPTICALS LIMITED,Healthcare
DAVIES GROUP LIMITED,Finance
DAVIS GROUND IT SERVICES LIMITED,Technology
DAVIS PEMBERTON & SARWAR LIMITED,Technology
DAVITA INTERNATIONAL LIMITED,Healthcare
DAWN CARE SERVICES LTD,Healthcare
DAWN GLOBAL MANAGEMENT LIMITED,Finance
DAWN TECHNOLOGIES LTD,Technology
DAWSON INTERNATIONAL (UK) LTD.,Finance
DAXTON CAPITAL LIMITED,Finance
DAY ARCHITECTURAL LIMITED,Engineering
DAY ONE TRUST,Education
DAYA CARE GROUP (MEDWAY) LTD,Healthcare
DAYA CARE GROUP LTD,Healthcare
DAYCARE CENTRES LIMITED,Education
DAYSHAPE SOFTWARE LTD,Technology
DAYSPRING CARE LTD,Healthcare
DAYSPRINGS HEALTHCARE LIMITED,Healthcare
DAYSTAR CARE SERVICES LTD,Healthcare
DBAM SOLUTIONS LTD,Healthcare
DBFS LIMITED,Technology
DBI CONTROL LIMITED,Engineering
DBINFO LTD,Technology
DBJ EUROPE LIMITED,Finance
DBM VIRCON SERVICES (UK) LIMITED,Engineering
DBS DATAMARKETING LTD,Technology
DBT LABS UK LIMITED,Technology
DBX COMMODITIES LTD,Technology
DCAPITAL LTD,Healthcare
DCG TEAM UK LIMITED,Technology
DCK CARE LTD,Healthcare
DCL-PRO SERVICES LTD,Healthcare
DCLICK LTD,Technology
DCM TECHNOLOGIES LIMITED,Technology
DCODEIT LTD,Technology
DCS TRAINING SERVICES LTD,Education
DCS&D LIMITED,Healthcare
DCUBE TECHNOLOGIES LTD,Technology
DCV TECHNOLOGIES LIMITED,Technology
DDC OUTSOURCING SOLUTIONS LIMITED,Technology
DDGI LIMITED,Finance
DDRC HEALTHCARE,Healthcare
DE ASTON SCHOOL ACADEMY TRUST,Education
DE BANKE GROUP LIMITED,Technology
DE BOHUN CARE LTD,Healthcare
DE CLIFTON CONSULTING LIMITED,Engineering
DE DIGITIZERS LTD,Technology
DE LAGE LANDEN LEASING LIMITED,Finance
DE ROSSI CONSULTING LTD,Engineering
DE VENEZIA LTD,Education
DE VERE CARE PARTNERSHIP LTD,Healthcare
DE VILLIERS WALTON LIMITED,Technology
DE-LIGHT CARE AND SUPPORT LTD,Healthcare
DEAFWAY,Healthcare
DEALDIO LTD,Technology
DEALGLOBE LIMITED,Technology
DEALSCRIBE LIMITED,Technology
DEALSTACK LTD,Technology
DEANSDENTAL CARE LTD,Healthcare
DEANSGATE SURGERY LIMITED,Healthcare
DEBEN WILLOW CARE LIMITED,Healthcare
DEBIT FINANCE COLLECTIONS PLC,Finance
DECANT GROUP LIMITED,Technology
DECIMAL HEALTHCARE SERVICES LIMITED,Healthcare
DECISION CONSULTANT SOLUTIONS LTD,Technology
DECISION STUDIO LIMITED,Technology
DECUS INSURANCE BROKERS LIMITED,Finance
DEDICATED LIFE CARE LIMITED,Healthcare
DEE&TEE CARE AGENCY LTD,Healthcare
DEE.IE LTD,Technology
DEEANGELS CARE LIMITED,Healthcare
DEEM GLOBAL (UK) LIMITED,Finance
DEENOVA UK LIMITED,Healthcare
DEEON LIMITED,Finance
DEEP BLUE BIOTECH LIMITED,Engineering
DEEP DIVERS LTD,Technology
DEEP GREY RESEARCH LTD,Technology
DEEP HEALTHCARE SERVICES LIMITED,Technology
DEEP PLANET LIMITED,Technology
DEEP.META LTD,Technology
DEEPALERT LIMITED,Technology
DEEPFIN RESEARCH LIMITED,Technology
DEEPFORM LIMITED,Engineering
DEEPKI UK LTD,Technology
DEEPMAY TECHNOLOGIES LIMITED,Technology
DEEPMIRROR LTD,Technology
DEEPRESPONSE LTD,Technology
DEEPSEED INSIGHTS LTD,Technology
DEERNS UK LIMITED,Engineering
DEEVALE HEALTHCARE LIMITED,Healthcare
DEEVI TECHNOLOGIES LTD,Technology
DEFCODE LTD,Technology
DEFENCEART LTD,Technology
DEFENSE.COM UK LTD,Technology
DEFENX LIMITED,Technology
DEFEYENE LEGAL SOLUTIONS LIMITED,Technology
DEFIANT ENTERPRISES LIMITED,Healthcare
DEFINE SERVICES LTD,Education
DEFINITE ARTICLE MEDIA LIMITED,Technology
DEIA BIDCO LIMITED,Finance
DEIMOS CLOUD LTD,Technology
DEIMOS SPACE UK LIMITED,Engineering
DEK-CO (UK) LTD,Technology
DEKAMED LIMITED,Healthcare
DELABIE UK LIMITED,Engineering
DELANCEY INVESTMENT ADVISORY SERVICES LIMITED,Finance
DELFA LIMITED,Technology
DELFT INVESTMENTS LIMITED,Finance
DELIGHT SUPPORTED LIVING LTD,Healthcare
DELIGHTSDEN CHILDCARE LTD,Healthcare
DELINEA UK LIMITED,Technology
DELINIAN LIMITED,Technology
DELIO LTD,Technology
DELION'S DAYCARE LTD,Healthcare
DELISYS TECHNOLOGIES LTD,Technology
DELIVER BIOSCIENCES LIMITED,Engineering
DELIVER E HUB LTD,Technology
DELIVERECT LTD,Technology
DELIVERS.AI LTD,Technology
DELIVIX LIMITED,Technology
DELL CORPORATION LIMITED,Technology
DELLI LIMITED,Technology
DELLNER GLASS SOLUTIONS LIMITED,Engineering
DELPHI SERVICES LTD,Technology
DELPHINE HOMECARE LIMITED,Healthcare
DELPHIX SOFTWARE LIMITED,Technology
DELPRO WIND LTD,Engineering
DELTA ACADEMIES TRUST,Education
DELTA FIRE ENGINEERING LTD,Engineering
DELTA TECH GLOBAL LIMITED,Technology
DELTABASE COMMUNICATIONS LIMITED,Technology
DELTACLASS TECHNOLOGY SOLUTIONS LIMITED,Technology
DELTATICKER LTD,Technology
DELTATRACK LIMITED,Technology
DELTAUK SERVICES LTD,Technology
DELTAXML LIMITED,Technology
DELTRON LIFTS LIMITED,Engineering
DELUXE SUPPORTED LIVING SERVICES LTD,Healthcare
DEMAND-GENIUS LIMITED,Technology
DEMELZA HOSPICE CARE FOR CHILDREN,Healthcare
DEMENTECH LIMITED,Healthcare
DEMENTIA CARE & SUPPORT AT HOME LIMITED,Healthcare
DEMIDAV LTD,Healthcare
DEMOCRACY COUNTS LIMITED,Technology
DEMOCRANCE LIMITED,Finance
DENCARE CLINIC LIMITED,Healthcare
DENCARE LIMITED,Healthcare
DENCORP LTD,Healthcare
DENE COURT CARE HOME LIMITED,Healthcare
DENEBUNU LIMITED,Technology
DENEFIELD SCHOOL,Education
DENISE CARE LIMITED,Healthcare
DENMARK STREET DENTAL PRACTICE LIMITED,Healthcare
DENORA HEALTHCARE LTD,Healthcare
DENOVO HEALTH GROUP LIMITED,Finance
DENPEDIA LIMITED,Technology
DENT HUB SMILES LTD,Healthcare
DENT41 LIMITED,Healthcare
DENTA CARE CHESHIRE LTD,Healthcare
DENTAHUB (SHROPSHIRE) LTD,Healthcare
DENTAL BEAUTY BASILDON LTD,Healthcare
DENTAL BEAUTY GROUP LTD,Healthcare
DENTAL DELIGHT SMILES LIMITED,Healthcare
DENTAL GROUP LTD,Healthcare
DENTAL HARMONY LTD,Healthcare
DENTAL SPA SOLUTIONS LTD,Healthcare
DENTAL SUITE LTD,Healthcare
DENTAL WORLD CORNWALL LTD.,Healthcare
DENTALNOVA LIMITED,Healthcare
DENTAPRIME UK PLC,Healthcare
DENTAQUEST LTD,Healthcare
DENTCARE DENTAL LAB UK LTD,Healthcare
DENTEX HEALTHCARE GROUP LIMITED,Healthcare
DENTINAL TUBULES LIMITED,Technology
DENTONS GLOBAL SERVICES (UK) HOLDING LIMITED,Finance
DENTOZEN LTD,Healthcare
"DENTSU SOKEN UK, LTD.",Technology
DENVILLE HALL 2012,Healthcare
DEPENDABLE HEALTH CARE LTD,Healthcare
DEPLOY ECOMMERCE LIMITED,Technology
DEPLOYFLOW LTD,Technology
DEPOSCO UK LIMITED,Finance
DEPOTNET LTD,Technology
DEPT PERSONALISED CONTENT LIMITED,Technology
DEPUTY EMEA LIMITED,Technology
DERA CARE LIMITED,Healthcare
DERBY LODGE (PRESTON) LIMITED,Healthcare
DERBYLANE MEDICAL LTD,Healthcare
DERBYSHIRE COMMUNITY CARE LTD,Healthcare
DERBYSOFT (UK) LIMITED,Technology
DERISK360 LTD,Technology
DERIV TECHNOLOGIES LIMITED,Technology
DERIVIA INTELLIGENCE LIMITED,Technology
DERMA CLINIC LIMITED,Healthcare
DERMACARE LTD,Healthcare
DERRIFORD HOUSE LIMITED,Healthcare
DERWENT RESIDENTIAL CARE LIMITED,Healthcare
DESAP LIMITED,Technology
DESBOROUGH COLLEGE ACADEMY TRUST,Education
DESCARE LTD,Healthcare
DESCARTES UK AGENCY LTD,Finance
DESCO (DESIGN & CONSULTANCY) LIMITED,Engineering
DESIGN AND MANAGEMENT CONSULTANTS LTD,Engineering
DESIGN AND PLAN CONSULTANTS LTD,Engineering
DESIGN ID CONSULTING LIMITED,Engineering
DESIGN IS ALIVE LIMITED,Technology
DESIGN SQUARED LTD,Engineering
DESIGNABILITY CHARITY LIMITED,Healthcare
DESIGNCORE DERBY CIC,Technology
DESIGNED BY WOULFE LTD,Engineering
DESIGNITUDE ASSOCIATES LTD,Engineering
DESIGNTECH CONSULTING SERVICES LIMITED,Engineering
"DESIMONE CONSULTING ENGINEERING UK, LIMITED",Engineering
DESIRE HEALTHCARE SERVICES LTD,Technology
DESIREFIRM CONSULTING GROUP LIMITED,Technology
DESIROL LIMITED,Healthcare
DESKPRO LTD,Technology
DESMET ROSEDOWNS LIMITED,Engineering
DESSEIN LAB LTD,Engineering
DESTEC INTERNATIONAL LTD,Technology
DESTIN SOLUTIONS LTD,Technology
DESTINY HAVEN CHILDCARE LTD,Education
DESTINY HEALTHCARE PRIVATE LTD,Healthcare
DESTINY KIDS NURSERY LIMITED,Healthcare
DESTINY SUPPORT CARE LIMITED,Healthcare
DESYNIT LIMITED,Technology
DETAILED CARE LTD,Healthcare
DETENTION ACTION,Healthcare
DETERMINIST LTD,Technology
DEUCHAR WILLIAMS HEALTH (EAST FIFE) LTD,Healthcare
DEUDRAA UK LIMITED,Technology
DEUTSCHE LEASING (UK) LIMITED,Finance
DEUTSCHE TELEKOM (UK) LIMITED,Technology
DEUTSCHE WINDTECHNIK LTD,Engineering
DEV GEEKS LTD,Technology
DEV/NULL LIMITED,Technology
DEVA MEDICAL ELECTRONICS LIMITED,Healthcare
DEVBOX TECHNOLOGIES LIMITED,Technology
DEVELOPER LABS LIMITED,Technology
DEVELOPING LIVES SERVICES (2000) LIMITED,Healthcare
DEVELOPMENT COMPANY FOR ISRAEL (INTERNATIONAL) LIMITED,Finance
DEVELOPMENT GUARANTEE GROUP LTD,Finance
DEVELOPMENT PATHWAYS LTD,Engineering
DEVI TECHNOLOGIES LIMITED,Technology
DEVIN CONSULTING LIMITED,Engineering
DEVISE IT CONSULTING LTD,Technology
DEVIZES ROAD PRACTICE LTD,Healthcare
DEVON AND CORNWALL REFUGEE SUPPORT,Healthcare
DEVOPSTRIO LTD,Technology
DEVOTEAM UK LTD,Technology
DEW TECHNOLOGY LIMITED,Technology
DEWAN LTD,Technology
DEX INTERNATIONAL LIMITED,Finance
DEX TALENT LTD,Technology
DEXRA SOLUTIONS LIMITED,Technology
DEXT SOFTWARE LIMITED,Technology
DEXTCLOUD LIMITED,Technology
DFD CARE AND SUPPORT SERVICES LTD,Healthcare
DFT OPERATOR LIMITED,Finance
DG GLASS DESIGNS LIMITED,Engineering
DG TECH SOLUTION LIMITED,Engineering
DG-UK GLOBAL MANAGEMENT & TECHNOLOGY LTD,Technology
DGGR LIMITED,Technology
DGL INTERNATIONAL (UK) LTD,Finance
DGR DIGITAL LTD,Technology
DGS TECH LIMITED,Technology
DGTON LTD,Technology
DHAMI DENTAL SURGEONS LTD,Healthcare
DHARMAVARAM LIMITED,Technology
DHARMIK DIGITAL SOLUTIONS LTD,Technology
DHAYAN MAINTENANCE SERVICES LIMITED,Engineering
DHC MIDLANDS LTD,Healthcare
DHCH14 LIMITED,Healthcare
DHEERAJA SYSTEMS LIMITED,Technology
DHESI DENTAL PARTNERS LIMITED,Healthcare
DHI INTERNATIONAL UK LIMITED,Healthcare
DHMSC IT SERVICES LIMITED,Technology
DHOOPSOFT LTD,Technology
DHS IT SOLUTIONS LTD,Technology
DIA CAPITAL LIMITED,Technology
DIA SYSTEMS LIMITED,Engineering
DIAGNAL UK LTD,Technology
DIAGNEXIA UK LIMITED,Technology
DIAGNOSTIC WORLD LTD,Healthcare
DIAGRAM CAPITAL LTD,Finance
DIALECT LIMITED,Technology
DIALOGUE EARTH,Technology
DIAMOND CARE AND SERVICES LIMITED,Healthcare
DIAMOND CARE SOLUTIONS LTD,Healthcare
DIAMOND CONTROLS LIMITED,Engineering
DIAMOND EDUCARE LIMITED,Education
DIAMOND GATE CARE SERVICES LIMITED,Healthcare
DIAMOND HEAD SERVICES LTD,Finance
DIAMOND INSCRIPTIONS LTD,Technology
DIAMOND PLUS TELECOM LTD,Technology
DIAMOND-CUBE LIMITED,Finance
DIASPORA AFRICAN WOMEN'S SUPPORT NETWORK CIC,Technology
DIDCOT DENTAL GROUP LTD,Healthcare
DIDCOT HOME CARE LTD,Healthcare
DIDI MOBILITY UK LIMITED,Technology
DIDSBURY CHILDMINDING LIMITED,Education
DIEM UK ENTERPRISES LIMITED,Engineering
DIESELEC THISTLE GENERATORS LIMITED,Engineering
DIESTA LIMITED,Technology
DIFFERENT CARE HOLDINGS LTD,Healthcare
DIG VENTURES ADVISORS LIMITED,Finance
DIGBY WELLS ENVIRONMENTAL HOLDINGS LIMITED,Finance
DIGI TECHNOLOGY LIMITED,Technology
DIGIBLU UK LIMITED,Technology
DIGICOM360 LIMITED,Technology
DIGIDOE LTD,Finance
DIGIFIER CONSULTING LIMITED,Technology
DIGILAB SOLUTIONS LTD,Technology
DIGISEQ LIMITED,Technology
DIGISIG RAIL GROUP LTD,Engineering
DIGISOIL LIMITED,Technology
DIGIT PLACES LIMITED,Technology
DIGITAIKEN TECH CORPORATION LTD,Technology
DIGITAK LIMITED,Technology
DIGITAL (I) TECHNOLOGIES LTD,Technology
DIGITAL APPLICATIONS INTERNATIONAL LIMITED,Technology
DIGITAL BUYING PARTNERS LIMITED,Technology
DIGITAL CLIPBOARD LIMITED,Technology
DIGITAL COMMONWEALTH LIMITED,Education
DIGITAL CRYOGENICS LIMITED,Technology
DIGITAL DETOX LTD,Technology
DIGITAL DEVOPS LIMITED,Technology
DIGITAL DIRECTORIES LIMITED,Technology
DIGITAL DISRUPTION TECHNOLOGIES LTD,Technology
DIGITAL DREAM LTD,Technology
DIGITAL EMERGENCY LTD,Technology
DIGITAL FIRST HOLDINGS UK LIMITED,Technology
DIGITAL INNK LIMITED,Technology
DIGITAL INSIGHTS CONSULTANCY LIMITED,Technology
DIGITAL MARKETING SCHOOL LTD,Education
DIGITAL MARMALADE LIMITED,Technology
DIGITAL MEDIA TECHNOLOGIES LTD,Technology
DIGITAL MONEYBOX LIMITED,Technology
DIGITAL ORANGE NETWORKS LIMITED,Technology
DIGITAL PORT LTD,Technology
DIGITAL REALTY (UK) LIMITED,Finance
DIGITAL RFQ LIMITED,Technology
DIGITAL SCIENCE & RESEARCH SOLUTIONS LIMITED,Technology
DIGITAL SPACE GROUP LIMITED,Technology
DIGITAL SURGERY LIMITED,Healthcare
DIGITAL TAXONOMY LIMITED,Technology
DIGITAL THERAPEUTICS LTD,Healthcare
DIGITAL TRAVEL MARKETING GROUP LIMITED,Technology
DIGITAL WORKFORCE SERVICES LTD,Technology
DIGITAL-I LIMITED,Technology
DIGITALAPICRAFT UK LTD,Technology
DIGITALDATA CONSULTING LIMITED,Technology
DIGITALGB LTD,Technology
DIGITALK TECHNOLOGY LIMITED,Technology
DIGITALL SOLUTIONS LTD,Technology
DIGITALMANDEE LTD,Technology
DIGITALOCEAN DROPLET LIMITED,Technology
DIGITALQ UK IT SOLUTIONS LTD,Technology
DIGITEC FINANCIAL TECHNOLOGIES AND SERVICES (UK) LTD,Technology
DIGITECH WORLD UK LTD,Engineering
DIGITEX TECHNOLOGIES LIMITED,Technology
DIGITISINGMART EUROPE LIMITED,Technology
DIGITZEN LTD,Technology
DIGNIFY CARE LIMITED,Healthcare
DIGNITY AND CHOICE IN DYING,Healthcare
DIGNITY EXPRESS HEALTH CARE LTD,Healthcare
DIGNUS HEALTHCARE LIMITED,Healthcare
DIGS TECHNOLOGY LIMITED,Technology
DILIGENT BOARDBOOKS LIMITED,Technology
DILLON CARE LIMITED,Healthcare
DINCHA LIMITED,Technology
DINE IN TABLE LIMITED,Technology
DIOCESE OF CHICHESTER ACADEMY TRUST,Education
DION.MONEY LTD,Technology
DIONA (UK) LIMITED,Technology
DIORS BEAUTY COMPANY LTD,Healthcare
DIPONT INTERNATIONAL LIMITED,Education
DIRECT CARE AND SUPPORT SERVICES UK LTD,Healthcare
DIRECT CARE SERVICE LIMITED,Healthcare
DIRECT LINK CARE LTD,Healthcare
DIRECT MAINTENANCE AIRCRAFT SERVICES UK LTD,Engineering
DIRECT REMIT LIMITED,Finance
DIRECT2U CARE LIMITED,Healthcare
DIREK LTD,Technology
DISCOVER DIGITAL SOLUTIONS LIMITED,Technology
DISCOVERY CARE LIMITED,Healthcare
DISCOVERY EDUCATION EUROPE LIMITED,Technology
DISCOVERY EDUCATIONAL TRUST,Education
DISPERSE.IO LTD,Technology
DISPLAYLINK (UK) LIMITED,Engineering
DISRUPTIVE NOVOTECH HOLDING LTD,Engineering
DISS DENTAL HEALTH CENTRE LIMITED,Healthcare
DISTINCTION LIMITED,Technology
DISTRIBIND LIMITED,Technology
DISTRICT HOME CARE LTD,Healthcare
DIVAMO STARS CHILDCARE LTD,Education
DIVERCITY LONDON LIMITED,Engineering
DIVERGENT HEALTHCARE LIMITED,Healthcare
DIVERSE ACADEMIES TRUST,Education
DIVERSE HOME CARE LTD,Healthcare
DIVERSE SERVICES LTD,Healthcare
DIVERSITY ECONOMICS LTD,Technology
DIVERSITY RESOURCE INTERNATIONAL (DRI) C.I.C.,Education
DIVINE CARE PROVIDER LTD,Healthcare
DIVINE COMMUNITY CARE LIMITED,Healthcare
DIVINE HEALTH & SOCIAL CARE LIMITED,Healthcare
DIVINE HEALTH SERVICES LIMITED,Healthcare
DIVINE ROCK CARE LIMITED,Healthcare
DIVINE SPARKS LIMITED,Healthcare
DIVINITY LIMITED,Healthcare
DIVINITY MK SCANS LIMITED,Healthcare
DIVYANGA LTD,Technology
DIXIPAY LTD,Finance
DIXONS ACADEMIES TRUST,Education
DIYAAN IT SERVICES PROVIDER LIMITED,Technology
DJB CARE SERVICES LIMITED,Healthcare
DK PRACTICE & LAB LIMITED,Healthcare
DK TUITION LTD,Education
DKK PARTNERS LTD,Finance
DKM HEALTHCARE LIMITED,Healthcare
DKMS FOUNDATION,Healthcare
DKR IT CONSULTING UK LIMITED,Technology
DL TECHNOLOGIES LTD,Technology
DLAB LIMITED,Technology
DLLNI LIMITED,Technology
DLOCAL OPCO UK LTD,Finance
DLS SOCIAL & HEALTHCARE LTD,Healthcare
DLT APPS LIMITED,Technology
DLT ENGINEERING LTD,Engineering
DM DZIGNS LIMITED,Technology
DMG MORI UK LIMITED,Engineering
DMP HEALTHCARE (CHERRY ORCHARD) LTD,Healthcare
DMP HEALTHCARE (ELMSTEAD) LTD,Healthcare
DMP HEALTHCARE (HEATHERBROOK) LTD,Healthcare
DMP HEALTHCARE (HILL HOUSE) LTD,Healthcare
DMP HEALTHCARE (OGILVY) LIMITED,Healthcare
DNAE GROUP HOLDINGS LIMITED,Engineering
DNDISTURB LTD,Finance
DOBLE POWERTEST LIMITED,Engineering
DOC ABODE LTD.,Technology
DOCAN SOLUTIONS LTD,Technology
DOCEBO UK LIMITED,Technology
DOCME TECHNOLOGIES LTD,Engineering
DOCSAFE LIMITED,Technology
DOCTOR CARE ANYWHERE GROUP PLC,Healthcare
DODGE & COX WORLDWIDE INVESTMENTS LTD.,Finance
DOETAYLOR LIMITED,Technology
DOGAN ONLINE LIMITED,Finance
DOIT INTERNATIONAL UK&I LTD,Technology
DOLARAPP UK LTD,Finance
DOLBY EUROPE LIMITED,Technology
DOLPHIN IT SOLUTIONS (UK) LTD,Technology
DOLPHIN SCHOOL LIMITED,Education
DOMAIN CARE NORTH WEST LTD,Healthcare
DOMAINEX LIMITED,Engineering
DOME GROUP FINANCIAL ADVISERS LIMITED,Finance
DOMESTIC & GENERAL GROUP LIMITED,Finance
DOMI DOMINGO LTD,Education
DOMICILIARY CARE EXPERTS LIMITED,Healthcare
DOMICILIARY CARE SERVICES (UK) LIMITED,Healthcare
DOMINIC CARE LIMITED,Healthcare
DOMINION CHILDCARE LIMITED,Education
DOMINO DATA LAB LIMITED,Technology
DOMLYN LTD,Healthcare
DOMO GROUP LTD,Technology
DON VALLEY ENGINEERING GROUP LIMITED,Finance
DONALDSON FILTRATION (GB) LIMITED,Engineering
DONAVALLI CONSULTING LIMITED,Technology
DONCASTER ROAD DENTAL PRACTICE LIMITED,Healthcare
DONCASTERS LIMITED,Engineering
DONNA NICOL PHYSIOTHERAPY & ASSOCIATES LIMITED,Healthcare
DOORDA LIMITED,Technology
DOORFEED LTD,Technology
DOOSAN DIGITAL INNOVATION EUROPE LIMITED,Technology
DORAN CONSULTING LIMITED,Engineering
DORCHESTER ROAD DENTAL LIMITED,Healthcare
DORIS ENGINEERING UK LIMITED,Engineering
DORM LIMITED,Technology
DORMY CARE COMMUNITIES (HEREFORD) LIMITED,Healthcare
DORNAN ENGINEERING SERVICES LIMITED,Engineering
DORNIER GROUP UK LTD,Engineering
DORSET HALL NURSERY PARKSIDE LIMITED,Education
DORSET MIND,Healthcare
DORSET SECURITY SERVICES LTD,Finance
DORSET WELLBEING LIMITED,Healthcare
DOSHAHEEN SOLUTIONS UK LIMITED,Technology
DOSHI APP LIMITED,Technology
DOT DYNAMICS LTD,Technology
DOT IT CONSULTING LTD,Technology
DOT SQUARE LAB LIMITED,Technology
DOTCENTRIC LIMITED,Technology
DOTCOM TECH LTD,Technology
DOTMATICS LIMITED,Technology
DOTMODUS LIMITED,Engineering
DOTNET SOLUTIONS UK LIMITED,Technology
DOTT MANAGEMENT LTD,Technology
DOUBLE CLICK DESIGN LTD,Technology
DOUBLE ELEVEN LIMITED,Technology
DOUBLE EM SERVICES LTD,Healthcare
DOUBLE IMPACT SERVICES,Healthcare
DOUBLELIGHT TECHNOLOGY LIMITED,Technology
DOVECARE SERVICES LIMITED,Healthcare
DOVECOTE CARE HOMES LIMITED,Healthcare
DOVER HOUSE (GC) LIMITED,Healthcare
DOVETAIL IT SUPPORT LIMITED,Technology
DOWIE INVESTMENTS (UK) LIMITED,Finance
DOWNE HOUSE SCHOOL,Education
DOWNFORCE TECHNOLOGIES LIMITED,Technology
DOWNING DENTAL LIMITED,Healthcare
DOXABETA LIMITED,Technology
DP CAPITAL LTD,Finance
DP CARE GROUP LTD,Healthcare
DP INTERNATIONAL (UK) LTD,Engineering
DP NETWORK LIMITED,Technology
DP9 LIMITED,Engineering
DPI - DEMOCRATIC PROGRESS INSTITUTE,Healthcare
DPRV LTD,Engineering
DPS GROUP LTD,Engineering
DPV-UK LTD,Engineering
DR APARNA ONCOLOGY LIMITED,Healthcare
DR CHALLONER'S GRAMMAR SCHOOL,Education
DR CHALLONER'S HIGH SCHOOL,Education
DR CHARLIE EASMON LIMITED,Healthcare
DR DYNAMICS LIMITED,Technology
DR JULIAN MEDICAL GROUP LTD,Healthcare
DR KEMAL TUNC TIRYAKI LIMITED,Healthcare
DR KERRY SISSINS CHIROPRACTOR LIMITED,Healthcare
DR MARITIME ASSETS LTD,Engineering
DR MOBILE LIMITED,Engineering
DR RASHA CLINIC LONDON LTD,Healthcare
DR RR LIMITED,Healthcare
DR SHAHAB MIRJAFARI LTD,Healthcare
DRAEGER SAFETY UK LTD,Engineering
DRAGON INFORMATION SYSTEMS LIMITED,Technology
DRAGONFLY HOLDINGS LTD,Technology
DRALLIM INDUSTRIES LIMITED,Engineering
DRAPERS' MULTI-ACADEMY TRUST,Education
DRAWBRIDGE PARTNERS LIMITED,Technology
DRAX EXECUTIVE LIMITED,Technology
DRAYCIR LIMITED,Technology
DRB IGNITE MULTI ACADEMY TRUST,Education
DREAM DELEGATE LTD,Technology
DREAM GAMES PUBLISHING LIMITED,Technology
DREAM GLOBAL HOLDINGS (UK) LTD,Technology
DREAM REALITY INTERACTIVE LIMITED,Technology
DREAM SMILES DENT LTD,Healthcare
DREAMER SPACE INTERNATIONAL EDUCATION LTD,Education
DRIBBLE MEDIA LIMITED,Technology
DRIE SECURE SYSTEMS LIMITED,Technology
DRLC LTD,Engineering
DROIT PUBLIC LIMITED COMPANY,Technology
DRUMGRANGE LIMITED,Engineering
DRYM HEALTH LTD,Healthcare
DSCOUT UK LTD,Technology
DSI TECHNOLOGY SERVICES LTD,Technology
DSIM DISTRIBUTION LTD,Technology
DSP INTERNATIONAL UK LTD,Finance
DSRE SERVICES LIMITED,Healthcare
DSSC EUROPE LIMITED,Technology
DSSR LIMITED,Engineering
DST GLOBAL INVESTMENTS LIMITED,Finance
DSTBTD LIMITED,Technology
DT ASSOCIATES RESEARCH AND CONSULTING SERVICES LIMITED,Healthcare
DTE HOLDINGS (NORTH WEST) LTD,Engineering
DTECHTIVE LIMITED,Technology
DTEK INVESTMENTS LIMITED,Finance
DTS TRADING INC LTD,Healthcare
DUAL LAYER IT SOLUTIONS (UK) LTD,Technology
DUAMENTES LTD,Technology
DUBARRY TECHNOLOGY LTD,Technology
DUBIT LIMITED,Technology
DUCK CREEK TECHNOLOGIES LIMITED,Technology
DUCK SOFTWARE LIMITED,Technology
DUCO TECHNOLOGY LIMITED,Technology
DUCT & VENT LTD,Engineering
DUDLEY ACADEMIES TRUST,Education
DUDLEY LEARNING CENTRE LTD,Education
DUDLEY OAKS LIMITED,Healthcare
DUEL HOLDINGS LIMITED,Technology
DUELSTONE LTD,Technology
DUETTO RESEARCH LIMITED,Technology
DUFFEL TECHNOLOGY LTD,Technology
DUKE CORPORATE EDUCATION LIMITED,Education
DUKOSI LIMITED,Engineering
DULWICH COLLEGE,Education
DULWICH PREP & SENIOR,Education
DUNAMIS HEALTHCARE LIMITED,Healthcare
DUNFERMLINE CHIROPRACTIC CLINIC LTD,Healthcare
DUNLIN CARE LTD,Healthcare
DUNLUCE HEALTHCARE BANGOR LTD,Healthcare
DUNLUCE HEALTHCARE LISNASKEA LTD,Healthcare
DUNNIWOOD LODGE (DONCASTER) LIMITED,Healthcare
DUNSLAND HOUSE LIMITED,Healthcare
DUNSTABLE LEARNING CENTRE LTD,Education
DUNSTON SERVICES LTD,Technology
DUNTHORNE PARKER ARCHITECTS LIMITED,Engineering
DUNWOOD MANOR ROMSEY LIMITED,Healthcare
DUPOIN UK LTD,Finance
DURAJOIN LTD,Engineering
DURALEAN UK LTD,Engineering
DURATA UK LTD,Engineering
DURATEM SUPPORTED LIVING LTD,Healthcare
DURBIA LIMITED,Healthcare
DURHAM EDUCATION LIMITED,Education
DURRINGTON MULTI ACADEMY TRUST,Education
DURWIN GLAZING LTD,Engineering
DUST DESIGN LTD,Engineering
DVT GLOBAL (UK) LTD,Finance
DW STUDIO LTD,Technology
DWC ARCHITECTURE LIMITED,Engineering
DWELL-IN GROUP OF COMPANIES LTD,Healthcare
DWF GROUP LIMITED,Finance
DWORKIN UK LTD,Technology
DX CARING SERVICES LIMITED,Healthcare
DYAD ARTIFICIAL INTELLIGENCE LIMITED,Technology
DYALOG LIMITED,Technology
DYLAN'S GROUP LTD,Finance
DYLOGICS LIMITED,Technology
DYMATEC LTD,Engineering
DYNAIKON LTD,Technology
DYNAMIC CARE SERVICES LTD,Healthcare
DYNAMIC CHIROPRACTIC LTD,Healthcare
DYNAMIC HOMECARE SERVICES LIMITED,Healthcare
DYNAMIC PLANNER LIMITED,Technology
DYNAMIC SOCIAL SUPPORT LIMITED,Healthcare
DYNAMIC SUPPORT LTD,Healthcare
DYNAMIC VIEWPOINT HEALTHCARE LIMITED,Healthcare
DYNAMICS52 LIMITED,Technology
DYNAMIFY LIMITED,Technology
DYNAMIS ENTERPRISES LIMITED,Education
DYNAMIS HEALTH LTD,Healthcare
DYNAMO SOFTWARE UK. LIMITED,Technology
DYNAMON LTD,Technology
DYNATRACE LIMITED,Technology
DYNAVICS LTD,Technology
DYNISMA LTD.,Engineering
DYNOLABS ASSET MANAGEMENT LTD,Finance
DYSE LTD,Engineering
DYSON IT LTD,Technology
DZERVE AESTHETICS LTD,Healthcare
DZINE DIGITAL LTD,Technology
E HARLEY STREET CENTRAL MANAGEMENT LTD,Healthcare
E PORTAL LTD,Technology
E T P TECHNOLOGIES LTD,Technology
E VISION CONSULTANCY LTD,Technology
E WORKS BOLTON LTD,Technology
E&F ENGINEERING LTD,Engineering
E&P CONSULTING LTD,Technology
E&T HOLDINGS LIMITED,Finance
E- CUBE RESOURCES LIMITED,Technology
E-ACT,Education
E-KLAZ PROFIT LIMITED,Education
E-LOOPS LIMITED,Technology
E-MIND TECHNOLOGIES LIMITED,Technology
E-REVIVE LIMITED,Technology
E-SERVE TECHNOLOGIES LIMITED,Technology
E-SOLUTIONS IT SERVICES UK LTD,Technology
E-STAR TRADING LTD,Technology
E-ZEST SOLUTIONS LIMITED,Technology
E.S.A. ENGINEERING UK LIMITED,Engineering
E17 CHILDMINDER LTD,Healthcare
E17 NURSERY LIMITED,Healthcare
E2E CYBER SOLUTIONS LTD,Technology
E2E INFOSYS LTD,Technology
E2Y LIMITED,Technology
E8 SMILES LIMITED,Healthcare
E9INE LIMITED,Technology
EACH COUNSELLING AND SUPPORT,Healthcare
EACHMOMENT LTD,Technology
EAGLE EYE SOLUTIONS LIMITED,Technology
EAGLE TREE CARE LIMITED,Engineering
EAI SYSTEMS LIMITED,Technology
EALING DENTAL SPECIALISTS LIMITED,Healthcare
EALING HOMECARE LTD,Healthcare
EALING PHYSIOTHERAPY LIMITED,Healthcare
EAM LOAN MANAGER LIMITED,Finance
EAMONN BYRNE LANDSCAPE ARCHITECTS LTD,Engineering
EAPPSYS LIMITED,Technology
EAR HEALTH SOLUTIONS LIMITED,Healthcare
EARLHAM INSTITUTE,Engineering
EARLSDON CARE LTD,Healthcare
EARLSWORTH LIMITED,Technology
EARLY BIRD EDUCATION LIMITED,Education
EARLY HEALTH LTD,Engineering
EARNING SMILES LTD,Healthcare
EARNIX UK LTD,Technology
EARSWITCH LTD,Engineering
EARTH ROVER LIMITED,Engineering
EARTH-I LTD,Technology
EARTHSENSE SYSTEMS LIMITED,Engineering
EASE HEALTHCARE LTD,Healthcare
EASOL LIMITED,Technology
EASOL TRADING LTD,Technology
EAST ALPHA LTD,Finance
EAST ANGLIA ULTRASOUND SERVICES LTD,Healthcare
EAST ANGLIAN AIR AMBULANCE,Healthcare
EAST ANGLIAN SCHOOLS TRUST LTD,Education
EAST ANGLIAN SITE ENGINEERING LTD,Engineering
EAST BRIDGE RENEWABLE (UK) LTD,Engineering
EAST CALDER SMILE CENTRE LIMITED,Healthcare
EAST HARLING DENTAL CARE LTD,Healthcare
EAST KENT THERAPY REHABILITATION ALLIANCE LIMITED,Healthcare
EAST KILBRIDE SPINAL CARE LTD,Healthcare
EAST LANCASHIRE ALLIANCE CIC,Healthcare
EAST LONDON ADVANCED TECHNOLOGY TRAINING,Education
EAST LONDON CARE AND SUPPORT LIMITED,Healthcare
EAST LONDON METAL ENGINEERING LTD,Engineering
EAST LONDON STREET DENTAL PRACTICE LTD,Healthcare
EAST MIDLANDS ACADEMY TRUST,Education
EAST NORFOLK MULTI ACADEMY TRUST,Education
EASTBOROUGH PARTNERS UK LIMITED,Finance
EASTBURY HOUSE (SHERBORNE) LIMITED,Healthcare
EASTDIL SECURED LTD,Finance
EASTECH INTEGRATED SYSTEMS LTD,Technology
EASTERN ACADEMIC HEALTH SCIENCE NETWORK,Healthcare
EASTERN COUNTY CARE LIMITED,Healthcare
EASTERN HEALTHCARE LTD,Healthcare
EASTERN LEARNING ALLIANCE,Education
EASTERN MULTI-ACADEMY TRUST,Education
EASTERN NETWORKS LIMITED,Finance
EASTMILLET INTERNATIONAL CONSULTING SERVICES LTD,Technology
EASTPOINT SOFTWARE LTD,Technology
EASTVIEW HEALTHCARE SERVICES LTD,Healthcare
EASTWARD HOUSE SCHOOL LIMITED,Education
EASY DENTAL LTD,Healthcare
EASY LIKE SUNDAY MORNING LIMITED,Healthcare
EASY STEPS LIMITED,Education
EASY VENTURES (UK) LIMITED,Technology
EASY WINDOWS LTD,Engineering
EASYADMIN GROUP LTD,Technology
EASYCARE LIMITED,Healthcare
EASYTRANSFER LIMITED,Technology
EATON HOME CARE LIMITED,Healthcare
EBBA ARCHITECTS LTD,Engineering
EBC GLOBAL LTD,Technology
EBE HEALTHCARE LTD,Healthcare
EBI PORTFOLIOS LTD,Finance
EBIMAC CARE LIMITED,Healthcare
EBIX EUROPE LIMITED,Technology
EBMCO LTD,Technology
EBONY HEALTHCARE SERVICES LIMITED,Healthcare
EBRAHIM COMMUNITY COLLEGE,Education
EBURY COURT RESIDENTIAL HOME LIMITED,Healthcare
EC ENGLISH CAMBRIDGE LIMITED,Education
EC LEARNING SOLUTIONS LIMITED,Technology
EC SPORTS PHYSIOTHERAPY LIMITED,Healthcare
ECARX LIMITED,Technology
ECCENTRIC IT SOLUTIONS LTD,Technology
ECD ARCHITECTS LTD,Engineering
ECEM UZUN ADAS COUNSELLING LTD,Education
ECFR,Engineering
ECH COLWYN BAY LIMITED,Healthcare
ECHION TECHNOLOGIES LTD,Engineering
ECHO STUDIOS LIMITED,Technology
ECHO WEB SOLUTIONS LTD,Technology
ECHOBOX LTD,Technology
ECHODIGITECH LTD,Technology
ECHOS EDUCATION LTD,Education
ECHOSEC SYSTEMS UK LTD,Technology
ECO ENGINEERING INSTALLATIONS LIMITED,Engineering
ECO IL LIMITED,Finance
ECO PLANET AIR CONDITIONING LIMITED,Engineering
ECO2LIFE CO. LTD,Technology
ECOFYE LTD,Technology
ECOGREEN ENGINEERS LTD,Engineering
ECOHUB TECHNOLOGIES LIMITED,Technology
ECOLOGI ACTION LTD,Technology
ECOLOGITAL LIMITED,Technology
ECOM TRADING LIMITED,Technology
ECOMMERCE TECHNOLOGIES LTD,Finance
ECOMMPAY LIMITED,Finance
ECONAVIS SOLUTIONS LIMITED,Engineering
ECONET INVESTMENTS LIMITED,Finance
ECONIC BIOSCIENCES LIMITED,Finance
ECONIC TECHNOLOGIES LTD,Engineering
ECONOMIC DATA SCIENCES LTD,Finance
ECONOVA FRANCHISE LIMITED,Technology
ECOPORTAL UK LIMITED,Technology
ECOSPEND TECHNOLOGIES LIMITED,Technology
ECOVERITAS LIMITED,Technology
ECOVIA LIMITED,Technology
EDA COLLEGE LTD,Education
EDAG ENGINEERING LIMITED,Engineering
EDAID LTD,Finance
EDBRO HYDRAULICS LIMITED,Engineering
EDDYFI UK LIMITED,Engineering
EDEN COLLEGE OF HUMAN RESOURCE DEVELOPMENT AND MANAGEMENT STUDIES LIMITED,Education
EDEN FIFTYONE LTD,Technology
EDEN RESEARCH PLC,Engineering
EDEN RESIDENTIAL CARE LTD,Healthcare
EDEN SUPPORTED LIVING LIMITED,Healthcare
EDEN SUPPORTED SERVICES LTD,Healthcare
EDEN TRIBE RESIDENTIAL HOME LIMITED,Healthcare
EDENMORE CARE LIMITED,Healthcare
EDENOM CARE LTD,Healthcare
EDENS CARE LTD,Healthcare
EDENVALE CARE LIMITED,Healthcare
EDEXA ACADEMY LTD,Technology
EDGAR HEALTH & SAFETY LTD,Engineering
EDGE CARE LTD,Healthcare
EDGE COMMODITIES LIMITED,Finance
EDGE ESPORTS LIMITED,Technology
EDGE MORTGAGES LTD,Finance
EDGE PLACEMAKING GROUP LTD,Engineering
EDGE TESTING SOLUTIONS LIMITED,Technology
EDGE VIEW HOMES LIMITED,Healthcare
EDGEFOLIO UK LIMITED,Technology
EDGEI TECH UK LTD,Technology
EDGEMATICS TECHNOLOGIES UK LTD,Technology
EDGEMETHODS LIMITED,Technology
EDGERATE LIMITED,Technology
EDGERATEE LIMITED,Technology
EDGEWATER MARKETS LIMITED,Technology
EDGWAY LIMITED,Technology
EDHAT INTERNATIONAL,Education
EDI GLOBAL (UK) LIMITED,Technology
EDIMA HOLDINGS LIMITED,Finance
EDINBURGH ALTERNATIVE FINANCE LIMITED,Finance
EDINBURGH CARE LIMITED,Healthcare
EDINBURGH DENTAL LTD,Healthcare
EDINBURGH HOMECARE LIMITED,Healthcare
EDINBURGH INNOVATIONS LIMITED,Education
EDINBURGH MOLECULAR IMAGING LIMITED,Engineering
EDINBURGH SUPPORT SERVICES & HEALTHCARE TRAINING LTD,Healthcare
EDMAY LTD,Healthcare
EDMOND DE ROTHSCHILD (UK) LIMITED,Finance
EDMONDSON DESIGN LIMITED,Engineering
EDMONTON COMMUNITY PARTNERSHIP,Education
EDOZO LIMITED,Technology
EDPRO CONSULTANTS LIMITED,Education
EDROOTS INTERNATIONAL LTD,Education
EDS MCR LTD,Education
EDSKILLS LTD,Education
EDT SAAS LIMITED,Technology
EDTECH GAMES DEVELOPMENT LIMITED,Technology
EDU EXPRESS LTD,Education
EDU SERVICE LIMITED,Education
EDU TRAINING CENTRE LTD,Education
EDUCATION & IT LIMITED,Technology
EDUCATION AND ASSESSMENT LTD,Education
EDUCATION BUSINESS HUB LIMITED,Finance
EDUCATION CAREERS LIMITED,Education
EDUCATION DEVELOPMENT TRUST,Education
EDUCATION FOR INDUSTRY GROUP,Education
EDUCATION HELP SERVICES LTD,Technology
EDUCATION HOUSE LEEDS LTD,Education
EDUCATION INCORPORATED LTD.,Education
EDUCATION POLICY INSTITUTE,Education
EDUCATION SOUTH WEST,Education
EDUCATION SUPPORT SOLUTIONS LIMITED,Education
EDUCATION UK APPLICATION SERVICES LTD,Education
EDUCATIONAL WORLD LIMITED,Education
EDUCATIONF1RST LTD,Education
EDUCATOPS INTERNATIONAL LIMITED,Education
EDUCENTIVE LTD,Technology
EDUGIANT LTD,Education
EDUGROWTH LIMITED,Education
EDUHORIZON INTERNATIONAL LTD,Education
EDUKATORS LONDON LTD,Education
EDULAND COLLEGE LIMITED,Technology
EDUMAP LTD,Technology
EDUME LIMITED,Technology
EDUP LIMITED,Education
EDUTRAIN360 LIMITED,Education
EDUVENTURE CONSULTANCY LIMITED,Education
EDUVERSAL LTD,Technology
EDUVIZ LIMITED,Education
EDWARD PEARCE AND PARTNERS LIMITED,Engineering
EDWARD ROBERTSON LIMITED,Technology
EDWARDIAN GROUP LIMITED,Finance
EDWARDS LIMITED,Engineering
EDYN DEVELOPMENT STUDIO LIMITED,Finance
EEAZAH LIMITED,Technology
EEBZ LIMITED,Technology
EEMAAN LIMITED,Technology
EEQU LTD,Technology
EERA CLINICAL LTD,Healthcare
EERLUN EDU LIMITED,Education
EESA ENGINEERING LIMITED,Engineering
EEZE ENTERTAINMENT UK LTD,Technology
EEZE OLD SCHOOL HOUSE LTD,Healthcare
EF CORPORATE EDUCATION LTD,Education
EF INTERNATIONAL ACADEMY UK LIMITED,Education
EFA LONDON,Education
EFFECTIVE ENERGY GROUP LTD,Finance
EFFECTIVE VENTURES FOUNDATION (UK),Education
EFFENCEL LIMITED,Technology
EFFICIENTWORKS LTD,Technology
EFFICURA SOLUTIONS LIMITED,Technology
EFFINGHAM SCHOOLS TRUST,Education
EFG PRIVATE BANK LIMITED,Finance
EFLOW LTD,Technology
EFM HEARING LTD,Healthcare
EFROC LIMITED,Education
EFS CATERING EQUIPMENT LTD,Engineering
EG FINCO LIMITED,Finance
EGALITY LIMITED,Healthcare
EGHAM DENTAL CARE LIMITED,Healthcare
EGNYTE LIMITED,Technology
EGODENT LTD,Healthcare
EGREMONT SMILE CENTRE LTD,Healthcare
EGRESS LIMITED,Technology
EGRESS SOFTWARE TECHNOLOGIES LIMITED,Technology
EGRET FINANCE LTD,Finance
EGTON MEDICAL INFORMATION SYSTEMS LIMITED,Technology
EGYM UK LIMITED,Technology
EHARO LTD,Finance
EHAWKS LIMITED,Technology
EHOME SYSTEMS LTD,Technology
EHSAAS CARE LTD,Healthcare
EIDIKO SYSTEMS INTEGRATORS PVT LTD,Technology
EIG GLOBAL ENERGY (EUROPE) LIMITED,Finance
EIGEN LIMITED,Technology
EIGEN SOFTWARE LIMITED,Technology
EIGENT UK LTD,Technology
EIGER TRADING ADVISORS LIMITED,Finance
EIGHT GROUP SERVICE PARTNERS BIDCO LIMITED,Finance
EIGHT&FOUR GROUP LIMITED,Finance
EIGHTCAP GROUP LTD,Finance
EIGHTEEN48 PARTNERS LIMITED,Finance
EIGHTPOINTS LIMITED,Technology
EIKOKU NEWS DIGEST LIMITED,Technology
EIKON PETERS TECHNOLOGY CONSULTING LTD,Technology
EIKOS RISK CAPITAL LIMITED,Finance
EILDON CARE LIMITED,Healthcare
EILLA AI LTD,Technology
"EIM LEARNING UK, LTD",Education
EJ PEAK TECHNOLOGY SOLUTIONS LIMITED,Technology
EK DENTAL AND AESTHETICS LTD,Healthcare
EKAL SOLUTIONS LTD,Technology
EKCO CLOUD (UK) LIMITED,Technology
EKCO CLOUD AND SECURITY LIMITED,Technology
EKIVA LIMITED,Technology
EKKOSENSE LTD,Technology
EKM GLOBAL LIMITED,Technology
EKU ENERGY LIMITED,Finance
EKY TECHNOLOGY LIMITED,Technology
EKYAM LTD,Technology
EL-BETHEL MISSION,Healthcare
ELAN CAPITAL MANAGEMENT (LONDON) LTD,Finance
ELARA CAPITAL PLC,Finance
ELASTACLOUD LIMITED,Technology
ELASTICSEARCH LIMITED,Technology
ELBA CARE LIMITED,Healthcare
ELBI LIFTS LIMITED,Engineering
ELCCARA LIMITED,Finance
ELDER TECHNOLOGIES LIMITED,Technology
ELDERBRAY LIMITED,Technology
ELDERFLOWER CARE SERVICES LTD,Healthcare
ELDOS TECHNOLOGY LIMITED,Technology
ELDRIDGE CAPITAL MANAGEMENT SERVICES (UK) LIMITED,Finance
ELEC CERTS MIDLANDS LIMITED,Engineering
ELECT ENGINEERS LTD,Engineering
ELECTRA SOLUTIONS LIMITED,Technology
ELECTRIC TWIN LTD,Technology
ELECTRIFICATION SOLUTIONS LIMITED,Engineering
ELECTROGENOS LTD,Engineering
ELECTRONETIX LIMITED,Technology
ELECTRONIC ARTS LIMITED,Technology
ELECTROPAGES MEDIA LIMITED,Technology
ELECTROSOFT ENGINEERING LIMITED,Engineering
ELECTUS HEALTHCARE 1 LIMITED,Healthcare
ELECTUS HEALTHCARE 2 LIMITED,Healthcare
ELEGANT SYSTEMS PVT LTD,Technology
ELEKAV LIMITED,Healthcare
ELEKS SOFTWARE UK LIMITED,Technology
ELEMENTAL CONCEPT 2016 LIMITED,Technology
ELEMENTS DIGITAL LTD,Technology
ELEMENTUM ENERGY LIMITED,Finance
ELEMENTZ LIMITED,Technology
ELEMICA INTERNATIONAL LIMITED,Technology
ELENJICAL SOLUTIONS INTERNATIONAL LIMITED,Technology
ELENOR CONSULTING LIMITED,Technology
ELEPHANT CREW LIMITED,Technology
ELEPHANT HEALTHCARE LIMITED,Technology
ELERIAN CONVERSATIONAL AI LIMITED,Technology
ELEV8 FIRE ENGINEERING LTD,Engineering
ELEVATE BUSINESS FORMATION LIMITED,Technology
ELEVEN LABS LTD,Technology
ELEVEN THERAPEUTICS (UK) LTD,Engineering
ELEVEN VISUALISATION LIMITED,Engineering
ELEVONDATA LABS PRIVATE LIMITED,Technology
ELFIN MARKET LTD,Technology
ELIALI MPC LIMITED,Healthcare
ELICIT RESEARCH & ANALYTICS LTD,Technology
ELIEZER SUPPORTED LIVING SERVICES LIMITED,Healthcare
ELIGARF TECHNOLOGIES (UK) LIMITED,Technology
ELIGIBLE LIMITED,Technology
ELIPOS SYSTEMS LIMITED,Technology
ELIPTICA LIMITED,Engineering
ELISA INDUSTRIQ UK LTD,Technology
ELISIAN LIMITED,Technology
ELIT CLINIC LTD,Healthcare
ELITE ACCOUNTANCY LTD,Finance
ELITE CAPITAL AND MANAGEMENT SERVICES LIMITED,Technology
ELITE CARE AND COMFORT LIMITED,Healthcare
ELITE CARE AND SUPPORT LTD,Technology
ELITE CARE AT HOME LTD,Healthcare
ELITE CARE HOMES LTD,Healthcare
ELITE CARE MANAGEMENT LTD,Healthcare
ELITE CLOSING ACADEMY LIMITED,Education
ELITE CONTROL SYSTEMS LIMITED,Technology
ELITE DOMICILIARY CARE LTD,Healthcare
ELITE DOORS & WINDOWS LTD,Engineering
ELITE DYNAMICS LONDON LIMITED,Technology
ELITE FLOW CONTROL UK LIMITED,Engineering
ELITE PARTNERS LTD,Technology
ELITE PRIVILEGE CARE LIMITED,Healthcare
ELITE PROFESSIONALS LTD,Technology
ELITE SPORTING PERFORMANCE LTD,Healthcare
ELITE SUPPORT PROVIDERS LTD,Healthcare
ELITE TECH LTD,Technology
ELITEGATE INTERNATIONAL LTD,Education
ELIXIRR INTERNATIONAL PLC,Finance
ELIZABETH COURT REST HOME LIMITED,Healthcare
ELIZABETH HOUSE REST HOME LIMITED,Healthcare
ELIZABETH PALMS LTD,Healthcare
ELIZABETH SCHOOL OF LONDON LIMITED,Education
ELJOY NURSERY LTD,Education
ELK ARCHITECTURE LTD,Engineering
ELK CAPITAL MARKETS UK LTD,Finance
ELLIOTS HILL CARE LIMITED,Healthcare
ELLIOTT CARE HOME LTD,Healthcare
ELLIOTT HOME CARE LIMITED,Healthcare
ELLIOTT TURBOMACHINERY LIMITED,Engineering
ELLIOTTS PHARMACY (WHALLEY RANGE) LIMITED,Healthcare
ELLIPTIC ENTERPRISES LIMITED,Technology
ELLIS DENTAL PRACTICE LIMITED,Healthcare
"ELLISON INSTITUTE OF TECHNOLOGY, OXFORD LIMITED",Engineering
ELLUC PROJECTS LTD,Engineering
ELLUCIAN GLOBAL LIMITED,Technology
ELM ALLIANCE LIMITED,Healthcare
ELMCARE SOLUTIONS LTD,Healthcare
ELMCROFT CARE HOME LIMITED,Healthcare
ELMFIELD CARE LIMITED,Healthcare
ELMFIELD RUDOLF STEINER SCHOOL LIMITED,Education
ELMHURST (SHROPSHIRE) LTD,Healthcare
ELMORE INSURANCE BROKERS LIMITED,Finance
ELMSFIELD HOUSE LIMITED,Healthcare
ELO AI LTD,Technology
ELOCKER LIMITED,Technology
ELOMI UK LIMITED,Technology
ELORAREZ LIMITED,Finance
ELPHA LODGE RESIDENTIAL CARE HOME LIMITED,Healthcare
ELRHA,Healthcare
ELSENHAM HOUSE LIMITED,Healthcare
ELSEWHEN LTD,Technology
ELSI (SW) LTD,Healthcare
ELSTREE HOME CARE LTD,Healthcare
ELTHAM COLLEGE,Education
ELUTIONS LTD,Technology
ELWIN STREET LTD,Technology
ELWOOD TECHNOLOGIES SERVICES LIMITED,Technology
ELX SOLUTIONS LTD,Technology
EM SCIENTIFIC LIMITED,Engineering
EM3 KIDS CLUB LIMITED,Healthcare
EMA EUROPE LIMITED,Technology
EMAGINE CONSULTING LTD,Technology
EMARSYS UK LIMITED,Technology
EMAS LIMITED,Healthcare
EMBANET UK LIMITED,Education
EMBARGO LIFESTYLE LIMITED,Technology
EMBARK LTD,Healthcare
EMBASSY MACHINERY LIMITED,Engineering
EMBED LIMITED,Technology
EMBERION LIMITED,Engineering
EMBODIED GENERAL INTELLIGENCE LTD,Technology
EMBRACE HEALTHCARE LTD,Healthcare
EMBRACE ORTHODONTICS LIMITED,Healthcare
EMBRACING INDEPENDENT LIFESTYLES LTD,Healthcare
EMEA-HUB LIMITED,Technology
EMECE SOLUTIONS LIMITED,Technology
EMERALD CARE LTD,Healthcare
EMERALD CARE PROVIDERS LTD,Healthcare
EMERALD FINANCIAL GROUP (UK) LTD,Finance
EMERALD GREEN CARE LTD,Healthcare
EMERALD PUBLISHING LIMITED,Technology
EMERALD TECH UK LTD,Engineering
EMERALD TELECOM LIMITED,Technology
EMERALDS HOLDINGS LTD,Finance
EMERGE INFINITE LIMITED,Technology
EMERGE PROTOCOL LTD,Technology
EMERGEIQ LIMITED,Technology
EMERGENCY NUTRITION NETWORK,Technology
"EMERGENCY-LIFE SUPPORT FOR CIVILIAN VICTIMS OF WAR AND POVERTY, UK",Healthcare
EMERGING MARKETS INVESTMENT MANAGEMENT LIMITED,Finance
EMERIA RES UK NEWCO LIMITED,Finance
EMI CONSULTING LTD,Engineering
EMINENCE CARE SERVICE (BROOMFIELD) LIMITED,Healthcare
EMINENCE INC LIMITED,Technology
EMINENCETEL LTD,Technology
EMINENS CONSULTING LIMITED,Technology
EMINENT CARE SERVICES LIMITED,Healthcare
EMJ QUALITY HOMECARE (DORSET) LTD,Healthcare
EMMA WAY ASSOCIATES LTD,Healthcare
EMMANUEL CARE HOME LTD,Healthcare
EMOCIAL LIMITED,Technology
EMPANDA CARE & SUPPORT LTD CIC,Healthcare
EMPATHIQUE CARE UK LIMITED,Healthcare
EMPATHYBROKER LTD,Technology
EMPELLO LTD,Technology
EMPERIA LTD,Technology
EMPIRA INVESTMENT SOLUTIONS (UK) LIMITED,Finance
EMPIRE BROKERS LTD,Finance
EMPIRE CARE LIMITED,Healthcare
EMPIRE ENGINEERING LIMITED,Engineering
EMPIRE PHYSIOTHERAPY LTD,Healthcare
EMPIRIC SOLUTIONS LIMITED,Technology
EMPLOYMENT HERO (UK) LIMITED,Technology
EMPOWER LEARNING ACADEMY TRUST,Education
EMPOWER RECRUITMENT LTD,Technology
EMPOWER-U SERVICES LIMITED,Healthcare
EMPOWERED LIVING LTD,Healthcare
EMPOWERING THERAPY LTD,Healthcare
EMPOWERRD LIMITED,Technology
EMPRESA LIMITED,Technology
EMPRESS SOCIAL CARE LTD,Healthcare
EMPYREAN THERAPEUTICS LTD,Engineering
EMSEE LIVING LTD,Healthcare
EMSURGE LIMITED,Technology
EMVE SOLUTIONS LIMITED,Technology
EN KASSIANIDIS LTD,Technology
ENA DIGITAL SERVICES LTD,Technology
ENA LONDON UK LIMITED,Education
ENABLE HEALTH LTD,Healthcare
ENABLE NETWORK SERVICES LIMITED,Technology
ENABLE PHYSIOS LIMITED,Healthcare
ENABLE SCOTLAND,Healthcare
ENABLE SUPPORT SERVICES LTD,Healthcare
ENABLE TODAY LTD,Healthcare
ENABLEALL LIMITED,Technology
ENABLED FUTURE LIMITED,Technology
ENABLING CARE FOR YOU LIMITED,Healthcare
ENABLING FUTURES LTD,Healthcare
ENABLING OTHERS LIMITED,Healthcare
ENACTOR LIMITED,Technology
ENAM CHILDCARE LIMITED,Healthcare
ENAM THE DEGREE MAN LIMITED,Education
ENAPPS LTD,Technology
ENARA BIO LIMITED,Engineering
ENATIONS TECHNOLOGY LTD,Technology
ENBIOSIS BIOTECHNOLOGY LIMITED,Engineering
ENBRIDGE HEALTHCARE LIMITED,Healthcare
ENBRIDGE UK HOLDINGS LTD,Finance
ENCHANTED LANDS DAY NURSERY LIMITED,Healthcare
ENCHANTING CARE LIMITED,Healthcare
ENCOEN CONSULTING LTD,Engineering
ENCOMPASS CORPORATION UK LIMITED,Technology
ENCOMPASS DIGITAL MEDIA SERVICES LIMITED,Technology
ENCORA SOFTWARE (UK) PRIVATE LIMITED,Technology
ENCORTEC LIMITED,Engineering
ENDEAVOUR FINANCIAL LIMITED,Finance
ENDEAVOUR MAT,Education
ENDENTAL LIMITED,Healthcare
ENDGAME HEALTH LIMITED,Healthcare
ENDO (UK) CONSULTANCY LTD,Technology
ENDOSOFT LIMITED,Technology
ENDSLEIGH CARE LIMITED,Healthcare
ENDURANCE BUSINESS SERVICES LIMITED,Finance
ENER-G SERVICES LIMITED,Engineering
ENERFLOAT LTD,Engineering
ENERGEN SOLUTIONS LIMITED,Engineering
ENERGEX TECHNICAL SERVICES LTD,Engineering
ENERGIST UK LTD,Engineering
ENERGY COAST UTC,Education
ENERGY POTENTIAL TECH SOLUTIONS LIMITED,Technology
ENERGY SPACE SYSTEMS LIMITED,Technology
ENERGYVUE SERVICES LIMITED,Technology
ENERTECH LIMITED,Engineering
ENERTECH SYNERGIES LTD.,Engineering
ENERTECHNOS LIMITED,Engineering
ENERTIS UK LIMITED,Engineering
ENETCO POWER UK LTD,Engineering
ENEVARO GLOBAL HOLDINGS LTD,Technology
ENEVATE HOMES LIMITED,Engineering
ENFIELD GRAMMAR SCHOOL,Education
ENFUCE UK LTD,Technology
ENFUSION SYSTEMS UK LTD,Technology
ENG CONSULTING LIMITED,Engineering
ENGAGE PROCESS UK LTD,Technology
ENGAGE TECHNOLOGY PARTNERS LIMITED,Technology
ENGAGED LTD,Technology
ENGELHART CTP SERVICES (UK) LIMITED,Finance
ENGENUITY LIMITED,Technology
ENGINEERED FABRICATION SOLUTIONS LIMITED,Engineering
ENGINEERED PERFORMANCE COATINGS LTD,Engineering
ENGINEERIA LTD,Engineering
ENGINEERING DESIGN & SUPPLIES LTD,Engineering
ENGINEERING TECH LIMITED,Engineering
ENGINEERING TECHNIQUES LIMITED,Engineering
ENGINEERS HASKINS ROBINSON WATERS LIMITED,Engineering
ENGITIX LIMITED,Engineering
ENGLEBURN CARE HOME LTD,Healthcare
ENGLISH AND VOCATIONAL ACADEMY (EVA) LTD,Education
ENGLISH LANGUAGE HOLDINGS LIMITED,Education
ENGLOW EDUCATION LTD,Education
ENHANCE HEALTHCARE HOLDINGS LTD,Healthcare
ENHANCED CARE SOLUTIONS LIMITED,Healthcare
ENHANCED GENOMICS LIMITED,Engineering
ENI CCUS HOLDING LIMITED,Finance
ENI ENERGY GROUP HOLDINGS LIMITED,Finance
ENI GATES LIMITED,Healthcare
ENIGEN UK LIMITED,Technology
ENIQUE IT SOLUTIONS LIMITED,Technology
ENIXCARE LIMITED,Healthcare
ENLIGHTEN LEARNING TRUST,Education
ENLIGHTEN SOFTWARE LIMITED,Technology
ENMARQ TECHNOLOGIES LIMITED,Technology
ENNISMORE FUND MANAGEMENT LIMITED,Finance
ENNOVISION TECHNOLOGY SOLUTIONS LIMITED,Technology
ENODA LTD,Engineering
ENOVA8 LIMITED,Technology
ENRICH LEARNING TRUST,Education
ENRIGIN (EUROPE) LIMITED,Technology
ENRO LIMITED,Finance
ENS INNOVATION CENTRE LIMITED,Engineering
ENSEK LTD,Technology
ENSEMBLE SOFTWARE (UK) LIMITED,Technology
ENSOCELL LTD,Engineering
ENSONO LIMITED,Technology
ENSURANCE UK LIMITED,Finance
ENSURE CARE LTD,Healthcare
ENSY SYSTEMS LTD,Engineering
ENT ORNINA LTD,Healthcare
ENTECH CATERING ENGINEERS (LONDON) LTD,Engineering
ENTELECT UNITED KINGDOM LIMITED,Technology
ENTERNSHIPS LIMITED,Technology
ENTEROBIOTIX LIMITED,Engineering
ENTERPRISE ANALYTICS UK&I LTD,Technology
ENTERPRISE CARE GROUP LTD,Healthcare
ENTERPRISE CARE SUPPORT LTD,Healthcare
ENTERPRISE LOANS EAST MIDLANDS,Finance
ENTERPRISE SYSTEM SOLUTIONS LIMITED,Technology
ENTERTAINMENT PARTNERS UK LIMITED,Technology
ENTOURAGE BD LTD,Technology
ENTREPRENEUR BREED NETWORKS LIMITED,Finance
ENTRUST (EUROPE) LIMITED,Technology
ENTSERV UK LIMITED,Technology
ENVASES LIVERPOOL LTD,Engineering
ENVELOP RISK ANALYTICS LIMITED,Finance
ENVESTORS LIMITED,Technology
ENVICO SUPPORTED LIVING LTD,Healthcare
ENVIGO LIMITED,Technology
ENVIROCENTRE LIMITED,Engineering
ENVIRON CONSULTANTS LIMITED,Engineering
ENVIRONMENTAL ESSENTIALS (UK) LIMITED,Engineering
ENVIRONMENTAL SERVICES DESIGN LIMITED,Engineering
ENVIROVENT LIMITED,Engineering
ENVISAGE DENTAL UK LIMITED,Finance
ENVISAGE DENTISTRY GROUP LIMITED,Finance
ENVOY EMEA LIMITED,Technology
EPACCSYS LTD,Technology
EPAM SYSTEMS LTD,Technology
EPASSI UK LIMITED,Healthcare
EPFR LTD,Finance
EPI-USE LABS LIMITED,Technology
EPIC BRISTOL LIMITED,Technology
EPIC CARE SERVICES BRADFORD LIMITED,Healthcare
EPIC GAMES UK LTD,Technology
EPIC IT LIMITED,Technology
EPICAT LTD,Technology
EPICFIX LTD,Technology
EPICOR SOFTWARE (UK) LIMITED,Technology
EPILEPSY SOCIETY,Healthcare
EPIPHANY CARE SERVICES LTD,Healthcare
EPIROC UK & IRELAND LIMITED,Engineering
EPISTEM LIMITED,Engineering
EPM ENVIRONMENTAL PROJECT MANAGEMENT LIMITED,Engineering
EPOCH BLUE LTD,Technology
EPOS NOW LTD,Technology
EPOSABILITY LIMITED,Technology
EPPENDORF UK LIMITED,Engineering
EPR ARCHITECTS LIMITED,Engineering
EPSILOGEN LTD,Engineering
EPSOM COLLEGE,Education
EPTURA INTERNATIONAL LIMITED,Technology
EQ TECHNOLOGIC (UK) LIMITED,Technology
EQS GROUP LIMITED,Technology
EQT PARTNERS LIMITED,Finance
EQUAL EXPERTS UK LIMITED,Technology
EQUAL PEOPLE MENCAP,Healthcare
EQUATION SOLUTION LTD,Technology
EQUATIV LTD,Technology
EQUICARE SERVICES LTD,Healthcare
EQUIDUCT SYSTEMS LIMITED,Finance
EQUIFIN ACCOUNTANCY LTD,Technology
EQUIFINANCE LIMITED,Finance
EQUILEND EUROPE LIMITED,Finance
EQUISYS LTD,Technology
EQUITI CAPITAL UK LIMITED,Finance
EQUITILE INVESTMENTS LTD,Finance
EQUIWATT LIMITED,Technology
EQVILENT UK LIMITED,Technology
EQWIRE UK LIMITED,Finance
ER ONE LTD,Healthcare
ERA CARE LIMITED,Healthcare
ERA TRADING UK LTD,Finance
ERANEOS UK LTD,Technology
ERBAY UK LTD,Engineering
ERDENE LTD,Education
ERDINGTON MEDICAL LTD,Healthcare
ERG INTERNATIONAL UK LTD,Finance
ERG UK HOLDING LTD,Finance
ERGO TRAVEL INSURANCE SERVICES LTD,Finance
ERGOFY LIMITED,Technology
ERGONIA ASSOCIATES UK LTD,Finance
ERIC PARRY ARCHITECTS LTD,Engineering
ERICSSON LIMITED,Technology
ERIEZ MAGNETICS EUROPE LIMITED,Engineering
ERIKA TECHNOLOGY LTD,Technology
ERLANG SOLUTIONS LTD,Technology
EROS HOME CARE SERVICES LTD,Healthcare
ERP EXPERTS (EUROPE) LIMITED,Technology
ERP TECH SOLUTIONS LIMITED,Technology
ERPTREE TECHNOLOGIES LIMITED,Technology
ERS CONSULTANTS LTD,Engineering
ERVINE PLANT LTD,Engineering
ES ARCHITECTURE LTD,Engineering
ES IT SOLUTIONS LIMITED,Technology
ES&P IT SOLUTIONS LIMITED,Technology
ESA HEALTHCARE LTD,Healthcare
ESALONI SYSTEMS LIMITED,Technology
ESCENTRAL LIMITED,Education
ESCROW-TECH LIMITED,Technology
ESFERIZE UK LIMITED,Technology
ESG ENERGY SERVICE GROUP LIMITED,Engineering
ESG GLOBAL (ENERGY) LTD,Technology
ESK MOORS CARING LTD,Healthcare
ESKER LIMITED,Technology
ESL GULFOOD SYSTEMS LTD,Technology
ESLAND IT SOLUTIONS LTD,Technology
ESM EQUESTRIAN LTD,Finance
ESM GROUP UK LIMITED,Education
ESM IT SOLUTION LTD,Technology
ESMERELLE LIMITED,Healthcare
ESMS GLOBAL LIMITED,Healthcare
ESMT CONSULTANCY LTD,Technology
ESOLUTION247 LTD,Technology
ESPARANZA LIMITED,Technology
ESPIRE INFOLABS LIMITED,Technology
ESPL REGULATORY CONSULTING LTD,Technology
ESPRIT AUTOMATION LIMITED,Engineering
ESPROFILER LTD,Technology
ESR EUROPE LIMITED,Finance
ESS STEEL LTD,Engineering
ESSEN BIOSCIENCE LIMITED,Engineering
ESSENCE SUPPORTED LIVING LIMITED,Healthcare
ESSENSIUM UK LTD,Technology
ESSENTIAL HEALTH LIMITED,Healthcare
ESSENTIAL HEALTHCARE 2020 LIMITED,Healthcare
ESSENTIAL LIVING CARE LTD,Healthcare
ESSEX CARE CONSORTIUM (FORDHAM) LIMITED,Healthcare
ESSEX CARE CONSORTIUM (PRETTYGATE) LIMITED,Healthcare
ESSEX CARES LIMITED,Healthcare
ESSEX COMMUNITY FOUNDATION,Healthcare
ESSEX PRIVATE CLINIC LIMITED,Healthcare
ESSEX ULTRASOUND & MEDICAL SERVICES LIMITED,Healthcare
ESSURE TECHNOLOGIES LTD,Technology
EST-HEALTH LIMITED,Healthcare
ESTARI LTD,Finance
ESTATELY LAW LIMITED,Technology
ESTE MEDICAL GROUP (COSMETIC SURGERY) LTD,Healthcare
ESTE MEDICAL GROUP (NOTTINGHAM) LTD,Healthcare
ESTE MEDICAL GROUP LTD,Healthcare
ESTEEM LIFE MEDICAL GROUP LIMITED,Healthcare
ESTEEMED LIFE LTD,Healthcare
ESTENDIO LTD,Technology
ESTHER CARE HOMES LIMITED,Healthcare
ESTICE LIMITED,Healthcare
ESTOREBRANDS LIMITED,Technology
ESURE SERVICES LIMITED,Finance
ESYASOFT UK LIMITED,Technology
ET PLANNING LTD,Engineering
ETANE LIMITED,Technology
ETAS LIMITED,Technology
ETCEMBLY LTD,Engineering
ETERNAL LIVES OPCO LTD,Technology
ETERNITY CARE SERVICES LTD,Healthcare
ETEX UK REMAGIN LIMITED,Engineering
ETF STREAM LIMITED,Technology
ETG CONSULTING LIMITED,Technology
ETHEX INVESTMENT CLUB LTD,Finance
ETHICA SERVICES LIMITED,Healthcare
ETHICAL HOMECARE SOLUTIONS LTD,Healthcare
ETHICARE (DURHAM) LTD,Healthcare
ETHICARE LTD,Healthcare
ETHIXBASE UK LIMITED,Technology
ETHNIC TECHNOLOGIES (LONDON) LIMITED,Technology
ETHOS-TECH LTD,Technology
ETHUS LTD,Finance
ETISALAT EUROPE LIMITED,Technology
ETORO (UK) LIMITED,Finance
ETRUM HEALTHCARE SERVICES LTD,Healthcare
ETS INTERNATIONAL UK LIMITED,Education
ETUDE CONSULTING LIMITED,Engineering
EU GROUP LIMITED,Technology
EUCALYPTUS HOLDCO LIMITED,Finance
EUCLID TRANSACTIONAL UK LIMITED,Finance
EUI LIMITED,Finance
EULER LABS LTD,Technology
EUNETWORKS FIBER UK LIMITED,Technology
EUNHA HEALTHCARE LTD,Healthcare
EURAZEO UK LIMITED,Finance
EUREKA INTERGRATED CARE LIMITED,Healthcare
EURO AKADEMY LTD,Education
EURO COMMUNICATIONS DISTRIBUTION LIMITED,Technology
EURO EXIM BANK LIMITED,Finance
EURO IT SOLUTION LTD,Technology
EURO SHEET METAL LIMITED,Engineering
EUROCLAD GROUP LIMITED,Engineering
EUROEQUIP LTD,Engineering
EUROFINS AGROSCIENCE SERVICES LIMITED,Engineering
EUROFINS FOOD TESTING UK LIMITED,Engineering
EUROFINS SELCIA LIMITED,Engineering
EUROFLO GROUP LIMITED,Engineering
EUROIMMUN UK LIMITED,Healthcare
EUROLAND IR UK LTD,Technology
EUROMONITOR INTERNATIONAL LIMITED,Technology
EURONET 360 FINANCE LIMITED,Finance
EURONET PAYMENT SERVICES LIMITED,Finance
EURONEXT LONDON LIMITED,Finance
EUROPA SCHOOL UK,Education
EUROPA SOLUTIONS LIMITED,Technology
EUROPE ARAB BANK PLC,Finance
EUROPE KO NEPALI PATRA LIMITED,Technology
EUROPEAN DATA ANALYTICS LIMITED,Technology
EUROPEAN EMC PRODUCTS LIMITED,Engineering
EUROPEAN LEADERSHIP NETWORK,Engineering
EUROPEAN PARTNERS (UK) LTD,Technology
EUROPEAN SCHOOL OF ECONOMICS - ESE INSIGHT LIMITED,Education
EUROPEAN SOFTWARE SOLUTIONS (UK) LIMITED,Technology
EUROPEAN TECHNOLOGY DEVELOPMENT LIMITED,Engineering
EUROPLACER LIMITED,Engineering
EUROPLAN ENGINEERING UK LIMITED,Engineering
EUROSOFT TECH LIMITED,Technology
EUROSTAR IT SOLUTIONS LIMITED,Technology
EUROSTEP LIMITED,Technology
EUROSTOP LIMITED,Technology
EUROTALK LIMITED,Technology
EUTELSAT UK LIMITED,Technology
EV PRIVATE EQUITY LTD,Finance
EVA M PORTER SERVICES LIMITED,Healthcare
EVAFRAME LTD,Engineering
EVALIAN LIMITED,Technology
EVALUATE ENERGY LIMITED,Technology
EVALUATE LIMITED,Technology
EVALUCOM CONSULTING LTD,Technology
EVAM ANALYTICS LIMITED,Technology
EVANS CANLINES LIMITED,Engineering
EVANS HART LIMITED,Finance
EVE & ADAM CONSULTANCY LTD,Technology
EVEDALE CARE LIMITED,Healthcare
EVEN ARENA LTD,Technology
EVENDO LTD,Technology
EVENING STANDARD LIMITED,Technology
EVENING STAR LIMITED,Technology
EVENLODE INVESTMENT MANAGEMENT LIMITED,Finance
EVENT PROTECT LIMITED,Technology
EVENTBRITE UK LIMITED,Technology
EVERBRIDGE EUROPE LIMITED,Technology
EVERBRIGHT HOME CARE LTD,Healthcare
EVERCARE RECRUITMENT LTD,Healthcare
EVERCORE GROUP SERVICES LIMITED,Finance
EVERCORE ISI INTERNATIONAL LIMITED,Finance
EVEREADY CARERS LIMITED,Healthcare
EVEREST PHARMACY LTD,Healthcare
EVERGOOD MEDICALS LTD,Healthcare
EVERGREEN CARE SERVICES LTD,Healthcare
EVERGREEN ENGINEERS LTD,Engineering
EVERGREEN FINANCE LONDON LIMITED,Finance
EVERGREEN HOMECARE LIMITED,Healthcare
EVERGREEN HOUSE CARE HOME LIMITED,Healthcare
EVERGREEN SURGERY LIMITED,Healthcare
EVERIT SOLUTIONS LIMITED,Technology
EVERLASTING ARMS3327 CARE PVT LTD,Healthcare
EVERLASTING PHARM LTD,Healthcare
EVERLLENCE UK LIMITED,Engineering
EVERNA LIMITED,Engineering
EVEROSE M SQUARE LIMITED,Finance
EVERREADY HEALTH AND SOCIAL CARE SOLUTIONS LTD,Healthcare
"EVERY CHILD, EVERY DAY ACADEMY TRUST",Education
EVERY SENSATION CARE LTD,Healthcare
EVERYBODY AGENCY LIMITED,Technology
EVERYCARE (EAST SURREY) LIMITED,Healthcare
EVERYCARE RUGBY & WARWICKSHIRE LIMITED,Healthcare
EVERYDAY CARE & SUPPORT LTD,Healthcare
EVERYDAY COMPUTER SOLUTIONS LTD,Technology
EVERYDAY HEALTH LTD,Technology
EVERYDAY LIVING HEALTHCARE LTD,Healthcare
EVERYMATRIX TECHNOLOGY (UK) LIMITED,Technology
EVERYOUNG CLINIC LTD,Healthcare
EVERYSTORY CHARITY,Healthcare
EVERYTHING GLOBLE LTD,Technology
EVERYTURN,Healthcare
EVESTIA CLINICAL LIMITED,Engineering
EVIDENCE TO IMPACT LIMITED,Healthcare
EVIDENT EV LIMITED,Technology
EVIEE TECHNOLOGIES LIMITED,Technology
EVIIVO LIMITED,Technology
EVIL WORKS LTD,Technology
EVO CAPITAL MANAGEMENT EUROPE LTD,Finance
EVO DENTAL CENTRE LIMITED,Healthcare
EVO-SOFT LIMITED,Technology
EVOKE CARE GROUP LIMITED,Healthcare
EVOKE INCISIVE HEALTH LIMITED,Healthcare
EVOKE NEUROLOGICAL REHABILITATION LTD,Healthcare
EVOKE SYSTEMS LIMITED,Technology
EVOLUTION GLAZING LTD,Engineering
EVOLUTOR LIMITED,Engineering
EVOLV SCIENCES LIMITED,Engineering
EVOLVE ARCHITECTURE LIMITED,Engineering
EVOLVE BROKERS LTD,Finance
EVOLVING CARE LIMITED,Healthcare
EVONETIX LTD,Engineering
EVOTIX LIMITED,Technology
EVOTRA LTD,Technology
EVOTRACK LTD,Technology
EVRY FINANCIAL SERVICE UK LTD,Technology
EVRYTHNG LIMITED,Technology
EWELL CASTLE SCHOOL,Education
EWELLIX UK LIMITED,Engineering
EX UK GROUP LTD,Technology
EXA INFRASTRUCTURE UK LIMITED,Technology
EXABEAM UK LIMITED,Technology
EXABEL LIMITED,Technology
EXACT CNC (NI) LTD,Engineering
EXACT INNOVATIONS LTD,Finance
EXACT TUTOR LTD,Education
EXACTERA LIMITED,Technology
EXACTPRO SYSTEMS LIMITED,Technology
EXALT GROUP LTD,Technology
EXALTIT LTD,Technology
EXANA LIMITED,Technology
EXASOFT LIMITED,Technology
EXCALIBUR ACADEMIES TRUST,Education
EXCEED ACADEMIES TRUST,Education
EXCEL BUSINESS MACHINES LIMITED,Technology
EXCEL CENTRE (NEW CROSS) LIMITED,Healthcare
EXCEL CENTRES STRATFORD LTD,Healthcare
EXCEL ENGINEERING AND SURVEYING SERVICES LIMITED,Engineering
EXCEL SA LIMITED,Healthcare
EXCELLA IT SOLUTIONS LTD,Technology
EXCELLENCE CARE LTD,Healthcare
EXCELLENCE IN CARE LTD,Education
EXCELLENCE IN EDUCATION TRUST,Education
EXCELLENT ACADEMY LIMITED,Education
EXCELLENT CARE LTD,Healthcare
EXCELLENT FINANCIAL SERVICES LTD,Finance
EXCELLENT IT SOLUTIONS LTD,Technology
EXCELLENT MULTICARE LTD,Healthcare
EXCENT UK LIMITED,Engineering
EXCEPTIONAL UKALIEN LIMITED,Technology
EXCLUSERV LIMITED,Technology
EXECUDENT LIMITED,Healthcare
EXECUTIVE CARE PERSONNEL LIMITED,Healthcare
EXEGY UK LIMITED,Technology
EXEPAY LTD,Technology
EXERGY3 LIMITED,Engineering
EXERGYN UK LTD,Engineering
EXFO EUROPE LIMITED,Engineering
EXHALE STAFFING LTD,Technology
EXI GROUP HOLDINGS LIMITED,Engineering
EXIGERE PROJECT SERVICES LIMITED,Technology
EXINITY UK LTD,Finance
EXITS.ME LTD,Technology
EXMILE SOLUTIONS LIMITED,Technology
EXNESS (UK) LTD,Finance
EXODIGO UK LTD,Technology
EXOGENE LIMITED,Engineering
EXORA INTERNATIONAL LIMITED,Healthcare
EXPANDING CIRCLE LTD,Technology
EXPECTATION CARE LIMITED,Healthcare
EXPEDITION GROWTH CAPITAL LTD,Finance
EXPEDITIONS LIVING LTD,Healthcare
EXPEND LIMITED,Technology
EXPENSIFY LIMITED,Technology
EXPERDENTAL LTD,Healthcare
EXPEREO UK LIMITED,Technology
EXPERIAN LIMITED,Technology
EXPERT CARE UK SERVICES LTD,Healthcare
EXPERT ORTHODONTICS LIMITED,Healthcare
EXPERT PROFESSIONAL SOLUTIONS LTD,Technology
EXPERT SERVICE SOLUTIONS LTD,Technology
EXPERT SHOPFRONTS LTD,Engineering
EXPERT TOOLING & AUTOMATION LIMITED,Engineering
EXPERTEST CONSULTANCY LIMITED,Technology
EXPLEO UK LIMITED,Engineering
EXPLORE LEARNING GRAYS LIMITED,Education
EXPONENTIA.AI LIMITED,Technology
EXPOPLATFORM LIMITED,Technology
EXPOSURE ANALYTICS LIMITED,Technology
EXPRESS COMMUNICATION SERVICES LIMITED,Technology
EXPRESS ENGINEERING (FABRICATIONS) LIMITED,Engineering
EXPRESS HEALTHCARE SERVICES LTD,Healthcare
EXPRESS MEDICALS P.L.C.,Healthcare
EXPRESS REMIT LTD,Finance
EXPRESS S SOLUTION LTD,Technology
EXPRESSIONEDITS LTD,Engineering
EXQUITECH LIMITED,Technology
EXSCIENTIA AI LIMITED,Engineering
EXSTENT LIMITED,Engineering
EXTENDED LIMITED,Technology
EXTERN NORTHERN IRELAND,Healthcare
EXTERRO UK LIMITED,Technology
EXTRA HELP CARE LIMITED,Healthcare
EXTRA LEARNING UK LIMITED,Education
EXTRACOVER LIMITED,Technology
EXTRAFRIEND LIMITED,Healthcare
EXTRANONCE LIMITED,Technology
EXTRASOL LIMITED,Technology
EXTREME NETWORKS UK TECHNOLOGY LIMITED,Technology
EXUE INTERNATIONAL LTD,Education
EXUS SOFTWARE LTD,Technology
EYAM DOMICILIARY SERVICE LTD,Healthcare
EYE SMILE LIMITED,Healthcare
EYEOL U.K. LIMITED,Healthcare
EYES OF RAIN LTD,Technology
EYESCLEAR LTD,Technology
EYESTO EDUCATION LIMITED,Education
EYHURST COURT LIMITED,Healthcare
EYOS UK LIMITED,Technology
EYRIES GROUP LIMITED,Technology
EYWORKS LIMITED,Technology
EZ COMPANY FORMATIONS LIMITED,Technology
EZCORP UK LIMITED,Finance
EZE ASSETS MANAGEMENT LTD,Technology
EZZE HEALTHCARE LTD,Healthcare
F & W NETWORKS LTD,Technology
F &N PRIVATE LIMITED,Technology
F A ENGINEERING LTD,Engineering
F HEALTH LTD,Technology
F NETWORK HOLDINGS UK LIMITED,Technology
F WAHID LTD,Healthcare
F&J CONSULTANTS LTD,Technology
F. KLUCZNIK & SON LIMITED,Engineering
F. LIST UK LTD.,Engineering
F.T. CARE HOMES LIMITED,Healthcare
F1 LASER LTD,Engineering
F2X GROUP LIMITED,Technology
F5 NETWORKS LIMITED,Technology
F8 IT SOLUTIONS LIMITED,Technology
F8 NETWORKS LIMITED,Technology
FAB SOCIAL CARE LIMITED,Healthcare
FABACUS SERVICES LIMITED,Technology
FABKIDS LIMITED,Healthcare
FABPLUS LIMITED,Engineering
FABRICNANO LIMITED,Engineering
FABSKILLS LIMITED,Education
FABULOUS HOMECARE LTD,Healthcare
FABULOUS TOTS LIMITED,Education
FACCTUM SOLUTIONS LIMITED,Technology
FACE THERAPY NI LIMITED,Healthcare
FACEPHI BEYOND BIOMETRICS LTD,Technology
FACES CONSENT LIMITED,Technology
FACTSET EUROPE LIMITED,Technology
FACULTY SCIENCE LIMITED,Technology
FADEL PARTNERS UK LIMITED,Technology
FAHIQAH'S LEARNING ACADEMY LTD,Education
FAIR CARE AGENCY LTD,Healthcare
FAIR ISAAC SERVICES LIMITED,Technology
FAIR4ALL FINANCE LIMITED,Finance
FAIRDENE LODGE CARE HOME LIMITED,Healthcare
FAIRFIELD CONTROL SYSTEMS LIMITED,Engineering
FAIRFIELD SCHOOL OF BUSINESS LTD,Education
FAIRFIELDS HOUSE SUPPORT SERVICES LIMITED,Healthcare
FAIRHAVEN CARE HOME LIMITED,Healthcare
FAIRLEY HOUSE SCHOOL,Education
FAIRLIE HEALTHCARE LIMITED,Healthcare
FAIRLIGHT MANOR LIMITED,Healthcare
FAIRMAY LTD,Technology
FAIRMONT RESIDENTIAL LIMITED,Engineering
FAIRMORT LIMITED,Technology
FAIROLIVE LIMITED,Healthcare
FAIRPARK CARE LIMITED,Healthcare
FAIRPLACECARE LIMITED,Healthcare
FAIRSCORE LTD,Finance
FAIRSHOT AI LTD,Technology
FAIRSTONE GROUP LIMITED,Finance
FAIRVIEW CAPITAL GROUP LTD,Finance
FAIRVIEW CARE LIMITED,Healthcare
FAIRWAY CAPITAL LTD,Finance
FAIRWAYS CARE LIMITED,Healthcare
FAITH HEALTH CARE AGENCY LTD,Healthcare
FAITH HOME CARE LTD,Healthcare
FAITH MONTESSORI NURSERY LTD,Education
FAITHFUL CARE (UK) LIMITED,Healthcare
FALA LIMITED,Engineering
FALCON HOUSE CARE LIMITED,Healthcare
FALCON MEDICAL AESTHETICS LTD,Healthcare
FALCON MONEY MANAGEMENT UK LIMITED,Finance
FALCON PURCHASING SERVICES LIMITED,Finance
FALCON SOLUTIONS LTD,Technology
FALCON TECH SOLUTIONS LTD,Engineering
FALLEN ANGELS DANCE THEATRE NORTH WEST,Healthcare
FAME 24HOUR CARE LIMITED,Healthcare
FAMILIES FIRST (NORTH EAST),Education
FAMILY ACTION,Healthcare
FAMILY CIRCLES SERVICES LTD,Healthcare
FAMILY CONFIDENT LIMITED,Finance
FAMILY DENTAL CENTRE LTD,Healthcare
FAMILY EMPOWERMENT MEDIA CIC,Technology
FAMILY FIRST FOSTERING LTD,Healthcare
FAMILY FIRST RESIDENTIAL CARE HOMES LTD,Healthcare
FAMILY FUTURES CIC,Healthcare
FAMILY WORKS FOSTERING LIMITED,Healthcare
FAMILYCARE HOMES LIMITED,Healthcare
FAMLY LTD,Technology
FAN SYSTEMS GROUP LIMITED,Engineering
"FANDOM-UK, LTD",Technology
FANDUEL LIMITED,Technology
FANFINDERS LTD,Technology
FANTASTIC TECH LTD,Technology
FARA HEALTHCARE LTD,Healthcare
FARAN CONSULTANTS LIMITED,Technology
FAREHAM ACADEMY,Education
FARENI CONSULTANTS LTD,Technology
FAREPORT TRAINING ORGANISATION LIMITED,Education
FARESHARE MIDLANDS,Healthcare
FAREYE TECHNOLOGIES PVT LTD,Technology
FARHAD MASHADI LIMITED,Healthcare
FARI CARE LTD,Healthcare
FARINA MEDITRANIAN LTD,Technology
FARLEIGH HOSPICE,Healthcare
FARLO GROUP LIMITED,Technology
FARMHOUSE CARE AGENCY LTD,Healthcare
FARMHOUSE CARE HOME LTD,Healthcare
FARMLEND LIMITED,Technology
FARNHAM PHYSIOTHERAPY AND SPORTS CLINIC LIMITED,Healthcare
FARO CAPITAL LIMITED,Finance
FAROOQ DESIGN & BUILD LTD,Engineering
FARRANT CONSULTING LTD,Technology
FARRAT ISOLEVEL LIMITED,Engineering
FARREL LIMITED,Engineering
FARRINGDON CAPITAL LTD,Finance
FARSIGHT GLOBAL LTD,Education
FARVIEW EQUITY PARTNERS LIMITED,Finance
FASHION GPS EUROPE LTD,Technology
FAST CHARGER LTD,Technology
FAST DRIVING TEST BOOKING LTD,Education
FAST EXCHANGE AND MONEY TRANSFER LTD,Finance
FAST FWD MULTIMEDIA LTD,Technology
FAST PACE TRANSFER LIMITED,Finance
FAST TRACK CONSULTANCY LIMITED,Technology
FAST TRACK MONEY TRANSFER LIMITED,Finance
FASTEMS LIMITED,Finance
FASTHOSTS INTERNET LIMITED,Technology
FASTMARKETS GLOBAL LIMITED,Technology
FASTREMS LIMITED,Finance
FAT LAZY FROG LTD,Healthcare
FATELESS LTD,Technology
FATHERSOLUTION LTD,Technology
FATROK CARE SERVICES LTD,Healthcare
FAVED LTD,Technology
FAVOUR HEALTH LTD,Healthcare
FAYAT LIFTING LTD,Engineering
FAYSHA LIMITED,Healthcare
FAYZANO LIMITED,Finance
FAZIN HEALTHCARE LIMITED,Healthcare
FBP INVESTMENTS LTD,Finance
FC SUMMERHILL NH LTD,Healthcare
FCMB BANK (UK) LIMITED,Finance
FCNA HOMECARE LIMITED,Healthcare
FD PROJE UK LTD,Engineering
FDJ GAMING SOLUTIONS UK LIMITED,Technology
FDM GROUP LIMITED,Technology
FDR SOCIAL CARE LTD,Healthcare
FDS SYSTEMS LIMITED,Technology
FDTK CONSULTANCY LTD,Technology
FEARNLEY SECURITIES LIMITED,Finance
FEARNLEYS SHIPBROKERS UK LTD,Finance
FEASIBLE HEALTHCARE LTD,Healthcare
FEATHER-STONE CARE LIMITED,Healthcare
FECUND CARE PROVIDERS LTD,Healthcare
FEDCAP EMPLOYMENT LIMITED,Education
FEDCAP UK,Education
FEDERATED HERMES LIMITED,Finance
FEEBRIS LTD,Healthcare
FEELD LTD,Technology
FEG LTD,Engineering
FEIX&MERLIN LTD,Engineering
FELIX CONSULTANTS PRIVATE LIMITED,Technology
FELKAM LTD,Technology
FELT CARE LTD,Healthcare
FEMBISTEM LTD,Healthcare
FEMINIST REVIEW LIMITED,Technology
FENCING MART LIMITED,Engineering
FENERGO UK LIMITED,Technology
FENGSHENG LIMITED,Education
FENLAND PCN LTD,Healthcare
FENNEL FINANCIAL SERVICES LTD,Finance
FENTICS TECHNOLOGY LIMITED,Technology
FERGUSON ENGINEERING CONSULTANTS LTD,Engineering
FERMENTATION TECHNOLOGIES LTD,Engineering
FERN COMPUTER SERVICES LIMITED,Technology
FERN LEAF CAREHOME LIMITED,Healthcare
FERNBROOK CARE HOMES LIMITED,Healthcare
FERNDALE HEALTHCARE LIMITED,Healthcare
FERNS IT CONSULTANCY LIMITED,Technology
FERRARI GROUP PLC,Finance
FERRIER PUMPS LIMITED,Engineering
FERROGLOBE PLC,Finance
FERROL LODGE CARE HOME LIMITED,Healthcare
FERTIFA LIMITED,Healthcare
FERTILITY BRISTOL LIMITED,Healthcare
FETTES COLLEGE,Education
FF CLARION LIMITED,Technology
FF MANAGEMENT LIMITED,Technology
FF SECURITY SOLUTIONS LTD,Technology
FF WISE LIMITED,Technology
FG ENGINEERING+ LIMITED,Engineering
FGL MARINE SERVICES LTD,Engineering
FHA HOLDINGS LTD,Finance
FIBERLEAN TECHNOLOGIES LIMITED,Engineering
FIBRE MARKETING LIMITED,Technology
FIBRE-TECH INDUSTRIES (UK) LIMITED,Engineering
FICOSA INTERNATIONAL LIMITED,Engineering
FIDANTE PARTNERS EUROPE LIMITED,Finance
FIDBANK UK LIMITED,Finance
FIDELIO CAPITAL LIMITED,Finance
FIDELITY CONSULTANCY LTD,Technology
FIDELITY GROUP LIMITED,Technology
FIDENDA LIMITED,Technology
FIDUCIAM NOMINEES LIMITED,Finance
FIELD EFFECT SECURITY LTD,Technology
FIELD INTELLIGENCE LTD,Technology
FIELD INTERNATIONAL LIMITED,Engineering
FIELD VIEW CARE HOME LTD,Healthcare
FIELDBASE SERVICES LTD,Technology
FIELDBAY MANAGEMENT LIMITED,Technology
FIELDMOTION LTD,Technology
FIELDWORK ROBOTICS LIMITED,Engineering
FIERA CAPITAL (UK) LIMITED,Finance
FIFOSYS LIMITED,Technology
FIFTH DIMENSION AI LTD,Technology
FIFTH ROW TECHNOLOGIES LIMITED,Technology
FIFTHDELTA LTD,Finance
FIFTY TECHNOLOGY LIMITED,Technology
FIFTYNET LIMITED,Technology
FIFTYTWO 7 CARE LTD,Healthcare
FIGURES-AND-FACTS.COM LIMITED,Technology
FIIT LIMITED,Technology
FILCARE LTD,Healthcare
FILHET-ALLARD MARITIME UK LIMITED,Finance
FILMCHAIN GROUP LTD,Technology
FILTERLIGHT LIMITED,Healthcare
FIM PARTNERS UK LTD,Finance
FIMPLE GLOBAL LIMITED,Finance
FIN CENTER LIMITED,Technology
FIN2GO LTD,Finance
FINAGHY SOUTH LTD,Healthcare
FINANCE HUB LTD,Finance
FINANCIAL DATA MANAGEMENT LIMITED,Technology
FINANCIAL HOUSE LIMITED,Technology
FINANCIAL NETWORK ANALYTICS LTD,Technology
FINANCIAL RECOVERY TECHNOLOGIES UK LIMITED,Finance
FINANCIAL STUDIO LTD,Finance
FINANSPAN LIMITED,Finance
FINANSYS SOLUTIONS LIMITED,Technology
FINANTIA UK LIMITED,Finance
FINASDDEE PAYMENT SERVICES LTD,Finance
FINASTRA INTERNATIONAL LIMITED,Technology
FINBOROUGH SCHOOL LIMITED,Education
FINBOURNE TECHNOLOGY LIMITED,Technology
FINBROOK LIMITED,Healthcare
FINCH ARCHITECTURE LIMITED,Engineering
FINCH BAY LTD,Finance
FINCLUSION LIMITED,Finance
FINCRIME DYNAMICS LTD,Technology
FIND A UNIVERSITY LTD,Technology
FIND OUT LTD,Engineering
FINDER.COM COMPARISON UK LTD,Technology
FINDLAY PARK INVESTMENT MANAGEMENT LIMITED,Finance
FINE CLINIC LONDON LTD,Healthcare
FINE FRENZY LTD,Engineering
FINEDON DENTAL PRACTICE LTD,Healthcare
FINEOS UK LIMITED,Technology
FINEQIA LIMITED,Finance
FINER LINES AESTHETICS LTD,Healthcare
FINEXOS GROUP HOLDINGS LIMITED,Technology
FINFIND LTD,Finance
FINGENIUS LIMITED,Technology
FINGLETON WHITE LTD,Engineering
FINIMIZE LIMITED,Technology
FINIXIO LTD,Technology
FINLAYER LTD,Technology
FINMECHANICS UK LIMITED,Technology
FINMILE AI LIMITED,Technology
FINMO LIMITED,Technology
FINN HOME CARE LTD,Healthcare
FINPAYTECH LTD,Technology
FINSEN TECHNOLOGIES LIMITED,Healthcare
FINSIGHT GROUP UK LIMITED,Technology
FINSOFT CONSULTANCY LIMITED,Technology
FINSPACE GROUP LIMITED,Finance
FINSSO FINANCIAL LTD,Finance
FINSTACK LIMITED,Technology
FINSTECH LTD,Technology
FINTARK LIMITED,Technology
FINTECH FARM LTD,Technology
FINTECH PARTNERS LTD,Finance
FINTECH RHYTHM SOLUTIONS LTD,Technology
FINTECH SCION LIMITED,Technology
FINTECH VALLEY LTD,Finance
FINTECHOS TECHNOLOGY UK LTD,Technology
FINTECY LTD,Technology
FINTERN LTD,Technology
FINTEUM LTD,Technology
FINTEX PARTNERS LIMITED,Finance
FINTRU LIMITED,Finance
FINVERITY LTD,Technology
FINVEST FINANCE LTD,Finance
FIORETTI TRUST,Education
FIRA FINANCE UK LIMITED,Technology
FIRBANKS SUPPORTED LIVING LTD,Healthcare
FIRCROFT SERVICES LIMITED,Healthcare
FIRE DYNAMICS GROUP LTD,Technology
FIRE ENGINEER LTD,Engineering
FIREANT NETWORKS LIMITED,Education
FIREBLOCKS UK INT'L LIMITED,Technology
FIREFLY LONDON GROUP LTD,Healthcare
FIREFLYAPPS LIMITED,Technology
FIREMIND LTD,Technology
FIRESOULS LIMITED,Technology
FIRETECNICS SYSTEMS LIMITED,Engineering
FIRMEX INTERNATIONAL LIMITED,Technology
FIRST 2 CARE SERVICE LTD,Healthcare
FIRST ALBA HEALTHCARE LIMITED,Healthcare
FIRST BRITISH CLINIC LIMITED,Healthcare
FIRST CALL COMMUNITY SYSTEMS LIMITED,Healthcare
FIRST CARE HEALTHCARE LTD,Healthcare
FIRST CARE PHYSIOTHERAPY AND SPORTS CLINIC LTD,Healthcare
FIRST CARE SERVICES LIMITED,Healthcare
FIRST CHOICE CARE AGENCY LIMITED,Healthcare
FIRST CHOICE CARE LIMITED,Healthcare
FIRST CHOICE CARE SERVICES LTD,Healthcare
FIRST CHOICE HEALTHCARE SERVICES LTD,Healthcare
FIRST CHOICE HOME CARE LTD,Healthcare
FIRST CHOICE MEDICAL SOLUTIONS LTD,Healthcare
FIRST CITY NURSING SERVICES LIMITED,Healthcare
FIRST CLASS LEARNING LTD,Education
FIRST CLASS SERVICES GROUP LTD,Engineering
FIRST CLICK SOLUTIONS LTD,Technology
FIRST CONNECT HEALTHCARE LTD,Healthcare
FIRST DAY NURSERY LTD,Education
FIRST DERIVATIVE LTD,Technology
FIRST EQUITABLE (UK) LTD,Finance
FIRST FIX FORMWORK LIMITED,Engineering
FIRST HAVEN PROVIDERS LTD,Healthcare
FIRST HEALTHCARE LIMITED,Healthcare
FIRST HYDROGEN LIMITED,Engineering
FIRST IN CARE SERVICES LTD,Healthcare
FIRST INTUITION EAST AND NORTH LIMITED,Education
FIRST KARE ACADEMY LTD,Education
FIRST LANE EDUCATION UK CONSULTANCY LTD,Education
FIRST LIGHT FUSION LIMITED,Engineering
FIRST LIGHT GAMES LTD,Technology
FIRST OPTION CARE SERVICES LTD,Healthcare
FIRST PLACE CONSULTING LIMITED,Technology
FIRST POINT 24 LTD,Healthcare
FIRST POINT PHYSIO LIMITED,Healthcare
FIRST PRACTICE HEALTHCARE LTD,Healthcare
FIRST PRIME CARE LTD,Healthcare
FIRST PSYCHOLOGY LTD,Healthcare
FIRST QUALITY CARE LIMITED,Healthcare
FIRST RELIANT SERVICES LTD,Healthcare
FIRST SENTIER INVESTORS (UK) SERVICES LIMITED,Finance
FIRST SENTINEL CORPORATE FINANCE LIMITED,Finance
FIRST STEP DAYCARE & NURSERY LTD,Education
FIRST STRATEGY FINANCIAL SERVICES LTD,Finance
FIRST SUBSEA LIMITED,Engineering
FIRST TECHNOLOGY HOLDINGS LTD,Technology
FIRST TUTORS HM LIMITED,Education
FIRST UNDERWRITING LIMITED,Finance
FIRST WEALTH MANAGEMENT LIMITED,Finance
FIRSTBANK UK LIMITED,Finance
FIRSTCARE (GB) LTD,Healthcare
FIRSTCO LIMITED,Engineering
FIRSTMIND LTD,Technology
FIRSTSMILE LIMITED,Healthcare
FIRVALE COMMUNITY HUB,Technology
FIS CAPITAL MARKETS UK LIMITED,Technology
FISH IN A BOTTLE LIMITED,Technology
FISHER FINANCIAL ADVISORS LTD,Finance
FISHER INVESTMENTS EUROPE LIMITED,Finance
FISHGATE CONSULTING LIMITED,Education
FISSION CARE LTD,Healthcare
FITFILE GROUP LIMITED,Technology
FITXR LIMITED,Technology
FITZ PARTNERS LIMITED,Technology
FITZROY SUPPORT,Healthcare
FIVE 9S SOLUTIONS LTD,Technology
FIVE AI LIMITED,Technology
"FIVE9, INC UK LIMITED",Technology
FIVES BRONX LIMITED,Engineering
FIVES LANDIS LIMITED,Engineering
FIVES STEIN LIMITED,Engineering
FIVESKY LIMITED,Technology
FIVETRAN UK LIMITED,Technology
FIX TECH EXPERTS LIMITED,Technology
FIXBY HEALTHCARE LTD,Healthcare
FJ&B LTD,Engineering
FK MEDICS LTD,Healthcare
FLAGSHIP TECHNOLOGIES LTD,Technology
FLAIR CARE SOLUTIONS LIMITED,Healthcare
FLAMELILY INDEPENDENT LIVING LTD,Healthcare
FLANAGAN LAWRENCE LIMITED,Engineering
FLASH BUG INTELLIGENCE LTD,Engineering
FLASH TECH IT SOLUTIONS LTD,Technology
FLASHFIX EUROPE LTD,Engineering
FLATIRON HEALTH UK LTD,Engineering
FLAWLESS CARE SERVICES LTD,Healthcare
FLAWLESS FEET LIMITED,Healthcare
FLEDGLINGS (ROSSINGTON) LTD,Education
FLEET BIDCO LIMITED,Technology
FLEET DENTAL CENTRE LIMITED,Healthcare
FLEETCOR EUROPE LIMITED,Technology
FLEETCRAFT LIMITED,Technology
FLEETWOOD COMMUNITY CARE LIMITED,Healthcare
FLEMINGTON CARE HOME LIMITED,Healthcare
FLENDER LIMITED,Engineering
FLENTEX LIMITED,Technology
FLEX FARMING LIMITED,Engineering
FLEX FAST PHYSIO LIMITED,Healthcare
FLEX LEGAL LIMITED,Technology
FLEXCITON LIMITED,Technology
FLEXEJ LIMITED,Engineering
FLEXERA SOFTWARE LIMITED,Technology
FLEXI DIRECT LTD,Healthcare
FLEXI FIRST CLASS CARE LTD,Healthcare
FLEXI GROUP LIMITED,Engineering
FLEXIBLE POWER SYSTEMS LTD,Engineering
FLEXICARE HOMESERVICES UK LIMITED,Healthcare
FLEXIFORM BUSINESS FURNITURE LIMITED,Engineering
FLEXION MOBILE PLC,Technology
FLEXITALLIC UK LTD,Engineering
FLEXOTRONIX LIMITED,Technology
FLEXSERVE UK LIMITED,Healthcare
FLEXTRADE UK LIMITED,Technology
FLEXURE FIT LTD,Engineering
FLEXXY EDUCATION LIMITED,Education
FLICK GAMES LTD,Technology
FLIGHT DATA SYSTEMS LIMITED,Engineering
FLINT CONSULTING LIMITED,Technology
FLINTFOX EUROPE LIMITED,Technology
FLIPDISH UK LIMITED,Technology
FLIPPER TECHNOLOGIES LTD,Technology
FLIX INTERACTIVE LIMITED,Technology
FLOCK LIMITED,Technology
FLOCK.IO LTD,Technology
FLOE TECHNOLOGY LIMITED,Technology
FLOK HEALTH LTD,Healthcare
FLOODFLASH LIMITED,Finance
FLOOID LIMITED,Technology
FLORENCE CARE READING LIMITED,Healthcare
FLORENCE DENTAL LABORATORY LTD,Healthcare
FLOURISH CHILDRENS SERVICES LIMITED,Healthcare
FLOURISH DAY NURSERY LTD,Education
FLOURISHLIFE CARE LTD,Healthcare
FLOW COMMERCE UK LTD,Technology
FLOW HEALTHCARE. LTD,Healthcare
FLOW TRADERS UK SERVICES LTD,Finance
FLOWAN HEALTH LTD,Healthcare
FLOWBIRD LTD,Technology
FLOWDESK UK LTD,Technology
FLOWER LABS CAMBRIDGE LTD,Technology
FLOWLA LTD,Technology
FLOWSERVE GB LIMITED,Engineering
FLOYD SLASKI ARCHITECTS LTD,Engineering
FLTRP (UK) LIMITED,Technology
FLUENCE ENERGY UK LIMITED,Engineering
FLUENCE WORLD LTD,Technology
FLUENT STUDIO LTD,Technology
FLUENT2 LIMITED,Technology
FLUF LTD,Technology
FLUFFY FOX STUDIOS LIMITED,Technology
FLUIDSTACK LTD,Technology
FLURO PLATFORM LIMITED,Finance
FLUTTER LABS AI LTD,Technology
FLUTTERWAVE UK LIMITED,Finance
FLYFORM LTD,Technology
FLYING START DAY NURSERY CHIGWELL LTD,Education
FLYP HOMES LTD,Technology
FLYTEC LTD,Engineering
FLYWIRE PAYMENTS LIMITED,Finance
FM CARE AND CONSULTANCY LIMITED,Healthcare
FM FINANCE LTD,Finance
FMT CORPORATION LIMITED,Technology
FNALITY INTERNATIONAL LIMITED,Finance
FND COMMUNICATIONS LTD,Technology
FOAT SOLUTIONS LTD,Healthcare
FOCALDATA LIMITED,Technology
FOCUS 1ST ACADEMY LTD,Education
FOCUS AWARDS LIMITED,Education
FOCUS CARE LINK LIMITED,Healthcare
FOCUS CARE SUPPORTED LIVING LTD,Healthcare
FOCUS CARING SERVICES LIMITED,Healthcare
FOCUS EDUCATION GLOBAL PRIVATE LIMITED,Education
FOCUS FINANCE AND MARKETING LTD,Technology
FOCUS FINDINGS UK LIMITED,Healthcare
FOCUS HOME CARE LIMITED,Healthcare
FOCUS LEGAL SOLUTIONS LTD,Technology
FOCUS MEDICAL SERVICES LIMITED,Healthcare
FOCUSED LABS UK LTD,Technology
FOLD CONSULTING ENGINEERS LIMITED,Engineering
FOLKESTONE NURSING HOME LTD,Healthcare
FOLLION UK LIMITED,Technology
FOLLIS HEALTHCARE LIMITED,Healthcare
FOLLOWAPP CARE LIMITED,Technology
FONDINFRA LTD,Engineering
FONE-CENTRAL LTD,Technology
FONES CLINIC SERVICES UK LIMITED,Technology
FONEX LTD,Technology
FONIX PLC,Technology
FONLUTIONS LTD,Technology
FONTAINE LIMITED,Finance
FOOD HIVES LTD,Technology
FOOD HUB LIMITED,Technology
FOOD NOW LTD,Technology
FOODMATE UK LIMITED,Technology
FOOTBALL CLASS ACADEMY LTD,Education
FOOTPRINT DESIGN LTD,Engineering
FOOTPRINTS COMMUNITY CARE LIMITED,Healthcare
FOOTSIE DIGIKAL RIDDIM STUDIO LTD,Technology
FOOTSTEPS CARE LIMITED,Healthcare
FOR EVERYBODY LIMITED,Healthcare
FOR YOU HEALTHCARE LIMITED,Healthcare
FORADA LIMITED,Finance
FORAGE UK OPERATIONS LIMITED,Technology
FORAYN LTD,Technology
FORCEPOINT UK LIMITED,Technology
FORECAST TECHNOLOGIES LIMITED,Technology
FOREMAN ROBERTS CONSULTING LIMITED,Engineering
FOREMOST 4 MEDIA LIMITED,Technology
FORENSIC TESTING SERVICE LTD,Healthcare
FORESCOUT TECHNOLOGIES UK LTD,Technology
FORESEE FIXED LINE LTD,Technology
FORESIGHT GROUP SERVICES COMPANY LIMITED,Finance
FOREST BRIDGE SCHOOL LTD,Education
FOREST PEOPLES PROGRAMME,Education
FOREST ROCK SYSTEMS LTD,Technology
FOREST VILLAGE KINDERGARTEN LTD,Healthcare
FOREST WIDE LIMITED,Technology
FORESTREET LTD,Technology
FORETELL DIGITAL LIMITED,Technology
FOREVER KIN HEALTHCARE LTD,Healthcare
FOREVER MANCHESTER,Healthcare
FOREVERMORE CARE GROUP LTD,Healthcare
FOREXCEL HEALTHCARE LTD,Healthcare
FORGE GENETICS LTD,Engineering
FORGE GLOBAL LIMITED,Technology
FORGE HOUSE CARE LTD,Healthcare
FORGE SOFTWARE INC LIMITED,Technology
FORGECO LTD,Engineering
FORGET ME NOT CARING LTD,Healthcare
FORGET ME NOT HOME CARE LTD,Healthcare
FORKANIA EDUCATION & CULTURAL CENTRE,Healthcare
FORM3 TECHNOLOGY LIMITED,Technology
FORMA ADVISORY SERVICES UK LIMITED,Finance
FORMAL TECHNOLOGY LIMITED,Technology
FORMAT ENGINEERS LTD,Engineering
FORMATECH LABS LTD,Technology
FORMAX CREDIT (UK) LIMITED,Healthcare
FORMPAK LIMITED,Technology
FORRESTER RESEARCH LIMITED,Technology
FORRIT TECHNOLOGY LIMITED,Technology
FORSTA WORLDWIDE LTD,Technology
FORSYS GLOBAL UK LTD,Technology
FORT VERITAS WEALTH LTD,Finance
FORTE PHYSICAL HEALTH LTD,Healthcare
FORTE SECURITIES LIMITED,Finance
FORTHSTAR LIMITED,Technology
FORTIS CARE LIMITED,Healthcare
FORTIS DOMUS LIMITED,Technology
FORTIS FACADES LIMITED,Engineering
FORTIS FINANCIAL LTD,Finance
FORTIS GAMES LIMITED,Technology
FORTIS HOSTING LIMITED,Technology
FORTIUS LONDON LIMITED,Healthcare
FORTNA UK LIMITED,Engineering
FORTRADE LIMITED,Finance
FORTREA DEVELOPMENT LIMITED,Engineering
FORTRESS FIRE AND SECURITY LIMITED,Engineering
FORTRESS TECHNOLOGY (EUROPE) LIMITED,Engineering
FORTUDE PTE LIMITED,Technology
FORTUNE BEE LIMITED,Technology
FORTUNE COMMERCIAL FINANCE LTD,Finance
FORTUNE MEDIA GROUP (UK) LIMITED,Finance
FORTUNE TECHNO SERVICES LIMITED,Technology
FORTURA FINANCIAL PARTNERS LIMITED,Finance
FORUM FOR THE FUTURE,Education
FORUM PARTNERS LIMITED,Finance
FORWARD CARE LONDON LTD,Healthcare
FORWARD CARERS C.I.C.,Healthcare
FORWARD COMMUNITY CARE LTD,Healthcare
FOSSE HEALTHCARE LIMITED,Healthcare
FOSTER + PARTNERS LIMITED,Engineering
FOSTER DENOVO LIMITED,Finance
FOSTERING INNOVATIONS LIMITED,Healthcare
FOSUN MANAGEMENT (UK) LIMITED,Finance
FOTOFINDER SYSTEMS LTD,Technology
FOUNDEVER GB LIMITED,Technology
FOUNTAIN OF HEALTH LTD,Healthcare
FOUNTAINHEAD SOFTWARE LTD,Technology
FOUR ELEMENTS SPA LIMITED,Healthcare
FOURJAW MANUFACTURING ANALYTICS LTD,Technology
FOURTH LIMITED,Technology
FOURTH MONKEY EDUCATION LIMITED,Education
FOURVENUES UK LTD,Technology
FOUTA QUALITY CARE LTD,Healthcare
FOX COOLING COMPANY LIMITED,Engineering
FOXBY HILL CARE HOME LIMITED,Healthcare
FOXGLOVE SUPPORTED LIVING LIMITED,Healthcare
FOXHOLES NURSING HOME LIMITED,Healthcare
FOXTON BOOKS LTD,Technology
FPP INVESTMENT MANAGEMENT LIMITED,Finance
FPT SOFTWARE UNITED KINGDOM LTD.,Technology
FRACTAL LABS LTD,Technology
FRACTILE LTD,Technology
FRAMATOME LIMITED,Engineering
FRANK HOUSE CARE SERVICES LTD,Healthcare
FRANK TRUMAN LIMITED,Finance
FRANKCARE COMMUNITY SERVICES LTD,Healthcare
FRANKHAM CONSULTANCY GROUP LIMITED,Engineering
FRANKLIN TEMPLETON GLOBAL INVESTORS LIMITED,Finance
FRAPOR SUPPORT SERVICES LIMITED,Healthcare
FRASER HOME CARE LTD,Healthcare
FREDERIC ROSCOP LIMITED,Healthcare
FREDOL ENTERPRISE LIMITED,Healthcare
FREE 2 TALK COMMUNITY INTEREST COMPANY,Healthcare
FREEAGENT CENTRAL LTD,Technology
FREEDA UK LIMITED,Technology
FREEDOM CARE 24/7 LTD,Healthcare
FREEDOM CENTRE LTD,Healthcare
FREEDOM CIRCLE LIMITED,Finance
FREEDOM FOSTERING LIMITED,Healthcare
FREEDOM HEALTHNET LIMITED,Finance
FREEDOM SUPPORT LTD,Healthcare
FREEDOM SUPPORT SOLUTIONS LTD,Healthcare
FREEDOMPAY WORLD EUROPE LIMITED,Technology
FREEMARKETFX LIMITED,Technology
FREETIME CARE SERVICES LIMITED,Healthcare
FREETRADE LIMITED,Technology
FREIGHT INVESTOR SERVICES LIMITED,Finance
FREMAN COLLEGE,Education
FRESH DENTAL HEALTH CARE LIMITED,Healthcare
FRESH GRAVITY SOFTWARE SERVICES UK LTD,Technology
FRESHA.COM SV LTD,Technology
FRESHGEO LTD,Technology
FRESHWAVE SERVICES LIMITED,Technology
FRESTON ANALYTICS UK LIMITED,Technology
FREUDENBERG FLOW TECHNOLOGIES LIMITED,Engineering
FREYDA LIMITED,Technology
FRGN LTD,Technology
FRIARS LODGE LIMITED,Healthcare
FRIARS STREET DENTAL LTD,Healthcare
FRICTIONLESS TECHNOLOGIES LTD,Technology
FRIEND MTS LIMITED,Technology
FRIEND4FRIEND LIMITED,Healthcare
FRIENDS CARE LIMITED,Healthcare
FRIENDS DENTAL LTD,Healthcare
FRIENDS TOGETHER CARE HOMES LTD,Healthcare
FRIXOS METAL WORKS LIMITED,Engineering
FRNT FINANCIAL UK LIMITED,Finance
FROG CAPITAL LIMITED,Finance
FROM BUMP TO BABY LTD,Healthcare
FROME CARE VILLAGE LIMITED,Healthcare
FRONT EUROPE LIMITED,Engineering
FRONT SECURITY LTD,Finance
FRONTDOOR LABS LTD,Technology
FRONTIER AI LTD,Technology
FRONTIER DEVELOPMENTS PLC,Technology
FRONTIER GLOBAL CONSULTANTS LTD,Finance
FRONTIER LEARNING TRUST,Education
FRONTIER SCIENCE (SCOTLAND) LIMITED,Healthcare
FRONTIER STRATEGY UK LIMITED,Technology
FRONTIERS MEDIA LIMITED,Technology
FRONTIERS MEETINGS LIMITED,Technology
FRONTISTI SERVICES LIMITED,Healthcare
FRONTLINE AIDS,Healthcare
FRONTLINE INTEGRITY LTD,Engineering
FRONTLINE NEWS & MEDIA LIMITED,Technology
FRONTLINE TECHNOLOGY SERVICES UK LIMITED,Technology
FROUDE LIMITED,Engineering
FROXY LABS LTD,Technology
FRUITFUL SOFTWARE LIMITED,Technology
FS GROUP ADVISORY LIMITED,Finance
FS TRAINING AND CONSULTANCY LIMITED,Technology
FSP CONSULTING SERVICES LIMITED,Technology
FT CHILDCARE LTD,Healthcare
FTCROWD LIMITED,Technology
FTT (UK) LIMITED,Engineering
"FTV MANAGEMENT INTERNATIONAL, LTD",Finance
FU3E LIMITED,Technology
FUANN LTD,Education
FUEL SERVICE LTD,Technology
FUEL STORAGE SOLUTIONS LIMITED,Engineering
FUELCO LIMITED,Engineering
FUELCOMM UK LIMITED,Technology
FUJITEC UK LIMITED,Engineering
FUJITSU SERVICES LIMITED,Technology
FULCRUM CAPITAL (EUROPE) LTD,Finance
FULCRUM GLOBAL TECHNOLOGIES UK LIMITED,Technology
FULCRUM LABS UK LIMITED,Technology
FULL CARE SOLUTIONS LIMITED,Healthcare
FULL CIRCLE CAPITAL SERVICES LIMITED,Finance
FULL CIRCLE LIVING LTD,Education
FULL CIRCLE SUPPORT UK LTD,Healthcare
FULL CIRCLE WIND SERVICES UK LTD,Engineering
FULL SCALE DYNAMICS LIMITED,Engineering
FULLSTORY INTERNATIONAL UK LIMITED,Technology
FULSTON MANOR ACADEMIES TRUST,Education
FUMB GAMES LIMITED,Technology
FUN FIESTA LIMITED,Technology
FUNCELL GAMES UK LTD,Technology
FUNDAPPS LTD,Technology
FUNDING CIRCLE LTD,Finance
FUNDINGXCHANGE LIMITED,Technology
FUNDONION LIMITED,Finance
FUNKIDS NURSERIES LTD,Education
FURIOUS FOX LIMITED,Technology
FURNESS PARTNERSHIP LIMITED,Engineering
FURNISH'D LTD,Technology
FURZE PLATT SENIOR SCHOOL,Education
FURZEHAM LODGE LTD,Healthcare
FUSCO BROWNE HEALTHCARE LTD,Healthcare
FUSE DIAGNOSTICS LIMITED,Engineering
FUSE GAMES LIMITED,Technology
FUSEBOX GAMES LTD,Technology
FUSION ANTIBODIES PLC,Engineering
FUSION APPS CONSULTING LIMITED,Technology
FUSION CONSULTING LTD,Technology
FUSION DNA LIMITED,Engineering
FUSION ECARE SOLUTIONS LTD,Technology
FUSION FTTX LIMITED,Technology
FUSION HEALTH TECHNOLOGY SOLUTIONS UK LTD,Technology
FUSION PRACTICES LTD,Technology
FUSION RADIOLOGY LIMITED,Healthcare
FUTEM LTD,Technology
FUTRAHEAT LIMITED,Technology
FUTTURE HOMES LIMITED,Finance
FUTURE AGENCY CONSULTING LTD,Technology
FUTURE ANTHEM LTD,Technology
FUTURE ARCHITECTURAL SOLUTIONS LTD,Engineering
FUTURE ASPIRATIONS CARE GROUP LTD,Healthcare
FUTURE BIOGAS LIMITED,Engineering
FUTURE CARE LIMITED,Healthcare
FUTURE COMMUNICATIONS COMPANY UK PVT LTD,Technology
FUTURE CONNECTIONS UK SOLUTIONS LIMITED,Technology
FUTURE DIRECTIONS CIC,Healthcare
FUTURE FORESIGHT CENTRE LIMITED,Technology
FUTURE FRONTIERS LTD,Education
FUTURE IN OVERSEAS LTD,Technology
FUTURE INTELLIGENCE TECHNOLOGY SOLUTIONS LIMITED,Technology
FUTURE INTERNATIONAL EDUCATION UK LTD,Education
FUTURE IT CONSULTANCY LIMITED,Technology
FUTURE LONDON ACADEMY LIMITED,Education
FUTURE OF FINANCE CONSULTING LIMITED,Technology
FUTURE OF WORK LTD,Technology
FUTURE PLANET CAPITAL (VENTURES) LIMITED,Finance
FUTURE PLATFORMS LIMITED,Technology
FUTURE PLC,Technology
FUTURE SCHOOLS TRUST,Education
FUTURE SUCCESS ADULT SUPPORTED LIVING LIMITED,Healthcare
FUTURE TECH INFO LIMITED,Technology
FUTURE TECH LABS LIMITED,Technology
FUTURE TECHNOLOGY GROUP LTD,Technology
FUTURE TIDE EDUCATION LIMITED,Education
FUTURE VISION (BD) LIMITED,Education
FUTURE WORK FORCE LIMITED,Technology
FUTURE WORKSHOPS LIMITED,Technology
FUTUREFARM LIMITED,Technology
FUTURELEARN LIMITED,Education
FUTUREON LIMITED,Technology
FUTUREPROOFAI LTD,Technology
FUTURESCOOL LTD,Education
FUTURESERV LTD,Engineering
FUTURESOFT LIMITED,Technology
FUTURETECH CONSULTANCY SOLUTIONS LTD,Technology
FUTURISTIC TECHNOLOGIES LTD,Technology
FUTURISTIC TECHNOLOGY LIMITED,Technology
FUUSE LIMITED,Technology
FUZEY LTD,Technology
FWP CONSULTANCY SERVICES LIMITED,Healthcare
FX CARTEL LTD,Education
FX DIGITAL LTD,Technology
FYLDE COAST ACADEMY TRUST,Education
FYXER AI LIMITED,Technology
FYZ ENGINEERING LTD,Engineering
FZ SOFTWARE SOLUTIONS LIMITED,Technology
G D PARTNERSHIP LIMITED,Engineering
G DOC LTD,Healthcare
G K SATORI LTD,Technology
G LNK INNOVATIONS UK LTD,Technology
G&C HEALTHCARE LTD,Healthcare
G.& S.VALVES LIMITED,Engineering
G.Y.H LTD,Technology
G10X PVT LIMITED,Technology
G11 FINANCIAL MANAGEMENT LIMITED,Finance
G2 CORROSION PROTECTION LIMITED,Engineering
G2 CROWD LTD,Technology
G2W CARE LTD,Healthcare
G3 BUSINESS SOLUTIONS LTD,Technology
G3 GOOD GOVERNANCE GROUP LIMITED,Technology
G7 BUSINESS SOLUTIONS LIMITED,Technology
GAAP CONSULTANCY LTD,Technology
GABLE COURT NH LTD,Healthcare
GABRIEL'S ANGELS LIMITED,Healthcare
GADDIPATI SERVICES LTD,Healthcare
GADGET GEEKZ LIMITED,Technology
GADGETS SOLUTION (ROMFORD) LTD,Engineering
GADGETS SOLUTION BRENTWOOD LTD,Engineering
GAE AGENCY LIMITED,Technology
GAEA AI LIMITED,Technology
GAHARWAR LIMITED,Technology
GAIA FERTILITY LIMITED,Technology
GAIN CARE LIMITED,Healthcare
GAIN IT ALL LIMITED,Technology
GAIN.PRO LTD,Technology
GAINFORD CARE HOMES LIMITED,Healthcare
GAINSIGHT UK LTD,Technology
GAK ENTERPRISES LTD,Technology
GALATEA ASSOCIATES LTD,Technology
GALAXI CONSULTING GROUP LTD,Technology
GALAXY DIGITAL UK LIMITED,Finance
GALAXY SKILLS AND TRAINING LTD,Education
GALIANT HEALTH CARE LIMITED,Healthcare
"GALL ZEIDLER CONSULTANTS - UK, LTD",Engineering
GALLAGHER BENEFIT SERVICES MANAGEMENT COMPANY LIMITED,Finance
GALVINUS LTD,Technology
GAM (U.K.) LIMITED,Finance
GAMA HEALTHCARE LTD,Healthcare
GAMBAN LTD,Technology
GAMBLEAWARE,Healthcare
GAMCO ASSET MANAGEMENT (UK) LIMITED,Finance
GAME AND WILDLIFE CONSERVATION TRUST,Engineering
GAME SMITHING LIMITED,Technology
GAMEROO LTD,Technology
GAMESYS LIMITED,Technology
GAMEUP ONLINE LTD,Technology
GAMING FACTORY LIMITED,Technology
GAMLEN TABLETING LIMITED,Engineering
GAMMA TELECOM HOLDINGS LIMITED,Technology
GAMUDA LAND UK LIMITED,Finance
GAN INTEGRITY SOLUTIONS LTD.,Technology
GAN YELADIM LIMITED,Healthcare
GANAP IT LTD,Technology
GANTRY RAILING LIMITED,Engineering
GARD (UK) LIMITED,Finance
GARDEN HOUSE HOSPICE CARE,Healthcare
GARDENER SCHOOLS GROUP LIMITED,Education
GARDENIA TECHNOLOGIES LTD,Technology
GARETH WARD CHIROPRACTIC LIMITED,Healthcare
GARFIELD.LAW LIMITED,Technology
GARLAND LODGE LTD,Healthcare
GARNET PUBLISHING LIMITED,Technology
GARRETT HOUSE RESIDENTIAL HOME LIMITED,Healthcare
GARRISON TECHNOLOGY LTD,Technology
GAS & ELEC LTD,Engineering
GASMATE LTD,Engineering
GASTANK LIMITED,Healthcare
GASTLY LTD,Technology
GASWORLD.COM LIMITED,Technology
GATE TECHNOLOGY SYSTEMS LTD,Engineering
GATEHOUSE BANK PLC,Finance
GATEWAY DIGITAL UK LIMITED,Technology
GATEWAY EDUCATION UK LIMITED,Education
GATEWAY GLOBAL COMMUNICATIONS LIMITED,Technology
GATEWAY IT SOLUTIONS LIMITED,Technology
GATEWAY MULTI ACADEMY TRUST,Education
GATEWAY PSYCHOLOGY LIMITED,Healthcare
GATTA IT SERVICES LTD,Technology
GATTACA PLC,Finance
GATWICK AUDIOLOGY LTD,Healthcare
GAURYA LTD,Engineering
GAUVIN TECH CONSULTANCY LTD,Technology
GAY TIMES LIMITED,Technology
GAYWAYS LTD,Engineering
GAZI CONSULTANCY & CO LIMITED,Technology
GB BANK LIMITED,Finance
GB GROUP PLC,Technology
GB HEALTHCARE GROUP LTD,Healthcare
GB HEALTHCARE HULL LTD,Healthcare
GB SHOPFRONTS & ROOFING LTD,Engineering
GB TUNBRIDGE WELLS,Education
GBM SECURITIES LIMITED,Finance
GBTEC SOFTWARE UK LTD,Technology
GBXP LTD,Finance
GCC EXCHANGE UK LIMITED,Finance
GCH (ASCOT) LIMITED,Healthcare
GCH OPERATIONS HOLDINGS LTD,Finance
GCI NETWORK SOLUTIONS LIMITED,Technology
GCL BUILDING TECHNOLOGIES LTD,Technology
GCP CONSORTIUM LTD,Finance
GCS PRIVATE LIMITED,Technology
GD UK HEALTHCARE LIMITED,Technology
GDG TECHNOLOGIES LTD,Technology
GDK SOFTWARE LTD,Technology
GEARED CONSULTING PARTNERSHIPS LTD,Engineering
GEARSET LIMITED,Technology
GEBHARDT INTRALOGISTICS UK LIMITED,Engineering
GEE EXPANDLY LTD,Technology
GEEKPHONE LTD,Technology
GEEKPLUS UK LIMITED,Engineering
GEEKS LTD,Technology
GEIST PILATES LTD,Education
GELDENHUYS LIMITED,Technology
GELLA CARE SERVICES LTD,Healthcare
GELWAR LIMITED,Finance
GEM DATA GROUP UK LIMITED,Technology
GEMBA FINANCE LTD,Technology
GEMCO UK LIMITED,Engineering
GEMSSTOCK LIMITED,Finance
GEMSTONE IT SERVICES LTD,Technology
GEN AI ML LTD,Technology
GEN. IMPACT LTD,Technology
GENAVEST CAPITAL LIMITED,Finance
GENCARE LIMITED,Healthcare
GENCO GLOBAL LTD,Engineering
GENE WEAVER LTD,Engineering
GENEDRIVE DIAGNOSTICS LTD,Engineering
GENERAL CATALYST GROUP MANAGEMENT UK LIMITED,Finance
GENERAL MEDICARE LTD,Healthcare
GENERALMEDICALSERVICES LTD,Healthcare
GENERATION 10 LIMITED,Technology
GENERATION 3 LIMITED,Healthcare
GENERATIVE FINANCE TECHNOLOGIES LIMITED,Technology
GENERATIVE VISION LTD,Engineering
GENERIS ENTERPRISE TECHNOLOGY LIMITED,Technology
GENESE SOLUTION LIMITED,Technology
GENESIS COMMUNICATIONS LIMITED,Technology
GENESIS TECHNOLOGY SERVICES LIMITED,Technology
GENESYS TELECOMMUNICATIONS LABORATORIES - EUROPE LIMITED,Technology
GENEVA FINANCIAL TRADING (UK) LIMITED,Finance
GENFLOW LTD,Technology
GENHAVEN PROPERTY TRADING LTD,Technology
GENIE AI LIMITED,Technology
GENIE TECHNOLOGY LIMITED,Technology
GENIEX LTD,Technology
GENINCODE PLC,Engineering
GENIUS SOFTWARE SOLUTIONS LIMITED,Technology
GENIX HEALTHCARE LTD,Healthcare
GENMED.ME LIMITED,Finance
GENOME RESEARCH LIMITED,Engineering
GENOMIC LABS LTD,Engineering
GENOMICS ENGLAND LIMITED,Engineering
GENOMIS LIMITED,Engineering
GENSCRIPT BIOTECH (UK) LIMITED,Engineering
GENSMILE DENTAL CARE LIMITED,Healthcare
GENSYN LIMITED,Technology
GENTLE DENTAL PRACTICES LIMITED,Healthcare
GENTLE HANDS HEALTHCARE LIMITED,Healthcare
GENUIT GROUP PLC,Finance
GENXSOLUTIONS LTD,Technology
GEOENERGY DESIGN LTD,Engineering
GEOINFOSCAPE LIMITED,Technology
GEORGE POTTER HOUSE LTD,Healthcare
GEORGE RONALD LIMITED,Healthcare
GEORGE SEXTON ASSOCIATES UK LIMITED,Engineering
GEORGE WATSON'S COLLEGE,Education
GEORGETOWN UNIVERSITY (USA) UK INITIATIVES ORGANISATION,Education
GEOSIGHT LTD,Engineering
GEOSURGE LIMITED,Technology
GEOSYNTEC CONSULTANTS LTD,Engineering
GERAINT HOUSE LIMITED,Healthcare
GERALD UK LIMITED,Finance
GERENT TECHNOLOGIES LIMITED,Technology
GERMAN SCHOOL ASSOCIATION LIMITED,Education
GERMANE CONSULTANCY LIMITED,Technology
GESTAMP TALLENT LIMITED,Engineering
GET ADAPT LTD,Education
GET BORDERLESS LTD,Technology
GET COMPARE LIMITED,Finance
GET IDEAL LIMITED,Technology
GET INFLOW LTD.,Technology
GET LEAST LTD,Technology
GET LICENSED LIMITED,Technology
GET ON SOLUTIONS LIMITED,Technology
GETBUSY UK LIMITED,Technology
GETRONICS SERVICES UK LIMITED,Technology
GETS ALLIANCE LTD,Technology
GETTA LIFE LTD,Healthcare
GEV WIND POWER LIMITED,Engineering
GEXT LIMITED,Engineering
GEZE UK LIMITED,Engineering
GF ENGINEERING GROUP UK LTD,Engineering
GF FINANCIAL MARKETS (UK) LIMITED,Finance
GFS GLOBAL GROUP LIMITED,Finance
GFT FINANCIAL LIMITED,Technology
GGP CONSULTING LIMITED,Technology
GHC HEALTHCARE LTD,Healthcare
GHENOVA UK LTD,Engineering
GHF GLOBAL LTD,Technology
GHOUS LTD,Technology
GI OIL & GAS LIMITED,Technology
GIA SURVEYORS LTD,Engineering
GIACOM (CLOUD) LIMITED,Technology
GIAN HEALTHCARE LTD,Healthcare
GIANT PRECISION LIMITED,Technology
GIDEON SUPPORTED HOUSING LIMITED,Healthcare
GIELLY GREEN LIMITED,Engineering
GIFTY'S CHILDCARE LIMITED,Healthcare
GIFTYPE TECH LIMITED,Technology
GIGA CUBE SOLUTIONS LIMITED,Technology
GIGA OPS LTD,Technology
GIGACLEAR LIMITED,Technology
GIGBRIDGE LTD,Technology
GIHE UK LIMITED,Education
GILBRALTAR TECHNOLOGIES LIMITED,Technology
GILBROT HEALTHCARE LTD,Healthcare
GILDER HIRE LIMITED,Engineering
GILES PUBLICATION SERVICES LTD,Technology
GILL INNOVATOR LTD,Technology
GILL INSURANCE & FINANCE CONSULTANTS LTD,Finance
GILLAROO LODGE NURSING HOME LIMITED,Healthcare
GILLINGHAM CLINIC LTD,Healthcare
GILLZ CARE LTD,Healthcare
GILTBROOK HEALTH CARE LIMITED,Healthcare
GIMS CARE SOLUTION LIMITED,Healthcare
GINGER BOOST IT LTD,Technology
GINILAB LTD,Technology
GIOS TECHNOLOGY LIMITED,Technology
GIRAFFE360 LIMITED,Technology
GIRASSOL COMMUNITY CARE LTD,Healthcare
GIRIK CONSULTANCY LTD,Technology
GIRL EFFECT,Education
GIRLING & COMPANY SOFTWARE LIMITED,Technology
GIRLS' LEARNING TRUST,Education
GITLIFE BIOTECH LTD,Engineering
GIVEPANEL LTD,Technology
GIVING HOPE CARE LTD,Healthcare
GIVING WHAT WE CAN UK,Education
GK TUITION LIMITED,Education
GK WEALTH LTD,Finance
GKIM DIGITAL LTD,Technology
GL & M UK LIMITED,Finance
GLACIER SMILES LIMITED,Healthcare
GLADSTONES CLINIC LIMITED,Healthcare
GLAIN HOUSE LTD,Healthcare
GLANCESTYLE CARE HOMES LIMITED,Healthcare
GLASGOW SPINAL CARE LTD,Healthcare
GLASS DOOR DESIGN TECH LTD,Technology
GLASSBOX DIGITAL UK LTD,Technology
GLASSBOXX LIMITED,Technology
GLASSDOOR GLOBAL LIMITED,Technology
GLAUBE CONSULTANCY LTD,Technology
GLAZITE LTD,Engineering
GLEAM HEALTHCARE LTD,Healthcare
GLEAMING SECURE SERVICES LTD,Technology
GLEAMLITE SERVICES LIMITED,Healthcare
GLEBEFIELD CARE LIMITED,Healthcare
GLEE CARE LTD,Healthcare
GLENANGELS CHILDCARE LIMITED,Healthcare
GLENAVON CARE LIMITED,Healthcare
GLENCROWN LIMITED,Healthcare
GLENCROWN TRAINING AND CONSULTING SERVICES LIMITED,Technology
GLENDALE COURT (TEIGNMOUTH) LIMITED,Healthcare
GLENDALE ENGINEERING (MILFIELD) LIMITED,Engineering
GLENDORA CARE LIMITED,Healthcare
GLENDOWER SCHOOL TRUST LIMITED,Education
GLENDUN NURSING HOME LIMITED,Healthcare
GLENGARIFF COMPANY LIMITED,Healthcare
GLENMACHAN TOWER LIMITED,Healthcare
GLENROTHES DENTAL HOUSE LTD,Healthcare
GLENROTHES PHONE REPAIR LIMITED,Engineering
GLENTHORNE CARE SERVICES LIMITED,Healthcare
GLENTRA CAPITAL UK LIMITED,Finance
GLENTZES TECH LIMITED,Technology
GLF SCHOOLS,Education
GLHR (UK) HOLDINGS LIMITED,Finance
GLIMMER (PVT) LIMITED,Healthcare
GLIMPSE ANALYTICS LTD,Technology
GLMX EUROPE LIMITED,Finance
GLO CURRENCY UK LIMITED,Finance
GLO-NETWORKS LIMITED,Technology
GLOAT UK LTD,Technology
GLOBACAP TECHNOLOGY LIMITED,Technology
GLOBAL ACCESS CARE LTD,Healthcare
GLOBAL ACTUARIAL SERVICES LIMITED,Finance
GLOBAL ADMISSION LIMITED,Education
GLOBAL ALLIANCE ACADEMY LIMITED,Technology
GLOBAL ASSOCIATE & BUSINESS CONSULTANT UK LTD,Technology
GLOBAL BANKING SCHOOL LIMITED,Education
GLOBAL BRAIN EUROPE LIMITED,Finance
GLOBAL CHANGE DATA LAB,Education
GLOBAL CLUBFOOT INITIATIVE,Healthcare
GLOBAL COMMERCE & INDUSTRY LTD,Engineering
GLOBAL CULTURE COMMUNICATION & DEVELOPMENT LTD,Technology
GLOBAL DESIGN CONSULTANTS LTD,Technology
GLOBAL DIGITAL EXPRESS LIMITED,Technology
GLOBAL DIGITAL SYSTEMS LIMITED,Engineering
GLOBAL DOORWAYS LIMITED,Education
GLOBAL DRIVING SCHOOL LTD,Education
GLOBAL EDUCARE SERVICES LTD,Education
GLOBAL EDUCATION EXPLORE LTD,Education
GLOBAL ENTERPRISE & COMPANY LTD,Finance
GLOBAL EXCHANGE CURRENCY EXCHANGE UNITED KINGDOM LIMITED,Finance
GLOBAL EXPAT PAY LIMITED,Technology
GLOBAL FINANCIAL INNOVATIONS LTD,Technology
GLOBAL FUND MEDIA LIMITED,Technology
GLOBAL GRADUATE CONSULTANTS LTD,Education
GLOBAL HEALTHCARE SOLUTIONS LIMITED,Healthcare
GLOBAL HOMECARE LTD,Healthcare
GLOBAL HR IMPLEMENTATION SERVICES LIMITED,Technology
GLOBAL IMAGING LTD,Healthcare
GLOBAL INKJET SYSTEMS LIMITED,Technology
GLOBAL INTERACTIVE MARKETING ON-LINE LIMITED,Technology
GLOBAL INVACOM LIMITED,Engineering
GLOBAL KIDNEY FOUNDATION,Healthcare
GLOBAL LEARNING EUROPE LTD,Technology
GLOBAL LIFELINES LIMITED,Healthcare
GLOBAL LINK CAREER LTD,Education
GLOBAL MARITIME ENGINEERING SERVICES LIMITED,Engineering
GLOBAL MEMORY LTD,Technology
GLOBAL MINDS LIMITED,Technology
GLOBAL NAVIGATION SYSTEM LTD,Technology
GLOBAL NORTH LONDON BUSINESS SCHOOL LIMITED,Education
GLOBAL PARAMETRICS LIMITED,Finance
GLOBAL PROSTATE SOLUTIONS LTD,Healthcare
GLOBAL PUBLISHING SOLUTIONS LTD,Technology
GLOBAL RELAY UK LIMITED,Technology
GLOBAL RESEARCH ALLIANCE FOR SUSTAINABLE FINANCE AND INVESTMENT,Engineering
GLOBAL RIGHT SOURCE LIMITED,Technology
GLOBAL RTS LTD,Healthcare
GLOBAL SATELLITE VU LTD,Technology
GLOBAL SCHOOL EXCHANGES LTD,Education
GLOBAL SCHOOL OF MANAGEMENT LTD,Education
GLOBAL SCHOOLS FORUM,Education
GLOBAL SHOP SOLUTIONS (UK) LIMITED,Technology
GLOBAL SKYLINE MAINTENANCE UK LTD,Engineering
GLOBAL STAR FINANCE LTD,Finance
GLOBAL TALENT CREATORS (GTC) LIMITED,Technology
GLOBAL TECH TEAM LTD,Technology
GLOBAL TECHNICAL TEAMS LIMITED,Technology
GLOBAL TECHNOLOGIES INTERNATIONAL LIMITED,Technology
GLOBAL TECHNOLOGY LTD,Technology
GLOBAL TELECOM NETWORKS LTD,Technology
GLOBAL TRAINING AND EDUCATION CONSULTANCY LTD,Education
GLOBAL UNI LADDER LTD,Education
GLOBAL VISION EDUCATION CONSULTING LTD,Education
GLOBAL WITNESS,Technology
GLOBAL X MANAGEMENT COMPANY (UK) LIMITED,Finance
GLOBALDATA PLC,Technology
GLOBALEDVANTAGE LTD,Technology
GLOBALGEM HOTELS LIMITED,Finance
GLOBALGIVING UK,Technology
GLOBALITY UK LIMITED,Technology
GLOBALIZEME UK LIMITED,Technology
GLOBALLOGIC (N.I) LIMITED,Technology
GLOBALPROJOB LTD,Technology
GLOBANT UK LIMITED,Technology
GLOBE EDUCATION SERVICES LTD,Education
GLOBE LEARNING PATHWAY LIMITED,Education
GLOBE PROPERTY SERVICES LIMITED,Finance
GLOBELEQ AFRICA LIMITED,Finance
GLOBEPAY LIMITED,Technology
GLOBESTOCK LIMITED,Engineering
GLOBMED LTD,Healthcare
GLOBOFORCE UK LIMITED,Technology
GLOR CONSULTANCY LTD,Healthcare
GLORIOUS LIMITED,Healthcare
GLORY GLOBAL SOLUTIONS (INTERNATIONAL) LIMITED,Engineering
GLORY HOMECARE LTD,Healthcare
GLORY HOUSE CARE SERVICES LTD,Healthcare
GLORYCROWN HEALTHCARE LTD.,Healthcare
GLOVALTH HEALTH TECH CARE LTD,Technology
GLOW-GOLD HEALTHCARE LTD.,Healthcare
GLOWMADE LTD,Technology
GLOWTECH SERVICES LTD,Technology
GLOWW HEALTHCARE LTD,Healthcare
GLP TRAINING LTD,Education
GLYCANAGE LTD,Engineering
GLYME VALLEY SERVICES LTD,Healthcare
GLYPHIC AI LIMITED,Technology
GMC STUDIES LTD,Education
GMEX INNOVATION LIMITED,Technology
GMG BROKERS LTD,Finance
GMK SOFTWARE SOLUTIONS LIMITED,Technology
GMO GLOBALSIGN LIMITED,Technology
GMR IT SOLUTIONS LIMITED,Technology
GMV NSL LIMITED,Technology
GNANESHWARI IT SOLUTIONS LIMITED,Technology
GND CARE LTD,Healthcare
GNG BUSINESS LTD,Technology
GNR CARE LIMITED,Healthcare
GNR IT SERVICES UK LTD,Technology
GNS ENERGY LTD,Engineering
GNSERVICES LIMITED,Technology
GO CARE LTD,Healthcare
GO DADDY EUROPE LIMITED,Technology
GO PLANS LTD,Engineering
GO UP LTD.,Technology
GOACO GROUP LTD,Technology
GOAHEAD CONSULTING LIMITED,Technology
GOAL7 LIMITED,Engineering
GOALTECH IT LTD,Technology
GOAUDITS LIMITED,Technology
GODAVARI CONSULTANCY SERVICES LIMITED,Technology
GODFREY BARNES CARE SL LTD,Healthcare
GOETZPARTNERS SECURITIES LIMITED,Finance
GOFAL CYMUNEDOL LTD,Healthcare
GOGOMADU CARE LIMITED,Healthcare
GOJI ADMINISTRATION SERVICES LIMITED,Finance
GOK-BORU LTD,Technology
GOLD CARE SERVICES LTD,Healthcare
GOLD CROSS CHILDREN'S HOME LTD,Healthcare
GOLD CROWN CARE SERVICES LIMITED,Healthcare
GOLD MOUNTAIN LABS LTD,Technology
GOLD STANDARD CARE LTD,Healthcare
GOLDBECK SOLAR LIMITED,Engineering
GOLDEN ATARA LTD,Healthcare
GOLDEN CARE GROUP LTD,Healthcare
GOLDEN DATA LIMITED,Technology
GOLDEN FUTURE CARE LTD,Healthcare
GOLDEN GLOBE ENERGY SERVICES LTD,Engineering
GOLDEN HEALTHCARE SOLUTIONS LIMITED,Healthcare
GOLDEN HOME CARE LIMITED,Healthcare
GOLDEN LIVING CARE SERVICES LTD,Healthcare
GOLDEN NEST CAREHOMES LIMITED,Healthcare
GOLDEN SQUARE HEALTHCARE LIMITED,Healthcare
GOLDENSPARKS LEARNING LIMITED,Education
GOLDENWAY PROJECTS LTD,Engineering
GOLDERS GREEN COLLEGE AND SCHOOL OF ENGLISH LIMITED,Education
GOLDMAN SACHS INTERNATIONAL,Finance
GOLDSMITH PERSONNEL LIMITED,Healthcare
GOLDTAKAS TECHNOLOGIES LIMITED,Technology
GOLDTECH CARE SERVICES LTD,Healthcare
GOLDTHORN LODGE LIMITED,Healthcare
GOLDTIME SYSTEMS LTD,Technology
GOLF GENIUS UK LIMITED,Technology
GOMETRO UK LIMITED,Technology
GONDAL QUALITY CARE LIMITED,Healthcare
GOOD BOOST WELLBEING LIMITED,Engineering
GOOD HEALTH CENTRE LIMITED,Healthcare
GOOD LAW SOFTWARE LTD,Technology
GOOD MACHINE LTD,Technology
GOOD METHODS UK LIMITED,Technology
GOOD NEWS NWK LTD,Healthcare
GOOD SHEPHERD CARE LIMITED,Healthcare
GOOD SHEPHERD DAY NURSERY LTD,Healthcare
GOOD WITH LIMITED,Technology
GOODBODY WELLNESS LIMITED,Healthcare
GOODFIRE AI UK LIMITED,Technology
GOODFIT LIMITED,Technology
GOODHEART PLUS LTD,Healthcare
GOODHUB PLATFORMS LIMITED,Technology
GOODLUCK CARE LIMITED,Technology
GOODMAN WOLFE CONSULTING LTD,Engineering
GOODNESS & MERCY HEALTHCARE LIMITED,Healthcare
GOODNOTES LIMITED,Technology
GOODOAKS HOMECARE LTD,Healthcare
GOODS & SERVICES TECHNOLOGY LIMITED,Technology
GOODSTONE LIVING LIMITED,Finance
GOODWILL HEALTHCARE SERVICES LIMITED,Healthcare
GOOINN LTD,Technology
GOPHR LIMITED,Technology
GORDIONS CAPITAL LTD,Finance
GORDON CARE SERVICES LIMITED,Healthcare
GORDON MURRAY TECHNOLOGIES LIMITED,Engineering
GORM ENERGY LIMITED,Engineering
GORMLEY ROBOTICS LTD,Engineering
GOSHEN SOCIAL CARE LTD,Healthcare
GOSPEL STANDARD BETHESDA FUND,Healthcare
GOSPODINOV HEALTH LTD,Healthcare
GOTO HEALTHCARE LIMITED,Healthcare
GOTO VENTURES LIMITED,Technology
GOTOBEAT LTD,Technology
GOWING LIFE LIMITED,Engineering
GOWRI CONSULTANTS LIMITED,Technology
GP BULLHOUND CORPORATE FINANCE LTD,Finance
GP4GPS AGENCY LTD,Healthcare
GPAD LONDON LTD,Engineering
GPM CARE SERVICES LIMITED,Healthcare
GQG PARTNERS (UK) LTD.,Finance
GR SONS LTD,Technology
GR4VY LIMITED,Technology
GRACE LIVE IN CARERS LTD,Healthcare
GRACE SPECIALIST HEALTHCARE LIMITED,Healthcare
GRACEAGE CARE LTD,Healthcare
GRACEFIELD HEALTH CARE LIMITED,Healthcare
GRACEFUL CARE LTD,Healthcare
GRACEFUL HEALTHCARE SERVICES LTD,Healthcare
GRACELAND SUPPORT LIMITED,Healthcare
GRACESHOPE LIMITED,Healthcare
GRACIOUS CARE (HOLDINGS) LIMITED,Healthcare
GRAD2TEACH LTD,Education
GRADESTONE LIMITED,Healthcare
GRADIENT LABS LIMITED,Technology
GRADIENT SPORTS EUROPE LIMITED,Technology
GRADUATE SCHOOL OF MANAGEMENT,Education
GRADUATEPLACE.COM LIMITED,Technology
GRAHAM CARE (YB) LIMITED,Healthcare
GRAHAM HOLMAN PHYSIOTHERAPY LIMITED,Healthcare
GRAIN ADVISERS UK LTD,Finance
GRAINGER PARK DENT LTD,Healthcare
GRAITEC LIMITED,Technology
GRAM GAMES LIMITED,Technology
GRAMMARTORIAL LIMITED,Education
GRAN CARE LIMITED,Healthcare
GRAN LAB LIMITED,Engineering
GRAND CARE LIMITED,Healthcare
GRAND CODES LIMITED,Technology
GRAND PARK HOMES LTD,Healthcare
GRANDE CARE LTD,Healthcare
GRANDVILLE LODGE LIMITED,Healthcare
GRANGE COTTAGE LIMITED,Healthcare
GRANGE LEA LTD,Healthcare
GRANGE RD LTD,Education
GRANGEWOOD EDUCATIONAL ASSOCIATION,Education
GRANGEWOOD HEALTHCARE LIMITED,Healthcare
GRANTA PUBLICATIONS,Technology
GRANTABRIDGE RESEARCH LIMITED,Technology
GRANTIFY LTD,Technology
GRAPEDATA LIMITED,Technology
GRAPHCORE LIMITED,Technology
GRAPHENE INNOVATIONS MANCHESTER LTD,Engineering
GRAPHICADATA LTD,Technology
GRAPHIT SOLUTIONS LTD,Technology
GRAPHMASTERS LIMITED,Technology
GRAPHY TECHNOLOGIES LTD,Technology
GRASP TECHNOLOGIES LIMITED,Technology
GRASPLET LIMITED,Technology
GRAVENEY TRUST,Education
GRAVITEE TOPCO LIMITED,Technology
GRAVITY CONSULTING ENGINEERS LTD,Engineering
GRAVITY LABS LONDON LTD,Technology
GRAVITY SKETCH LIMITED,Technology
GRAYMATICSUK LTD,Technology
GRAYSAR ASSOCIATES LIMITED,Healthcare
GRAYSHOTT GIGABIT LIMITED,Technology
GRDJ TECHNOLOGY LTD,Technology
GREAT ACADEMIES EDUCATION TRUST,Education
GREAT AMERICAN EUROPE LIMITED,Finance
GREAT APE GAMES LTD.,Technology
GREAT CARE SUPPORT LIMITED,Healthcare
GREAT EDUCATION LIMITED,Technology
GREAT MARLOW SCHOOL,Education
GREAT OAK TREE HEALTHCARE LTD,Healthcare
GREAT OAKS HOLDINGS LTD,Healthcare
GREAT PELANKS TECH LTD,Education
GREAT WHEATLEY LTD,Healthcare
GREATER HEIGHTS HEALTHCARE LTD,Healthcare
GREATER HORIZONS LIMITED,Healthcare
GREATER MANCHESTER ACADEMIES TRUST,Education
GREATER MANCHESTER CHIROPRACTIC CLINICS LTD,Healthcare
GREAVES 3D ENGINEERING LIMITED,Engineering
GREEN 13 SOLUTIONS LIMITED,Technology
GREEN ARROW CARE PROVIDERS LIMITED,Healthcare
GREEN CARE CONTRACTS LIMITED,Healthcare
GREEN CUSTARD LTD,Technology
GREEN EARTH BUSINESS SOLUTION UK LTD,Engineering
GREEN GENERATION SOLUTIONS UK LIMITED,Engineering
GREEN GIRAFFE (GGEB) UK LIMITED,Finance
GREEN HARVEST CAPITAL CONSULTING LTD,Education
GREEN ISLE RESIDENTIAL HOME LIMITED,Healthcare
GREEN LANE DENTAL CARE LIMITED,Healthcare
GREEN LIVING GLOBAL LTD,Finance
GREEN OAKS CARE LIMITED,Healthcare
GREEN OLIVE CARE LTD,Healthcare
GREEN PALM MARINE CONSULTANCY LTD,Engineering
GREEN PASTURES CARE LIMITED,Healthcare
GREEN PLATE LIMITED,Technology
GREEN SOFT TECHNOLOGIES LTD,Technology
GREEN STREET ADVISORS (UK) LIMITED,Finance
GREEN TREE LIMITED,Engineering
GREEN TREE NURSERY LTD,Healthcare
GREEN VALLEY CARE LIMITED,Healthcare
GREENDENT LIMITED,Healthcare
GREENE CARE HOMES LTD,Healthcare
GREENENCO LIMITED,Engineering
GREENFIELD SCHOOL,Education
GREENHILL PARK CARE LTD,Healthcare
GREENHOUSE OS LTD,Technology
GREENJETS LIMITED,Engineering
GREENLEIGH CARE HOME LIMITED,Healthcare
GREENLIGHT CARE SOLUTIONS LIMITED,Healthcare
GREENLIGHT RE MARKETING (UK) LIMITED,Finance
GREENMANTLE CARE HOME LIMITED,Healthcare
GREENPIXIE LTD,Technology
GREENPOINT PARTNERS UK LTD.,Finance
GREENRICH CONSULTING LTD,Technology
GREENSLEEVES RESIDENTIAL CARE HOME LIMITED,Healthcare
GREENSTAR TECHNOLOGY LIMITED,Technology
GREENSWAN CONSULTANTS LIMITED,Healthcare
GREENTREE (SW) LIMITED,Healthcare
GREENTREND LIMITED,Technology
GREENWARE TECHNOLOGIES UK LTD,Technology
GREENWAYS LIVE-IN CARE LTD,Healthcare
GREENWICH & BEXLEY COMMUNITY CARE LIMITED,Healthcare
GREENWICH MENCAP,Education
GREENWOOD ACADEMIES TRUST,Education
GREENWORKX LTD,Technology
GREG KRAW-TRANS LTD,Engineering
GREGORY PENNINGTON LIMITED,Finance
GREIG + STEPHENSON LIMITED,Engineering
GRENKE LEASING LIMITED,Finance
GRESHAM HOUSE LIMITED,Finance
GRESHAM TECHNOLOGIES (SOLUTIONS) LIMITED,Technology
GRESHAM'S SCHOOL,Education
GREYINSIGHTS LTD,Healthcare
GREYKITE INVESTMENT ADVISER LIMITED,Finance
GREYMATTERS TECHNOLOGIES LTD,Engineering
GREYSTONES NURSING HOME LTD,Healthcare
GRF SERVICES LIMITED,Finance
GRID DYNAMICS UK LTD,Technology
GRIDIMP LTD,Engineering
GRIDLINES GROUP LTD,Finance
GRIFFIN & SAGE LIMITED,Technology
GRIFFIN BANK LTD,Finance
GRIFFIN CARE HOMES LIMITED,Healthcare
GRIFFIN MARKETS SERVICES LIMITED,Finance
GRIMSHAW SERVICES LIMITED,Engineering
GRIND HOLDINGS LTD,Finance
GRIP TECHNOLOGIES LIMITED,Technology
GRIPABLE LIMITED,Healthcare
GRIPPED LTD,Technology
GRISSAN ENGINEERING & TECHNICAL SERVICES LIMITED,Engineering
GRIT DIGITAL LTD,Technology
GRO CAPITAL INTERNATIONAL LIMITED,Finance
GROM VENTURES LIMITED,Healthcare
GROQ UK LIMITED,Technology
GROSVENOR CARE LIMITED,Healthcare
GROSVENOR GARDENS HOLDINGS LIMITED,Healthcare
GROUBOOK LIMITED,Technology
GROUND CONTROL TECHNOLOGIES UK LTD,Technology
GROUND TRUTH INTELLIGENCE LIMITED,Technology
GROUND TRUTH LABS LTD,Engineering
GROUNDED RESOURCE LIMITED,Technology
GROUNDING PRACTICES LTD,Technology
GROUNDSURE LIMITED,Technology
GROUNDWORK LONDON,Healthcare
GROUP RHODES LIMITED,Engineering
GROVE CARE LIMITED,Healthcare
GROVE NANOMATERIALS LIMITED,Engineering
GROVE STREET PHARMACY LIMITED,Healthcare
GROVE SURGERY LTD,Healthcare
GROVELEA LIMITED,Technology
GROVEWELL ESTATES LIMITED,Healthcare
GROWTH ACADEMY TRUST LTD,Education
GROWTH ART LIMITED,Technology
GROWTH GETTERS LTD,Education
GROWTH TECHNOLOGIES LIMITED,Technology
GROWTHCART LIMITED,Technology
GROWUP GROUP LIMITED,Finance
GROWVAL INTERNATIONAL LIMITED,Finance
GRUB24UK LIMITED,Technology
GRUNDFOS PUMPS LIMITED,Engineering
GRUNT SOFTWARE LTD,Technology
GRUPO LIMITED,Technology
GRWTH LBS LTD,Technology
GRYPP CORP LIMITED,Technology
GS CLINIC LTD,Healthcare
GS SOCIAL CARE SOLUTIONS LTD,Healthcare
GSA CAPITAL SERVICES LIMITED,Finance
GSB CONSULTING LTD,Technology
GSB GLOBAL EXPRESS (UK) LTD,Finance
GSC TECHNOLOGIES LIMITED,Technology
GSM EXPERTS LIMITED,Engineering
GSOMEGA IT SOLUTIONS LIMITED,Technology
GSPV LIMITED,Technology
GSR HOLDINGS LIMITED,Finance
GSR RESOURCES UK LIMITED,Technology
GSS HEALTHCARE LTD,Healthcare
GSS UK SERVICES LIMITED,Technology
GT CARE (WAKEFIELD) LTD,Healthcare
GT3 ARCHITECTS LIMITED,Engineering
GTC BUSINESS SERVICES LIMITED,Technology
GTC UK REAL ESTATE INVESTMENT LTD,Finance
GTI FUTURES LIMITED,Technology
GTN EUROPE FINANCIAL SERVICES LIMITED,Finance
GTN MARKET DATA SERVICES LTD,Technology
GTS SECURITIES EUROPE LTD,Finance
GU RESOURCE LIMITED,Technology
GUARANTY TRUST BANK (UK) LIMITED,Finance
GUARDCAP ASSET MANAGEMENT LIMITED,Finance
GUARDIAN ALUMINIUM LIMITED,Engineering
GUARDIAN HEALTH CARE PVT LTD,Healthcare
GUARDIAN LIVE-IN CARE LIMITED,Healthcare
GUARDIAN METAL RESOURCES PLC,Finance
GUARDIAN PROFESSIONAL CORPORATE SERVICES LTD,Technology
GUARDIAN SUPPORTED LIVING LIMITED,Healthcare
GUARDTECH CLEANROOMS LTD,Engineering
GUESTREVU LIMITED,Technology
GUESTY UK LIMITED,Technology
GUGGENHEIM INVESTMENT ADVISORS (EUROPE) LIMITED,Finance
GUGGENHEIM SECURITIES INTERNATIONAL LTD,Finance
GUHA INFOTECH LTD,Technology
GUIDANCE TECHNOLOGIES LIMITED,Technology
GUIDEWIRE SOFTWARE (UK) LIMITED,Technology
GUILD CARE,Healthcare
GUILD LIVING LIMITED,Finance
GUILD OF PROFESSIONAL BEAUTY THERAPISTS LIMITED,Technology
GUILDHAWK LIMITED,Technology
GUINNESS WORLD RECORDS LIMITED,Technology
GUJJULA CONSULTING LIMITED,Technology
GUL INSURANCE SOLUTIONS LTD,Finance
GULERMAK RENEWABLES LTD,Finance
GULF TALENT (UK) LTD,Technology
GUMPO LIMITED,Technology
GUNJON EDUCATION (INT) LIMITED,Education
GUNN-KARDEC LIMITED,Technology
GURU DATTA LIMITED,Technology
GURU SYSTEMS LIMITED,Engineering
GUS SERVICES UK LIMITED,Education
GUSTO GEN LTD,Engineering
GUTU MIRROR LIMITED,Healthcare
GUY BUTLER LIMITED,Finance
GUY'S AND ST THOMAS' FOUNDATION,Healthcare
GUYATT HOUSE CARE LTD,Healthcare
GVC LTD,Technology
GVI TRAVEL LIMITED,Education
GVINFO LTD,Technology
GVR SOFTECH LTD,Technology
GW CONSULTING ENGINEERS LTD,Engineering
GWENDOLEN HOUSE NURSERY SCHOOL LIMITED,Education
GWYDDFOR RESIDENTIAL LIMITED,Healthcare
GYROGEAR LIMITED,Engineering
GYROSCOPE THERAPEUTICS LIMITED,Engineering
H & H DOORS AND WINDOWS LIMITED,Engineering
H & J WEB SOLUTIONS LTD,Technology
H & L CARE LIMITED,Healthcare
H AND H GLOBAL EDUCATION LIMITED,Education
H BEG LIMITED,Healthcare
H E DIRECT LTD,Education
H J ADU & SONS LTD,Healthcare
H J JENNINGS LTD,Engineering
H PLUS CARE LTD,Healthcare
H&E ENGINEERING LIMITED,Engineering
H&H CARE SERVICES LIMITED,Healthcare
H&K EQUIPMENT LIMITED,Engineering
H&P FACILITIES LTD,Finance
H&S DESIGN SOLUTIONS LTD,Engineering
H-CUBE ENGINEERING LTD,Engineering
H. DAYS HOLDINGS LIMITED,Education
H.W. WOOD LIMITED,Finance
H1 HEALTHCARE SOLUTIONS LTD,Healthcare
H1 LIFE SCIENCES LIMITED,Technology
H2A ONLINE LTD,Finance
HABITAT LEARN LIMITED,Technology
HACHETTE PARTWORKS LIMITED,Technology
HACHETTE UK (HOLDINGS) LIMITED,Technology
HACK PARTNERS LIMITED,Technology
HACKAJOB LTD,Technology
HACKER ACADEMY LTD,Technology
HACKERRANK UK LIMITED,Technology
HACKNEY CHIROPRACTIC LIMITED,Healthcare
HACKNEY DENTAL PRACTICE LTD,Healthcare
HADDON COURT LIMITED,Healthcare
HADEAN SUPERCOMPUTING LTD,Technology
HADFIELD CAWKWELL DAVIDSON LIMITED,Engineering
HADI TECHNICAL LTD,Engineering
HADLEY CARE LIMITED,Healthcare
HADRIAN HEALTHCARE LIMITED,Finance
HADRON INTERNATIONAL LTD,Technology
HADSUP LIMITED,Technology
HAEFELE SOFTWARE LIMITED,Technology
HAFI COMPANY LIMITED,Healthcare
HAFIZ MUSTAFA 1864 LONDON LTD,Finance
HAFLO LTD,Finance
HAFOD Y GREEN CARE LTD,Healthcare
HAGERTY INTERNATIONAL LIMITED,Finance
HAHN AUTOMATION LTD,Engineering
HAI ROBOTICS U.K. LIMITED,Engineering
HAICHENG BUSINESS LTD,Education
HAIILO LIMITED,Technology
HAIPER LIMITED,Engineering
HAIR SCIENCE UNITED KINGDOM LIMITED,Healthcare
HAIRCUT EXPRESS LTD,Healthcare
HAIRGROWTHCENTRESURGERY LIMITED,Healthcare
HAIRGROWTHCENTRESURREY LIMITED,Healthcare
HAL LEONARD EUROPE LIMITED,Technology
HALA MEDICAL SERVICES LIMITED,Healthcare
HALCYON LONDON INTERNATIONAL SCHOOL,Education
HALCYON MEDISPA & WELLNESS CLINIC LTD,Healthcare
HALDEN HEIGHTS LIMITED,Healthcare
HALDEX BRAKE PRODUCTS LIMITED,Engineering
HALE ARCHITECTURE LIMITED,Engineering
HALE HARMONY OUTREACH SERVICES LTD,Healthcare
HALEON UK SERVICES LIMITED,Finance
HALES GROUP LIMITED,Healthcare
HALIAN LIMITED,Technology
HALIFAX FAN LIMITED,Engineering
HALIFAX SHEET METAL & VENTILATION LIMITED,Engineering
HALLATON MANOR LIMITED,Healthcare
HALLEYIN SOFTWARE CONSULTANCY LTD,Technology
HALLIDAY MEECHAM ARCHITECTS LIMITED,Engineering
HALLMARK CARDS PLC,Technology
HALLMARK HEALTHCARE LIMITED,Healthcare
HALO SERVICE SOLUTIONS LTD,Technology
HALOW PROJECT,Education
HALSA HOLDINGS LIMITED,Healthcare
HALTON CONTAINER SERVICES LIMITED,Engineering
HAM-LET CFS LTD,Engineering
HAMBRAND TECHNOLOGY LIMITED,Technology
HAMBROOK CARE LIMITED,Healthcare
HAMD HOUSE SCHOOL LTD,Education
HAMILL HOMECARE LIMITED,Healthcare
HAMILLROAD SOFTWARE LIMITED,Technology
HAMILTON ACADEMY,Education
HAMILTON ASSOCIATES (GB) LIMITED,Technology
HAMILTON HCP LTD,Healthcare
HAMILTON LANE (UK) LIMITED,Finance
HAMILTON REST HOME LTD,Healthcare
HAMILTON UK SERVICES LIMITED,Finance
HAMILTONIAN INTERNATIONAL LTD,Technology
HAMILTONS CONSULTING LTD,Technology
HAMIS DAYCARE LTD,Healthcare
HAMLETLAUNDRY LTD,Technology
HAMMERSMITH AND FULHAM ASSOCIATION FOR MENTAL HEALTH,Healthcare
HAMMERSMITH AND FULHAM CENTRAL PCN LIMITED,Healthcare
HAMMERSMITH AND FULHAM MENCAP,Healthcare
HAMPSHIRE TRUST BANK PLC,Finance
HAMPSTEAD HEALTHCARE LIMITED,Healthcare
HAMPTON ACADEMIES LTD,Education
HAMPTON ACADEMIES TRUST,Education
HAMPTON SCHOOL,Education
HAMSA IT SERVICES LIMITED,Technology
HAMSARD 3768 LIMITED,Finance
HAMSHAW CARE HOME LTD,Healthcare
HAMWIC EDUCATION TRUST,Education
HANAN IT SOLUTIONS LIMITED,Technology
HAND IN HANDS LTD,Healthcare
HANDELSBANKEN PLC,Finance
HANDICAP INTERNATIONAL UK,Healthcare
HANDLE TECHNOLOGIES LTD,Technology
HANDLE WITH CARE (BLACK COUNTRY) LIMITED,Healthcare
HANDS OF COMPASSION CARE LTD,Healthcare
HANDS ON CARE HOMECARE SERVICES LIMITED,Healthcare
HANDS ON HEALTHCARE SOLUTIONS LTD,Healthcare
HANDY SERVICES (FIFE) LTD,Healthcare
HANFORD MANOR LIMITED,Healthcare
HANGLETON DENTAL PRACTICE LIMITED,Healthcare
HANNAH BEUTE LTD,Healthcare
HANNING HOMES CARE LIMITED,Healthcare
HANNINGFIELD PROCESS SYSTEMS LIMITED,Engineering
HANOTO TECHNOLOGY LTD,Technology
HANS IT LIMITED,Technology
HANSON WADE GROUP LIMITED,Finance
HANTEC MARKETS LIMITED,Finance
HANVI LTD,Technology
HANYA HOMECARE LTD,Healthcare
HANZAK LIMITED,Healthcare
HAPPY CARE LIVING LTD,Healthcare
HAPPY CARE LTD,Healthcare
HAPPY CHILDREN CARE LTD,Healthcare
HAPPY CRAB LTD.,Technology
HAPPY EDUCATION CONSULTANCY LTD,Education
HAPPY FAMILY CARE SERVICES LTD,Healthcare
HAPTIC ARCHITECTS LTD,Engineering
HAPTIC CHIROPRACTORS LIMITED,Healthcare
HARAKA PHYSIO LTD,Healthcare
HARASOFT TECHNOLOGIES LIMITED,Technology
HARBORNE ACADEMY,Education
HARBOUR HEALTHCARE (NORTH) LTD,Healthcare
HARBOUR HOMES UK LIMITED,Healthcare
HARD DRIVE TECHNOLOGY LIMITED,Technology
HAREMI LIMITED,Education
HARESBROOK PARK LIMITED,Healthcare
HARGREAVES LANSDOWN LIMITED,Finance
HARID TECH LTD,Technology
HARIDHAM ENTERPRISE LTD,Technology
HARIHARASUTHAN GLOBAL LIMITED,Technology
HARINGEY EDUCATION PARTNERSHIP,Education
HARKINS CARE LTD,Healthcare
HARLAXTON COLLEGE,Education
HARLEQUIN HOME CARE LTD,Healthcare
HARLEY EDUCATION LTD,Education
HARLEY HOUSE SUPPORTED LIVING LTD,Healthcare
HARLEY MIND CARE PSYCHIATRISTS LTD,Healthcare
HARLEY STREET DENTAL CLINIC LIMITED,Healthcare
HARLEY STREET GYNAECOLOGY LTD,Healthcare
HARLEY STREET INJECTABLES LIMITED,Healthcare
HARLEY STREET MEDICS LTD,Healthcare
HARLEY SURGERY LIMITED,Healthcare
HARLOW DENTAL PRACTICE LIMITED,Healthcare
HARLOW GROUP LIMITED,Engineering
HARM REDUCTION INTERNATIONAL,Healthcare
HARMENY EDUCATION TRUST LIMITED,Education
HARMONIA CARE VILLAGE LIMITED,Healthcare
HARMONIC CONSULTING SERVICES UK LIMITED,Finance
HARMONIC MEDICAL SONOGRAPHY LIMITED,Healthcare
HARMONY CARE CONSORTIUM LTD,Healthcare
HARMONY CARE SUPPORT LTD,Healthcare
HARMONY HELPERS LTD,Healthcare
HARNESS CARE LTD,Healthcare
HARNESS GROUP UK LIMITED,Technology
HARNESS THERAPEUTICS LIMITED,Engineering
HARPENDEN SECONDARY EDUCATION TRUST,Education
HARPER ADAMS UNIVERSITY,Education
HARPERCOLLINS PUBLISHERS LIMITED,Technology
HARPSCREEN (GB) LIMITED,Engineering
HARRATON COURT STABLES LTD,Engineering
HARRIS CARE LTD,Healthcare
HARRIS FEDERATION,Education
HARRISTON HOMES LIMITED,Healthcare
HARROGATE DENTAL CARE LIMITED,Healthcare
HARROW HIGH SCHOOL,Education
HARROW WEALD DENTAL PRACTICE LTD,Healthcare
HARROWBY LODGE NURSING HOME LIMITED,Healthcare
HARRY DOBBS DESIGN LTD,Engineering
HARSCO METALS GROUP LIMITED,Engineering
HARSH SOFTWARE SOLUTIONS LIMITED,Technology
HARSHITA SOLUTION LTD,Technology
HART CARE LIMITED,Healthcare
HARTIN & LEE HEALTHCARE LTD,Healthcare
HARTISMERE FAMILY OF SCHOOLS,Education
HARTLANDS CARE HOME LIMITED,Healthcare
HARTLEPOOL AND STOCKTON HEALTH LTD,Healthcare
HARTLEY HOME CARE LIMITED,Healthcare
HARTLINE LIMITED,Technology
HARTPARK LIMITED,Healthcare
HARTSHILL CARE LTD,Healthcare
HARTWIG CARE LIMITED,Healthcare
HARTY HOMECARE SERVICES LTD,Healthcare
HARVEST PROPERTY GROUP LTD,Finance
HARVESTEYE LIMITED,Engineering
HARVEY & THOMPSON LIMITED,Finance
HARVEY AI UK LTD,Technology
HARVLIGHTCARE SERVICES LIMITED,Healthcare
HARWOOD CARE LIMITED,Healthcare
HARY LTD,Technology
HASBURY HOME CARE SERVICES LTD,Healthcare
HASH PHOENIX LIMITED,Technology
HASHDEX EUROPE LIMITED,Finance
HASSINGHAM LIMITED,Healthcare
HASSLE FREE EDUCATION LTD,Education
HASTINGS INSURANCE SERVICES LIMITED,Finance
HASU BIOTECH LTD,Engineering
HATCH & MASON LTD,Engineering
HATCH END HIGH SCHOOL,Education
HATFIELD HAVEN LIMITED,Healthcare
HATFIELD LODGE CARE HOME LIMITED,Healthcare
HATHERLEIGH CARE VILLAGE LIMITED,Healthcare
HATIGEN CONSULTING SERVICES LIMITED,Technology
HATLEY COURT HAVEN LTD,Healthcare
HAULMONT TECHNOLOGY LIMITED,Technology
HAUS OF HU LTD,Engineering
HAVAS MARKET UK LIMITED,Technology
HAVELOCK HOUSE DAY NURSERY LIMITED,Education
HAVEN (PNH) LIMITED - THE,Healthcare
HAVEN CARE CENTRES LIMITED,Healthcare
HAVEN CARE SUPPORT SERVICES LIMITED,Healthcare
HAVEN HOUSE FOUNDATION,Healthcare
HAVEN RESIDENTIAL CARE LTD,Healthcare
HAVEN ROSE RESIDENTIAL CARE HOME LTD,Healthcare
HAVEN247 HEALTHCARE LIMITED,Healthcare
HAVESTERS CARE LTD,Healthcare
HAVILAH CARE LTD,Healthcare
HAVILAH PROSPECTS LIMITED,Education
HAWAII LODGE LIMITED,Healthcare
HAWARD COLLEGE LONDON LIMITED,Education
HAWKSBURY HOUSE LIMITED,Healthcare
HAWKSHAW LTD,Technology
HAWTHORNE CARE LIMITED,Healthcare
HAWTHORNE TRUST LIMITED,Healthcare
HAXBY GROUP PHARMACY LIMITED,Healthcare
HAY DESIGNS LIMITED,Engineering
HAY TECHNOLOGY LIMITED,Technology
HAYAN RAM SOLUTIONS LTD,Technology
HAYAN TECH LTD,Technology
HAYATO INTERNATIONAL UK LTD,Education
HAYBROOK COLLEGE TRUST,Education
HAYDON PARK LODGE LIMITED,Healthcare
HAYDON SCHOOL,Education
HAYES COTTAGE NURSING HOME LIMITED,Healthcare
HAYES HEALTHCARE LIMITED,Healthcare
HAYNE SOLUTIONS LIMITED,Technology
HAYO'U LIMITED,Healthcare
HAZEL HOMES FOR AUTISM LTD,Healthcare
HAZELCARE LIMITED,Healthcare
HAZELCAST UK LIMITED,Technology
HAZELDELL LTD,Healthcare
HAZELMONT SOCIAL CARE LIMITED,Healthcare
HAZELWICK SCHOOL,Education
HAZELWOOD CARE LIMITED,Healthcare
HAZELWOOD DENTAL PRACTICE LIMITED,Healthcare
HAZELWOOD WELDING SERVICES LIMITED,Engineering
HAZEVIZ LTD,Engineering
HB DENTAL PRACTICE LIMITED,Healthcare
HB4D LEEDS LIMITED,Healthcare
HBBA CARE LTD,Healthcare
HBCUK LTD,Technology
HBL BANK UK LIMITED,Finance
HBP ADVISERS LIMITED,Finance
HBS HEALTH LIMITED,Healthcare
HBSS LIMITED,Technology
HBVB,Finance
HC INSPIRE LIMITED,Healthcare
HC-ONE LIMITED,Healthcare
HCC OXFORD PARTNERS LIMITED,Technology
HDDA LTD,Engineering
HDR CONSULTING LIMITED,Engineering
HDS NEWS LIMITED,Technology
HEAD AHEAD LTD,Technology
HEAD QUARTERS HAIR TRANSPLANTS LIMITED,Healthcare
HEADLANE LTD,Technology
HEADROOMGATE LIMITED,Healthcare
HEADSPIN UK LIMITED,Technology
HEADZPACE THERAPEUTIC CARE LIMITED,Healthcare
HEALES ENTERPRISES LTD.,Technology
HEALIX INTERNATIONAL LIMITED,Healthcare
HEALTH AND HOME (ESSEX) LIMITED,Healthcare
HEALTH AND VITALITY CENTRE LTD,Healthcare
HEALTH AND WELLBEING CARE SERVICES LIMITED,Healthcare
HEALTH INNOVATIONS HOLDINGS LTD,Finance
HEALTH MAP LTD,Healthcare
HEALTH NOW LIMITED,Technology
HEALTH PERSONNEL LIMITED,Healthcare
HEALTH SCIENCES UNIVERSITY,Education
HEALTH WELL SOLUTIONS LIMITED,Finance
HEALTHCARE EDUCATION STUDENT SUPPORT SERVICES LIMITED,Education
HEALTHCARE EUROPA LIMITED,Technology
HEALTHCARE EVOLUTION LTD,Healthcare
HEALTHCARE HOLDCO LTD,Finance
HEALTHCARE HOMES (SPRING) LIMITED,Healthcare
HEALTHCARE INTERACTION LIMITED,Technology
HEALTHCARE OUTCOMES PERFORMANCE COMPANY LIMITED,Technology
HEALTHCARE SOLUTIONS 365 LTD,Healthcare
HEALTHCARE TRUST LTD,Healthcare
HEALTHCODE LIMITED,Technology
HEALTHERA LTD,Technology
HEALTHGENIC SOLUTIONS LTD,Technology
HEALTHHARMONIE LIMITED,Healthcare
HEALTHIER BUSINESS UK LTD,Healthcare
HEALTHSTART TRADING LTD,Healthcare
HEALTHTECH 1 LTD,Technology
HEALTHWATCH LAMBETH,Healthcare
HEALTHWATCH LIMITED,Healthcare
HEALTHY ASIAN KITCHEN LIMITED,Technology
HEALTHY BODY LPG LIMITED,Healthcare
HEALUM LTD,Technology
HEALWELL LTD,Healthcare
HEAR US,Healthcare
HEARING DIAGNOSTICS LIMITED,Technology
HEARST NETWORKS UK,Technology
HEART LINK HEALTH CARE SERVICES LTD,Healthcare
HEART OF ENGLAND MENCAP,Healthcare
HEART OF MERCIA,Education
HEART OF THE SOUTH CARE AGENCY LIMITED,Healthcare
HEART RESEARCH UK,Healthcare
HEART TO HEART INTEGRATED CARE LTD,Healthcare
HEARTBEAT MANUFACTURING CO. (REDDITCH) LIMITED(THE),Engineering
HEARTEN UK LTD,Healthcare
HEARTFELT CARE YEOVIL AND SHERBORNE LIMITED,Healthcare
HEARTFLOW U.K. LTD.,Engineering
HEARTS AT HOME HOMECARE LIMITED,Healthcare
HEARTS FIRST AMBULANCE MEDICAL LIMITED,Healthcare
HEARTWELL CARE LTD,Healthcare
HEAT SECURE LTD,Engineering
HEAT TREATMENT 2000 LIMITED,Engineering
HEATH CARE SERVICES LTD,Healthcare
HEATH HOUSE PREP SCHOOL LIMITED,Finance
HEATHERDALE HEALTHCARE LIMITED,Healthcare
HEATHFIELD DENTAL CARE LIMITED,Healthcare
HEATHFIELD SCHOOL,Education
HEATHVIEW MANAGEMENT COMPANY LIMITED,Healthcare
HEATING & OVEN TECHNOLOGY LIMITED,Engineering
HEATON HOUSE NURSERY LIMITED,Education
HEATON VENCES GROUP LIMITED,Finance
HEAVEN SCENT CARE SERVICES LTD,Healthcare
HEBBIA UK LIMITED,Technology
HEBE HEALTHCARE LIMITED,Healthcare
HEBRON HOUSE NURSING HOME LTD,Healthcare
HECKLER & KOCH (UK) LIMITED,Engineering
HECTOR HOUSE (GLASGOW) LIMITED,Healthcare
HEDGEFLOWS LTD,Technology
HEDGEHOG LAB LIMITED,Technology
HEDGEPO LIMITED,Technology
HEDGEROW HOMECARE LTD,Healthcare
HEERA CARE LTD,Healthcare
HEERA SERVICES LTD,Technology
HEIDELBERG GRAPHIC EQUIPMENT LIMITED,Engineering
HEIDI HEALTH LTD,Technology
HELEN & DOUGLAS HOUSE,Healthcare
HELIKON INVESTMENTS LIMITED,Finance
HELIO DISPLAY MATERIALS LIMITED,Engineering
HELLO ACE LTD,Technology
HELLO GAMES LTD,Technology
HELLO WINDOW LTD,Engineering
HELM 360 LTD,Technology
HELP @ HOME CARE LIMITED,Healthcare
HELP AT HOME (MEDWAY) LIMITED,Healthcare
HELP AT HOME CARE SERVICE LTD,Healthcare
HELPERS AVENUE LTD,Healthcare
HELPERS HOMECARE LIMITED,Healthcare
HELPFUL TECHNOLOGY LIMITED,Technology
HELPING AT HOME LTD,Healthcare
HELSING LIMITED,Technology
HEMMERSBACH UK LTD,Technology
HEMPSTEAD THERAPY CENTRE LIMITED,Healthcare
HENDERSON ROWE LIMITED,Finance
HENDON SCHOOL,Education
HENGOED COURT CARE HOME LIMITED,Healthcare
HENGOED PARK (SWANSEA) LIMITED,Healthcare
HENGQINTANG LTD,Healthcare
HENGST FILTRATION UK LIMITED,Engineering
HENLEE LTD,Technology
HENLEY HEALTHCARE GROUP LIMITED,Healthcare
HENNIS JOE LIMITED,Healthcare
HENOLA CARE LTD,Healthcare
HENRIKSEN STUDIO LTD,Engineering
HENRY SCHEIN ONE UK LIMITED,Technology
HEPTAGON-UK LTD,Technology
HER JUNO LTD,Technology
HERAEUS ELECTRO-NITE (UK) LTD,Engineering
HERAMBA TECH UK LTD,Technology
HERBAL CURE INTERNATIONAL LTD,Healthcare
HERBERT ENGINEERING EUROPE (UK) LTD.,Technology
HERBST MACHINERY LTD,Engineering
HERE ENTERPRISE LIMITED,Technology
HEREFORD MOBILE REPAIR LIMITED,Engineering
HEREWARDS HOUSE LTD,Healthcare
HERHOLDT CHIROPRACTIC LIMITED,Healthcare
HERITAGE CHILDRENS HOMES LIMITED,Healthcare
HERITAGE DAY NURSERY LTD,Education
HERITAGE HOMECARE LTD,Healthcare
HERITAGE STAFFING SERVICES LIMITED,Healthcare
HERJAVEC GROUP LIMITED,Technology
HERMAN CLAUDE LTD,Healthcare
HERMAN MILLER LIMITED,Engineering
HERNE BAY HIGH SCHOOL,Education
HEROAPPS GLOBAL LIMITED,Technology
HEROTECH8 LTD,Engineering
HERRINGTON CONSULTING LTD,Engineering
HERSHEY UK FINANCE LIMITED,Finance
HERTFORDSHIRE SCHOOL OF LANGUAGE LTD,Education
HERTSWOOD ACADEMY,Education
HERTZIAN LTD,Technology
HERZOG & DE MEURON (UK) LTD.,Engineering
HESHA CONSULTANCY LTD,Technology
HESIRE LIMITED,Healthcare
HESPERIDES MUSIC LTD,Education
HESSELBRAND LTD,Engineering
HESTABIT LIMITED,Technology
HETA ARCHITECTS LTD,Engineering
HEURISTIX DIGITAL TECHNOLOGIES (UK) LIMITED,Technology
HEVER CARE LIMITED,Healthcare
HEWSON CONSULTING ENGINEERS LIMITED,Engineering
HEXA CONSULTANCY SERVICES LTD,Technology
HEXA FIRE LTD,Engineering
HEXXCELL LTD,Engineering
HEY ARCHIE UK LTD,Technology
HEY BABY 4D BIRMINGHAM LTD,Healthcare
HEY BABY 4D HAYES LIMITED,Healthcare
HEY BABY 4D HULL LTD,Healthcare
HEY BABY 4D KENT WEST LTD,Healthcare
HEY BABY 4D MANCHESTER EAST LTD,Healthcare
HEY HABITO LTD,Technology
HEY SUMMIT LTD,Technology
HEYHIHELLO LTD,Technology
HEYMOBILE TECH LTD,Technology
HEYNE TILLETT STEEL LTD,Engineering
HEYPI CARE SERVICES LIMITED,Healthcare
HEYWA LTD,Technology
HG COMMS LTD,Technology
HGC GLOBAL COMMUNICATIONS (UK) LIMITED,Technology
HGC ROMFORD LIMITED,Healthcare
HGR COMMUNICATIONS LTD,Technology
HH COMMUNITY CARE LIMITED,Healthcare
HI TECH SOLUTIONS AND CONSULTING LTD,Engineering
HI-TECH ISOLUTIONS LIMITED,Technology
HI-TECH RESOURCING LIMITED,Engineering
HIBA HOME CARE LTD,Healthcare
HIBERLY LTD,Technology
HICOM TECHNOLOGY LIMITED,Technology
HIFX EUROPE LIMITED,Finance
HIGH DIGITAL LIMITED,Technology
HIGH HEALTHCARE LTD,Healthcare
HIGH PEAK CARERS LTD,Healthcare
HIGH PEAK PUBLISHING LIMITED,Technology
HIGH POINT SOLUTIONS LIMITED,Engineering
HIGH POINTS YOUTH BALLET C.I.C.,Education
HIGH STREET SMILES LTD,Healthcare
HIGH-LEVEL CONSULTING LTD,Technology
HIGH-TECH IT LIMITED,Technology
HIGHBORDER CARE HOME GLOUCESTERSHIRE LIMITED,Healthcare
HIGHBRIDGE EDUCATION LTD,Education
HIGHBURY COMMUNITY NURSERY,Education
HIGHBURY NURSING HOME LTD,Healthcare
HIGHER CONCEPT SOFTWARE LIMITED,Technology
HIGHER ED PARTNERS LIMITED,Education
HIGHER HEIGHT CARE LTD,Healthcare
HIGHER OAK CONSULTING LIMITED,Technology
HIGHGATE CARE SERVICES LTD,Healthcare
HIGHGROVE REST HOME (BLACKPOOL) LTD,Healthcare
HIGHLAND CARE UK LIMITED,Healthcare
HIGHLAND HOSPICE,Healthcare
HIGHLAND HOUSE RESIDENTIAL HOME LIMITED,Healthcare
HIGHLANDS AND ISLANDS STUDENTS' ASSOCIATION,Education
HIGHLANDS CARE LTD,Healthcare
HIGHRADIUS UK LIMITED,Technology
HIGHVIEW MONTESSORI LTD,Healthcare
HIGHWORTH CARE LTD,Healthcare
HIJAMA LTD,Healthcare
HILBERT INVESTMENT SOLUTIONS LTD,Finance
HILL HOUSE NURSING HOME LIMITED,Healthcare
HILL READING ARCHITECTS LIMITED,Engineering
HILL TOP ENGINEERING AND FABRICATION LTD,Engineering
HILL VIEW FARM NURSERY LTD,Healthcare
HILLCREST MANOR LIMITED,Healthcare
HILLCREST SCHOOL AND SIXTH FORM CENTRE,Education
HILLCROFT CARE HOME LIMITED,Healthcare
HILLDALES RESIDENTIAL CARE HOME LTD,Healthcare
HILLGAY LTD,Healthcare
HILLS EDUCATION TRUST LIMITED,Education
HILLSIDE (TECHNOLOGY) LIMITED,Technology
HILTON BROOK HOUSE LIMITED,Healthcare
HILTON HOUSE (ESSEX) LIMITED,Healthcare
HILTON LODGE CARE LIMITED,Healthcare
HILTON LODGE LIMITED,Healthcare
HIMANYU TECHNOLOGIES LIMITED,Technology
HINCHLEY WOOD LEARNING PARTNERSHIP,Education
HIND CARE LTD,Healthcare
HINDAWI FOUNDATION,Technology
HINTERVIEW LIMITED,Technology
HIPERDIST LIMITED,Technology
HIPHOPS.IO LTD,Technology
HIPPO CARE LIMITED,Education
HIPPO DIGITAL LIMITED,Technology
HIPPO LABS LTD,Technology
HIPPOS STUDIO IMAGE LTD,Technology
HIRAM LODGE ENTERPRISES LTD,Technology
HIRANI RAX LTD,Technology
HIRE GENIUS LIMITED,Technology
HIRE LIPUS LTD,Healthcare
HIRE SPACE WEBSITE LTD,Technology
HIREHOP SOFTWARE LIMITED,Technology
HIREXTRA LIMITED,Technology
HIRIX GROUP LTD,Finance
HIROSE FINANCIAL UK LTD.,Finance
HISTOCYTE LABORATORIES LTD,Engineering
HISTOGRANGE LIMITED,Healthcare
HITACHI CONSTRUCTION MACHINERY (UK) LIMITED,Engineering
HITACHI DIGITAL SERVICES UK LIMITED,Technology
HITACHI SOLUTIONS EUROPE LTD,Technology
HITACHI VANTARA LIMITED,Technology
HITCHED LIMITED,Technology
HIVE AUTONOMY UK LIMITED,Finance
HIVE COMPOSITES LIMITED,Engineering
HIVEBYTE TECHNOLOGY LTD,Technology
HIVERGE LTD,Engineering
HIVESTACK EMEA LTD,Technology
HIYA ADVISORY LIMITED,Technology
HK IT CONSULTING LTD,Technology
HK MAINTENANCE LIMITED,Engineering
HK VICENZA LTD,Technology
HKBSB LIMITED,Healthcare
HKHR CONSULTING LIMITED,Technology
HKR ARCHITECTURAL SERVICES LIMITED,Engineering
HKS ARCHITECTS LIMITED,Engineering
HL PARTNERSHIP LIMITED,Finance
HLD CONSULTANCY SERVICES LTD,Technology
HM HAUS GROUP LTD,Technology
HMCA/S PLC,Finance
HMK LONDON LTD,Technology
HMY UK INNOVATION IN RETAIL LTD,Engineering
HNRY (UK) LIMITED,Technology
HNS INFOTECH LIMITED,Technology
HOAMA (STAPLEHURST) LTD,Healthcare
HOATZIN SOLUTION LTD,Technology
HOCKERILL ANGLO-EUROPEAN COLLEGE LTD.,Education
HODDESDON DENTAL SURGERY LTD,Healthcare
HODIMO INFO TECH LTD,Technology
HOE VALLEY SCHOOL,Education
HOEGH CAPITAL PARTNERS LIMITED,Finance
HOFFMAN & CREW LTD,Technology
HOFFMAN CONNECTIONS LTD,Healthcare
HOIST GLOBAL TECH SOLUTIONS UK & EUROPE LTD,Technology
HOLBORN COMMUNITY ASSOCIATION,Healthcare
HOLBURN SMILE CENTRE LTD,Healthcare
HOLDCODE LIMITED,Technology
HOLDEN PARK CARE LIMITED,Education
HOLIBROOK HOUSE LIMITED,Healthcare
HOLIDAY MONEY EXCHANGE LTD,Finance
HOLIDAYFOX LTD,Technology
HOLISTIC CARE 4U LTD,Healthcare
HOLISTIC CARE U K LTD,Healthcare
HOLISTIC COMMUNITY CARE LIMITED,Healthcare
HOLISTIC HEAD HEALTH LTD,Engineering
HOLISTIC HEALTHCARE CAMBRIDGE LTD,Healthcare
HOLISTIC HEALTHCARE LEEDS T/A HOLISTIC HEALTHCARE CAMBRIDGE LTD,Healthcare
HOLISTIC HEALTHCARE LINCOLN LTD,Healthcare
HOLISTIC WEALTH MANAGEMENT LIMITED,Finance
HOLLAND HOUSE SCHOOL,Education
HOLLAND PARK AUTOS (LONDON) LIMITED,Engineering
HOLLAND PARK DENTAL CENTRE LIMITED,Healthcare
HOLLER MEDIA LTD,Technology
HOLLEY HOLLAND LIMITED,Technology
HOLLINGWORTH LEARNING TRUST,Education
HOLLY HEALTH LTD,Technology
HOLLY HOUSE CARE LIMITED,Healthcare
HOLLY LODGE GROUP LTD,Finance
HOLLYBANK CARE HOME LTD,Healthcare
HOLLYCOOMBE HEALTHCARE LTD,Healthcare
HOLMER GREEN SENIOR SCHOOL,Education
HOLMHURST CARE HOMES LIMITED,Healthcare
HOLMLEIGH CARE HOMES LIMITED,Healthcare
HOLMWOOD CARE LIMITED,Healthcare
HOLMWOOD HOUSE CARE LIMITED,Healthcare
HOLMWOOD HOUSE HOLDINGS LIMITED,Healthcare
HOLOGEN LIMITED,Technology
HOLT GREEN TRAINING LTD,Education
HOLT PHYSIO LTD,Healthcare
HOLT RETIREMENT LIMITED,Healthcare
HOLY CARE GROUP LTD,Healthcare
HOLY CROSS CATHOLIC MULTI ACADEMY COMPANY,Education
HOLY MISSION OF GURU NANAK,Healthcare
HOLYPORT COLLEGE,Education
HOLYROOD DENTAL CARE LTD,Healthcare
HOLYWELL CARE LIMITED,Healthcare
HOLYWELL CHILDREN'S SERVICES LIMITED,Healthcare
HOME CARE & REHAB LIMITED,Healthcare
HOME CARE FOR YOU LIMITED,Healthcare
HOME CARE SERVICES (NI) LIMITED,Healthcare
HOME CONNECTIONS LETTINGS LIMITED,Technology
HOME COUNTIES CARERS LIMITED,Healthcare
HOME FROM HOME SUPPORT SERVICES LTD,Healthcare
HOME SIGHT UK LTD,Healthcare
HOME SUPPORT MATTERS CIC,Healthcare
HOME SUPPORT SERVICES (HAVERING & ESSEX) LIMITED,Healthcare
HOME SWEET HOME CARE LIMITED,Healthcare
HOME TO HOME CARE SERVICES LTD,Healthcare
HOME VISITING PHYSIOS LTD,Healthcare
HOME'S BEST LTD,Healthcare
HOMEBEECH LIMITED,Healthcare
HOMEBRIDGE CARE GROUP LTD,Healthcare
HOMECARE PARTNERS LIMITED,Healthcare
HOMECARE SOLUTIONS LIMITED,Healthcare
HOMECARE TEAM LTD,Healthcare
HOMECARE WE CARE LTD,Healthcare
HOMECARE1ST LTD,Healthcare
HOMECARING ANGELS LTD,Healthcare
HOMECARINGSERVICES LIMITED,Healthcare
HOMEFIELD PREPARATORY SCHOOL TRUST LIMITED,Education
HOMEHELP (SOLIHULL) LIMITED,Healthcare
HOMELEAD CARE LTD,Healthcare
HOMELINK TECHNOLOGIES,Technology
HOMELOVE CARE LTD,Healthcare
HOMEMED HEALTHCARE LTD,Healthcare
HOMEPEACE LTD,Healthcare
HOMES CARE GROUP LTD,Healthcare
HOMESAINTS LTD,Healthcare
HOMESERVE LIMITED,Finance
HOMESTEAD CARE HOMES LIMITED,Healthcare
HOMESTEAD HOUSE LIMITED,Healthcare
HOMESTEAD SERVICES LIMITED,Healthcare
HOMETRACK DATA SYSTEMS LIMITED,Technology
HOMEY TECHNOLOGY LTD,Technology
HONEST DRIVING SCHOOL LIMITED,Education
HONEY CONSULTANCY LTD,Technology
HONEYBEE HOMECARE LTD,Healthcare
HONEYCOMB CARE LTD,Healthcare
HONEYMAN WATER LIMITED,Engineering
HONEYSYS LTD,Technology
HONEYWELL HEALTH CARE LTD,Healthcare
HONEYWELL LIMITED,Finance
HONOR CARE LIMITED,Healthcare
HOONAR TEKWURKS CONSULTING LIMITED,Technology
HOOPLA DIGITAL LTD,Technology
HOOPP THAMES LIMITED,Finance
HOOYU LTD,Technology
HOPE AND HOMES FOR CHILDREN,Healthcare
HOPE CHILD MINDER LIMITED,Healthcare
HOPE DAY CARE LIMITED,Healthcare
HOPE HOMESTAY LIMITED,Healthcare
HOPE VALLEY CARE HOME LTD,Healthcare
HOPESPARK ACADEMY LTD,Education
HOPEWELL SCHOOL LIMITED,Education
HOPPERS NURSERIES LTD,Healthcare
HOPS HQ LIMITED,Technology
HOPSCOTCH WOMEN'S CENTRE,Healthcare
HORAN POWER ENGINEERING LIMITED,Engineering
HORATIO INVESTMENTS LIMITED,Finance
HORBAX LIMITED,Technology
HORDER HEALTHCARE,Healthcare
HORIBA TEST AUTOMATION LIMITED,Technology
HORIZON CARE (SOUTH WEST) LTD,Healthcare
HORIZON CARE AND EDUCATION SERVICES LIMITED,Healthcare
HORIZON HEALTH LTD,Healthcare
HORIZON HOMECARE (SOUTHERN) LTD,Healthcare
HORIZON SUPPORT SERVICES LIMITED,Education
HORIZON WALK GROUP LIMITED,Technology
HORIZONZ CARE LTD,Healthcare
HORN CUTTING TOOLS LIMITED,Engineering
HORSE POWERTRAIN LIMITED,Finance
HORSFORTH SCHOOL,Education
HORSHAM MONTESSORI LIMITED,Education
HORSTMAN DEFENCE SYSTEMS LIMITED,Engineering
HORTON & ARMITAGE LIMITED,Engineering
HOSAIN'S HEALTH AND HOPE LTD,Healthcare
HOSANA TECHNOLOGIES LIMITED,Technology
HOSPICE IN THE WEALD,Healthcare
HOSPITALITY AND RETAIL SYSTEMS LTD,Technology
HOSTNEXT LTD,Technology
HOSTOLOGY LIMITED,Technology
HOTEL TECHNOLOGY MANAGEMENT (HTM) LTD,Technology
HOTELMAP.COM LIMITED,Technology
HOTSPEC GROUP LTD,Technology
HOTTINGER BRUEL & KJAER UK LTD,Technology
HOULDER LIMITED,Engineering
HOULIHAN LOKEY UK LIMITED,Finance
HOULY LTD,Technology
HOUNSDOWN SCHOOL,Education
HOUNSLOW PRIME CHILDCARE LIMITED,Healthcare
HOURLY SOLUTIONS LTD,Technology
HOUSE OF CARING LTD,Healthcare
HOUSE OF DENTAL GROUP HOLDINGS LTD,Finance
HOUSE OF LEARNING LTD,Education
HOUSEKEEP LIMITED,Technology
HOUZECHECK LIMITED,Technology
HOWARD COURT CARE HOME LIMITED,Healthcare
HOWBOUT LTD,Technology
HOWDEN GROUP HOLDINGS LIMITED,Finance
HOWE BAKER INTERNATIONAL LTD,Engineering
HOWSERV SERVICES LIMITED,Finance
HOWSON CARE CENTRE LIMITED,Healthcare
HOYLAND HALL LIMITED,Healthcare
HOZAH PARKING LIMITED,Technology
HPC LASER LTD,Engineering
HPUROHIT INFRACON LIMITED,Technology
HR WALLINGFORD GROUP LIMITED,Engineering
HRA IT CONSULTANTS & RECRUITERS LTD,Technology
HRTSVC LTD,Technology
HSI UK PTY LTD,Technology
HSS ASSOCIATES LTD,Education
HT PHYSIO LTD,Healthcare
HT SOFTWARE UK LTD,Technology
HUA HSIA CHINESE TUITION LIMITED,Education
HUB PLATFORM TECHNOLOGY PARTNERS LTD,Technology
HUB21 LEARNING UK LIMITED,Technology
HUBBARD PRODUCTS LIMITED,Engineering
HUBBUB FOUNDATION UK,Healthcare
HUBPAY LIMITED,Technology
HUBSPOT UK HOLDINGS LIMITED,Technology
HUC CORPORATION LTD,Technology
HUDSON (LORNE) LIMITED,Healthcare
HUDSON (PITKERRO) LIMITED,Healthcare
HUDSON (SANDIACRE) LIMITED,Healthcare
HUDSON COSMEDIC LIMITED,Healthcare
HUDSON OUTSOURCING LTD,Technology
HUDSON RIVER TRADING EUROPE LTD.,Finance
HUEY GAMES LTD,Technology
HUGEBINARY LTD,Technology
HUGGARD,Healthcare
HUGO TECHNOLOGIES LIMITED,Technology
HUGUENOT SERVICES LIMITED,Technology
HUIENTZ UK LTD,Technology
HUIKANG HEALTHCARE LTD,Healthcare
HULATECH LIMITED,Technology
HULK MARKETING LTD,Technology
HULLSTRAP LTD,Technology
HUM2N LTD,Healthcare
HUMA THERAPEUTICS LIMITED,Technology
HUMAIN LIMITED,Technology
HUMAN AFTER ALL LIMITED,Technology
HUMAN APPEAL,Healthcare
HUMAN BOUNDARY VENTURES LTD,Technology
HUMAN MADE LIMITED,Technology
HUMAN MADE MACHINE LIMITED,Technology
HUMAN RELIEF FOUNDATION,Healthcare
HUMANAYZ LTD,Technology
HUMANICARE LIMITED,Healthcare
HUMBLE AI LIMITED,Technology
HUMBLE HEALTHCARE LIMITED,Healthcare
HUMMINGLE TECHNOLOGY AND MEDIA PRIVATE LIMITED,Technology
HUNDLE & PARTNERS LIMITED,Finance
HUNGARIAN DENTACARE LTD,Healthcare
HUNGRY BEAR GAMING LIMITED,Technology
HUNT GREEN LTD,Healthcare
HUNTER & RABBIT PARTNERS LTD,Technology
HUNTINGDON PROPERTIES LIMITED,Finance
HUNTLEIGH MEDICAL HEALTHCARE LIMITED,Healthcare
HUOZHI LIMITED,Technology
HUQ INDUSTRIES LIMITED,Technology
HURST HALL CARE HOME LIMITED,Healthcare
HUTCHISON 3G UK LIMITED,Technology
HUUMAN KIND CARE LTD,Healthcare
HV ENGINEERING CONSULTANCY LTD,Engineering
HX GROUP LTD,Finance
HX HOLD CO LTD,Finance
HYBRID ACCESS LIMITED,Technology
HYBRID BI SOLUTIONS LIMITED,Technology
HYBRID BUSINESS SOLUTIONS LTD,Technology
HYBRID GASIFICATION LTD,Engineering
HYBRIDAERO LIMITED,Engineering
HYBRIDITEC LTD,Technology
HYCM CAPITAL MARKETS (UK) LIMITED,Finance
HYDAC TECHNOLOGY LIMITED,Engineering
HYDE ACADEMY LTD,Education
HYDE GLOBAL EDUCATION LTD,Education
HYDRAFACT LIMITED,Engineering
HYDRAFORCE HYDRAULICS LIMITED,Engineering
HYDRAPOWER DYNAMICS LIMITED,Engineering
HYDRAS IT LIMITED,Technology
HYDRO BUILDING SYSTEMS UK LIMITED,Engineering
HYDROCORE LIMITED,Engineering
HYDSOFT (UK) LTD,Technology
HYLAND EDGAR DRIVER LIMITED,Engineering
HYLAND UK OPERATIONS LIMITED,Technology
HYLANDS HOUSE CARE LTD,Healthcare
HYNT LABS LIMITED,Technology
HYOSUNG UK LIMITED,Engineering
HYPECORE LTD,Healthcare
HYPER APPS LTD,Technology
HYPER TALENT SOLUTIONS LTD,Technology
HYPERCRITICAL LIMITED,Engineering
HYPEREXPONENTIAL LTD,Technology
HYPERGEN LTD,Engineering
HYPERGLANCE LIMITED,Technology
HYPERION SYSTEMS LIMITED,Technology
HYPERLAYER LIMITED,Technology
HYPEROPTIC LTD,Technology
HYPHA DISCOVERY LIMITED,Engineering
HYPUS LTD,Technology
HYRAN TECHNOLOGIES LTD,Technology
HYSERVE LIMITED,Engineering
HYUNDAI CAPITAL UK LIMITED,Finance
HYVE LIMITED,Technology
HZ POWER LIMITED,Engineering
I & S CHILDCARE LTD,Education
I CARE SERVICE NORFOLK LTD,Healthcare
I D DESIGN LIMITED,Technology
I D P ENGINEERING CONSULTANCY UK LTD,Engineering
I DIRECT INDEPENDENT LIVING LIMITED,Healthcare
I LOVE COFFEE ROASTING UK LTD,Education
I M DEN LIMITED,Healthcare
I M SMILE LTD,Healthcare
I NEED AN EXPERT LIMITED,Technology
I SOLUTION TECHNOLOGY LTD,Technology
I&T SERVICES LIMITED,Technology
I-BITZ SOLUTIONS LIMITED,Technology
I-CARE RELIABILITY UK LIMITED,Technology
I-COST LTD,Technology
I-SMILE CLINIC LTD,Healthcare
I-SWARM DECISIONS LIMITED,Technology
I-TELERAD UK LIMITED,Healthcare
I.DENTICLE LTD,Healthcare
I.T. DEV LIMITED,Technology
I.V CARE LTD,Healthcare
I3A SOLUTIONS LIMITED,Technology
IA COMPUTERS & SERVICES LIMITED,Technology
IACADEMY INTERNATIONAL LTD,Education
IAM CAPITAL GROUP LTD,Finance
IAM TECH LIMITED,Technology
IAM TECHNOLOGY GROUP LIMITED,Technology
IAME LTD,Technology
IBANFIRST LIMITED,Finance
IBASE SOFTWARE SOLUTIONS PVT LIMITED,Technology
IBASIS EUROPE LIMITED,Technology
IBCOS COMPUTERS LTD,Technology
IBITS R LIMITED,Technology
IBIZNET SERVICES LTD,Technology
IBRAHIM & RAYAN TECHNOLOGIES LTD,Technology
IBRAINERS LTD,Technology
IBSHO CARE LIMITED,Healthcare
IBSTOCK PLACE SCHOOL,Education
IBT MEDIA LTD,Technology
IBU CONSULTING LTD,Technology
IC CONSULT UK LIMITED,Technology
ICAPITAL UK INTERNATIONAL LIMITED,Technology
ICAPS ENTERPRISES LIMITED,Healthcare
ICARE DENTAL LTD,Healthcare
ICARE HEALTH PROFESSIONALS LTD,Healthcare
ICARE LIVING LIMITED,Healthcare
ICARE RESOURCE LIMITED,Healthcare
ICARE SOLUTIONS NW LTD,Healthcare
ICARE SOLUTIONS WIRRAL LTD,Healthcare
ICAREER CONSULTANCY UK LTD,Education
ICBC STANDARD BANK PLC,Finance
ICE DATA SERVICES EUROPE LIMITED,Technology
ICE SUPPORT LIMITED,Technology
ICE TRAVEL GROUP LIMITED,Technology
ICEBERG IDEAS LIMITED,Technology
ICEBRG LIMITED,Technology
ICEDE SOLUTIONS LIMITED,Technology
ICEN RISK LIMITED,Finance
ICENI GLYCOSCIENCE LIMITED,Engineering
ICENI LABS LIMITED,Engineering
ICEYE INFORMATION SOLUTIONS UK LTD,Technology
ICG PLC,Finance
ICIC ASSOCIATES LONDON LTD,Engineering
ICICI BANK UK PLC,Finance
ICIT BUSINESS INTELLIGENCE LIMITED,Technology
ICKNIELD HIGH SCHOOL,Education
ICM CAPITAL LIMITED,Finance
ICMP MANAGEMENT LIMITED,Education
ICNH LTD,Technology
ICO PARTNERS LIMITED,Technology
ICON CLINICAL (UK) LIMITED,Technology
ICON CORPORATE FINANCE LIMITED,Finance
ICONIQ INNOVATION LTD,Engineering
ICONNECT DIGITAL SOLUTIONS LTD,Technology
ICOUPON GLOBAL LIMITED,Technology
ICR PUBLICATIONS LTD,Technology
ICREON UK LTD,Technology
ICRIT HEALTHCARE LIMITED,Healthcare
ICROSSING LIMITED,Technology
ICSS LTD,Engineering
ICTS EUROPE SYSTEMS LIMITED,Technology
ICUK CORPORATION LIMITED,Finance
ICYBERDEFENCE LIMITED,Technology
IDALTU LIMITED,Technology
IDAQ LIMITED,Technology
IDASH SOLUTIONS LIMITED,Technology
IDATAMAZE LIMITED,Technology
IDC UK LIMITED,Technology
IDEA INFINITY LTD,Technology
IDEABEAN SOFTWARE TECHNOLOGY LTD,Technology
IDEAL CENTRE HULL LIMITED,Education
IDEAL HOME CARE LTD,Healthcare
IDEAL SMILE LIMITED,Healthcare
IDEAL SOLUTIONS MEDIA AND TECHNOLOGY LTD,Technology
IDEALISTIC FINANCIAL SERVICES LTD,Finance
IDEALS SOLUTIONS GROUP LIMITED,Technology
IDEMS INTERNATIONAL COMMUNITY INTEREST COMPANY,Technology
IDENFO LIMITED,Technology
IDENTIFYMOBILE LIMITED,Technology
IDENTITY CARE HOUSING LTD,Healthcare
IDES GLOBAL LIMITED,Engineering
IDNOW UK LIMITED,Technology
IDP CONNECT LTD,Technology
IDP LANDSCAPE LTD,Engineering
IDP WEST MIDLANDS LIMITED,Engineering
IDR SOLUTIONS LIMITED,Technology
IDS LOGIC UK LIMITED,Technology
IDS TECHNOLOGY LIMITED,Technology
IDUNA OMA LIMITED,Finance
IEDUCATION LIMITED,Education
IEMS LONDON LIMITED,Education
IESO DIGITAL HEALTH LIMITED,Healthcare
IEXPAND CONSULTANCY SERVICES LIMITED,Technology
IFAST GLOBAL BANK LIMITED,Finance
IFINITY GLOBAL LTD,Technology
IFM INVESTORS (UK) LTD,Finance
IFOR WILLIAMS TRAILERS LIMITED,Engineering
IFORMIS LIMITED,Technology
IFSA UK LIMITED,Education
IG GROUP HOLDINGS PLC,Finance
IGENIE LIMITED,Technology
IGNISNOVA LIMITED,Technology
IGNITE HEALTH CARE LTD,Healthcare
IGNITE INNOVATIONS LIMITED,Technology
IGNITER100 UK LTD,Technology
IGNOTA LABS LIMITED,Engineering
IGNYTO LIMITED,Technology
IGOTFIXED LIMITED,Engineering
IGRID TECHNOLOGY CONSULTING LTD,Engineering
IGUANA INVESTMENTS LTD,Finance
IHH-VAC LIMITED,Engineering
IHS AFRICA (UK) LIMITED,Technology
IHS GLOBAL LIMITED,Finance
IHSS LIMITED,Healthcare
IIH GLOBAL LIMITED,Technology
IIJ EUROPE LIMITED,Technology
IIT SOFTWARE LIMITED,Technology
IJP CORPORATION LTD,Engineering
IKEM'S CARE LIMITED,Healthcare
IKEN BUSINESS LTD,Technology
IKIGAI DATA LTD,Technology
IKIRU PEOPLE LIMITED,Technology
IKM TESTING UK LIMITED,Engineering
IKNOW TECHNOLOGY UK LTD,Technology
IKON SCIENCE LIMITED,Technology
IKSYSTEMS LIMITED,Technology
IKUBE LIMITED,Technology
IKUE LIMITED,Technology
ILEARN INTERNATIONAL LIMITED,Education
ILFORD HOMES LIMITED,Healthcare
ILFORD ISLAMIC CENTRE LIMITED,Healthcare
ILIKA TECHNOLOGIES LTD,Engineering
ILLIQUIDX LIMITED,Finance
ILLUMINA CAMBRIDGE LIMITED,Engineering
ILLUMINANCE FOSTERING SERVICES LTD,Healthcare
ILLUMINATE FINANCIAL MANAGEMENT LTD,Finance
ILLUMINATE MINDS TRUST,Education
ILLUMINET SOLUTIONS LIMITED,Technology
ILM-ORNATE LANE LTD,Technology
ILP UK HOLDINGS LTD,Finance
ILS GLOBAL LTD,Education
IM AUTOMATION SYSTEMS LIMITED,Engineering
IMA SWIFTPACK LIMITED,Engineering
IMAD SARAFI LTD,Finance
IMAGEFAST LIMITED,Technology
IMAGINAL WAYS LTD,Healthcare
IMAGINATAL SERVICES LTD,Healthcare
IMAGINATION TECHNOLOGIES LIMITED,Technology
IMAGINE MORTGAGES LIMITED,Finance
IMAGINERA LIMITED,Technology
IMAGINETEC LTD,Technology
IMAGO PUBLISHING LIMITED,Technology
IMAKER GROUP LIMITED,Engineering
IMANAGE EMEA LIMITED,Technology
IMANOVA LIMITED,Healthcare
IMAP CENTRE LIMITED,Education
IMAXX LIMITED,Engineering
IMC LONDON LIMITED,Finance
IMEC CAMBRIDGE UK LIMITED,Engineering
IMERSIFI LIMITED,Technology
IMET HEALTHCARE LTD,Healthcare
IMF MANAGEMENT LIMITED,Education
IMI (GB) LIMITED,Education
IMI PUBLISHING LTD.,Technology
IMLINK LIMITED,Technology
IMMEDIATE MEDIA COMPANY LIMITED,Technology
IMMEDIATE QUALITY CARE (IQC) LTD,Healthcare
IMMERSELY LIMITED,Technology
IMMERSIFY EDUCATION LTD,Education
IMMERSIONN LIMITED,Technology
IMMERSIVE GROUP GAMING LTD,Finance
IMMERSIVE MOBILE DESIGNS PVT LTD,Technology
IMMUNOCORE LIMITED,Engineering
IMMUNODIAGNOSTIC SYSTEMS HOLDINGS LIMITED,Healthcare
IMPACT ACADEMY LIMITED,Education
IMPACT CARE LIMITED,Healthcare
IMPACT CARE-UK LIMITED,Healthcare
IMPACT CHILDCARE AND EDUCATION LTD,Healthcare
IMPACT CUBED LIMITED,Finance
IMPACT DATA METRICS LTD,Technology
IMPACT MULTI ACADEMY TRUST,Education
IMPACT PROFESSIONAL SOLUTIONS LTD,Technology
IMPACT SOCIAL VALUE REPORTING LTD,Technology
IMPACT WOMEN NETWORK CIC,Education
IMPACTABLE INVESTMENT GROUP LTD,Finance
IMPACTED LIMITED,Technology
IMPALA ENGINEERING LTD,Engineering
IMPEL COLLEGE OF LONDON LTD,Education
IMPELSYS LTD,Technology
IMPERF CONSULTING LIMITED,Technology
IMPERIAL CARE CONSORTIUM LTD,Healthcare
IMPERIAL CARE HCS LTD,Healthcare
IMPERIAL CONSULTANCY SERVICES PVT. LTD,Technology
IMPERIAL DENTAL GROUP LIMITED,Healthcare
IMPERIAL EMPLOYMENT RESOURCES LTD,Technology
IMPERIAL IT BUSINESS SOLUTIONS LTD,Technology
IMPERIAL LEARNING LTD,Education
IMPERIAL OAK SCHOOL LIMITED,Education
IMPERIAL OAKS LTD,Education
IMPERIAL THERMAL ENGINEERING LTD,Engineering
IMPERIUM DRIVE LTD,Technology
IMPETUS - THE PRIVATE EQUITY FOUNDATION,Healthcare
IMPLANT&DENTAL PRACTICES UK LIMITED,Healthcare
IMPLANTSSCOTLAND LTD,Healthcare
IMPLEX SOLUTIONS LTD,Technology
IMPRESSION HEALTH AND SUPPORT UK LTD,Healthcare
IMPRESSION LOOKOUT LTD,Technology
IMPRESSION SERVICES LTD,Healthcare
IMPRESSIONS ORTHODONTICS LIMITED,Healthcare
IMPULSE INNOVATIONS LIMITED,Technology
IMRAN MUSHTAQ LTD,Healthcare
IN DEEP GEEK LIMITED,Technology
IN TOTO ED LTD,Education
IN&EDIT UK LIMITED,Engineering
IN-OVO FERTILITY CLINICS LTD,Healthcare
IN-PART PUBLISHING LTD,Technology
IN-SITU MACHINING SOLUTIONS (UK) LIMITED,Engineering
IN-TECH GROUP LTD,Engineering
IN-WORKFORCE LTD,Technology
IN4.0 ACCESS LIMITED,Engineering
IN8 EXPRESSIONS LIMITED,Healthcare
IN8INITY GLOBAL LIMITED,Technology
INCARD LTD,Technology
INCELL BUILD & DESIGN LTD,Technology
INCEPTEO LTD,Technology
INCHWISE EDTECH LTD,Technology
INCLUSION CARE LTD,Healthcare
INCLUSION INDEPENDENCE LIMITED,Healthcare
INCLUSIVE CHILDREN SERVICES LTD,Healthcare
INCLUSIVE COMMUNITIES LIMITED,Education
INCLUSIVE EDUCATION TRUST,Education
INCONTROL SYSTEMS LIMITED,Engineering
INCRED GLOBAL WEALTH LIMITED,Finance
INCTURE TECHNOLOGY LIMITED,Technology
INCYAN LIMITED,Technology
INDEJUICE LIMITED,Technology
INDEPENDENCE-DEVELOPMENT LTD,Healthcare
INDEPENDENT BROKING SOLUTIONS LIMITED,Finance
INDEPENDENT DIGITAL NEWS AND MEDIA LIMITED,Technology
INDEPENDENT FLEET CARE LTD,Engineering
INDEPENDENT LIFESTYLE OPTIONS LTD,Healthcare
INDEPENDENT PHYSIO LTD,Healthcare
INDEPENDENT SUPPORT & CARE LTD,Healthcare
INDEPENDENT SUPPORTED LIVING AND DISABILITIES LTD,Healthcare
INDEPENDENT TECHNOLOGY SYSTEMS LIMITED,Technology
INDEX EXCHANGE LIMITED,Technology
INDEX LEARNING LTD,Education
INDIA INFRASTRUCTURE FINANCE COMPANY (UK) LIMITED,Finance
INDIGO LANDSCAPE ARCHITECTS LIMITED,Engineering
INDIGO PLATFORM LIMITED,Technology
INDIGO TELECOM GROUP LIMITED,Technology
INDIVIDUALISED CARE LTD,Healthcare
INDKONCISE TEK LIMITED,Technology
INDOAMERICAN REFUGEE AND MIGRANT ORGANISATION,Healthcare
INDRA RENEWABLE TECHNOLOGIES LIMITED,Engineering
INDUCTION HEALTHCARE (UK) LIMITED,Technology
INDUCTOTHERM EUROPE LIMITED,Engineering
INDULGE MEDIA UK LIMITED,Technology
INDUSTRIAL BELTING INTERNATIONAL LIMITED,Engineering
INDUSTRIAL INKJET LTD,Engineering
INDUSTRIAL OUTSOURCING LIMITED,Engineering
INELTRON SOLUTIONS UK LTD,Engineering
INEO NUCLEAR UK LTD,Engineering
INETIC LIMITED,Engineering
INETUM DIGITAL SERVICES UK LIMITED,Technology
INFASERV LIMITED,Technology
INFERVISION UK LTD,Technology
INFINIGATE HLD UK LIMITED,Finance
INFINITE BUSINESS SOLUTIONS LTD,Technology
INFINITE COMPUTER SOLUTIONS LIMITED,Technology
INFINITE FINANCE LONDON LIMITED,Finance
INFINITE PEARL LTD,Technology
INFINITE SOCIAL CARE LTD,Healthcare
INFINITI HEALTHCARE LTD,Healthcare
INFINITOPES LIMITED,Engineering
INFINITY CARE SOLUTIONS LTD,Healthcare
INFINITY ELEVATOR LIMITED,Engineering
INFINITY FINANCIALS LIMITED,Finance
INFINITY FIRE AND SECURITY LTD,Technology
INFINITY FOSTER CARE LTD,Healthcare
INFINITY INVESTMENT PARTNERS LIMITED,Finance
INFINITY IT GROUP LTD,Technology
INFINITY NATION LTD,Technology
INFINITY NEXUS TECH LTD,Technology
INFINITY SERVICES (UK) LIMITED,Healthcare
INFINOX CAPITAL LIMITED,Finance
INFINOX LTD,Finance
INFIOS U.K. LTD,Technology
INFLO GROUP LIMITED,Technology
INFO MINDS LTD,Technology
INFOBRIC LIMITED,Technology
INFOCEPTS LIMITED,Technology
INFOCUS CONSULTANTS LIMITED,Technology
INFOHEALTH SOLUTIONS LIMITED,Technology
INFOLOGIX IT SERVICES LTD,Technology
INFOLYTICS LIMITED,Technology
INFOMENTUM LIMITED,Technology
INFOMINERS LTD,Technology
INFONIX SOLUTIONS LTD,Technology
INFONOVA SOLUTIONS LIMITED,Technology
INFOOBJECTS LIMITED,Technology
INFOPLUS TECHNOLOGIES UK LIMITED,Technology
INFORICA LTD,Technology
INFORM HEALTH LIMITED,Technology
INFORMA UK LIMITED,Technology
INFORMATION EDGE LIMITED,Technology
INFORMATION SERVICES CONSULTING LIMITED,Technology
INFORMATION TECH CONSULTANTS LTD,Technology
INFORMATION TECHNOLOGIES LIMITED,Technology
INFORMED SOLUTIONS LIMITED,Technology
INFORTECORP SOLUTIONS LIMITED,Technology
INFORTREND EUROPE LIMITED,Technology
INFOSEC K2K LTD,Technology
INFOSECWORLD LIMITED,Technology
INFOSIGHT CONSULTING GROUP LTD,Technology
INFOSOFT DYNAMICS LTD,Technology
INFOSTASH LTD,Technology
INFOSUM LIMITED,Technology
INFOSYS TECH SOLUTIONS LTD,Technology
INFOTECH SYSTEM SOLUTIONS LIMITED,Technology
INFOTECH WEB TECHNOLOGIES LIMITED,Technology
INFOTECHTION LIMITED,Technology
INFOTEL UK CONSULTING LTD,Technology
INFOWAVE SOLUTIONS LTD,Technology
INFOWEB CONSULTING LTD,Technology
INFRAEXCEL LIMITED,Technology
INFRAFLEX LTD,Technology
INFRARED LIMITED,Technology
INFRASECURE LIMITED,Technology
INFRASOFT TECHNOLOGIES LIMITED,Technology
INFRASTRUCTURE PROJECTS SERVICES LTD,Engineering
INFUSE CONSULTING LIMITED,Technology
INFYOS LTD,Technology
INFYTERA SOLUTIONS LIMITED,Technology
INGAGE IR LIMITED,Technology
INGENI SOLUTIONS LIMITED,Engineering
INGENTA UK LIMITED,Technology
INGENUITY DIGITAL LIMITED,Technology
INGHAM HOUSE LIMITED,Healthcare
INGLEMAN LIMITED,Technology
INGLEPARK LIMITED,Engineering
INGLETONE LIMITED,Technology
INGNITY LTD,Technology
INHABEO LIMITED,Finance
INHAF LTD,Technology
INHERENT LABORATORIES LTD,Technology
INHERITING EARTH LIMITED,Engineering
INIGO LIMITED,Finance
INIVATA LIMITED,Engineering
INJECTION SPECIALIST LTD,Engineering
INK NETWORKS LIMITED,Technology
INLE LTD,Technology
INMARSAT GLOBAL LIMITED,Technology
INNDEX LIMITED,Technology
INNI LTD,Technology
INNO EMENU LTD,Technology
INNO-BI SERVICES LTD,Technology
INNOCARE LIMITED,Healthcare
INNOLAB IT LTD,Technology
INNON ENERGY LTD.,Technology
INNOVA CARE LIMITED,Healthcare
INNOVA HEALTHCARE UK LTD,Healthcare
INNOVATE ADHD LTD,Technology
INNOVATE COMPLEX CARE SERVICES LTD,Healthcare
INNOVATE42 LTD,Technology
INNOVATIFY LTD,Technology
INNOVATION CONSULTING AND SOLUTIONS LTD,Technology
INNOVATION IT CONSULTING LIMITED,Technology
INNOVATION TECHNOLOGY AND BUSINESS SOLUTIONS LIMITED,Technology
INNOVATIONS24 LIMITED,Healthcare
INNOVATIVE AUTOMATED SOLUTIONS LTD,Engineering
INNOVATIVE IT SERVICES LIMITED,Technology
INNOVATIVE PRODUCT DEVELOPMENT DESK LIMITED,Engineering
INNOVATIVE SAFETY SYSTEMS LIMITED,Engineering
INNOVATIVE START LIMITED,Healthcare
INNOVATIVE TEAM SOLUTIONS LTD,Technology
INNOVATUS TELECOM SERVICES LIMITED,Technology
INNOVENT TECHNOLOGY LIMITED,Technology
INNOVERV GLOBAL SOLUTIONS LTD,Technology
INNOVEZ LIMITED,Technology
INNOVIEX LIMITED,Technology
INNOVIS CONSULTING LIMITED,Engineering
INNOVIX IT SOLUTIONS LIMITED,Technology
INNOVIZ LIMITED,Technology
INNOVO HOLDING LIMITED,Finance
INNOWAVE-TECH LIMITED,Technology
INNOWISE SOLUTIONS LIMITED,Technology
INNOWOOD LIMITED,Healthcare
INNTECH SERVICES LTD,Technology
INNVOTEC LIMITED,Finance
INNWOWO LTD,Technology
INOMED NEUROCARE LIMITED,Healthcare
INOTEC AMD LIMITED,Engineering
INOVA BUSINESS SOLUTIONS LIMITED,Technology
INOVAANTAGE LTD,Technology
INOVATECH SOLUTIONS LTD,Technology
INOVENTIVE SERVICES LIMITED,Technology
INOVEX SYSTEMS LIMITED,Engineering
INOVIA CAPITAL (UK) LIMITED,Finance
INP ENGINEERING & SERVICES UK LTD,Engineering
INPACH SOLUTIONS LIMITED,Technology
INPERIO (SERVICES) LIMITED,Finance
INPLOI LIMITED,Technology
INS. IT SOLUTIONS LIMITED,Technology
INSAFEHANDS LIMITED,Healthcare
INSCOR HEALTHCARE LTD,Healthcare
INSIDER SERVICES UK LIMITED,Technology
INSIDER TECHNOLOGIES LIMITED,Technology
INSIDERS GROUP LTD,Technology
INSIFE UK LTD,Technology
INSIGHT ANALYTICS SOLUTIONS LIMITED,Engineering
INSIGHT CARE & SUPPORT LTD,Healthcare
INSIGHT CARE GROUP LTD,Healthcare
INSIGHT DATA ANALYTICS LIMITED,Technology
INSIGHT DIRECT (UK) LTD,Technology
INSIGHT SPECIALIST BEHAVIOURAL SERVICE LTD,Healthcare
INSIGHT TECHNOLOGY LTD,Technology
INSIGHT VENTURE MANAGEMENT UK LIMITED,Finance
INSIGHTFUL TECHNOLOGY LIMITED,Technology
INSIGHTS ESC LTD,Education
INSIGHTS IT SOLUTIONS LIMITED,Technology
INSIGHTSOFTWARE UK LTD,Technology
INSIGNIA MEDICAL SYSTEMS LIMITED,Technology
INSITE TECHNICAL SERVICES LIMITED,Engineering
INSMED INNOVATION UK LTD,Engineering
INSPIRATION CARE GROUP LIMITED,Healthcare
INSPIRATION TRUST,Education
INSPIRE (WALSALL) LIMITED,Education
INSPIRE CARE AGENCIES LIMITED,Healthcare
INSPIRE CHILDCARE LTD,Healthcare
INSPIRE EDUCATION TRUST,Education
INSPIRE LONDON COLLEGE LIMITED,Education
INSPIRE MANAGEMENT GROUP LTD,Healthcare
INSPIRE MIDDLESEX COLLEGE LTD,Education
INSPIRE PARTNERSHIP ACADEMY TRUST,Education
INSPIRE YOU CARE LTD,Healthcare
INSPIRED CARE 4ALL LTD,Healthcare
INSPIRED EDUCATIONAL CONSULTING LIMITED,Education
INSPIRED HEALTH CHIROPRACTIC LTD,Healthcare
INSPIRED LEARNING GROUP (UK) LIMITED,Education
INSPIRED TESTING LIMITED,Technology
INSPIRED THINKING GROUP (ITG) LIMITED,Technology
INSPIREDGT LTD,Technology
INSPIREN GLOBAL EDUCATION LTD,Education
INSPIREXT CONSULTING LTD,Technology
INSPIRING GENERATIONS LTD,Healthcare
INSPIRING TUTORS LTD,Education
INSTABASE UK LTD,Technology
INSTADEEP LTD,Technology
INSTANT CARE SOLUTIONS LIMITED,Healthcare
INSTATECH GLOBAL LTD,Technology
INSTIL BIO (UK) LIMITED,Engineering
INSTILL AI LTD,Technology
INSTITUTE FOR EMPLOYMENT STUDIES,Engineering
INSTITUTE FOR STRATEGIC DIALOGUE,Engineering
INSTITUTE FOR THE FUTURE OF WORK,Education
INSTITUTE FOR VOLUNTARY ACTION RESEARCH,Engineering
INSTITUTE OF INTEGRATED SYSTEMIC THERAPY,Healthcare
INSTITUTE OF OCCUPATIONAL MEDICINE,Engineering
INSTITUTE OF RISK MANAGEMENT,Education
INSTITUTIONAL SHAREHOLDER SERVICES UK LIMITED,Technology
INSTRUCKO LIMITED,Education
INSTRUCTURE GLOBAL LIMITED,Technology
INSURE SMART LIMITED,Finance
INSURITY EUROPE LTD,Technology
INSURWAVE LIMITED,Technology
INSURX LIMITED,Technology
INSYDIUM LTD,Technology
INTANDEM SOLUTIONS LIMITED,Technology
INTANGIBLE SERVICES UK LIMITED,Technology
INTAPP LIMITED,Technology
INTECH IT SUPPORT LTD,Technology
INTECON UK LTD,Technology
INTEGER LET'S ORDER FOOD LTD,Technology
INTEGRA (E-QUIP) LIMITED,Technology
INTEGRA TECH SOLUTIONS LTD,Technology
INTEGRA TECHNICAL SERVICES LIMITED,Finance
INTEGRAL DEVELOPMENT CORPORATION (EUROPE) LIMITED,Technology
INTEGRAL FOCUS LTD,Healthcare
INTEGRAL ZONE UK LIMITED,Technology
INTEGRATED CARE 24,Healthcare
INTEGRATED CLINICAL ONCOLOGY NETWORK UK LTD,Healthcare
INTEGRATED ENVIRONMENTAL SOLUTIONS LIMITED,Technology
INTEGRATED FAMILY SUPPORT LIMITED,Healthcare
INTEGRATED FOSTERING SERVICES LTD,Healthcare
INTEGRATED MEDIA SOLUTIONS LTD,Technology
INTEGRATED PAYMENT SOLUTIONS LTD,Technology
INTEGRATED SUPPORT SERVICES LTD,Healthcare
INTEGRATED SYSTEM TECHNOLOGIES LIMITED,Technology
INTEGRATION360 LIMITED,Technology
INTEGRATIVE SUPPORTED LIVING CARE LTD,Healthcare
INTEGRELLA LTD,Technology
INTEGRITY LIFESTYLE LIMITED,Healthcare
INTEGRITY PROJECT SOLUTIONS LIMITED,Technology
INTEGRITY SOCIAL CARE SOLUTIONS LTD,Healthcare
INTEGRITY21 LTD,Engineering
INTEGRO DESIGN ENGINEERING ASSOCIATES LTD,Engineering
INTELANCE DIGITAL ENABLEMENT SERVICES LTD,Technology
INTELEX EUROPE LIMITED,Technology
INTELIBLISS LTD,Technology
INTELISENSE IT LIMITED,Technology
INTELLECT DESIGN ARENA LIMITED,Technology
INTELLECTSOFT LTD,Technology
INTELLECTUAL WORLDWIDE LIMITED,Technology
INTELLEGENS LIMITED,Engineering
INTELLIAM AI PLC,Technology
INTELLIAN LIMITED,Technology
INTELLIFLO LIMITED,Technology
INTELLIGENCE FUSION LIMITED,Technology
INTELLIGENT BUILDING GROUP LTD,Technology
INTELLIGENT DATA TECHNOLOGIES LIMITED,Technology
INTELLIGENT ENERGY LIMITED,Engineering
INTELLIGENT LEGAL SOLUTIONS (ILS) LIMITED,Technology
INTELLIGENT MAINTENANCE SYSTEMS LIMITED,Technology
INTELLIGENT PROCESSING SOLUTIONS LIMITED,Finance
INTELLIGENT SOLUTIONS 24 LIMITED,Technology
INTELLIGENT STORM SOLUTIONS LIMITED,Technology
INTELLIGENT TRADING ACADEMY LTD,Education
INTELLIGENT TUTORING LTD,Education
INTELLIINSIGHT LIMITED,Technology
INTELLIMORPH LIMITED,Technology
INTELLIPRO GROUP UK LIMITED,Technology
INTELLIQA LIMITED,Technology
INTELLITHING LTD,Technology
INTELLIWEB LIMITED,Technology
INTELLIWORX MANAGED IT LIMITED,Technology
INTELLUM UK LIMITED,Technology
INTELMATIX LIMITED,Technology
INTELYS TECHNOLOGY LIMITED,Technology
INTENSE TECHNOLOGIES UK LIMITED,Technology
INTENSIV FILTER HIMENVIRO (UK) LTD.,Engineering
INTENT HQ LIMITED,Technology
INTENTSIFY LIMITED,Technology
INTENTTECH LIMITED,Technology
INTERA INVESTMENTS LIMITED,Finance
INTERACTIVE BROKERS (U.K.) LIMITED,Finance
INTERACTIVE LOGISTIC SOLUTIONS LTD.,Technology
INTERACTIVE TRANSACTION SOLUTIONS LIMITED,Technology
INTERALIA CAPITAL LIMITED,Finance
INTERBACS LTD,Technology
INTERCOM SOFTWARE UK LIMITED,Technology
INTERESBA (UK) LIMITED,Technology
INTERFAX EUROPE LIMITED,Technology
INTERGLOBE ENTERPRISES (UK) LIMITED,Finance
INTERGRAPH (UK) LIMITED,Technology
INTERGREAT EDUCATION GROUP LTD.,Education
INTERICA LIMITED,Technology
INTERLEAD EDUCATION LTD,Education
INTERLINK SOFTWARE SERVICES LIMITED,Technology
INTERLOCKS SURVEYS LIMITED,Engineering
INTERMEDIA TECHNOLOGIES COMPANY LTD,Technology
INTERNATIONAL ALERT,Healthcare
INTERNATIONAL ASSET MANAGEMENT LIMITED,Finance
INTERNATIONAL BRITISH ONLINE SCHOOL LTD,Education
INTERNATIONAL CASS ACADEMY LTD,Education
INTERNATIONAL GENERAL INSURANCE COMPANY (UK) LIMITED,Finance
INTERNATIONAL LAWYERS PROJECT,Education
INTERNATIONAL LIVE MUSIC CONFERENCE LIMITED,Technology
INTERNATIONAL MEDICAL CORPS (UK),Healthcare
INTERNATIONAL MEDICAL GROUP LIMITED,Finance
INTERNATIONAL PASSENGER PROTECTION LIMITED,Finance
INTERNATIONAL PERSONAL FINANCE PLC,Finance
INTERNATIONAL RECRUITMENT SOLUTIONS LIMITED,Technology
INTERNATIONAL SHARED SERVICES LIMITED,Technology
INTERNATIONAL SOCIETY OF SUBSTANCE USE PREVENTION AND TREATMENT PROFESSIONALS,Healthcare
INTERNET CONSULTANTS AND ASSOCIATES LTD,Technology
INTERNET MATTERS LIMITED,Technology
INTERNET QUERY MARKETING LTD,Technology
INTEROP.IO UK LIMITED,Technology
INTERROBANG LIMITED,Technology
INTERWORKS EUROPE LIMITED,Technology
INTEUM INTERNATIONAL LTD,Technology
INTO CARE LIMITED,Healthcare
INTRADIEM UK LIMITED,Technology
INTRAEDGE LIMITED,Technology
INTRAGEN LIMITED,Technology
INTRASONICS LIMITED,Engineering
INTREPID CORPORATION LTD,Technology
INTRINSIC GROUP LIMITED,Technology
INTRIVA SERVICES LIMITED,Finance
INTRIX SYSTEMS LIMITED,Technology
INTROBA CONSULTING LIMITED,Engineering
INTROHIVE UK LIMITED,Technology
INTROPIC LIMITED,Technology
INTROPY AI LTD,Technology
INTROWORLD TECHNOLOGY LIMITED,Technology
INTRUST CARE LTD,Healthcare
INTS SOLUTIONS LIMITED,Technology
INTUIT ED LTD,Technology
INTUIT LIMITED,Technology
INTUITIVE BUSINESS INTELLIGENCE LIMITED,Technology
INTURI CONSULTING LTD,Technology
INTURN TRADING LIMITED,Engineering
INVATE SOLUTIONS LTD,Technology
INVENICS SERVICES LTD,Technology
INVENIREX LTD,Engineering
INVENT PARTNERS LIMITED,Technology
INVENTIVE TECHNOLOGIES LIMITED,Technology
INVENTOR-E LIMITED,Engineering
INVENTORS TECH LTD,Engineering
INVEON DIGITAL COMMERCE SOLUTIONS LTD,Technology
INVERCLYDE PHYSIOTHERAPY LTD,Healthcare
INVERID LIMITED,Technology
INVERSITY LTD,Education
INVERTER DRIVE REPAIR LIMITED,Engineering
INVESCO UK LIMITED,Finance
INVEST ASSET MANAGEMENT LTD,Finance
INVEST IN CARE LTD,Healthcare
INVESTCLOUD LIMITED,Technology
INVESTEC BANK PLC,Finance
INVESTENGINE (UK) LIMITED,Finance
INVESTGROW FINANCIAL SERVICES LTD,Finance
INVESTINDUSTRIAL ADVISORS LIMITED,Finance
INVESTINDUSTRIAL SERVICES LIMITED,Finance
INVESTIS DIGITAL LIMITED,Technology
INVESTMENT TRENDS LIMITED,Technology
INVESTOO LTD,Technology
INVESTOR UPDATE LIMITED,Technology
INVEXANS LIMITED,Finance
INVEZTOR LTD,Technology
INVICTIQ LIMITED,Technology
INVIGOR ADOLESCENT CARE LIMITED,Healthcare
INVINCIBLES STUDIO LTD,Technology
INVISAGE ALPHA LTD,Technology
INVOLVE LEEDS,Education
INVOX BELGIUM UK LTD,Engineering
INX LIMITED,Technology
INYANGA MARITIME LIMITED,Engineering
IOCO SOLUTIONS LIMITED,Technology
IODM (UK) LIMITED,Technology
IOHK UK LIMITED,Engineering
IOKODA TECHNOLOGIES LTD,Technology
IOMI SUPPORTED LIVING LTD,Healthcare
IOMOSAIC INTERNATIONAL LIMITED,Technology
ION ASSET ARCHITECTURE UK LIMITED,Technology
ION INDUSTRIES LTD,Technology
IONATE LIMITED,Engineering
IONBOND UK LIMITED,Engineering
IONECH LIMITED,Engineering
IONTAS LIMITED,Engineering
IOSBIO LTD,Healthcare
IOSPEED LIMITED,Technology
IOT INNOVATION LAB LTD,Technology
IOT SOLUTIONS GROUP LTD,Technology
IOT.NXT UK LIMITED,Technology
IOTA SCIENCES LIMITED,Engineering
IOV42 LIMITED,Technology
IOVOX LIMITED,Technology
IP GROUP PLC,Finance
IP-PERFORMANCE LTD,Technology
IPC INFORMATION SYSTEMS,Technology
IPERSONAL PHYSIOTHERAPY LTD,Healthcare
IPG AUTOMOTIVE UK LIMITED,Engineering
IPIPELINE LIMITED,Technology
IPLICIT LIMITED,Technology
IPP ANALYTICS LIMITED,Healthcare
IPROFIX LIMITED,Technology
IPROTECTU LIMITED,Technology
IPS INTERNATIONAL LIMITED,Education
IPSWICH EDUCATION LIMITED,Education
IPTELBD LTD,Technology
IQ HOMECARE LTD,Healthcare
IQ INTEGRITY LIMITED,Technology
IQ-AV LIMITED,Technology
IQGEO UK LIMITED,Technology
IQLIK LTD,Technology
IQPLUS CHILDCARE AND EDUCATIONAL SERVICES LIMITED,Education
IQUW ADMINISTRATION SERVICES LIMITED,Finance
IR IT CONSULTANCY SERVICES LIMITED,Technology
IRECRUIT NOW LTD,Technology
IRESS FS LIMITED,Technology
IRIS CARE SERVICES LTD,Healthcare
IRIS GROUP LIMITED,Technology
IRIS ONE UNITED LTD,Education
IRISI,Healthcare
IROKO SECURITIES LIMITED,Finance
IRON WEALTH MANAGEMENT LIMITED,Finance
IRONSIDE FARRAR LIMITED,Engineering
IRWELL INSURANCE COMPANY LIMITED,Finance
IS RESEARCH LTD,Technology
ISABELLA'S HOMES LIMITED,Healthcare
ISAGGIO LTD,Technology
ISAM FUNDS (UK) LIMITED,Finance
ISANDBOX LTD,Education
ISARC LIMITED,Technology
ISB TECH SOLUTIONS LIMITED,Technology
ISEARCH GLOBAL LIMITED,Technology
ISEMBARD LTD,Engineering
ISENBURG AERO ENGINES LIMITED,Engineering
ISF SERVICES LIMITED,Education
ISGEN LTD,Engineering
ISHAK PRACTICES LTD,Healthcare
ISHIDA EUROPE LTD.,Engineering
ISHY LIMITED,Technology
ISIO GROUP LIMITED,Finance
ISKO SERVICES LIMITED,Engineering
ISLACARE LTD,Technology
ISLAMIC HELP,Healthcare
ISLAMIC RELIEF WORLDWIDE,Healthcare
ISLAMICFINANCEGURU LIMITED,Education
ISLAND CARE LIMITED,Healthcare
ISLAND DENTAL CARE LIMITED,Healthcare
ISLAND TECHNOLOGY (UK) LIMITED,Technology
ISLANDBRIDGE CAPITAL LIMITED,Finance
ISLE CARE (AXHOLME) LTD,Healthcare
ISMART APPS LIMITED,Technology
ISMART GIS LTD,Technology
ISOFT PVT LTD,Technology
ISOFT TESTING LTD,Technology
ISOGENIX LIMITED,Engineering
ISOKINETICA LTD,Healthcare
ISOMERASE THERAPEUTICS LIMITED,Engineering
ISOMETRIC HQ LTD,Technology
ISOMETRIX SOFTWARE UK LTD,Technology
ISOTEST LIMITED,Engineering
ISQUARE TECH SOLUTIONS LTD,Technology
ISS CONSULTANCY LTD,Technology
ISS EHS UK LIMITED,Healthcare
ISTA ENERGY SOLUTIONS LIMITED,Technology
ISTARI GLOBAL LIMITED,Technology
ISTIMAR LTD,Technology
ISUPPORT SERVICES LTD,Healthcare
ISX FINANCIAL UK LTD,Finance
ISZWH LIMITED,Technology
IT ACCESS LTD,Technology
IT BIG BANG LIMITED,Technology
IT CORPORATE LTD,Technology
IT EHUB LIMITED,Technology
IT EUROPA MEDIA & INTELLIGENCE LIMITED,Technology
IT HELPDESK BURTON LTD,Technology
IT MERGE LTD,Technology
IT MOBILITY LTD,Technology
IT PROFESSIONAL TRAINING LTD,Education
IT SERVICE LONDON LTD,Technology
IT SUPPORT CONSULTANCY LTD,Technology
IT TRANSMUTER CLOUD FORCE LIMITED,Technology
IT VALLEY (LONDON) LTD,Technology
IT-LOGIX LTD,Technology
IT-SOHO LIMITED,Technology
ITAD LIMITED,Engineering
ITALIA CONTI ARTS CENTRE LIMITED,Education
ITARLE (UK) LIMITED,Technology
ITAU BBA INTERNATIONAL PLC,Finance
ITC GLOBAL (UK) LIMITED,Technology
ITC GLOBAL SECURITY LIMITED,Technology
ITC INFOTECH LIMITED,Technology
ITECKPRO LIMITED,Technology
ITENTIAL EUROPE LTD,Technology
ITERA AUTOMOTIVE SOLUTIONS UK LTD,Engineering
ITERNITY LIMITED,Technology
ITERO DEVELOPMENT LIMITED,Engineering
ITEXACT LIMITED,Technology
ITHACA ENERGY PLC,Finance
ITI CAPITAL LIMITED,Finance
ITI ENGINEERING GROUP LIMITED,Finance
ITI YORKSHIRE LIMITED,Education
ITIM LIMITED,Technology
ITINFOTECH LIMITED,Technology
ITKAA LIMITED,Technology
ITM EUROPE LTD,Technology
ITQUEST LIMITED,Technology
ITRAC SOLUTIONS LTD,Technology
ITRANSITION GROUP LIMITED,Technology
ITSEC LTD,Technology
ITSERVICE24/7 LIMITED,Technology
ITSOL LIMITED,Technology
ITSQUARE LIMITED,Technology
ITSX LTD,Technology
ITT INDUSTRIES LIMITED,Engineering
ITTAP LIMITED,Technology
ITVANTAGE SYSTEMS LIMITED,Technology
IU DIRECT LTD,Technology
IUNGO SOLUTIONS LIMITED,Technology
IVENTIS LTD,Technology
IVF LONDON LTD,Healthcare
IVI LONDON WIMPOLE LTD,Healthcare
IVNAAS LIMITED,Technology
IVXS UK LIMITED,Technology
IVY LEAF CARE LIMITED,Healthcare
IVY LEARNING TRUST,Education
IVY TECH LTD,Technology
IVYBRIDGE HOME CARE LIMITED,Healthcare
IWISDOM BUSINESS PARTNERS LTD,Technology
IYKONS LIMITED,Technology
IYRETAIL LTD,Engineering
IYRIS TECHNOLOGY LTD,Engineering
IZDIAR CONSULTANCY LIMITED,Technology
IZMO HOLDINGS UK LTD,Finance
IZZY LOGIC LIMITED,Technology
J & E HALL LIMITED,Engineering
J & J PERRY LIMITED,Healthcare
J P HILDRETH LTD,Engineering
J SAI COUNTRY HOME LIMITED,Healthcare
J&C HEALTHCARE LTD,Healthcare
J&S INTERNATIONAL LIMITED,Technology
J. STERN & CO SERVICES LIMITED,Finance
J.B. BODA & CO. (UK) LIMITED,Finance
J.E.B. TECHNOLOGIES LIMITED,Engineering
J.E.M. CARE LIMITED,Healthcare
J.O.T. LIMITED,Healthcare
J.V. GROWTH LIMITED,Education
J24 RESOURCING LIMITED,Healthcare
JAAHNU SOLUTIONS LIMITED,Technology
JAAM AUTOMATION LTD,Technology
JAB PARTNERS (UK) LIMITED,Finance
JAC ECOM LTD,Education
JACK SIMPSON HOUSE LIMITED,Healthcare
JACQUARD GROUP LIMITED,Technology
JADE BLOSSOM LIMITED,Healthcare
JADEAS LTD,Healthcare
JAEGE SMART TURN LIMITED,Engineering
JAFKO EDUCATION LIMITED,Education
JAGEX LIMITED,Technology
JAGS CONSULTANCY LTD,Technology
JAGWARE LTD,Technology
JAI ARHI LIMITED,Healthcare
JAI MAA VAIBHAV LAXMI LTD,Technology
JAI SHUTTERS LTD,Engineering
JAI TECH LTD,Technology
JAI TECHNOLOGIES LTD,Technology
JAIA LIMITED,Engineering
JAINESH IT SOLUTIONS LTD,Technology
JAIPA LIMITED,Technology
JAIVEL AEROSPACE LIMITED,Engineering
JALALIA SUNNI JAMI MASJID & ISLAMIC EDUCATION CENTRE,Education
JAMEEL MOTORS UK HOLDING LIMITED,Finance
JAMES ALLEN'S GIRLS' SCHOOL,Education
JAMES BLAKE SOLUTIONS LTD,Technology
JAMES FAMILY CARE LTD,Healthcare
JAMES MAE INDUSTRIES LIMITED,Engineering
JAMES PARK ASSOCIATES INTERNATIONAL LIMITED,Engineering
JAMES WHITE ENGINEERING GROUP LIMITED,Engineering
JAMES-LEE CONSULTANCY LTD,Education
JAMF LTD,Technology
JAMIA AL-KARAM,Education
JAMMA INTERNATIONAL,Healthcare
JAMWORKS PLATFORM LIMITED,Technology
JANE STREET EUROPE LIMITED,Finance
JANES CARE HOMES LIMITED,Healthcare
JANKAN ENTERPRISE LIMITED,Healthcare
JANROS CARE SERVICES LIMITED,Healthcare
JAPAFLEX LTD,Technology
JAPAN JOURNALS LIMITED,Technology
JAPCARTRADE LTD,Technology
JAPZ IT LTD,Technology
JAR SOFTWARES LONDON LTD,Technology
JARA SOLUTIONS LTD,Technology
JARDINE CARE LIMITED,Healthcare
JAS GLOBAL SOLUTIONS LIMITED,Technology
JAS INFORMATION SERVICES LIMITED,Technology
JASH VENTURES LIMITED,Technology
JASHIM METAL LTD,Engineering
JASMINE HEALTHCARE LIMITED,Healthcare
JASPER ASSOCIATES LTD,Technology
JAVLIN LTD,Technology
JAW SUSTAINABILITY LIMITED,Engineering
JAYAHARAN MEDICAL SERVICES LTD,Healthcare
JAYAMBER LIMITED,Technology
JAYEX LIMITED,Technology
JAYSH CARE SERVICES LIMITED,Healthcare
JAYWING UK LIMITED,Technology
JAZ CARE LTD,Healthcare
JBCTA LTD,Education
JBL LIVING LTD,Healthcare
JBR CAPITAL LIMITED,Finance
JBS NEXUS TECH LTD,Technology
JC DATA SOLUTIONS LIMITED,Technology
JC SOFTLINKS LTD,Technology
JCM BUSINESS SOLUTIONS LIMITED,Technology
JCTEK LIMITED,Technology
JDA CARE LIMITED,Healthcare
JDDK ARCHITECTS LTD,Engineering
JDR PRODUCTS LIMITED,Engineering
JDRM DENTAL CARE LIMITED,Healthcare
JEANNINE MANUEL SCHOOL,Education
JEFFERIES INTERNATIONAL LIMITED,Finance
JELLYJAMES PUBLISHING LIMITED,Education
JEM CARE HOME SERVICES LIMITED,Healthcare
JEM SUPPORT SERVICES LIMITED,Healthcare
JENNIFER BARR CHIROPRACTIC LTD,Healthcare
"JENSEN HUGHES UK, LTD.",Engineering
JENSEN UK LIMITED,Engineering
JENSTEN GROUP LIMITED,Finance
JERA NEX BP LIMITED,Finance
JERBS EDUCATION ACADEMY LTD,Education
JEREMY BLAKE LTD,Engineering
JERPOINT CAPITAL (UK) MANAGEMENT LTD,Finance
JERSEY TELECOM (UK) LIMITED,Technology
JESHURUN SERVICES LIMITED,Technology
JESMUND CARE LIMITED,Healthcare
JESSY CARE LTD,Healthcare
JESUS POWER HOUSE MINISTRIES LIMITED,Education
JETBRAINS UK LIMITED,Technology
JETHRO LIMITED,Technology
JETKING LIMITED,Technology
JETMS COMPLETIONS LTD,Engineering
JEWEL HOME CARE LTD,Healthcare
JEWEL HOME SUPPORT (LANCS) LTD,Healthcare
JEWEL TECH LIMITED,Technology
JEWELGLEN LIMITED,Healthcare
JEWISH CARE,Healthcare
JEWISH COMMUNITY ACADEMY TRUST,Education
JEYAM ORAL CARE LTD,Healthcare
JFDI CONSULTING LTD,Technology
JFI NGO,Technology
JFROG UK LIMITED,Technology
JH LOMBARD LTD,Finance
JH STAR TRADING LTD,Technology
JI INTERNATIONAL LIMITED,Finance
JIBBLE LTD,Technology
JIGSAW DATING LIMITED,Technology
JIGSAW TECH LTD,Technology
JIT INFO SOLUTIONS LIMITED,Technology
JIVA HEALTHCARE LIMITED,Healthcare
JIVA.AI LIMITED,Technology
JIYA HEALTH CARE LIMITED,Healthcare
JIYATECH LIMITED,Technology
JJK WISE LTD,Finance
JJR CARE LTD,Healthcare
JK DIGITAL CONSULTING LIMITED,Technology
JK HEALTHCARE SERVICES LTD,Healthcare
JK SUPPORT SERVICES LTD,Technology
JK TOOLS LTD,Engineering
JKA INFOTECH LIMITED,Technology
JKR PHARMA LTD,Healthcare
JLC (UK) SG LIMITED,Technology
JLG INDUSTRIES (UNITED KINGDOM) LIMITED,Engineering
JLKARE AND SUPPORT LIMITED,Healthcare
JM CONSULTING LIMITED,Technology
JM SUCCESS LTD,Finance
JM.GSK LTD,Healthcare
JMA ENGINEERING LTD,Engineering
JMD RAILTECH LIMITED,Technology
JMG GROUP INVESTMENTS LIMITED,Finance
JMJ RECRUITMENT LTD,Education
JMS INFOTECH LIMITED,Technology
JN MONEY SERVICES (UK) LIMITED,Finance
JNC UK CONSULTING LIMITED,Technology
JNN (JAST-SAFE HOME CARE) LTD,Healthcare
JO COWEN ARCHITECTS LTD,Engineering
JOAN TECHNOLOGIES LTD,Technology
JOAN'S CARERS LIMITED,Healthcare
JOB PROTOCOL LABS LTD,Technology
JOBA INTERNATIONAL LONDON LTD,Education
JOBLOOKUP LTD,Technology
JOBS THAT SPONSOR LIMITED,Technology
JOFFE BOOKS LIMITED,Technology
JOHAV CARE SUPPORT HEALTHCARE LIMITED,Healthcare
JOHN AND SMITH LTD,Technology
JOHN BEAN TECHNOLOGIES LIMITED,Engineering
JOHN BINNS SPRINGS A CGR COMPANY LIMITED,Engineering
JOHN BROWN UNIVERSITY NORTHERN IRELAND,Education
JOHN COLET SCHOOL,Education
JOHN CRANE UK LIMITED,Engineering
JOHN GILBERT ARCHITECTS LIMITED,Engineering
JOHN HAMPDEN GRAMMAR SCHOOL,Education
JOHN KING CHAINS LIMITED,Engineering
JOHN MCDOWELL LIMITED,Healthcare
JOHN PAWSON LIMITED,Engineering
JOHN PUTTICK ASSOCIATES LIMITED,Engineering
JOHN ROE GROUP LIMITED,Finance
JOHN STREET CAPITAL LIMITED,Finance
JOHN WARE LIMITED,Healthcare
JOHN WILEY & SONS LIMITED,Technology
JOHNNY GOGGLES LTD,Healthcare
JOHNSON & PHILLIPS (CAPACITORS) LIMITED,Engineering
JOIN HANDS CARE LTD,Healthcare
JOIN HOMECARE LTD,Healthcare
JOINT AND SPINE LTD,Healthcare
JON MATTHEWS ARCHITECTS LIMITED,Engineering
JONAS COLLECTIONS AND RECOVERY LIMITED,Technology
JONAS COMPUTING (UK) LIMITED,Technology
JONAS METALS SOFTWARE LIMITED,Technology
JONES & WAGENER UK LIMITED,Engineering
JONESTRADING INTERNATIONAL LIMITED,Finance
JONICSUN UK LIMITED,Technology
JOOYSOFT LIMITED,Technology
JORDAN CARE AND RECRUITMENT LTD,Healthcare
JORDAN XAVIER LTD,Healthcare
JOSAK CARE AND RECRUITMENT LTD,Healthcare
JOSBEN CARE SERVICES LIMITED,Healthcare
JOSBEN INTERNATIONAL COLLEGE UK LTD,Technology
JOSEPH HOUSE (REEDHAM) LIMITED,Healthcare
JOSEPH ROWNTREE FOUNDATION,Healthcare
JOSH'S CARE COMPANY LTD,Healthcare
JOSHI HOME CARE LTD,Healthcare
JOSKOS SOLUTIONS LIMITED,Technology
JOTHNO CARE AND SUPPORT LTD,Healthcare
JOULE ENERGY UK LTD,Engineering
JOURNEY DIGITAL EMEA LIMITED,Technology
JOURNEY HOSPITALITY LIMITED,Technology
JOURNEYING SUPPORT SERVICES LIMITED,Healthcare
JOVI ENTERTAINMENT LIMITED,Engineering
JOY GLOBAL (UK) LIMITED,Engineering
JOY SMILE LIMITED,Healthcare
JOY-TECH CONSULTANCY LTD,Technology
JOYCE CARE SUPPORT LTD,Healthcare
JOYMO UK LTD,Technology
JOYOUS LIMITED,Healthcare
JP FIRST STEPS LIMITED,Healthcare
JPA PRODUCT DESIGN LIMITED,Engineering
JPL TELECOM LIMITED,Technology
JR VENTILATION LTD,Engineering
JRC CAPITAL LIMITED,Finance
JRECT LIMITED,Healthcare
JS CARE 4 ALL LTD,Healthcare
JS CLINIC LIMITED,Healthcare
JS CONSULT LIMITED,Education
JSB HEALTHCARE LTD,Healthcare
JSL CARE LIMITED,Healthcare
JSP ALUMINIUM LIMITED,Engineering
JSR LOCUMS LIMITED,Healthcare
JSS HOMECARE LTD,Healthcare
JT CONSULTANCY & ENGINEERING LTD,Engineering
JT EDUCATION LIMITED,Education
JTE CONSULTANTS LTD,Engineering
JTEKT AUTOMOTIVE ENGLAND LTD,Engineering
JTRE LONDON LTD,Finance
JUBILEE ANGELS LIMITED,Healthcare
JUBILEE CARE HOME LIMITED,Healthcare
JUBILEE CARE LTD,Healthcare
JUBNAJ ENTERPRISE LTD,Technology
JUDGE.ME LTD,Technology
JUDGES SCIENTIFIC PLC,Finance
JUDICIUM CONSULTING LIMITED,Finance
JUGA HOMES LTD,Healthcare
JULEE CARE LIMITED,Healthcare
JULIA INTERIOR ARCHITECTURE AND DESIGN LTD,Engineering
JULIAND DIGITAL LTD,Technology
JULIAPHARM U.K. LIMITED,Healthcare
JULIUS BAER INTERNATIONAL LIMITED,Finance
JUMAR SOLUTIONS LIMITED,Technology
JUMO EUROPE LIMITED,Engineering
JUMP START CENTRE LIMITED,Healthcare
JUMPSEC LIMITED,Technology
JUNCTION CONNECT LIMITED,Technology
JUNGHEINRICH UK LIMITED,Engineering
JUNI FINANCIAL LIMITED,Technology
JUNIOR ADVENTURES GROUP UK LTD,Healthcare
JUNIOR AI LIMITED,Technology
JUNIOR VIPS NURSERY LIMITED,Education
JUNIPER COURT CARE LIMITED,Healthcare
JUNIPER EDUCATION LIMITED,Technology
JUNIPER MANTON LIMITED,Technology
JUNIPER NETWORKS (UK) LIMITED,Technology
JUNIPER TECH LIMITED,Technology
JUNIVA HOMECARE SERVICES LTD,Healthcare
JUNKFISH LIMITED,Technology
JUNO GENETICS LTD,Healthcare
JUNO PRIVATE WEALTH LTD,Finance
JUPITER ASSET MANAGEMENT LIMITED,Finance
JUPITER CARE LTD,Healthcare
JUPITER FINCORP LIMITED,Technology
JURALIO LTD,Technology
JURITA LIMITED,Education
JURO ONLINE LIMITED,Technology
JURU LIMITED,Engineering
JUSAN TECHNOLOGIES LTD,Finance
JUST EAT HOLDING LIMITED,Technology
JUST FINANCIAL GROUP LTD,Finance
JUST GO OUT LTD,Technology
JUST HOMES (SURREY) LTD,Healthcare
JUST HOMES CHARITY,Healthcare
JUST IT CONSULTANT LTD,Technology
JUST ORDER ONLINE LIMITED,Technology
JUST TECHNOLOGY GROUP LTD,Technology
JUSTINTIME HEALTHCARE SERVICES LIMITED,Healthcare
JUSTPARENT LTD,Technology
JUSTPARK PARKING LIMITED,Technology
JUVENTA 4 CARE LTD,Healthcare
JV CONTROLS LIMITED,Technology
JV SOFT LIMITED,Technology
JV TEC SOFTWARE SOLUTIONS LIMITED,Technology
JW FROEHLICH UK LIMITED,Engineering
JW PLAYER UK LTD,Technology
JW PREMIER HEALTH LTD,Healthcare
K & S (PRIVATE) LTD,Healthcare
K EDUCATION LTD,Education
K M P ASSOCIATES LIMITED,Technology
K S HUNJAN ASSOCIATES LIMITED,Healthcare
K T I SYSTEMS LIMITED,Technology
K&R SOLUTIONS LTD,Technology
K&W HEALTHCARE LIMITED,Healthcare
K.LABS GROUP LIMITED,Finance
K1 ENGINEERING LTD,Engineering
K2 ENGINEERING & ENERGY LTD,Engineering
K2 GROUP HOLDINGS LIMITED,Finance
K2 INTELLIGENCE LIMITED,Finance
K2SA LIMITED,Technology
K3 ADVANTAGE LIMITED,Finance
K423 LIMITED,Technology
KA & KI BATH LIMITED,Healthcare
KA PLATINUM BUILDERS LIMITED,Finance
KA TEST CONSULTANT LTD,Technology
KAAR TECHNOLOGIES UK LIMITED,Technology
KAAVEE LTD,Healthcare
KABAYAN CAPITAL LTD,Finance
KABAYAN FINANCE LIMITED,Finance
KADARCARE SERVICE LTD,Healthcare
KADESH CARE LTD,Healthcare
KADMIEL PROJECTS LIMITED,Healthcare
KADMOS CAPITAL LTD,Finance
KAEDIM LIMITED,Technology
KAF TELECOM LTD,Technology
KAFADAR LIMITED,Technology
KAGOOL LTD,Technology
KAILASH DOUBLE GLAZING LTD,Engineering
KAIRA GLOBAL LTD,Technology
KAIZEN CONSULTING AND ENGINEERING LTD,Engineering
KAIZEN REPORTING LIMITED,Technology
KAIZZEN TECH LIMITED,Technology
KAKATEEYA CONSULTING SERVICES LTD,Technology
KAL IT LIMITED,Technology
KALAI TECH LIMITED,Technology
KALEIDOSCOPE GROUP LTD,Finance
KALEIDOSCOPE PROJECT,Healthcare
KALEIDOSCOPE SOLUTIONS LIMITED,Technology
KALEYRA UK LIMITED,Technology
KALIBRATE TECHNOLOGIES LIMITED,Technology
KALLIDUS LIMITED,Technology
KALMAR LIMITED,Engineering
KALNAS GROUP LTD,Technology
KALON FINANCIAL LTD,Finance
KALPADRUM LIMITED,Technology
KALPAH V IT SOLUTIONS LIMITED,Technology
KALSI CARE AND COMPANY LIMITED,Healthcare
KALUZA LTD,Technology
KALVISTA PHARMACEUTICALS LIMITED,Engineering
KALVOTECH LIMITED,Engineering
KAM SKY LIMITED,Technology
KAMPAG LIMITED,Technology
KAMPMANN UK LTD,Engineering
KAMPUS GROUP LTD,Education
KAN ENGINEERING LTD,Engineering
KANA NURSERIES LIMITED,Education
KANADEVIA INOVA CAPITAL LTD,Finance
KANADEVIA INOVA UK LIMITED,Engineering
KANAJ DESIGNS LTD,Technology
KANDA PRODUCTS & SERVICES LTD,Technology
KANDJI UK LIMITED,Technology
KANDS DENTAL CERAMICS LABORATORY LIMITED,Healthcare
KANGAROO KIDS NURSERY LIMITED,Education
KANJO HEALTH LTD,Technology
KANMALAITECH UK LIMITED,Technology
KANNEGIESSER UK LIMITED,Engineering
KANTOX LTD,Finance
KAPEK LTD,Engineering
KAPITAL MEDIA LONDON LIMITED,Technology
KAPLAN CARE LIMITED,Healthcare
KAPLAN FINANCIAL LIMITED,Education
KAPLAN INTERNATIONAL COLLEGES U.K. LIMITED,Education
KAPPA LAB LTD,Technology
KAPPA PLANNING LTD,Engineering
KAPTIUS LIMITED,Technology
KARA CARE HOME LIMITED,Healthcare
KARAGEORGIOU LTD,Healthcare
KARAMAA LIMITED,Healthcare
KARAYI GROUP LIMITED,Finance
KARBON KINETICS LTD,Engineering
KAREN ANNE JAMIESON LTD,Healthcare
KARMA LIV - IN LIMITED,Healthcare
KARPE DIEM HEALTHCARE LTD,Healthcare
KARREK COMMUNITY CIC,Healthcare
KARTACA UK LIMITED,Technology
KARTOA TECHNOLOGIES LTD,Technology
KARUNA CARE LIMITED,Healthcare
KARVA CARE SERVICES LIMITED,Healthcare
KAS LONDON LTD,Engineering
KAS PAPER SYSTEMS LIMITED,Engineering
KASAKASA LTD,Healthcare
KASE CARE LIMITED,Healthcare
KASHFOX LTD,Technology
KASHMIR YOUTH PROJECT,Healthcare
KASHVI TECHNOSOFT LTD,Technology
KASKO LTD,Technology
KASON EUROPE LIMITED,Engineering
KASPERSKY LAB UK LIMITED,Technology
KASSEL MEDIA LTD,Technology
KATAM TECHNOLOGIES LTD,Technology
KATEY'S HOUSE LIMITED,Education
KATHAKA ADVISERS LIMITED,Finance
KATHARINE LADY BERKELEY'S SCHOOL,Education
KATHRYN HOMES LIMITED,Healthcare
KATTZ GROUP LIMITED,Finance
KAU MEDIA GROUP LTD,Technology
KAVELTECH LIMITED,Technology
KAY SERVICES (UK) LIMITED,Technology
KAYA INC LTD,Technology
KAYAA HOLISTIC CENTRE LTD,Healthcare
KAYCEE FIRST STEP CHILDMINDER LTD,Healthcare
KAYOSKI CARE LTD,Healthcare
KB4CARE LIMITED,Healthcare
KBC TECHNOLOGIES UK LIMITED,Technology
KBM TRAINING & RECRUITMENT LTD,Education
KC24HEALTHCARE LTD,Healthcare
KCDENT LTD,Healthcare
KCL CARE LIMITED,Healthcare
KCN MARINE LTD,Engineering
KCOM GROUP LIMITED,Technology
KCP LTD,Technology
KDC PROJECTS LIMITED,Engineering
KDDI EUROPE LIMITED,Technology
KE 247 STAFFING SOLUTIONS LTD,Healthcare
KEAMORE LIMITED,Technology
KEATH.AI LTD,Technology
KEE SAFETY LIMITED,Engineering
KEEL HARBOUR CAPITAL LIMITED,Finance
KEELWORKS LTD,Technology
KEEM HEALTHCARE LTD,Healthcare
KEEPER SYSTEMS LTD,Technology
KEEPING GOOD COMPANY LIMITED,Engineering
KEEPME LTD,Technology
KEEPNET LABS LTD,Technology
KEERTANA INFORMATION TECHNOLOGY SOLUTIONS LIMITED,Technology
KEET TECHNOLOGY SOLUTIONS LTD,Technology
KEIGHLEY BROKING SERVICES LIMITED,Finance
KEIKY LIMITED,Engineering
KEITH COHEN LIMITED,Healthcare
KEITH SIMPSON ASSOCIATES LTD,Engineering
KEITH SMILE CENTRE LIMITED,Healthcare
KEJIA EDUCATION GUARDIAN LTD,Education
KELLI SHINFIELD NOVAK THERAPY LTD,Healthcare
KELLTON TECH (UK) LIMITED,Technology
KELLTRON CONSULTING SERVICES UK LTD,Technology
KELLTRON SOFTWARE SOLUTIONS LTD,Technology
KELLY ADJUSTERS LIMITED,Finance
KELOTECH LTD,Technology
KELVION LIMITED,Engineering
KEMAT CONSULTING LIMITED,Technology
KEMTEK LTD,Technology
KENDAL SMILE CENTRE LTD,Healthcare
KENDALL CARE LIMITED,Healthcare
KENDRICK SCHOOL,Education
KENILWORTH CHIROPRACTIC CLINIC LTD,Healthcare
KENILWORTH MULTI ACADEMY TRUST,Education
KENMORE CARE HOLDING LTD,Healthcare
KENMORE FERNDOWN LIMITED,Healthcare
KENMORE HAMILTON PARK LIMITED,Healthcare
KENNET PARTNERS LIMITED,Finance
KENSINGTON ALDRIDGE ACADEMY,Education
KENSINGTON CLINIC LTD,Healthcare
KENSINGTON HC LTD,Healthcare
KENSINGTON HEALTH CLINIC LIMITED,Healthcare
KENSINGTON HOME CARE LIMITED,Healthcare
KENSINGTON INSURANCE BROKERS LIMITED,Finance
KENSINGTON MEDICAL CLINIC LIMITED,Healthcare
KENSINGTON MEDICAL CONSULTANCY LIMITED,Healthcare
KENSINGTON PRESS LIMITED,Education
KENT CARE LTD,Healthcare
KENT CATHOLIC SCHOOLS' PARTNERSHIP,Education
KENT CONNECT LTD,Engineering
KENT RESIDENTIAL SERVICES LIMITED,Healthcare
KENTINENTAL ENGINEERING LIMITED,Engineering
KENTISH HOMECARE AGENCY LIMITED,Healthcare
KENTO LIMITED,Technology
KENTWOOD HOUSE LTD,Healthcare
KEPLER INTERACTIVE LIMITED,Finance
KEPTRA TECHNOLOGIES LIMITED,Technology
KER ASSOCIATES LIMITED,Engineering
KERALA AYURVEDA CENTRE LIMITED,Healthcare
KERCKHOFFS LTD,Technology
KERENSA SUPPORT LIMITED,Healthcare
KERF DEVELOPMENTS LIMITED,Engineering
KERNOW HEALTH CIC,Healthcare
KEROGEN CAPITAL (UK) LIMITED,Finance
KERRERA MARINA & YACHT SERVICES LTD,Engineering
KERSE CONSULTANCY LTD,Education
KERV GROUP LIMITED,Finance
KESMALEA THERAPEUTICS LIMITED,Engineering
KESTREL GROVE LIMITED,Healthcare
KETS QUANTUM SECURITY LTD,Technology
KETTLE COLLECTIVE LTD,Engineering
KEW CENTRE LTD,Education
KEW LEARNING LTD,Education
KEXIM BANK (UK) LIMITED,Finance
KEY CAPITAL LTD,Finance
KEY ESG LIMITED,Technology
KEY IVR LIMITED,Technology
KEYFACTOR UK HOLDINGS LIMITED,Technology
KEYLOOP (UK) LIMITED,Technology
KEYPOINT SOLUTIONS LTD,Technology
KEYROCK UK LIMITED,Finance
KEYS PCE LIMITED,Finance
KEYSPRING CARE LTD,Healthcare
KEYSTONE EMPLOYMENT GROUP NO.1 LIMITED,Technology
KEYSTONE PROPERTY FINANCE LIMITED,Finance
KEYVANTUS DIGITAL SOLUTIONS LIMITED,Technology
KEYVSERVICES LIMITED,Technology
KEZBAN MEDIA AND PUBLISHING LIMITED,Technology
KFK FACADES LTD,Engineering
KG INNOVATE LTD,Technology
KGAL CONSULTING ENGINEERS LTD,Engineering
KGC FACADES UK LTD,Engineering
KH TRADERS LVR LTD,Engineering
KHALID FORENSICS LIMITED,Healthcare
KHALIQUE MEDICAL PRACTICE LIMITED,Healthcare
KHAN ASSOCIATES (UK) LIMITED,Education
KHAN CARE LTD,Healthcare
KHARIS HEALTHCARE LIMITED,Healthcare
KHAYA PROJECT LTD,Healthcare
KHIDMAT CENTRES,Healthcare
KHIN FAMILY SERVICES LTD,Healthcare
KI E-WORKS LTD,Technology
KI HYDROGEN LTD,Engineering
KIAKIAFX LIMITED,Technology
KICK ICT GROUP LIMITED,Technology
KICKTAG WEB SOLUTIONS LTD,Technology
KIDDICARE NURSERY LTD,Healthcare
KIDDIES LOUNGE PRESCHOOL DAY NURSERY LIMITED,Education
KIDO SCHOOLS UK LIMITED,Healthcare
KIDS CLUB LONDON LTD,Healthcare
KIDZ KABIN PEMBROKE STUDIOS LIMITED,Healthcare
KIDZSTEPS KINDERGARTEN AND PRESCHOOL LIMITED,Healthcare
KIGEN (UK) LIMITED,Technology
KIGTEK SOLUTIONS LIMITED,Engineering
KIIN TECH LIMITED,Technology
KILCREGGAN HOMES,Healthcare
KILDRUM CARE LTD,Healthcare
KILN TECHNOLOGIES LIMITED,Finance
KILOH ASSOCIATES LIMITED,Engineering
KIMBOLTON LODGE LIMITED,Healthcare
KIMIA BENAM ARCHITECTS LTD,Engineering
KIMMIT LTD,Technology
KIN VET COMMUNITY HOLDINGS LIMITED,Finance
KINAXIS UK LIMITED,Technology
KINDCARE (UK) LTD,Healthcare
KINDER GENIUS LIMITED,Education
KINDER WORLD DAY NURSERY GROUP LIMITED,Healthcare
KINDERGARTEN FOREST HILL LTD,Education
KINDLINK LTD,Technology
KINDRED CARE LIMITED,Healthcare
KINECTRICS UK LIMITED,Engineering
KINETIC SOLUTIONS LIMITED,Technology
KINETIC TECHNOLOGIES EUROPE LIMITED,Engineering
KINETICS PROCESS CONSULTING UK LIMITED,Engineering
KINETON EUROPE LTD,Engineering
KINEWELL ENERGY LTD,Technology
KING & SHAXSON LIMITED,Finance
KING EDWARD VI ACADEMY TRUST BIRMINGHAM,Education
KING'S COLLEGE HOSPITAL CHARITY,Healthcare
KING'S COLLEGE LONDON BUSINESS LIMITED,Education
KING'S CROSS ACADEMY TRUST,Education
KING'S FERTILITY LIMITED,Healthcare
KING'S GROUP ACADEMIES,Education
"KING'S SCHOOL, ROCHESTER",Education
KINGDOM BANK LIMITED,Finance
KINGDOM BROKERAGE RE (UK) LTD,Finance
KINGDOM COLLEGE LIMITED,Technology
KINGDOM HEALTH LIMITED,Healthcare
KINGDOM SUPPORT AND CARE CIC,Healthcare
KINGDOM TECHNOLOGIES LTD,Engineering
KINGDOM YOUTH SERVICES LIMITED,Healthcare
KINGFISHER CARE (MIDLANDS) LTD,Healthcare
KINGFISHER SCHOOLS TRUST,Education
KINGS ACADEMY TRUST,Education
KINGS DENTAL SPECIALISTS LIMITED,Healthcare
KINGS LANGLEY SCHOOL,Education
KINGSACRE CARE LIMITED,Healthcare
KINGSBRIDGE PRIVATE HOSPITAL NORTH WEST LIMITED,Healthcare
KINGSBRIDGE RISK SOLUTIONS LIMITED,Finance
KINGSBURY HIGH SCHOOL,Education
KINGSBURY IT CONSULTING LTD,Technology
KINGSLEY HALL CHURCH AND COMMUNITY CENTRE,Healthcare
KINGSLEY HEALTHCARE LIMITED,Healthcare
KINGSLEY LEARNING FOUNDATION,Education
KINGSMEAD SCHOOL,Education
KINGSTON EDUCATIONAL TRUST,Education
KINGSTON GRAMMAR SCHOOL,Education
KINGSTON INFOSYS LTD,Technology
KINGSTON PCN LIMITED,Healthcare
KINGSWAY CAPITAL PARTNERS LIMITED,Finance
KINNING PARK CARE HOME (SCOTLAND) LIMITED,Healthcare
KINROSS LIMITED,Healthcare
KINSEED LIMITED,Technology
KINWOOD CARE LIMITED,Healthcare
KIOX-TA LTD,Engineering
KIOXIA TECHNOLOGY UK LTD,Engineering
KIRI TECHNOLOGIES LTD,Technology
KIRKELLA MANSIONS LIMITED,Healthcare
KIRKHAM GRAMMAR SCHOOL,Education
KIRKLANDS CARE LIMITED,Healthcare
KIRKLANDS HEALTHCARE LIMITED,Healthcare
KIRKSTALL PRECISION LIMITED,Engineering
KIRKTONHILL LTD,Healthcare
KIRSTEN'S CARE LTD,Healthcare
KIRTANA CONSULTING UK LIMITED,Technology
KISIMUL GROUP LIMITED,Education
KISMO TECH LTD,Engineering
KIT-AR LIMITED,Technology
KITA EARTH LIMITED,Finance
KITALL LTD,Engineering
KITCHEN COOS & EWES LTD,Education
KITEC HEALTHCARE SERVICES LIMITED,Healthcare
KITRIN (UK) LIMITED,Technology
KIVUE LIMITED,Technology
KIWI COMMERCE LTD,Technology
KIYANNI LTD,Technology
KIYORA SPA LTD,Healthcare
KKA LIMITED,Engineering
KLAR PARTNERS LTD,Finance
KLARUS GLOBAL LIMITED,Technology
KLASPAD LIMITED,Technology
KLAY CAPITAL LIMITED,Finance
KLDISCOVERY LIMITED,Technology
KLEEMANN LIFTS UK LIMITED,Engineering
KLEROO LIMITED,Healthcare
KLH SUSTAINABILITY LTD,Engineering
KLIENT SOFTWARE SOLUTIONS LIMITED,Technology
KLIK2LEARN LIMITED,Education
KLINICA PHYSIOTHERAPY AND HEALTHCARE LIMITED,Healthcare
KLOAY'S CARE LTD,Healthcare
KLOHN CRIPPEN BERGER (UK) LIMITED,Engineering
KLURA LTD,Engineering
KLUSTER ENTERPRISES LIMITED,Technology
KM KAYANI LIMITED,Healthcare
KMA TECH HOLDING LIMITED,Technology
KMS HARDRANGE LIMITED,Engineering
KN1SERV LTD,Technology
KNARKZ SOLUTIONS LIMITED,Technology
KNDS DEFENCE UK LIMITED,Engineering
KNEWTON PLUS ACADEMY LIMITED,Education
KNIGHT ARCHITECTS LIMITED,Engineering
KNIGHT HOME CARE LIMITED,Healthcare
KNIGHT PIESOLD LIMITED,Engineering
KNIGHTINGLES HEALTHCARE (BEDFORDSHIRE) LTD,Healthcare
KNIGHTLEY HOMES GB LTD,Healthcare
KNIGHTS CARE (3) LIMITED,Healthcare
KNIGHTSBRIDGE CONSULTING LTD,Technology
KNIGHTSHILL DENTAL PRACTICE LIMITED,Healthcare
KNITMESH TECHNOLOGIES LIMITED,Engineering
KNORR-BREMSE RAIL SYSTEMS (UK) LIMITED,Engineering
KNOW-IT (GLOBAL) LTD,Technology
KNOWADAYS LTD,Education
KNOWBILITY CONSULTANCY LIMITED,Technology
KNOWCROSS LIMITED,Technology
KNOWLE WEST MEDIA CENTRE,Education
KNOWLEDGE COUNTY TUITION LTD,Education
KNOWLEDGE INTEGRATION LTD,Technology
KNOWLEDGE NEST LTD,Education
KNOWLEDGE SCHOOLS TRUST,Education
KNOWNORIGIN LABS LIMITED,Technology
KO-FI LABS LIMITED,Technology
KOALA IT LTD,Technology
KOAN ADVENTURES LTD,Technology
KOBKUN LIMITED,Healthcare
KOCHAY EXCHANGE LTD,Finance
KODAK LIMITED,Technology
KODALI ENTERPRISE LIMITED,Healthcare
KODAMAI LIMITED,Technology
KODE MEDIA LTD,Technology
KODE SOLUTIONS LTD,Technology
KODELAB LTD,Technology
KODEV INFOTECH LTD,Technology
KOHLER MIRA LIMITED,Engineering
KOHORT SOFTWARE LIMITED,Technology
KOHTARI LIMITED,Technology
KOIOS MASTER DATA LIMITED,Technology
KOLLENO LIMITED,Technology
KOLYTICS LTD,Technology
KOMI APP LIMITED,Technology
KOMMURU TECHNOLOGIES LTD,Technology
KOMODO MEDIA LIMITED,Technology
KOMPLEX CARE LIMITED,Healthcare
KOMZ CONSULTING LTD,Technology
KONASTONE HEALTHCARE LTD,Healthcare
KONGSBERG NORCONTROL LIMITED,Engineering
KONRAD GROUP U.K. LIMITED,Finance
KONRAD-TECHNOLOGIES UK LTD,Technology
KONSISTENT CONSULTING LIMITED,Technology
KONVERGE TECHNOLOGIES LIMITED,Technology
KONVERSATIONAL LIMITED,Technology
KOOLMILL SYSTEMS LIMITED,Engineering
KOOTH DIGITAL HEALTH LIMITED,Healthcare
KOPE AI LTD,Technology
KOPE-MEDICS LTD,Healthcare
KOPLIO LIMITED,Technology
KORABANDI CONSULTING LTD,Technology
KORE IT TECHNOLOGY SERVICES LTD,Technology
KORI,Healthcare
KORTEXT LIMITED,Technology
KORTICAL LTD,Technology
KORU CARE UK LTD,Healthcare
KORU LIFE SCIENCE LIMITED,Engineering
KORUTEK ENGINEERING LTD,Engineering
KOSANJO CARE LIMITED,Healthcare
KOSLI LIMITED,Technology
KOUNNIS INSUFORCE LIMITED,Finance
KP PAY LIMITED,Finance
KP PREMIER CARE LTD,Healthcare
KP SOFTWARE SOLUTIONS LTD,Technology
KPM ENGINEERING LTD,Engineering
KPMSUK LIMITED,Healthcare
KPN SAI HEALTH CARE LTD,Healthcare
KRAI LTD,Engineering
KRAKEN TECHNOLOGIES LIMITED,Technology
KRANK LIMITED,Technology
KREK CONSULTING LTD,Technology
KRESSO CARE LIMITED,Healthcare
KRIPA CARE LIMITED,Healthcare
KRIS CARERS LIMITED,Healthcare
KRISHNA COOL LTD,Engineering
KRISHNA TRADING CORPORATION LIMITED,Engineering
KRISHNEX AI SOLUTION LTD,Technology
KRITI INFOSYSTEMS LIMITED,Technology
KRITITEK LIMITED,Technology
KRIYA FINANCE LIMITED,Technology
KROO BANK LTD,Finance
KRS INFOTECH LIMITED,Technology
KRS UNITED SERVICES LTD,Technology
KRSS LIMITED,Engineering
KRUBHA IT SOLUTIONS UK LTD,Technology
KRUCX TECHNOLOGIES LIMITED,Technology
KRUSHNA HEALTHCARE LIMITED,Healthcare
KRYPTON STRUCTURE LIMITED,Engineering
KRYPTOS TECHNOLOGIES LIMITED,Technology
KRYSTAL VENTURES LIMITED,Finance
KS EDUCATION ASSOCIATES LIMITED,Education
KSEYE GROUP LIMITED,Finance
KSM BEES LIMITED,Education
KSM ZEMAN LTD,Engineering
KSS DESIGN GROUP LIMITED,Engineering
KSTEC GROUP LTD,Technology
KT'S CARE ANGELS LTD,Healthcare
KTG SOCIAL CARE LTD,Healthcare
KTSL LIMITED,Technology
KUAN FINANCIAL (UK) LIMITED,Technology
KUANO LTD,Technology
KUBBERLAXMI LIMITED,Finance
KUBE MEDICAL LIMITED,Healthcare
KUDAN LIMITED,Technology
KUDOS CARE (UK) LIMITED,Healthcare
KUKA ROBOTICS UK LTD,Engineering
KUKLOUS HEALTHCARE LIMITED,Healthcare
KUKULA EDUCATION CONSULTANCY LTD,Technology
KULA TECHNOLOGIES LIMITED,Technology
KULIPA LIMITED,Finance
KUMALA CARE LTD,Healthcare
KUMARI CARE LIMITED,Healthcare
KUMON EUROPE & AFRICA LIMITED,Education
KUMULOS LTD,Technology
KUNAI TECHNOLOGY LIMITED,Technology
KUNZLE LIMITED,Finance
KURA CARE LTD,Healthcare
KURIAN'S FINANCIAL CONSULTANTS LIMITED,Finance
KURO HEALTH SERVICES LIMITED,Healthcare
KURSK LIMITED,Technology
KUVARI PARTNERS (UK) SERVICES LIMITED,Finance
KUWAIT FINANCE HOUSE PLC,Finance
KVS SOFTWARES LIMITED,Technology
KWALEE LTD,Technology
KWIK WEB LTD,Technology
KWIKDRIVE DRIVING SCHOOL LTD,Education
KWIKT LIMITED,Technology
KYBERNETES SECURITY LTD,Technology
KYLE ATLANTIC LTD,Technology
KYMA CAPITAL LIMITED,Finance
KYND LIMITED,Technology
KYNDRYL UK LIMITED,Technology
KYNISCA SPORTS MANAGEMENT LIMITED,Finance
KYOCERA DOCUMENT SOLUTIONS (U.K.) LIMITED,Technology
KYOCERA SGS PRECISION TOOLS EUROPE LTD.,Engineering
KYOTO FUSIONEERING UK LTD.,Engineering
KYRIBA UK LTD,Technology
KYSON DESIGN LIMITED,Engineering
KZEMOS UK LTD,Technology
L D SCHOOL LTD,Education
L S CARE LIMITED,Healthcare
L&F CARE SERVICES LIMITED,Healthcare
L&G - ASSET MANAGEMENT LIMITED,Finance
L&J GC EDUCATION LTD,Education
L&T PATIENT TRANSPORT SERVICES LIMITED,Healthcare
L'ARCHE,Healthcare
L'ARCHE BELFAST,Healthcare
L'ASTUCE GROUP LIMITED,Finance
L'ECOLE DES PETITS LIMITED,Education
L-GAM UK ADVISORS LIMITED,Finance
L. J. & HUE LIMITED,Technology
L.E.A.D. ACADEMY TRUST,Education
L.G. WOODGATE LTD,Healthcare
L3 INFOTECH LIMITED,Technology
L3HARRIS TRENCHANT LTD,Technology
L4 AUTO SPECIALISTS LTD,Engineering
LA BELLE CARE LIMITED,Healthcare
LA ORANGE LIMITED,Finance
LA PETITE ECOLE FRANCAISE LTD,Education
LA PETITE NURSERY LTD,Education
LA ROSA HOMES LIMITED,Healthcare
LAB ARCHITECTS LIMITED,Engineering
LABAIT PROFESSIONALS LIMITED,Technology
LABB LTD,Technology
LABBAIK GLOBAL LTD,Technology
LABCORP EARLY DEVELOPMENT LABORATORIES LIMITED,Engineering
LABRYS TECHNOLOGIES LTD,Technology
LABURNUM HOUSE (SHAW) LIMITED,Healthcare
LABWARE LIMITED,Technology
LACERTA SPORTS LIMITED,Technology
LACUNA SOLUTIONS LIMITED,Technology
LADDER THERAPEUTICS LIMITED,Engineering
LADERA TECHNOLOGY LTD,Technology
LADIES EUROPEAN GOLF VENTURE LIMITED,Education
LADYBIRD LANE NURSERY LIMITED,Education
LADYBIRD NURSERIES LONDON LIMITED,Education
LADYBIRDS NURSERY LIMITED,Education
LADYVILLE LODGE CARE LIMITED,Healthcare
LAERDAL MEDICAL LIMITED,Healthcare
LAFAYETTE RE MANAGEMENT UK LTD,Finance
LAHORI TECH LTD,Technology
LAIDLAW & COMPANY (UK) LTD.,Finance
LAKA LTD,Technology
LAKE MERRITT HOSPITALITY HOLDINGS LIMITED,Finance
LAKE THERAPY LTD,Healthcare
LAKESIDE CARE LTD,Healthcare
LAKESYDE CARE LIMITED,Healthcare
LAKSA SOLUTIONS LTD,Technology
LAKSHMI SAI INFO LIMITED,Technology
LAKSHMI VIHAS SOLUTIONS LTD,Technology
LAKSHMIS JEWELLERS LTD,Engineering
LALITHA CONSULTING LTD,Healthcare
LAMBDA THERAPEUTIC LIMITED,Engineering
LAMBERT ENERGY ADVISORY LIMITED,Finance
LAMPTON SCHOOL ACADEMY TRUST,Education
LANA GROUP LIMITED,Engineering
LANAS INVESTMENTS (U.K.) LIMITED,Finance
LANCASHIRE HOSPITALS SERVICES LIMITED,Healthcare
LANCASHIRE INSURANCE SERVICES LIMITED,Finance
LANCASHIRE SHOPFRONTS LTD,Engineering
LANCASTER INVESTMENT SERVICES LTD,Finance
LANCEFIELD CARE HOME LIMITED,Healthcare
LANCING COLLEGE LIMITED,Education
LAND STUDIO LIMITED,Engineering
LANDAU FORTE CHARITABLE TRUST,Education
LANDFAIR CAPITAL LIMITED,Finance
LANDFX UK LIMITED,Finance
LANDLORD VISION LTD,Technology
"LANDMARK INTERNATIONAL SCHOOL, CAMBRIDGE",Education
LANDMARK SPECIALIST FINANCE LIMITED,Finance
LANDOLT AND BROWN LIMITED,Engineering
LANDWYNN LIMITED,Technology
LANDY TECH LIMITED,Technology
LANETEK GLOBAL SERVICES LTD,Technology
"LANGAN INTERNATIONAL UK, LTD",Engineering
LANGDALE HOUSE LIMITED,Healthcare
LANGFIELDS LIMITED,Engineering
LANGFORD EDUCATIONAL LIMITED,Education
LANGFORD PARK LTD,Healthcare
LANGLAND CARE LIMITED,Healthcare
LANGLEY GRAMMAR SCHOOL,Education
LANGLEY HAVEN CARE HOME LTD,Healthcare
LANGTON LONDON INSURANCE BROKERS LTD,Finance
LANGUAGE DECODE LIMITED,Technology
LANGUAGE STUDIO LIMITED,Education
LANGUAGELEAP SOLUTIONS LTD,Technology
LANGWORTHY CORNERSTONE ASSOCIATION LIMITED,Healthcare
LANIER THEOLOGICAL EDUCATION FOUNDATION,Education
LANIWYN CARE SERVICES LTD,Healthcare
LANTIQX LIMITED,Technology
LANTUM LTD,Technology
LANWARE LIMITED,Technology
LANZATECH UK LIMITED,Engineering
LAPCOM DIRECT LTD,Technology
LAPSE LTD,Technology
LARA NURSERY GROUP LIMITED,Healthcare
LARCHWOOD CARE HOMES (NORTH) LIMITED,Healthcare
LARIAN STUDIOS UK LTD,Technology
LARNE CHEMISTS LIMITED,Healthcare
LARSTAL LIMITED,Finance
LASH INC LTD,Technology
LASO HEALTH CARE LTD,Healthcare
LASZ CORP LIMITED,Education
LATA TECHNOLOGIES LIMITED,Technology
LATENT LABS LIMITED,Engineering
LATENT TECHNOLOGY LTD,Technology
LATENTBRIDGE LIMITED,Technology
LATENTSPACE AI LTD,Technology
LATENTVIEW ANALYTICS UK LIMITED,Technology
LATIN AMERICAN HOUSE,Healthcare
LATIN AMERICAN WOMEN'S RIGHTS SERVICE,Healthcare
LATITUDE CONSULTING GROUP LIMITED,Technology
LATIUM RESEARCH LIMITED,Engineering
LATRA LIMITED,Technology
LATTICE CONSULTING LTD,Technology
LATTICE LABS LTD.,Technology
LATTICE TECHNOLOGIES LIMITED,Technology
LAUNCH ROBOTICS LTD,Engineering
LAURA CARES LIMITED,Healthcare
LAURAPHYS WELLNESS LTD,Healthcare
LAUREL CARE HOME LIMITED,Healthcare
LAURIUM CAPITAL UK LTD,Finance
LAUS ENGINEERING LIMITED,Engineering
LAVELLE CLINIC LTD,Healthcare
LAVENDER MEDICAL LIMITED,Healthcare
LAVINIA CLINIC LIMITED,Healthcare
LAW FIRM SERVICES LIMITED,Technology
LAWFRONT GROUP LIMITED,Finance
LAWNBROOK CARE HOME LIMITED,Healthcare
LAWPORTE LIMITED,Technology
LAWYERLY LTD,Technology
LAYASH LTD,Technology
LAYER SYSTEMS LIMITED,Technology
LAZARD ASSET MANAGEMENT LIMITED,Finance
LBA EUROPE LTD,Finance
LCA EDUCATION LIMITED,Education
LCA LONDON LIMITED,Education
LCC TECHNOLOGIES LIMITED,Engineering
LCH BROOK LIMITED,Healthcare
LCH PARTNERS (UK) LIMITED,Finance
LCK ACADEMY LTD,Education
LCMB THERAHEALTH HOMECARE LTD,Healthcare
LCP CONTROLS LTD,Engineering
LCR VENTURES LIMITED,Finance
LCSV LIMITED,Healthcare
LDBS FRAYS ACADEMY TRUST,Education
LDC CARE COMPANY LTD,Healthcare
LDN PHYSIO LIMITED,Healthcare
LE CHEF PLC,Technology
LE PETIT SAINT LIMITED,Healthcare
LEAD CARE SERVICES LIMITED,Healthcare
LEAD FORENSICS LIMITED,Technology
LEAD TECHNICAL SERVICES LTD,Engineering
LEAD2 CONSULTING LIMITED,Technology
LEADBYTE LIMITED,Technology
LEADER OPTEC LIMITED,Engineering
LEADERS PROTECT LTD,Finance
LEADING GLOBE TECHNOLOGY LIMITED,Technology
LEADSCALE ENGINE LIMITED,Technology
LEADWOOD CARE LIMITED,Healthcare
LEAF-TECH LTD,Engineering
LEAFY TUNNEL LTD,Finance
LEAGRAVE CLINIC LIMITED,Healthcare
LEAN SCRUM GLOBAL LTD,Technology
LEAN TECHNOLOGIES DEVELOPMENT (UK) LIMITED,Technology
LEAP NETWORKS GLOBAL LTD,Technology
LEAP-TEL LIMITED,Technology
LEAPFROG A.I. LTD,Technology
LEAPING TOADS LIMITED,Education
LEAPXPERT UK LIMITED,Technology
LEARN FRENCH WITH ALEXA LIMITED,Education
LEARN-WORLD.IO LIMITED,Education
LEARNING AND SUPPORT SERVICES LIMITED,Healthcare
LEARNING CENTRE FOR MANAGEMENT & TRAINING LTD,Education
LEARNING PARTNERS ACADEMY TRUST,Education
LEARNING POOL LIMITED,Education
LEARNING RESOURCE NETWORK LTD,Education
LEARNING WITHOUT LIMITS ACADEMY TRUST,Education
LEARNING WORLD MONTESSORI LIMITED,Education
LEARNINGPOINT LIMITED,Technology
LEARNSMARTER APPS LTD,Technology
LEASELOCO LTD,Technology
LEATHERSELLERS' FEDERATION OF SCHOOLS,Education
LEBARA LIMITED,Technology
LEDGER TECHNOLOGIES UK LTD,Technology
LEDGY LIMITED,Finance
LEDIBOL LIMITED,Education
LEDWOOD MECHANICAL ENGINEERING LIMITED,Engineering
LEE VALLEY CARE SERVICES LTD,Healthcare
LEEC LIMITED,Engineering
LEEDS HOSPITALS CHARITY,Healthcare
LEEDS JEWISH WELFARE BOARD,Healthcare
LEEDS TRINITY UNIVERSITY,Education
LEELA CONSULTANCY LIMITED,Technology
LEEP HOLDINGS (UTILITIES) LIMITED,Finance
LEESMAN LIMITED,Technology
LEGACY AGENCY LIMITED,Healthcare
LEGACY HEALTHCARE GROUP LTD,Healthcare
LEGACY PRIVATE LIMITED,Healthcare
LEGACY SUPPORTED LIVING LIMITED,Healthcare
LEGACY VENTURES LTD,Education
LEGAL BENCHMARKING LIMITED,Technology
LEGAL MEDICINE LTD,Healthcare
LEGALESIGN LIMITED,Technology
LEGALFLY LTD,Technology
LEGALYTICS LTD,Technology
LEGATICS LIMITED,Technology
LEGEND INTEGRATED CARE LTD,Healthcare
LEGEND IT SOLUTIONS LIMITED,Technology
LEGER EDUCATION TRUST,Education
LEGERITY LIMITED,Technology
LEGH HOUSE LIMITED,Healthcare
LEGO DIGITAL PLAY LIMITED,Technology
LEGRA ACADEMY TRUST,Education
LEGRAND ELECTRIC LIMITED,Engineering
LEHRITY LTD,Technology
LEICESTER MEDICARE LTD,Healthcare
LEIDOS INNOVATIONS UK LTD,Technology
LEIGH ACADEMIES TRUST,Education
LEIGHTON CORPORATION LIMITED,Technology
LEISURE CARE HOMES LIMITED,Healthcare
LEISURELABS LIMITED,Technology
LEK SECURITIES UK LIMITED,Finance
LEMONADE LEMONICA UK LIMITED,Engineering
LEMONGRASS CONSULTING LIMITED,Technology
LEMURIA SOFT LIMITED,Technology
LENDABLE OPERATIONS LTD,Finance
LENDALY LTD,Finance
LENDCO LIMITED,Finance
LENDERWIZE LIMITED,Technology
LENDING HANDS IN CARE LTD,Healthcare
LENDLEASE EUROPE HOLDINGS LIMITED,Finance
LENDSCAPE LIMITED,Technology
LENKIE TECHNOLOGIES LIMITED,Technology
LENORE CARE LTD,Healthcare
LENPAT LIMITED,Healthcare
LEO BAECK COLLEGE,Education
LEO CYBSEC LTD,Technology
LEOGENIC LABS LTD,Technology
LEOGENIC PHARMA LTD,Technology
LEOMINSTER OSTEOPATHS LTD,Healthcare
LEONARD CHESHIRE DISABILITY,Healthcare
LEONARD DESIGN LIMITED,Engineering
LEONARD ENGINEERING DESIGN ASSOCIATES LIMITED,Engineering
LEONIDS EDUCATION GROUP LTD,Education
LEONIS PRINCIPAL LTD,Finance
LERUE HEALTHCARE LTD,Healthcare
LES PETITES ETOILES LIMITED,Education
LESLIE JONES ARCHITECTS LIMITED,Engineering
LESTER CONTROL SYSTEMS LIMITED,Engineering
LESTER ONCOLOGY LIMITED,Healthcare
LETHAL AUTO DESIGN LTD,Engineering
LETS CARE ALL LTD.,Healthcare
LETS DEEL LTD,Technology
LETS IGNITE LIMITED,Technology
LETSLOCALISE LIMITED,Technology
LEUMI UK GROUP LIMITED,Finance
LEVANTE AGENCY LIMITED,Healthcare
LEVARI BUSINESS SERVICES LTD,Technology
LEVEL 40 LTD,Technology
LEVEL E RESEARCH LIMITED,Engineering
LEVEL FINANCIAL TECHNOLOGY LIMITED,Technology
LEVEL HEALTH (UK) LTD,Healthcare
LEVEL THREE TECHNOLOGY SOLUTIONS LTD,Technology
LEVEL WEB LIMITED,Technology
LEVELS TECHNOLOGIES LTD,Technology
LEVEN VALE DP LTD,Healthcare
LEVI CARE PROVIDERS LTD,Healthcare
LEVIDIAN NANOSYSTEMS LIMITED,Engineering
LEVISTOR LTD,Engineering
LEVRA LIMITED,Technology
LEXICA HEALTH AND LIFE SCIENCES CONSULTANCY LIMITED,Healthcare
LEXINGTON ADVISORS UK LIMITED,Finance
LEXSYNERGY LIMITED,Technology
LEXTEGO LTD,Technology
LEXVERIFY LTD,Technology
LEYLAND PRIMARY CARE NETWORK LIMITED,Healthcare
LEYMAR LTD,Healthcare
LEYPASS LTD,Healthcare
LF OUTSOURCING HOLDINGS LIMITED,Finance
LFH FLUID CONTROL LIMITED,Engineering
LGBR CAPITAL LONDON LIMITED,Finance
LGCM ADVISORS LIMITED,Finance
LGMG MACHINERY U.K. LIMITED,Engineering
LGPS CENTRAL LIMITED,Finance
LGR ACADEMY LIMITED,Education
LHASA LIMITED,Engineering
LHC HOLDINGS LIMITED,Finance
LHCM LTD,Finance
LHV BANK LIMITED,Finance
LIAISE (EAST ANGLIA) LIMITED,Healthcare
LIAISE (LONDON) LIMITED,Healthcare
LIAISE (MIDLANDS) LIMITED,Healthcare
LIAISE (SOUTH) LIMITED,Healthcare
LIBATIS LIMITED,Healthcare
LIBERATII LTD,Technology
LIBERTAS GBR LIMITED,Healthcare
LIBERTY ACCOUNTING & TRAINING LTD,Technology
LIBERTY CENTRE LIMITED,Healthcare
LIBERTY EDUCARE LIMITED,Education
LIBERTY GLOBAL EUROPE LIMITED,Technology
LIBERTY HOUSE CARE HOMES LIMITED,Healthcare
LIBERTY INFORMATION TECHNOLOGY LIMITED,Technology
LIBERTY LEASING LIMITED,Finance
LIBERTY OPTIMUM CARE LTD,Healthcare
LIBERTY WOODLAND SCHOOL LIMITED,Education
LIBRA EDUCATION LTD,Education
LICHFIELD SURGERY LTD,Healthcare
LIFE ANCHOR LIMITED,Healthcare
LIFE CARE PLUS LIMITED,Healthcare
LIFE CARE4U LTD,Healthcare
LIFE EDUCATION TRUST,Education
LIFE SHED LTD,Education
LIFE-LINE CARE 4 U LIMITED,Healthcare
LIFEARC,Engineering
LIFEBIT BIOTECH LIMITED,Technology
LIFECOG LIMITED,Finance
LIFECOME CARE LIMITED,Healthcare
LIFELINE CARERS PVT LIMITED,Healthcare
LIFELINE COMMUNITY PROJECTS,Education
LIFELINE HEALTH LIMITED,Healthcare
LIFELONG HOME CARE SERVICES LIMITED,Healthcare
LIFESCAN U.K. LIMITED,Healthcare
LIFESCIENCE CONNECT LTD,Technology
LIFESCORE LIMITED,Technology
LIFESEARCH LIMITED,Finance
LIFESERVE SOLUTIONS LIMITED,Healthcare
LIFESTYLE WINDOWS LIMITED,Engineering
LIFETREE HOMECARE LTD,Healthcare
LIFEWAY CARE LTD,Healthcare
LIFT SCHOOLS,Education
LIGHT METHODS LIMITED,Technology
LIGHTFERN LTD,Technology
LIGHTFIELD LONDON LIMITED,Engineering
LIGHTGREEN IT SOLUTIONS LIMITED,Technology
LIGHTHOUSE GAMES LIMITED,Technology
LIGHTHOUSE PVT LTD,Healthcare
LIGHTING CONSULTANTS LIMITED,Engineering
"LIGHTRIVER TECHNOLOGIES UK, LIMITED",Technology
LIGHTSKY GROUP LIMITED,Healthcare
LIGHTSPEED POS UK LTD,Technology
LIGHTTYPE LTD,Technology
LIGHTWORK GLOBAL LIMITED,Technology
LIKE CARE LIMITED,Healthcare
LIKEWIZE SERVICES UK LIMITED,Technology
LIKEZERO HOLDINGS LIMITED,Finance
LILA LIVERPOOL LIMITED,Education
LILIAN FAITHFULL CARE,Healthcare
LILIES24 HEALTHCARE LTD,Healthcare
LILLIBET HEALTHCARE LIMITED,Healthcare
LILLIBET HEALTHCARE2 LIMITED,Healthcare
LILLIBET HOUSE LTD,Healthcare
LILLIPUT HOUSE LIMITED,Healthcare
LILLYFIELDS CARE LIMITED,Healthcare
LILY CARE LTD,Healthcare
LILYROSE CARE GROUP LIMITED,Healthcare
LIMA NETWORKS LTD,Technology
LIME LODGE CARE LTD,Healthcare
LIME MICROSYSTEMS LTD,Engineering
LIME TREE COURT LIMITED,Healthcare
LIME TRUST,Education
LIMERSTON CAPITAL PARTNERS LIMITED,Finance
LIMES FENTON LTD,Healthcare
LIMESHARP INTERNET LIMITED,Technology
LIMETREE RESIDENTIAL LIMITED,Healthcare
LIMITLESS TRAVEL LTD,Technology
LIMITOWEB TECHNOLOGIES LTD,Technology
LIMPET TECHNOLOGY LIMITED,Engineering
LINARO LIMITED,Technology
LINCA WORKFORCE DEVELOPMENT LTD,Education
LINCARE LIMITED,Healthcare
LINCOLN BISHOP UNIVERSITY,Education
LINCOLN HOUSE CARE HOME LTD,Healthcare
LINCOLNSHIRE INTEGRATED VOLUNTARY EMERGENCY SERVICE,Healthcare
LINCON SOLUTION LTD,Technology
LINCREATION LTD,Education
LINDAR MEDIA LIMITED,Technology
LINDAY MULTI SERVICES LIMITED,Healthcare
LINDEN HEALTHCARE LTD,Healthcare
LINDEN HOUSE RESIDENTIAL HOME LIMITED,Healthcare
LINDSELL TRAIN LIMITED,Finance
LINDUS HEALTH LIMITED,Technology
LINE SECURITY SERVICES LTD,Technology
LINE-TECHNOLOGY NETWORKS LTD,Engineering
LINEAL LIMITED,Technology
LINEAR INVESTMENTS LIMITED,Finance
LINEDATA LIMITED,Technology
LINES LANGUAGES LIMITED,Education
LINET UK LIMITED,Healthcare
LINEVIEW SOLUTIONS LIMITED,Technology
LINFRANC SERVICES LTD,Healthcare
LINGFIELD COLLEGE,Education
LINGFIELD EQUINE HOLDINGS LIMITED,Finance
LINGOCLASS LIMITED,Education
LINGUASTARS EDUCATION LTD,Education
LINK CARE SOLUTIONS LIMITED,Healthcare
LINK DIRECT CARE LIMITED,Healthcare
LINK ENGINEERING CONSULTANCY LTD,Engineering
LINK FOREX LTD,Finance
LINK MEDICAL STAFFING SOLUTIONS LTD,Healthcare
LINK365 LIMITED,Engineering
LINKBY LIMITED,Technology
LINKFRESH SOFTWARE LIMITED,Technology
LINKSMAX LIMITED,Healthcare
LINN SYSTEMS LTD,Technology
LINNK GROUP LIMITED,Technology
LINSOL LTD,Technology
LINTON SUPPORT LTD,Healthcare
LINUS TECHNOLOGY LTD,Technology
LINUX FOUNDATION UK LIMITED,Technology
LINX PRINTING TECHNOLOGIES LIMITED,Engineering
LION ACADEMY TRUST,Education
LION CARE HOME LTD,Healthcare
LION FINANCE GROUP PLC,Finance
LIONHEART DOMICILIARY CARE SERVICES LIMITED,Healthcare
LIONHEART EDUCATIONAL TRUST,Education
LIONSOUL GLOBAL LIMITED,Technology
LIONTREE INTERNATIONAL LIMITED,Finance
LIONTRUST ASSET MANAGEMENT PLC,Finance
LIPS BATTERSEA LIMITED,Healthcare
LIQUEO LIMITED,Technology
LIQUID TELECOMMUNICATIONS LIMITED,Technology
LIQUIDCHIP LIMITED,Technology
LIQUIDITY CAPITAL UK LIMITED,Finance
LIQUIDLOGIC LIMITED,Technology
LIQUIDNET EUROPE LIMITED,Finance
LISA TECHNOLOGIES LTD,Technology
LISEGA LTD,Engineering
LISNASKEA GP PRACTICE C.I.C.,Healthcare
LIST PUBLISHING LTD,Technology
LISTER HOUSE LIMITED,Healthcare
LITERACY COUNTS LTD,Education
LITICA LTD,Finance
LITTLE ACORNS HOLDINGS LTD,Finance
LITTLE BRIDGE LIMITED,Technology
LITTLE DARLING CHILDCARE LIMITED,Healthcare
LITTLE DOTS DAYCARE LTD,Healthcare
LITTLE EXPLORERS CHILDCARE LTD,Healthcare
LITTLE FISH (UK) LIMITED,Technology
LITTLE FOOTPRINTS NURSERY LIMITED,Education
LITTLE GARDEN NURSERY LIMITED,Education
LITTLE GAYNES REST HOME LIMITED,Healthcare
LITTLE HAVEN CHILDCARE LIMITED,Healthcare
LITTLE HELP CARE LTD,Healthcare
LITTLE JOHN'S PRE-SCHOOL,Education
LITTLE LEARNERS MONTESSORI LTD,Education
LITTLE LION EDUCATION LTD,Education
LITTLE NEST NURSERY LTD,Healthcare
LITTLE OAKS RESIDENTIAL CARE LIMITED,Healthcare
LITTLE PEOPLE NURSERIES LIMITED,Healthcare
LITTLE RACCOONS DAY NURSERY (APSLEY) LIMITED,Education
LITTLE RACCOONS DAY NURSERY (COULSDON) LIMITED,Education
LITTLE RACCOONS DAY NURSERY (ELSTREE) LIMITED,Healthcare
LITTLE RACCOONS DAY NURSERY (FINCHLEY) LIMITED,Healthcare
LITTLE RACCOONS DAY NURSERY (FITZROVIA) LIMITED,Healthcare
LITTLE STARS 4D SCAN LTD,Healthcare
LITTLE STARZ LTD,Healthcare
LITTLE TWISTERS LIMITED,Healthcare
LITTLE VILLAGE NURSERY SCHOOL CIC,Education
LITTLE WONDERLAND LTD,Education
LITTLE WONDERS (EARLY YEARS) LIMITED,Healthcare
LITTLEBOROUGH CARE HOME LTD,Healthcare
LITTLEDATA TECHNOLOGIES LTD,Technology
LITTLEFAIR CARE LTD,Healthcare
LITTLEPAY LIMITED,Technology
LITTLEWOOD MANOR LTD,Healthcare
LIV HEALTHY CARE LIMITED,Healthcare
LIVA HEALTHCARE UK LIMITED,Technology
LIVA LIMITED,Finance
LIVABILITY,Education
LIVE OAK LTD,Technology
LIVE OPTICIANS LTD,Healthcare
LIVEBOOKINGS HOLDINGS LTD,Technology
LIVECODE LTD,Technology
LIVEDRIVE INTERNET LIMITED,Technology
LIVEFLOW LTD.,Technology
LIVEMORE CAPITAL LIMITED,Finance
LIVEPHARMA PLUS LIMITED,Healthcare
LIVER CARE AND HOUSING LTD,Healthcare
LIVERAMP UK LIMITED,Technology
LIVERBIRD HOME CARE LTD,Healthcare
LIVERPOOL COLLEGE INDEPENDENT SCHOOL TRUST,Education
LIVERPOOL HOPE UNIVERSITY,Education
LIVERPOOL MEDIA ACADEMY LIMITED,Education
LIVERPOOL SCHOOL OF ENGLISH LIMITED,Education
LIVERPOOL SCHOOL OF TROPICAL MEDICINE,Engineering
LIVESCORE GROUP LIMITED,Technology
LIVESEY HEALTHCARE LTD,Healthcare
LIVEWIRE TELECOM LIMITED,Technology
LIVFUL INNOVATION LIMITED,Engineering
LIVING CHURCH OF GOD,Education
LIVING LIFE (UK) LIMITED,Healthcare
LIVING MAP LIMITED,Technology
LIVING MIND LIMITED,Healthcare
LIVING SUPPORT 4 U LTD,Healthcare
LIVING WATERS HEALTHCARE SERVICES LIMITED,Healthcare
LIVING WELL HOMECARE LTD,Healthcare
LIVING WITH LTD,Technology
LIVINGSTONE TECHNOLOGIES LIMITED,Technology
LIVINGWAYS CARE SERVICES LTD,Healthcare
LIWAN ENGINEERING CONSULTANCY UK LIMITED,Engineering
LIYA TECHNOLOGIES LTD,Technology
LIZ LAKE ASSOCIATES LIMITED,Engineering
LJ CARE LIMITED,Healthcare
LJ4 OIL AND GAS CONSULTANCY LTD,Engineering
LJC & TN SERVICES LTD,Finance
LK METROLOGY LTD,Engineering
LKEE CARE SERVICES LIMITED,Healthcare
LLEWELYN SUPPORT SERVICES LTD,Healthcare
LLOYD PARK NURSING HOME LTD,Healthcare
LLOYD'S REGISTER GROUP LIMITED,Finance
LLOYDS BANK PLC,Finance
LMAX LIMITED,Finance
LMNOP LTD,Technology
LMTD EMEA LTD,Technology
LNV CONSULTING LIMITED,Technology
LNW GAMING UK LIMITED,Technology
LO-FI GAMES LTD,Technology
LOADBALANCER.ORG LIMITED,Technology
LOANPAD LIMITED,Finance
LOANS 2 GO LIMITED,Finance
LOBASO LIMITED,Technology
LOCAL PENSIONS PARTNERSHIP INVESTMENTS LTD,Finance
LOCAL PRIMARY CARE LTD,Healthcare
LOCAL SOLUTIONS,Healthcare
LOCAL TRUST,Healthcare
LOCAL TUTOR LIMITED,Education
LOCALISED UK LIMITED,Technology
LOCATE BIO LIMITED,Engineering
LOCHSIDE SMILE CENTRE LIMITED,Healthcare
LOCI SPORTS LTD,Technology
LOCKFREE LTD,Technology
LODDON HEALTHCARE LTD,Healthcare
LOESCHE ENERGY SYSTEMS LIMITED,Engineering
LOFT 25 GROUP LTD,Finance
LOFTI PROPTECH LTD,Technology
LOGEZY LTD,Technology
LOGIC CARE SOLUTIONS LIMITED,Healthcare
LOGICA SOFT LIMITED,Technology
LOGICACLOUD IT SOLUTIONS LIMITED,Technology
LOGICALIS INTERNATIONAL LIMITED,Technology
LOGICLABS RESEARCH LTD,Technology
LOGICLOOP UK LTD,Technology
LOGICMONITOR UK LIMITED,Technology
LOGICOR EUROPE LTD,Finance
LOGICS7 LTD,Technology
LOGIFUTURE (UK) LIMITED,Technology
LOGINET SOLUTIONS LIMITED,Technology
LOGINI CARE SOLUTIONS LTD,Healthcare
LOGINI CASTLEFORD CARE HOME LTD,Healthcare
LOGINI OLD LIBRARY LIMITED,Healthcare
LOGINI PLUMBING HEATING SERVICES LTD,Engineering
LOGISTAAS LIMITED,Technology
LOGISTIC TRADE MANAGEMENT LTD,Technology
LOGITECH UK LIMITED,Engineering
LOGOS HEART CARE LTD,Healthcare
LOGOS RESEARCH LTD,Engineering
LOMBARD ODIER ASSET MANAGEMENT (EUROPE) LIMITED,Finance
LONDON & SURREY CARE GROUP LIMITED,Healthcare
LONDON ACADEMY FOR APPLIED TECHNOLOGY LTD,Education
LONDON ACADEMY OF EXCELLENCE TOTTENHAM,Education
LONDON ACCIDENT CLAIMS LIMITED,Finance
LONDON ARABIA LTD,Technology
LONDON BEACON ACADEMY LTD,Technology
LONDON BROOKES COLLEGE,Education
LONDON CARE LIMITED,Healthcare
LONDON CHRISTIAN SCHOOL LTD,Education
LONDON CHURCHILL COLLEGE LTD,Education
LONDON COLLEGE OF BUSINESS STUDIES,Education
LONDON COLLEGE OF MANAGEMENT AND TECHNOLOGY LONDON LIMITED,Education
LONDON COLLEGE OF MEDIA LTD,Education
LONDON COLLEGE OF PROFESSIONAL STUDIES LTD,Education
LONDON COMMUNITY CARE LIMITED,Healthcare
LONDON CONTEMPORARY DANCE (THE PLACE) LIMITED,Education
LONDON DE ACADEMY LIMITED,Education
LONDON DEVICES LTD,Engineering
LONDON FACIAL SURGERY LIMITED,Healthcare
LONDON FAMILY OFFICE LIMITED,Education
LONDON GLOBAL BUSINESS SCHOOL LTD,Education
LONDON GRADUATE COLLEGE LTD,Education
LONDON HOLIDAY CAMPS LTD,Healthcare
LONDON HOMECARE LTD,Healthcare
LONDON IMPERIAL CARE LTD,Healthcare
LONDON INTENSIVE LTD,Education
LONDON INTERNET EXCHANGE LIMITED,Technology
LONDON IT TRAINING LIMITED,Education
LONDON LAND GROUP HOLDING LIMITED,Finance
LONDON LOCAL G&H LIMITED,Engineering
LONDON MEDICAL EXCHANGE LIMITED,Education
LONDON MEDICAL LABORATORY LTD,Healthcare
LONDON MEDICAL TRAINING LTD,Education
LONDON METROPOLIS LTD,Technology
LONDON METROPOLITAN UNIVERSITY,Education
LONDON MOTOR CENTRE LIMITED,Engineering
LONDON NEURO PHYSIO LTD,Healthcare
LONDON ONDCARE SERVICES LIMITED,Healthcare
LONDON ONE TO ONE ACADEMY UK LTD,Education
LONDON ONLINE COLLEGE LTD,Education
LONDON PARAGON COLLEGE LTD,Education
LONDON PARAMOUNT CARE LTD,Healthcare
LONDON PERFORMANCE STUDIOS CIC,Education
LONDON PROFESSIONAL COLLEGE LTD,Education
LONDON PT COLLEGE LIMITED,Education
LONDON QUALITY CARE SERVICES LTD,Healthcare
LONDON RHEUMATOLOGY CENTRE LTD,Healthcare
LONDON SCANS LIMITED,Healthcare
LONDON SCHOOL ADVICE LTD,Education
LONDON SCHOOL OF BUSINESS ADMINISTRATION LTD,Education
LONDON SCHOOL OF EXCELLENCE LTD,Education
LONDON SCHOOL OF LEARNING HUB LTD,Technology
LONDON SCHOOL OF MEDICAL & HEALTH SCIENCES LIMITED,Education
LONDON SCHOOL OF SCIENCE & TECHNOLOGY LIMITED,Education
LONDON SCHOOL OF THEOLOGY,Education
LONDON SCHOOL OF TRAINING & EDUCATION LTD,Education
LONDON SOUTH BANK UNIVERSITY,Education
LONDON SOUTH EAST ACADEMIES TRUST,Education
LONDON SPEECH AND LANGUAGE THERAPY SERVICES LTD,Education
LONDON STAR EDUCATION LTD,Education
LONDON STEEL FABRICATION LTD,Engineering
LONDON TECHNTRADE LIMITED,Technology
LONDON TRAINING COLLEGE LTD,Education
LONDON TREASURY LIMITED,Finance
LONDON VOCATIONAL COLLEGE LIMITED,Education
LONDON WELLNESS CENTRE LIMITED,Healthcare
LONDONPHYSIOTHERAPY UK LTD,Healthcare
LONDONS COMMUNITY KITCHEN CIC,Education
LONE CARE SERVICES LTD,Healthcare
LONG AND PARTNERS GROUP LTD,Finance
LONG LIFE WINDOWS LTD,Engineering
LONG MEADOW (RIPON) LIMITED,Healthcare
LONGACRE GROUP INTERNATIONAL LIMITED,Finance
LONGEVITA LONDON LIMITED,Healthcare
"LONGFELLOW REAL ESTATE INVESTMENT MANAGEMENT UK, LIMITED",Finance
LONGLEA LIMITED,Healthcare
LONGMOOR CARE LIMITED,Healthcare
LONGRAD LTD,Technology
LONGRIDGE TOWERS SCHOOL,Education
LONGSIGHT COMMUNITY ART SPACE CIC,Education
LONGVIEW PRODUCTIONS LTD,Technology
LONGWAY AVENUES (LA) CARE LTD,Healthcare
LONMILE PARTNERS LIMITED,Finance
LOOKOUT LIMITED,Technology
LOOMERY LIMITED,Technology
LOOMIS SAYLES INVESTMENTS LIMITED,Finance
LOOP ENGINEERING LTD,Engineering
"LOOP RETURNS UK, LTD",Technology
LOOP SOFTWARE LTD,Technology
LOOP TECHNOLOGY LIMITED,Engineering
LOOPME LTD,Technology
LOOPR LTD,Technology
LOOPUP LIMITED,Technology
LOPAY LTD,Technology
LOQBOX TECHNOLOGY UK LIMITED,Technology
LORABLOOMS CARE SERVICES LIMITED,Healthcare
LORAPAT STANDARD CARE & GEOTEC SERVICES LIMITED,Healthcare
LORAX COMPLIANCE LIMITED,Technology
LORD WANDSWORTH COLLEGE,Education
LORDGRACE DELIGHT HEALTHCARE LIMITED,Healthcare
LORIMER HOUSE OPS LTD,Healthcare
LORVEN HOUSING LTD,Healthcare
LOT 36 LIMITED,Healthcare
LOTS OF CARE LTD,Healthcare
LOTTIE ORGANISATION LTD,Technology
LOTTIELAB LTD,Technology
LOTUS CARE 1 LIMITED,Healthcare
LOTUS CARE BRANDON LODGE LTD,Healthcare
LOTUS CARE CROXTETH PARK LTD,Healthcare
LOTUS FOSTER CARE LTD,Healthcare
LOTUS HOME CARE LIMITED,Healthcare
LOTUS INFOTECH LTD,Technology
LOUGHBOROUGH STUDENTS' UNION,Education
LOUIESA LTD,Healthcare
LOVE @ CARE LTD,Healthcare
LOVE ELECTRIC FINANCIAL SERVICES LTD,Finance
LOVE FINANCE LIMITED,Technology
LOVE TEETH GROUP LIMITED,Finance
LOVE TO CARE HOME CARE NORFOLK LTD,Healthcare
LOVE TO CARE LTD,Healthcare
LOVEIT STUDIOS LTD,Technology
LOVEN CARE HOMES LIMITED,Healthcare
LOVEN GREEN LANE LIMITED,Healthcare
LOVETT CARE FH (OPCO) LTD,Healthcare
LOVETT CARE LIMITED,Finance
LOVEUK EDUCATION. LTD,Education
LOVIE TECHNOLOGY LTD,Technology
LOVING CARE AGENCY LTD,Healthcare
LOVING HANDS INTERNATIONAL NURSERY SCHOOL LIMITED,Education
LOVINGANGELS CARE LTD,Healthcare
LOWCODEMINDS LTD,Technology
LOWE RISER POD LIMITED,Engineering
LOWER GREEN LIMITED,Healthcare
LOWFIELD HOUSE LIMITED,Healthcare
LOXA LTD,Finance
LOXFORD SCHOOL TRUST LIMITED,Education
LOYAL TECHNOLOGIES LIMITED,Technology
LOYALBE LTD,Technology
LOYALTY FINANCIAL SOLUTIONS LIMITED,Finance
LOYALTY HEALTHCARE LIMITED,Healthcare
LOZAIN LTD,Technology
LP PHYSIOTHERAPY LTD,Healthcare
LPA GROUP PLC,Finance
LPA PLUS LTD,Engineering
LPS EHEALTH SOFTWARE LIMITED,Healthcare
LQT TECHNOLOGIES LIMITED,Technology
LRTT LIMITED,Education
LS + PARTNERS LIMITED,Engineering
LS DENTISTRY LIMITED,Healthcare
LSL PROPERTY SERVICES PLC,Finance
LSS LEGAL LTD,Finance
LTI TECHNOLOGY SOLUTIONS LIMITED,Technology
LUBA JONES LTD,Education
LUCANET (UK) LIMITED,Technology
LUCAS SYSTEMS LIMITED,Technology
LUCAT LTD,Technology
LUCID CREATIVE WORKS LIMITED,Education
LUCIDEON LIMITED,Engineering
LUCIDLOG LTD,Technology
LUCKY INNOTECH SOLUTIONS LIMITED,Technology
LUCKY7 VENTURES LIMITED,Technology
LUCY A RAYMOND & SONS LIMITED,Finance
LUDAN GROUP LTD,Healthcare
LUFTAVIA LTD,Engineering
LUMAK SERVICES LIMITED,Healthcare
LUMANITY LIMITED,Finance
LUMEN LEARNING TRUST,Education
LUMEN RESEARCH LTD,Technology
LUMEN SPECIALTY LIMITED,Finance
LUMEON LTD,Technology
LUMI AGM UK LIMITED,Technology
LUMICO DIGITAL LIMITED,Technology
LUMINA VIDEO LTD,Technology
LUMINANCE TECHNOLOGIES LTD,Technology
LUMINATE UK SERVICES LIMITED,Finance
LUMINET SOLUTIONS LTD,Technology
LUMINOS FUND (UK),Education
LUMINOUS CARE GROUP LIMITED,Healthcare
LUMINOUS DOMICILIARY CARE LTD,Healthcare
LUMON PAY LTD,Finance
LUMORA LIMITED,Engineering
LUMOS FOUNDATION,Healthcare
LUMYNA INVESTMENTS LIMITED,Finance
LUNA PHARMA CONSULTING LTD,Healthcare
LUNAR LABS LIMITED,Engineering
LUNO MONEY LIMITED,Technology
LUPA PETS LTD,Technology
LURACARE LTD,Healthcare
LURTIS LIMITED,Technology
LUSCID LIMITED,Finance
LUSOPHONIA LIMITED,Finance
LUSTRO LTD,Healthcare
LUTCHMY CARE SERVICES LIMITED,Healthcare
LUTHER SYSTEMS LIMITED,Technology
LUTHMORE LTD,Engineering
LUTHS SERVICES LTD,Engineering
LUTON FRIENDSHIP HOMECARERS,Healthcare
LUU-BRIDGETS HEALTHCARE LIMITED,Healthcare
LUV FINANCIAL SOLUTIONS LTD,Finance
LUV TO CARE HOME CARE LTD,Healthcare
LUV TO CARE LTD,Healthcare
LUVIA DIGITAL LTD,Technology
LUX,Technology
LUX DENT AGENCY LIMITED,Healthcare
LUX MUNDI CATHOLIC ACADEMY TRUST,Education
LUXFER GAS CYLINDERS LIMITED,Engineering
LUXION GROUP LIMITED,Technology
LUXOFT FINANCIAL SERVICES UK LIMITED,Technology
LVNH LIMITED,Healthcare
LWS CONSULTANCY LTD,Technology
LY CAPITAL LTD,Technology
LYCEE INTERNATIONAL DE LONDRES,Education
LYCHGATE HOUSE CARE LIMITED,Healthcare
LYCOSA WEB SERVICES LTD,Technology
LYDIA DIGITAL LTD,Technology
LYFE TECHNOLOGY LIMITED,Technology
LYFPLAN LIMITED,Finance
LYFTA EDUCATION LIMITED,Technology
LYKRIS INNOVATION GLOBAL LTD,Technology
LYNDALE CARE HOME LIMITED,Healthcare
LYNDHURST CARE LTD,Healthcare
LYNDHURST LIMITED,Healthcare
LYNEDOCH CARE LIMITED,Healthcare
LYNN CARE SERVICE LIMITED,Healthcare
LYNQ LIMITED,Technology
LYNTON CHARLES LIMITED,Healthcare
LYNTON LASERS LIMITED,Engineering
LYNWOOD HEALTHCARE LTD,Healthcare
LYONDALE LTD,Engineering
LYONS ONEILL LIMITED,Engineering
LYRA HEALTH INTERNATIONAL LIMITED,Healthcare
LYRA INTERNATIONAL TECH LIMITED,Finance
LYRICFIND UK LTD,Technology
LYST LTD,Technology
LYTHAM ST ANNES PRIMARY CARE NETWORK LIMITED,Healthcare
LYTTLE IT LIMITED,Technology
M & D CARE OPERATIONS LIMITED,Healthcare
M & M FINANCIAL SERVICES LTD,Finance
M & M GENERAL INSURANCE SERVICES LIMITED,Finance
M & PJ LTD,Healthcare
M A CONSULTANTS BLACKBURN LTD,Healthcare
M B TECHNICAL SERVICES LIMITED,Technology
M GROUP (SERVICES) LIMITED,Finance
M J GILLEN LTD,Healthcare
M LATIF & COMPANY LIMITED,Finance
M N PULSE SOLUTIONS LTD,Healthcare
M SARWAR LIMITED,Healthcare
M T FINANCE LIMITED,Finance
M T SUPPORTED LIVING LTD,Healthcare
M&A HEALTHCARE GROUP LTD,Healthcare
M&A IT SERVICES LTD,Technology
M&M AGILE SOLUTIONS LIMITED,Technology
M&M FINTECH LIMITED,Technology
M&M MARKETING MANAGEMENT LTD,Technology
M&M METAL FABRICATIONS (BRADFORD) LIMITED,Engineering
M&N MEDICALS LTD,Healthcare
M&P CARE PVT LTD,Healthcare
M&S CARE SOLUTIONS LTD,Healthcare
M&Y ENGINEERING LIMITED,Engineering
M'KADESH HEALTHCARE LTD,Healthcare
M-KOPA UK LIMITED,Engineering
M-SOLV LTD,Engineering
M-VERTH LIMITED,Healthcare
M-XR LIMITED,Technology
M. G. HERBAL TREATMENTS LTD,Healthcare
M.L.PROFESSIONALS LIMITED,Healthcare
M2 CONTROL SYSTEMS LIMITED,Engineering
M2M PHARMACEUTICALS LTD,Engineering
M3 (EU) LIMITED,Technology
M3 STRATEGIC MARKETING LTD,Technology
M3TER UK LIMITED,Technology
M4SIZ LIMITED,Technology
M5TEC LIMITED,Engineering
MA ACADEMY LTD,Technology
MA BUSINESS SOLUTIONS (MIDLANDS) LIMITED,Technology
MAAH CONSULTANCY LTD,Technology
MAANCH LIMITED,Technology
MAAPS DESIGN & ARCHITECTURE LIMITED,Engineering
MAARAN TECHNOLOGIES LIMITED,Technology
MAASR LTD,Technology
MAAYA CARE LTD,Healthcare
MAAYAN PAYMENTS LTD,Technology
MABLETHORPE CARE LIMITED,Healthcare
MABYDUCK LTD,Technology
MAC TECH GROUP LTD,Technology
MACC CARE (MARSH HILL) LIMITED,Healthcare
MACC CARE LIMITED,Healthcare
MACDUFF SHIP DESIGN LIMITED,Engineering
MACFARLANE MEDIA LIMITED,Technology
MACGLOBAL MANAGEMENT LIMITED,Finance
MACH ACOUSTICS LIMITED,Engineering
MACH ONE DESIGN LTD,Engineering
MACHENTA LTD,Technology
MACHINERY & EQUIPMENT RENTAL SOLUTIONS LTD,Engineering
MACHINES WITH VISION LIMITED,Technology
MACINTYRE CARE,Education
MACLEOD PIPEWORK ENGINEERING LIMITED,Engineering
MACMILLAN CANCER SUPPORT,Healthcare
MACMILLAN PUBLISHERS INTERNATIONAL LIMITED,Technology
MACRO INFOTECH LIMITED,Technology
MACROBOND FINANCIAL LTD,Technology
MACROCOSMOS LTD,Technology
MACROSYNERGY LIMITED,Technology
MACSCOTT BOND LIMITED,Engineering
MACTECH CONSULTANTS LIMITED,Technology
MADE BY ON LIMITED,Technology
MADE MEDIA LTD,Technology
MADE OPEN COMMUNICATIONS LTD,Technology
MADE TECH IT LTD,Technology
MADEMAKE ARCHITECTURAL DESIGN CONSULTING LTD,Engineering
MADFIN TECH LTD,Finance
MADHAV SOFTWARE SOLUTIONS LIMITED,Technology
MADIBA LIMITED,Healthcare
MADIC TECHNOLOGIES LIMITED,Technology
MADISON LOGIC UK LIMITED,Technology
MADRE LIMITED,Technology
MAE 2 LTD,Technology
MAG EDTECH LIMITED,Technology
MAGDALEN COLLEGE SCHOOL BRACKLEY ACADEMY TRUST,Education
MAGDALEN HOUSE LIMITED,Healthcare
MAGENTIC LABS LIMITED,Finance
MAGHERA DENTAL LTD,Healthcare
MAGIA CX UK LTD,Technology
MAGIC CARE MOMENTS LTD,Healthcare
MAGIC LABS IT LTD,Technology
MAGIC LIFE LIMITED,Healthcare
MAGIC ROUNDABOUT NURSERIES LTD,Healthcare
MAGIC TECH LTD,Technology
MAGICAVE HOLDINGS LIMITED,Technology
MAGICLICK UK LTD,Technology
MAGMATIC GAMES LTD,Technology
MAGNA LEARNING PARTNERSHIP,Education
MAGNA SOFTWARE LTD,Technology
MAGNATE LIMITED,Technology
MAGNETIC LONDON CREATIVE SERVICES LTD,Technology
MAGNIFIC IT LTD,Technology
MAGNISOL LIMITED,Technology
MAGNITUDE BIOSCIENCES LIMITED,Engineering
MAGNUS CARE LTD,Healthcare
MAGNUS INFOTECH LIMITED,Technology
MAHI CONSULTANTS LIMITED,Technology
MAHVELS LIMITED,Technology
MAIDEN ERLEGH TRUST,Education
MAIDENS LLC LIMITED,Healthcare
MAIDSTONE CLINIC LTD,Healthcare
MAILCHAIN LIMITED,Technology
MAIN - TAKING AUTISM PERSONALLY,Education
MAINSTAY DRP,Healthcare
MAINSTREAMTEK UK LTD,Technology
MAINSTREET CAPITAL PARTNERS LIMITED,Finance
MAISHA TECHNOLOGY LIMITED,Technology
MAITRI LIVERPOOL LIMITED,Healthcare
MAITY CONSULTING LTD,Technology
MAIVA CORPORATION LIMITED,Technology
MAJESCO UK LIMITED,Technology
MAJESTIC CARE HOME LIMITED,Healthcare
MAJESTIC-12 LTD,Technology
MAJI FINANCIAL WELLBEING LTD,Technology
MAJOR DOMICILE LTD,Healthcare
MAK EDUCATION LIMITED,Education
MAK-SYSTEM GROUP LIMITED,Finance
MAKAN RIGHTS,Education
MAKE IT MATTER LIMITED,Technology
MAKE LIMITED,Engineering
MAKE WAVES SWIM SCHOOL LTD,Education
MAKKINA LIMITED,Engineering
MAKOR SECURITIES LONDON LTD,Finance
MAKOWER ARCHITECTS LIMITED,Engineering
MAKSI LIMITED,Technology
MAKSTAR LTD,Technology
MAKSURE RISK SOLUTIONS LTD,Finance
MAKUTU DOT IO LIMITED,Technology
MALA THAI MASSAGE LTD,Healthcare
MALACHI CARE SERVICES LTD,Healthcare
MALAKOFF LIMITED,Engineering
MALARIA CONSORTIUM,Healthcare
MALATHY GROUP LIMITED,Engineering
MALFAUR LONDON CONSULTING LIMITED,Technology
MALHOTRA CARE HOMES LIMITED,Healthcare
MALHOTRA FIN (UK) LIMITED,Finance
MALINDI CARE SERVICES LIMITED,Healthcare
MALLOWSTREET LIMITED,Technology
MALLOY AERONAUTICS LIMITED,Engineering
MALLUCCI LONDON LIMITED,Healthcare
MALMO HEALTHCARE SPECIALISTS LIMITED,Healthcare
MALSIS HALL LIMITED,Healthcare
MALSSAN ENTERPRISES LTD,Technology
MALVERN HOUSE INTERNATIONAL LIMITED,Education
MAMA BEAR CHILDCARE LTD,Healthcare
MAMA YOUTH PROJECT,Education
MAMBU TECH LIMITED,Technology
MAMMBO GROUP LIMITED,Technology
MANAAKI HEALTHCARE LIMITED,Healthcare
MANAGE CARE HOMES LIMITED,Healthcare
MANAGED HEALTHCARE SERVICES LIMITED,Healthcare
MANAGED IT SOLUTIONS & SUPPORT LIMITED,Technology
MANAGEMENT CONSULTANCY CAMPUS LTD,Technology
MANAGING CARE LIMITED,Healthcare
MANAKAMANA ENTERPRISES LIMITED,Technology
MANAM LTD,Engineering
MANANTIAL LTD,Technology
MANAV SEVA COMMUNITY CENTRE COMMUNITY INTEREST COMPANY,Healthcare
MANCHESTER CHINESE ACADEMY OF DANCE LTD,Education
MANCHESTER COLLEGE OF SKILLS & TRAINING LIMITED,Education
MANCHESTER FOREIGN TRADE CO LTD,Engineering
MANCHESTER FUTURE CARE LTD,Healthcare
MANCHESTER GLOBAL MANAGEMENT (UK) LIMITED,Finance
MANCHESTER HIGH SCHOOL FOR GIRLS,Education
MANCHESTER ORGANICS LIMITED,Engineering
MANCHESTER PRIME CARE LIMITED,Healthcare
MANCHESTER ROSES HOMECARE LTD,Healthcare
MANCHESTER TRAINING SCHOOL LIMITED,Education
MANCROFT HEALTHCARE LIMITED,Healthcare
MANDARIN ANGLO LIMITED,Technology
MANDARIN CONSULTING INTERNATIONAL LIMITED,Finance
MANDEVILLE CARE SERVICES LIMITED,Healthcare
MANHATTAN ASSOCIATES LIMITED,Technology
MANIKANTA SOLUTIONS LIMITED,Technology
MANIYAR CAPITAL ADVISORS UK LTD.,Finance
MANNA-SEH CHILDCARE AND EDUCATION LIMITED,Education
MANOR CARE HOMES LTD,Healthcare
MANOR HEALTHCARE LIMITED,Healthcare
MANOR PARK CARE LIMITED,Finance
MANOR PARK MEDICAL PRACTICE LIMITED,Healthcare
MANOR REST HOME LIMITED,Healthcare
MANORVILLE CARE HOMES LTD,Healthcare
MANOTAN LIMITED,Technology
MANSFIELD CARE LIMITED,Healthcare
MANSOUR WELDING LTD,Engineering
MANTEIO CAPITAL UK LIMITED,Finance
MANTLE LABS LIMITED,Technology
MANU INTEGRITY SERVICES LTD,Healthcare
MANUCOURT LIMITED,Healthcare
MANUEL CORNWALL LTD,Healthcare
MANUFUTURE LTD,Finance
MANYPETS LTD,Finance
MAP OF AGRICULTURE LTD.,Technology
MAP16 ASSET MANAGEMENT LTD,Technology
MAPARA CONSULTING LIMITED,Technology
MAPDEC LTD,Engineering
MAPLE HEALTH UK LIMITED,Healthcare
MAPLE TREE CARE LIMITED,Healthcare
MAPLES COMMUNITY CARE LIMITED,Healthcare
MAPLIN ENGINEERING LIMITED,Engineering
MAPP DIGITAL UK LTD,Technology
MAPP PSYCHOLOGY LTD,Healthcare
MAPTEC LIMITED,Technology
MAR-KEY GROUP LIMITED,Engineering
MARA INVEST LIMITED,Finance
MARA LABS UK LIMITED,Technology
MARAMA CARE PVT LTD,Healthcare
MARANATHA HOUSING AND SUPPORT LTD,Healthcare
MARANTOMARK LIMITED,Healthcare
MARATHON CAPITAL LTD,Finance
MARATHON TRADING AND SUPPLY SERVICES LIMITED,Finance
MARBLISM UK LTD,Technology
MARCHES ACADEMY TRUST,Education
MARCHES CONSTRUCTION MANAGEMENT LTD,Engineering
MARCHO PARTNERS SERVICES (UK) LIMITED,Finance
MARCLOUD LIMITED,Technology
MARCO LIMITED,Engineering
MARCUS & MARCUS LIMITED,Healthcare
MAREK WOJCIECHOWSKI ARCHITECTS LIMITED,Engineering
MAREX GROUP PLC,Finance
MARGETTS FUND MANAGEMENT LIMITED,Finance
MARGIN SOLUTIONS LTD,Technology
MARGO CONSULTING LTD,Technology
MARIA CARE LIMITED,Healthcare
MARIANNA FINANCIAL SERVICES LIMITED,Finance
MARIE CURIE,Technology
MARIGOLD AND MANGO LTD,Technology
MARIGOLD CARE GROUP LTD,Healthcare
MARILAK SERVICES LIMITED,Healthcare
MARILLAC NEUROLOGICAL CARE CENTRE,Healthcare
MARIMEX INSULATION AND INTERNATIONAL TRADING LTD,Engineering
MARINE DENTAL PRACTICE LIMITED,Healthcare
MARINE LABOUR SERVICES MLS LTD,Engineering
MARINE TECHNICAL LIMITS LIMITED,Engineering
MARINE ZERO LIMITED,Engineering
MARIPOSA CARE GROUP LIMITED,Healthcare
MARITIME ACADEMY TRUST,Education
MARITIME DEVELOPMENTS LIMITED,Engineering
MARITIME VENTURES UK LTD,Technology
MARK BATES LIMITED,Finance
MARK LOUCAS LIMITED,Technology
MARK TAYLOR SUPPORT LTD,Education
MARK TIME CARE LIMITED,Healthcare
MARK WRAY ARCHITECTS LIMITED,Engineering
MARK43 UK LIMITED,Technology
MARKEL INTERNATIONAL SERVICES LIMITED,Finance
MARKEM-IMAJE INDUSTRIES LIMITED,Engineering
MARKERSTUDY GROUP SERVICES LIMITED,Finance
MARKERSTUDY INSURANCE SERVICES LIMITED,Finance
MARKET CLOUD LTD,Technology
MARKET DRAYTON DENTAL PRACTICE LIMITED,Healthcare
MARKET FINANCIAL SOLUTIONS LIMITED,Finance
MARKET LINK GROUP LIMITED,Technology
MARKET SQUARE DENTAL LTD,Healthcare
MARKET STREET CLINIC LTD,Healthcare
MARKETING MONKEYS LIMITED,Technology
MARKETING VENTURES LIMITED,Engineering
MARKETPLACER (UK) LIMITED,Technology
MARKPRO TRADING LTD,Technology
MARKSON PIANOS LIMITED,Engineering
MARKWEBIT LTD,Technology
MARLBOROUGH CLINIC BELFAST LTD,Healthcare
MARLEY COURT CARE HOME LIMITED,Healthcare
MARLOCO LIMITED,Healthcare
MARLOW EDUCATION TRUST,Education
MARLOWE LIMITED,Finance
MARNI CONSULTANCY LTD,Technology
MARQUIS TECHNOLOGIES LIMITED,Engineering
MARS CARE SERVICES LIMITED,Healthcare
MARS CHESHIRE LIMITED,Healthcare
MARS HOSPITALITY (UK) LIMITED,Finance
MARS SPACE LTD,Engineering
MARSDEN GRANGE 2 LIMITED,Healthcare
MARSH KEENE LIMITED,Engineering
MARSHAL REMIT LTD,Finance
MARSHALL WACE ASSET MANAGEMENT LIMITED,Finance
MARSHMALLOW TECHNOLOGY LTD,Technology
MARSOL CAPITAL INVESTMENT UK LTD,Finance
MARSTON BRASSWARE LIMITED,Engineering
MART NETWORK SOLUTIONS LIMITED,Technology
MARTIFER UK LIMITED,Engineering
MARTIN ARNOLD LIMITED,Engineering
MARTIN SPROCKET & GEAR UK LIMITED,Engineering
MARTIN-BAKER AIRCRAFT COMPANY LIMITED,Engineering
MARVIN MILLER SOLUTIONS LIMITED,Technology
MARX TECHNOLOGY CONSULTING LTD,Technology
MARY RIPOSTA LTD,Healthcare
MARYGOLD CARE UK LTD,Healthcare
MARYLAND HEALTHCARE LTD,Healthcare
MARYLAND INTERNET CAFE LTD,Technology
MARYLEBONE HEALTH GROUP LTD,Healthcare
MARYLEBONE LAB LIMITED,Engineering
MARYMOUNT INTERNATIONAL SCHOOL,Education
MARYPORT SMILE CENTRE LTD,Healthcare
MAS & PAS LIMITED,Technology
MASABI LIMITED,Technology
MASDAR UK DEVELOPMENT COMPANY LIMITED,Finance
MASLOW CAPITAL UK LIMITED,Finance
MASON ADVISORY LIMITED,Technology
MASRAF LONDON LTD,Finance
MASS ANALYTICS LTD,Technology
MASS SPECTROMETRY INSTRUMENTS LIMITED,Engineering
MASS&MANY LTD,Engineering
MASSIVE ROCKET LIMITED,Technology
MAST UK LTD,Finance
MASTER ELECTRONIC TECHNOLOGY LTD,Engineering
MASTER HEATING & ELECTRICAL LTD,Engineering
MASTER SOFTWARE SOLUTIONS LTD,Technology
MASTERINNOMINDS LIMITED,Technology
MASTERMIND ELECTRICAL LIMITED,Engineering
MASTERNAUT LIMITED,Technology
MASZ TECHNOLOGIES LIMITED,Technology
MATA ARCHITECTS LIMITED,Engineering
MATATIKA LIMITED,Technology
MATCH THE CASH LIMITED,Finance
MATCHINGHAM GAMES LIMITED,Technology
MATER CHRISTI MULTI-ACADEMY TRUST,Education
MATERIAL CULTURES LTD,Engineering
MATERIALS NEXUS LIMITED,Engineering
MATERIALS PROCESSING INSTITUTE,Engineering
MATHER DAIRY UTENSILS COMPANY LIMITED,Engineering
MATHEW BRAY & MATTHEW COLLINS LTD,Engineering
MATILLION LIMITED,Technology
MATOHA INSTRUMENTATION LTD.,Engineering
MATRIX ACADEMY TRUST,Education
MATRIX INFORMATICS LTD,Technology
MATRIX INT LTD,Education
MATRIX RENEWABLES UK LIMITED,Finance
MATRIX SUPPORTED LIVING LTD,Healthcare
MATRIX TECHNOLOGY SOLUTIONS LIMITED,Education
MATRIXWEB LTD,Technology
MATTA LABS LTD,Technology
MATTEA HEALTH LIMITED,Healthcare
MATTER OF FORM LTD,Technology
MATTERPORT (UK) SALES LTD,Technology
MATTHEW ALLCHURCH ARCHITECTS LIMITED,Engineering
MAURICARE ASCOT CARE LIMITED,Healthcare
MAVALON CARE LIMITED,Healthcare
MAVEN IT SOLUTIONS LTD,Technology
MAVEN TECHNOLOGY LIMITED,Technology
MAVENIR SYSTEMS LIMITED,Technology
MAVENS CLOUD LTD,Technology
MAVENS CONSULTING LIMITED,Technology
MAVERIC NXT LIMITED,Technology
MAVERICK GAMES LIMITED,Technology
MAVERICK HUB LIMITED,Technology
MAVERN CARE LIMITED,Healthcare
MAX COMMUNICATIONS LTD,Technology
MAX HEALTHCARE GROUP LTD,Healthcare
MAX PHARMACARE LIMITED,Technology
MAX POTENTIAL UK LTD,Healthcare
MAX SAT TECH LTD,Technology
MAXCOVER FINANCIAL SERVICES LTD,Finance
MAXIDENT LIMITED,Healthcare
MAXILUX SYSTEMS LTD,Engineering
MAXIMUM POTENTIAL VENTURES LTD,Healthcare
MAXIMUS SUPPORT SERVICES LTD,Healthcare
MAXION THERAPEUTICS LIMITED,Engineering
MAXLIGHT LIMITED,Engineering
MAXTIME LIMITED,Technology
MAXWELL GEOSYSTEMS UK LTD,Technology
MAXX CARE LTD,Healthcare
MAXXI CHILDCARE LIMITED,Education
MAY BUSINESS CONSULTING LTD,Technology
MAYA HTT UK LTD,Technology
MAYA SUPPORTED LIVING LIMITED,Healthcare
MAYA TECHNOLOGIES LIMITED,Technology
MAYBANK SECURITIES (LONDON) LIMITED,Finance
MAYCLINIK LTD,Healthcare
MAYDEN HOUSE LIMITED,Technology
MAYDEN SUPPORT LTD,Healthcare
MAYESBROOK HOUSE LIMITED,Healthcare
MAYFAIR CARE AGENCY LIMITED,Healthcare
MAYFAIR HOMECARE LIMITED,Healthcare
MAYFAIR MIDCO LTD,Technology
MAYFAIR SPORTS VENTURES LTD,Finance
MAYFIELD FELLOWSHIP,Healthcare
"MAYFIELD GRAMMAR SCHOOL, GRAVESEND",Education
MAYFIELD SCHOOL LTD,Education
MAYFLOWER HIGH SCHOOL,Education
MAYKU LIMITED,Engineering
MAYO CLINIC (UK) LTD,Finance
MAYPOLE THERAPEUTIC EDUCATION LTD,Education
MAYURI CONSULTANT SERVICES LIMITED,Technology
MAZE CONSULTANCY LTD,Technology
MAZE FIRE CONSULTING LIMITED,Engineering
MAZE.DESIGN LIMITED,Technology
MAZIK GLOBAL LIMITED,Technology
MB AEROSPACE NEWTON ABBOT LIMITED,Engineering
MB SECURITY SERVICES STOKE LTD,Finance
MBA HEALTH LTD,Healthcare
MBM CONSULTING LTD,Engineering
MBM TUITION LTD,Education
MBNI HOLDINGS LTD,Finance
MC GENERAL SERVICES (UK) LIMITED,Finance
MCADAM DESIGN LIMITED,Engineering
MCANDREW MARTIN LIMITED,Engineering
MCARE24 LIMITED,Healthcare
MCBITSSTECH LIMITED,Technology
MCBRAIDA PLC,Engineering
MCCONNEL LIMITED,Engineering
MCD ENGINEERING LTD,Engineering
MCD GLOBAL FRANCHISING LIMITED,Finance
MCDEV HEALTHCARE LTD,Healthcare
MCDONALD ARCHITECTS LIMITED,Engineering
MCDOWELL DIGITAL MEDIA LTD,Technology
MCFARLANE PHYSIOTHERAPY LIMITED,Healthcare
MCFARLANE TRUST LTD.,Healthcare
MCI SYSTEMS LTD,Technology
MCINNES GARDNER LIMITED,Engineering
MCK ASSOCIATES LIMITED,Engineering
MCKENZIE STRICKLAND ASSOCIATES LIMITED,Engineering
MCMENON ENGINEERING SERVICES LIMITED,Engineering
MCMULLEN FACADES LIMITED,Engineering
MCMURTRY AUTOMOTIVE LIMITED,Engineering
MCNAHA LIMITED,Healthcare
MCQUEEN'S MEDIA LTD,Technology
MCS RENTAL SOFTWARE LIMITED,Technology
MCV BUS AND COACH LIMITED,Engineering
MCWIN ADVISORS UK LIMITED,Finance
MDA SPACE AND ROBOTICS LIMITED,Engineering
MDE MACHINERY LIMITED,Engineering
MDH DEFENCE LIMITED,Engineering
MDI NETWORKS LIMITED,Technology
MDN GROUP LTD,Finance
MDPI UK LIMITED,Technology
MDR SOLUTIONS LTD,Technology
MDS HEALTHCARE (CARE HOMES) LIMITED,Healthcare
MDS HEALTHCARE LIMITED,Healthcare
MDX TECHNOLOGY LIMITED,Technology
ME&U UK TRADING LTD,Technology
MEAD MEDICAL SERVICES LIMITED,Healthcare
MEADOW CARE HOMES LTD,Healthcare
MEADOWCROFT SHOREHAM LIMITED,Healthcare
MEALZO LIMITED,Technology
MEARS GROUP PLC,Finance
MEASURABL LIMITED,Technology
MEASURE PROTOCOL LIMITED,Technology
MEC INDUSTRIAL ENGINEERING LTD,Engineering
MECH HEALTHCARE LIMITED,Healthcare
MECH-TOOL ENGINEERING LIMITED,Engineering
MECHA ENGINEERING LIMITED,Engineering
MECHANICAL REPAIR CENTRE LIMITED,Engineering
MECHATHERM INTERNATIONAL LIMITED,Engineering
MECHSMERIZE TECHNOLOGIES LTD,Technology
MECREWS HEALTHCARE LTD,Healthcare
MEDACCESS GUARANTEE LTD,Finance
MEDAILLE TRUST,Healthcare
MEDALLIA LIMITED,Technology
MEDALLION ARTS LIMITED,Technology
MEDASHEALTHCARE LIMITED,Healthcare
MEDBRIEF SERVICES LIMITED,Technology
MEDD CARE SERVICES LTD,Healthcare
MEDDICC LTD,Education
MEDEFINE EDUCATION GROUP LTD,Education
MEDETICK UK LTD,Healthcare
MEDI PLUS AESTHETIC LTD,Healthcare
MEDIA 10 LIMITED,Technology
MEDIA BEAST LIMITED,Technology
MEDIA BROADCAST SATELLITE UK LTD,Technology
MEDIA FINANCE CAPITAL LIMITED,Finance
MEDIA IT SOFT LIMITED,Technology
MEDIA STREET LIMITED,Technology
MEDIA VENTURES INTERNATIONAL LIMITED,Technology
MEDIA ZOO LIMITED,Technology
MEDIABASE DIRECT LIMITED,Technology
MEDIAGENIX LTD,Technology
MEDIALAB GROUP LIMITED,Technology
MEDIALAKE AI LIMITED,Technology
MEDIAMADE LTD,Technology
MEDIAN WELLNESS LTD,Healthcare
MEDIATEL LIMITED,Technology
MEDICAL & COMMERCIAL INTERNATIONAL LIMITED,Finance
MEDICAL AID FOR PALESTINIANS,Healthcare
MEDICAL CONNECTIONS LTD,Technology
MEDICAL DIAGNOSIS LIMITED,Healthcare
MEDICAL DOORWAY LIMITED,Education
MEDICAL EXPERTS LTD,Healthcare
MEDICAL SERVICES SOLUTIONS LIMITED,Healthcare
MEDICAL SKIN CLINICS LTD,Healthcare
MEDICANA WINCHESTER LIMITED,Healthcare
MEDICAP SERVICES LTD,Healthcare
MEDICARE SERVICES (MCR) LTD,Healthcare
MEDICASIMPLE HEALTHCARE TECHNOLOGIES LIMITED,Technology
MEDICHECKS.COM LTD,Healthcare
MEDICHEM PHARMACY LTD,Healthcare
MEDICHUT LTD,Education
MEDICINE BOX (HOLBORN) LTD,Healthcare
MEDICINE BOX (LEICESTER) LTD,Healthcare
MEDICINE BOX (LONDON) LTD,Healthcare
MEDICSENSORS LIMITED,Engineering
MEDIFY LTD,Technology
MEDIGOLD HEALTH CONSULTANCY LIMITED,Healthcare
MEDII LTD,Technology
MEDIMAB BIOTHERAPEUTICS LTD,Engineering
MEDIMMUNE LIMITED,Engineering
MEDINEEDS UK LTD,Healthcare
MEDINOVA HEALTHCARE LTD,Healthcare
MEDINTELLECT LTD,Technology
MEDISO MEDICAL IMAGING SYSTEMS UK LIMITED,Engineering
MEDIUS SOFTWARE LIMITED,Technology
MEDIVANCE INSTRUMENTS LIMITED,Engineering
MEDIWELL HEALTHCARE UK LTD,Healthcare
MEDLY AI LIMITED,Education
MEDNEO DIAGNOSTICS UK LIMITED,Healthcare
MEDOX TUTORS LIMITED,Education
MEDPAL AI PLC,Finance
MEDSTAR CARE & SUPPORT LIMITED,Healthcare
MEDSTAR CLINIC LTD,Healthcare
MEDTECHTOMARKET CONSULTING LTD,Engineering
MEDUKCARE RECRUITMENT LIMITED,Healthcare
MEDWAY DRIVE-THRU PHARMACY LTD,Healthcare
MEDWAY HOMECARE LIMITED,Healthcare
MEDWISE AI LIMITED,Technology
MEEM INTERNATIONAL TRADERS LTD,Finance
MEEMANDA ROSE HOMECARE LIMITED,Healthcare
MEEN TECHNOLOGIES LTD,Technology
MEER & MEER LTD,Technology
MEETING THE NEEDS LIMITED,Healthcare
MEETMORE LTD,Technology
MEGA PROJECT SECURITY AND SERVICES LTD,Technology
MEGAPORT (UK) LIMITED,Technology
MEGASUN SOLUTIONS LIMITED,Technology
MEGHDHARA LTD,Technology
MEHR TUTORING SERVICES LIMITED,Education
MEINHARDT (UK) LIMITED,Engineering
MEIRAGTX UK II LIMITED,Engineering
MEKAHAY IT SOLUTIONS LTD,Technology
MEKBENZ LTD,Technology
MELBURAY LTD,Healthcare
MELIAN DIALOGUE RESEARCH LIMITED,Engineering
MELLI BANK PLC,Finance
MELLISH ENGINEERING SERVICES LIMITED,Engineering
MELQART ASSET MANAGEMENT (UK) LTD,Finance
MELROSE HOUSE CULLERCOATS LTD,Healthcare
MELROSE MEDICAL CENTRE LIMITED,Healthcare
MELRU HEALTHCARE LIMITED,Healthcare
MELTEMI INVESTMENT MANAGEMENT LIMITED,Finance
MELTOG LTD,Engineering
MELTWATER (UK) LIMITED,Technology
MEMADAY CONSULTING LIMITED,Technology
MEMESCAPE LIMITED,Technology
MEMIAH LIMITED,Technology
MEMORY LANE (NEW MILTON) LTD,Healthcare
MEMORY LANE (NORTH SHIELDS) LTD,Healthcare
MEMORY LANE CARE HOMES LIMITED,Healthcare
MEMORY TREE RETAIL SOLUTIONS LIMITED,Technology
MEMORYJANE HEALTHCARE LIMITED,Healthcare
MENAR HOLDINGS LIMITED,Finance
MENCK UK LIMITED,Engineering
MEND CARE LTD,Healthcare
MENEAGE DENTAL CARE LIMITED,Healthcare
MENIGA LIMITED,Technology
MENORAH MIRIELLE LIMITED,Healthcare
MENTAUR LIMITED,Healthcare
MENTION ME LIMITED,Technology
MENTMORE CAPITAL PARTNERS LIMITED,Finance
MENTOR MERLIN UK LTD,Technology
MERATIVE UK LTD,Technology
MERCANTILE TRUST LIMITED,Finance
MERCATO METROPOLITANO LTD,Finance
MERCAUX LIMITED,Technology
MERCHANT FINANCE LONDON LIMITED,Finance
MERCHANT HUB LIMITED,Finance
MERCHISTON CASTLE SCHOOL,Education
MERCIA ASSET MANAGEMENT PLC,Finance
MERCO CONSULTANCY LTD,Technology
MERCOR INNOVATIONS UK LTD,Technology
MERCUNA DEVELOPMENTS LIMITED,Technology
MERCURIUS IT LIMITED,Technology
MERCURY DIGITAL ASSETS LIMITED,Technology
MERCURY RESEARCH UK LIMITED,Technology
MERCY & JOY SPECIALIST DENTISTRY SERVICES LIMITED,Healthcare
MERCY CARE LIMITED,Healthcare
MERCY CORPS EUROPE,Healthcare
MERCY GOLD LIMITED,Healthcare
MERCY SHIPS - U.K. LIMITED,Healthcare
MERGE MONEY LTD,Technology
MERGEN IT LTD,Technology
MERIDIAN HEALTH & SOCIAL CARE LIMITED,Healthcare
MERIDIAN IMPACT CIC,Education
MERIDIAN IT SERVICES LIMITED,Technology
MERIDIAN MEDIA HOLDINGS LIMITED,Finance
MERIDIAN SPACE UK LIMITED,Technology
MERIDIAN TECHNIQUE LIMITED,Technology
MERIDIAN TRUST,Education
MERIDIANSOFT LIMITED,Technology
MERILA P LTD,Healthcare
MERIT CARE LIMITED,Healthcare
MERIT HEALTHCARE LTD,Healthcare
MERJ LIMITED,Technology
MERKUR CASINO HOLDINGS UK LIMITED,Finance
MERLINE HEALTHCARE LTD,Healthcare
MERLING CARE LIMITED,Finance
MERRY KIDZ CHILDCARE LIMITED,Education
MERRYHILL CARE LTD,Healthcare
MERRYWOOD EDUCATION LTD,Education
MERTON COLLEGE LONDON LTD,Education
MERVE DENIZALP CONSULTANCY LTD,Technology
MERVIQ EDUCATION LTD,Education
MES FINANCIAL SERVICES LIMITED,Finance
MESH AI LIMITED,Technology
MESHPRIME TECHNOLOGIES LTD,Technology
"MESIROW FINANCIAL INTERNATIONAL UK, LIMITED",Finance
MESMERISE GLOBAL LIMITED,Technology
MESSAGEBIRD UK LIMITED,Technology
MESSANA INVESTMENTS LIMITED,Healthcare
MESURO LIMITED,Technology
MET TRADERS LIMITED,Finance
META INNOVATIVE SOLUTIONS LTD,Technology
META LOOP DESIGN LTD,Technology
META SOLUTION TECHNOLOGIES LTD,Technology
METAFAN CO LTD,Technology
METAGENI LIMITED,Technology
METAHIVE LTD,Technology
METAL ASSEMBLIES LTD,Engineering
METAL YAPI (UK) LIMITED,Engineering
METAL YAPI ENGINEERING (UK) LTD,Engineering
METALLISATION LIMITED,Engineering
METALOCK ENGINEERING UK LIMITED,Engineering
METALS ONE PLC,Finance
METAMINDDYNAMICS LIMITED,Technology
METASONIXX LTD,Engineering
METAVERSEGRAPH LABS (UK) LIMITED,Technology
METAVIEW GLOBAL LTD,Technology
METEO365 LTD,Technology
METEOR CAPITAL GROUP LIMITED,Finance
METEOR INKJET LIMITED,Engineering
METEOR REST HOME LIMITED,Healthcare
METER MACS LIMITED,Technology
METFINN LIMITED,Engineering
METHOD APPS LIMITED,Technology
METHOD INVESTMENTS & ADVISORY LTD,Finance
METHODICA TECHNOLOGIES LIMITED,Engineering
METICA TRADING LIMITED,Technology
METIS CARE LIMITED,Healthcare
METORO LTD,Technology
METREA MANAGEMENT LIMITED,Finance
METRICSTREAM UK LIMITED,Technology
METRIKUS SOFTWARE LIMITED,Technology
METRIS ENERGY LTD,Technology
METRIXLAB UK LIMITED,Engineering
METRO BANK PLC,Finance
METRO CARE UK LTD,Healthcare
METRO HOMECARE LTD,Healthcare
METROPOLIS INTERNATIONAL GROUP LTD,Technology
METSO UK LIMITED,Engineering
METTLE & BOND CARE LTD.,Healthcare
METTLER-TOLEDO SAFELINE LIMITED,Engineering
MEWS SYSTEMS LIMITED,Technology
MEXBOROUGH PRACTICE LIMITED,Healthcare
MEXEM FINANCIAL SERVICES UK LIMITED,Finance
MEZUNDA LTD,Technology
MF HEALTHCARE LIMITED,Healthcare
MF SWEDEN LIMITED,Technology
MF TELECOM SERVICES LIMITED,Technology
MFM INVESTMENT LTD,Finance
MGL HEALTHCARE LIMITED,Healthcare
MH STAR TRADING LTD,Technology
MHAB MULTI BUSINESS LIMITED,Technology
MHD GLOBAL LIMITED,Finance
MHL HOLDCO LIMITED,Healthcare
MHOUSE BUSINESS SOLUTIONS LTD,Technology
MHP CONSULTING UK LIMITED,Technology
MHR INTERNATIONAL UK LIMITED,Technology
MHTEK LIMITED,Technology
MHWIRTH UK LIMITED,Engineering
MHZ TECHNOLOGIES LTD,Technology
MI COMPUTSOLUTIONS INCORPORATED,Education
MI HEALTH LTD,Healthcare
MI LIFE CARE SERVICES LIMITED,Healthcare
MIA DESIGN LIMITED,Engineering
MICAD SYSTEMS (U.K.) LIMITED,Technology
MICHAEL ANTHONY PROJECT MANAGEMENT LIMITED,Technology
MICHAEL EVANS & ASSOCIATES LIMITED,Engineering
MICHAEL FAHAMI LTD,Healthcare
MICHAEL KELLY DENTISTRY LTD,Healthcare
MICHAEL LAIRD ARCHITECTS LIMITED,Engineering
MICREGEN LTD,Engineering
MICRIMA LIMITED,Engineering
MICRO CREATIONS LTD,Technology
MICRO NAV LIMITED,Technology
MICRO PRECISION GEAR TECHNOLOGY LIMITED,Engineering
MICROBIOTICA LIMITED,Engineering
MICROGRAPHIA BIO LIMITED,Engineering
MICROLOGIX LIMITED,Technology
MICRON RESEARCH LIMITED,Engineering
MICRON SPRAYERS LIMITED,Engineering
MICROQUERY LIMITED,Technology
MICROSOFT LIMITED,Technology
MICROSOFT RESEARCH LIMITED,Technology
MICROTEAM LIMITED,Technology
MICROTECH SUPPORT LIMITED,Technology
MIDAS CARE SOLUTIONS LTD,Healthcare
MIDAS TOUCH BUSINESS SERVICES LIMITED,Technology
MIDCARE SERVICES LTD,Healthcare
MIDCO CARE LIMITED,Healthcare
MIDDLESEX LEARNING PARTNERSHIP,Education
MIDDLETON GROVE LIMITED,Healthcare
MIDGARD ADVISORS LIMITED,Technology
MIDLAND CARE (UK) LTD,Healthcare
MIDLAND HEALTH CARE SERVICES LIMITED,Healthcare
MIDLAND PRESSURE DIECASTING LIMITED,Engineering
MIDLAND RESIDENTIAL CARE LTD,Finance
MIDLAND STRUCTURES LIMITED,Engineering
MIDLAND TELECOM NETWORKS GROUP LTD,Technology
MIDLANDS CARE DIRECT LTD,Healthcare
MIDLANDS CARE SERVICES LTD,Healthcare
MIDLANDS DISPUTE SOLUTIONS LTD,Finance
MIDLANDS DIVING CHAMBER LTD,Healthcare
MIDLANDS INSTALLERS LTD,Engineering
MIDLANDS RESIDENTIAL CARE LTD,Healthcare
MIDLANDS TOTAL CARE LIMITED,Healthcare
MIDLOTHIAN YOUNG PEOPLE'S ADVICE SERVICE,Healthcare
MIDOCEAN SOLUTIONS LTD,Technology
MIDORI ALUMINIUM LTD,Engineering
MIDSHIRES CARE LIMITED,Healthcare
MIDSHIRES HEALTHCARE LIMITED,Healthcare
MIDSOMER DISPENSING LTD,Healthcare
MIDSOMER NORTON SCHOOLS PARTNERSHIP,Education
MIDTHERM FLUE SYSTEMS LTD,Engineering
MIDTS LIMITED,Technology
MIFINITY UK LIMITED,Finance
MIG HOUSE RESIDENTIAL CARE HOME LIMITED,Healthcare
MIGRANT CHECK LTD,Technology
MIICARE LTD,Technology
MIITERA TECHNOLOGIES LTD,Technology
MIJO KRISH INFOTECH LIMITED,Technology
MIK FUND SOLUTIONS UK LTD,Technology
MIKA STUDIO LTD,Engineering
MIKENOPA UK & IRELAND LIMITED,Technology
MIKKOM LIMITED,Technology
MIKMAK INTERNATIONAL LIMITED,Technology
MIKROLINK TELECOMMUNICATION UK LTD,Technology
MILBOTIX LTD,Engineering
MILE COLLEGE LTD,Education
MILESTONE GLOBAL IT LIMITED,Technology
MILESTONE LIVING LIMITED,Healthcare
MILESTONE SUPPORT SERVICES LIMITED,Healthcare
MILESTONE TECHNOLOGIES UK LIMITED,Technology
MILESTONES DAY NURSERY LIMITED,Education
MILESTONES TRUST,Healthcare
MILFORD CARE LIMITED,Healthcare
MILFORD DEL SUPPORT AGENCY LIMITED,Healthcare
MILKEN EUROPE LIMITED,Engineering
MILKWOOD CARE LTD,Healthcare
MILL HILL COUNTY HIGH SCHOOL,Education
MILLAR MANAGEMENT LIMITED,Engineering
MILLBANK DENTAL CARE LIMITED,Healthcare
MILLBROOK HEALTHCARE LTD,Healthcare
MILLENNIUM EUROPE LIMITED,Finance
MILLENNIUM GLOBAL INVESTMENTS LIMITED,Finance
MILLENNIUM GLOBAL TREASURY SERVICES LIMITED,Finance
MILLENNIUM MEDICAL PRODUCTS LIMITED,Engineering
MILLFIELD HEALTHCARE SERVICES LTD,Healthcare
MILLFIELDS CARE LIMITED,Healthcare
MILLREED LODGE CARE LIMITED,Healthcare
MILLS CNC LIMITED,Engineering
MILLSONS LTD,Engineering
MILLSTED CARE LTD,Healthcare
MILTON HOUSE NURSING & CARE LIMITED,Healthcare
MILTON KEYNES CHIROPRACTIC CLINIC LTD,Healthcare
MILTON KEYNES ICE HOCKEY CLUB LTD,Education
MILTON LODGE LIMITED,Healthcare
MILVIAN GROUP UK & EUROPE LIMITED,Technology
MIM PHARMACY LIMITED,Healthcare
MIMARCARE LTD,Healthcare
MIMECAST SERVICES LIMITED,Technology
MIMIDENT LTD,Healthcare
MINA THERAPEUTICS LIMITED,Engineering
MIND BRIDGE CONSULTING LTD,Technology
MIND FOUNDRY LIMITED,Technology
MIND IN BRADFORD,Healthcare
MIND IN HARINGEY,Healthcare
MIND IN SOMERSET,Healthcare
MIND TOOLS LTD,Technology
MINDBAY TECHNOLOGIES LTD,Technology
MINDCOM MEDIA LIMITED,Technology
MINDFUL MONTESSORI LTD,Education
MINDFUL TECHNOLOGIES LIMITED,Technology
MINDFULL PRESENCE LTD,Healthcare
MINDFULNESS HEALTH CONSULTING LTD,Healthcare
MINDGLOW HEALTHCARE LTD,Healthcare
MINDPATH TECHNOLOGY LIMITED,Technology
MINDPORTAL LTD,Technology
MINDQUBE LIMITED,Technology
MINDRANK TECHNOLOGIES LIMITED,Engineering
MINDS TECHNOLOGIES LIMITED,Technology
MINDSET AI LTD,Technology
MINDSHARE GLOBAL LIMITED,Technology
MINDSPRINT UK LIMITED,Technology
MINDTREE IT SOLUTIONS LTD,Technology
MINEHEAD MEDICAL LIMITED,Healthcare
MINESOFT LTD,Technology
MING CATERING EQUIPMENT LTD,Engineering
MINGLETECH LIMITED,Technology
MINHAND GROUP LIMITED,Education
MINI MINERS NURSERY LTD,Healthcare
MINICLIP (UK) LIMITED,Technology
MINIK KARDES LTD,Education
MINIMAX LABS LTD,Technology
MINIMUM LTD,Technology
MINOA CHERUBS LTD,Healthcare
MINSA CARE LIMITED,Healthcare
MINSTER CARE GROUP LIMITED,Healthcare
MINSTER COMPUTER SYSTEMS LIMITED,Technology
MINT DENTAL CLINIC LIMITED,Healthcare
MINTAGO LIMITED,Technology
MINTEC LIMITED,Technology
MINTOUGE LTD,Technology
MINTUS TRADING LIMITED,Finance
MIRA SOCIAL CARE LTD,Healthcare
MIRABAUD ASSET MANAGEMENT LIMITED,Finance
MIRACLE INSIDE UK LTD,Healthcare
MIRACLE INTERNATIONAL CONTRACTING & TRADING CO. LTD,Engineering
MIRAE ASSET SECURITIES (UK) LTD.,Finance
MIRAK GLOBAL SERVICES (UK) LTD,Technology
MIRO TECHNOLOGIES LIMITED,Technology
MIROVA UK LIMITED,Finance
MIRROR GLOBAL ASSOCIATES LIMITED,Technology
MIRRORWEB LIMITED,Technology
MIRZA CONSULTANCY LTD,Education
MIS ACTIVE MANAGEMENT SYSTEMS LIMITED,Technology
MISOFT MARKETING LIMITED,Technology
MISSION HEALTH UK LIMITED,Healthcare
MISSION ZERO TECHNOLOGIES LTD,Engineering
MISSION44,Education
MISTIS LTD,Healthcare
MISTURA ENTERPRISE LIMITED,Healthcare
MITCHELL & MURDOCH CARE LTD,Healthcare
MITEK INDUSTRIES LIMITED,Engineering
MITRATECH (UK) LIMITED,Technology
MITRATECH HOTDOCS (UK) LTD.,Technology
MITS UK LIMITED,Technology
MITSUBISHI HC CAPITAL UK PLC,Finance
MITSUBISHI UFJ ASSET MANAGEMENT (UK) LTD.,Finance
MITSUBISHI UFJ BAILLIE GIFFORD ASSET MANAGEMENT LIMITED,Finance
MITSUI BUSSAN COMMODITIES LTD,Finance
MITTAL CONSULTANCY PVT LTD,Technology
MITTO TECHNOLOGIES LIMITED,Technology
MITUS CARE LTD,Healthcare
MIX TELEMATICS EUROPE LTD,Technology
MIXERGY LIMITED,Engineering
MIZUHO INTERNATIONAL PLC,Finance
MIZUNO GAKUEN LONDON LIMITED,Technology
MJ DATA SOLUTIONS LTD,Technology
MK ALL NETWORK COMMUNICATIONS LTD,Technology
MK ANALYTICS LTD,Finance
MK DESIGN & BUILD LTD,Engineering
MK ENGINEERING AND SURVEYS LTD,Engineering
MK GLOBAL EDUCATION CONSULTANT LIMITED,Education
MK HOSPITAL@HOME LTD,Healthcare
MK MONTESSORI LTD,Education
MK SUPPORTED HOUSING LIMITED,Healthcare
MK TRUCK REPAIRS LTD,Engineering
MK WORLDWIDE LTD,Healthcare
MKAMC LTD,Technology
MKNCC GLOBAL SCT LTD,Education
MKR HEALTHCARE LTD,Healthcare
MKWISE FINANCIAL LTD,Finance
ML PERFORMANCE LIMITED,Technology
MLA COLLEGE LTD,Education
MLABS LTD,Technology
MLE SYSTEMS LTD,Technology
MM CARE SERVICES LTD,Healthcare
MM&SS LIMITED,Technology
MM1 SOLUTIONS LTD,Technology
MM2 CARE HOMES LTD,Healthcare
MMA FIGHT STORE LTD,Technology
MMC VENTURES LIMITED,Finance
MMD-UK LTD,Engineering
MMEDS CARE LTD,Healthcare
MMG PUBLISHING LIMITED,Technology
MML HOLDCO 7 LTD,Finance
MMR HOMECARE LIMITED,Healthcare
MMT HEALTHCARE LTD,Healthcare
MMT LTD,Technology
MN BD IT SOLUTIONS LTD,Technology
MN SERVICES LUTON LIMITED,Finance
MNAARA LIMITED,Technology
MNES LTD,Engineering
MNM IT SERVICES LIMITED,Technology
MNS CONSUL HOME CARE LTD,Healthcare
MOBI HUB INTERNATIONAL LIMITED,Technology
MOBIBIZ LTD,Technology
MOBICA LIMITED,Technology
MOBIFIXONLINE.COM LIMITED,Engineering
MOBILE BROADBAND NETWORK LIMITED,Technology
MOBILE CAR SERVICES (LONDON) LTD,Engineering
MOBILE SYSTEMS INTERNATIONAL CONSULTANCY LTD,Technology
MOBILE TECHNOLOGIES LTD,Technology
MOBILEUM UK LIMITED,Technology
MOBILISE CONSULTING LIMITED,Technology
MOBILITY CYBER LABS LTD,Engineering
MOBIT SOLUTIONS LIMITED,Technology
MOBITEK LIMITED,Technology
MOBIX LTD,Technology
MOCEAN ENERGY LTD,Engineering
MODALITY GROUP LIMITED,Engineering
MODE GLOBAL LIMITED,Technology
MODELML LIMITED,Technology
MODERATE ACADEMY AND TRAINING CENTRE LTD,Education
MODERN HIRE UK LIMITED,Technology
MODERNA BIOTECH UK LIMITED,Engineering
MODUS OUTCOMES LIMITED,Engineering
MODUSFORCE LTD,Technology
MOELLER & POELLER ENGINEERING LTD,Engineering
MOFFATT & NICHOL LTD,Engineering
MOGRIFY LIMITED,Engineering
MOKSHIT IT SOLUTIONS LIMITED,Technology
MOLBREEDING BIOTECHNOLOGY LTD,Engineering
MOLD SMILE CENTRE LTD,Healthcare
MOLO HOTEL GROUP LIMITED,Finance
MOLTEN VENTURES PLC,Finance
MOMENCRAFT LIMITED,Technology
MOMENT HOLDINGS LIMITED,Technology
MOMENTOUS THERAPEUTICS LTD,Engineering
MOMENTUM AI LIMITED,Technology
MOMENTUM GLOBAL INVESTMENT MANAGEMENT LIMITED,Finance
MONA VENTURES LIMITED,Healthcare
MONAHEN CARE AND SUPPORT LIMITED,Healthcare
MONAIA LTD,Technology
MONARCH ALTERNATIVE CAPITAL (EUROPE) LTD,Finance
MONARCH CONSULTANTS LIMITED,Healthcare
MONARCH INC. LIMITED,Healthcare
MONARCH MEDICAL GROUP LTD,Healthcare
MONARK LIMITED,Healthcare
MONAX INDUSTRIES LIMITED,Technology
MONDAQ LIMITED,Technology
MONDONOVO CARE LIMITED,Healthcare
MONDRA GLOBAL LIMITED,Technology
MONET BEAUTY CLINIC LIMITED,Healthcare
MONEX EUROPE LIMITED,Finance
MONEY LINKS INTERNATIONAL LTD,Finance
MONEY MEANS LIMITED,Finance
MONEY READY,Education
MONEYMATIX LTD,Technology
MONEYNMORE TECHNOLOGIES LIMITED,Technology
MONEYTEA LTD,Technology
MONGER AZURE LTD,Technology
MONGODB UK LIMITED,Technology
MONGOOSE PUBLISHING LIMITED,Technology
MONIEPOINT TECHNOLOGIES UK LTD,Technology
MONIVOLT LTD,Technology
MONKMOOR DENTAL PRACTICE LIMITED,Healthcare
MONKTON COMBE SCHOOL,Education
MONTA PLATFORM LTD,Technology
MONTAGU PARTNERS LIMITED,Finance
MONTELEONE LIMITED,Finance
MONTESSORI COMMUNITY SCHOOL,Healthcare
MONTY UK GLOBAL LIMITED,Technology
MONUMENT BANK LIMITED,Finance
MONUMENT TECHNOLOGY LIMITED,Technology
MONUMO LIMITED,Engineering
MOODY'S SHARED SERVICES UK LIMITED,Technology
MOON COLLIDER LIMITED,Technology
MOON HALL SCHOOLS EDUCATIONAL TRUST,Education
MOONAG LIMITED,Technology
MOONCARE LIMITED,Healthcare
MOONFARE UK LIMITED,Finance
MOONLIGHT ACADEMY LTD,Technology
MOONLIGHT DENTAL SURGERIES LIMITED,Healthcare
MOONLIGHT PHARMACY LIMITED,Healthcare
MOONPAY (UK) LIMITED,Technology
MOONREACH LIMITED,Healthcare
MOONSHOT CVE LTD,Technology
MOONSTONE BUSINESS SOLUTIONS LTD,Technology
MOONVALLEYAI LTD,Technology
MOOR PARK HOUSE LIMITED,Healthcare
MOORCARE DEVON LIMITED,Healthcare
MOORE CARE LIMITED,Healthcare
MOORFIELDS ADVISORY LIMITED,Finance
MOORHOUSE GROUP LIMITED,Finance
MOORLAND GARDEN LTD,Healthcare
MOORLANDS COLLEGE,Education
MOORLANDS LEARNING TRUST,Education
MOORVILLE DEVELOPMENTS LIMITED,Healthcare
MOOSE HALL WELLNESS CHIPPENHAM LIMITED,Healthcare
MOOT DESIGN LTD,Technology
MORAR LODGE NURSING HOME LIMITED,Healthcare
MORAYA LIMITED,Technology
MORDEN TUITION LTD,Education
MORE EXPERTS FAST LIMITED,Engineering
MORE HOUSING LTD,Engineering
MORE THAN EQUAL LIMITED,Education
MORETON & MEOLS PCN LIMITED,Healthcare
MORETON DENTAL LIMITED,Healthcare
MORETON HALL EDUCATION LIMITED,Education
MOREY SMITH LIMITED,Engineering
MORGAN STRUCTURAL LTD,Engineering
MORNING STAR NURSERY LTD,Healthcare
MORNING SUN CONSULTANCY LIMITED,Technology
MORPHOLOGIC LTD,Technology
MORRIS + COMPANY LIMITED,Engineering
MORRISON INFRASTRUCTURE (UK) LIMITED,Finance
MORTGAGE ADVICE BUREAU LIMITED,Finance
MORTGAGE MAGICK LTD,Technology
MORTGAGES & MONEY LTD,Finance
MORTGAGESOURCETEC LIMITED,Technology
MOSAIC SYNDICATE SERVICES LIMITED,Finance
MOSAIC THERAPEUTICS LIMITED,Engineering
MOSDORFER CCL SYSTEMS LIMITED,Engineering
MOSOAR LTD,Healthcare
MOSSLEY HILL CARE LIMITED,Healthcare
MOSTON SMILE CENTRE LTD,Healthcare
MOSTYN LODGE KEYNSHAM LIMITED,Healthcare
MOTFAB KIDDIZ LIMITED,Healthcare
MOTH LIMITED,Technology
MOTHERS2MOTHERS (UK) LIMITED,Healthcare
MOTHERSCAN HEALTH LTD,Healthcare
MOTHERSON TECHNOLOGY SERVICES UNITED KINGDOM LIMITED,Technology
MOTHERSPET NURSERY LTD,Healthcare
MOTIVAIT HOLDINGS LIMITED,Technology
MOTIVATION GROUP LTD,Technology
MOTIVATIONS EVERY SENSATION LIMITED,Healthcare
MOTOR DESIGN LIMITED,Technology
MOTOR NEURONE DISEASE ASSOCIATION,Healthcare
MOTORS.CO.UK LIMITED,Technology
MOTORTRONICS UK LIMITED,Engineering
MOULSHAM RESIDENTIAL HOME (CHELMSFORD) LIMITED,Healthcare
MOUNT HILL CARE LIMITED,Healthcare
MOUNT JOYCE CARE LTD,Healthcare
MOUNT MEDIA ONLINE LIMITED,Technology
MOUNT SCHOOL (YORK) (THE),Education
MOUNT VERNON TERRACE RESIDENTIAL CARE HOME LIMITED,Healthcare
MOUNTBATTEN NURSING HOME LIMITED,Healthcare
MOUNTDALE LIMITED,Healthcare
MOUNTENNA LTD,Technology
MOUNTVIEW PRIVATE LIMITED,Healthcare
MOV8 REAL ESTATE LIMITED,Technology
MOVATE UK LIMITED,Technology
MOVE AI LTD,Technology
MOVEMBER EUROPE,Healthcare
MOVEMEBACK LIMITED,Technology
MOVEMONSTER LTD,Technology
MOVEWARE LTD,Technology
MOVIEMSEE LTD,Technology
MOVIUS INTERACTIVE LIMITED,Technology
MOVO CROYDON LIMITED,Finance
MOWER'S ARK CIC,Education
MOYLE ENGINEERS LTD,Engineering
MPB GROUP LIMITED,Finance
MPED LTD,Technology
MPG WIND SERVICES LTD,Engineering
MPHASIS UK LIMITED,Technology
MPIRICAL LIMITED,Technology
MPL COMMUNICATIONS LIMITED,Technology
MPLOGIC LIMITED,Technology
MPN 2024 UK LTD,Technology
MPOWER PLUS UK LTD,Technology
MPOWERUP CONSULTING LTD,Technology
MPR SOLUTIONS LTD,Engineering
MPS CARE (HAYLE) LIMITED,Healthcare
MR COILTECH LIMITED,Engineering
MR RADIOGRAPHY LTD,Healthcare
MRFST LTD,Technology
MRG STUDIO LIMITED,Engineering
MRGE LIMITED,Technology
MRHH LIMITED,Healthcare
MRI IT CONSULTANTS LTD,Technology
MRI SOFTWARE LIMITED,Technology
MRJ CARE LIMITED,Healthcare
MRP CAPITAL PARTNERS LIMITED,Finance
MRS WORDSMITH GROUP LIMITED,Technology
MRT REPAIRS CENTRE LTD,Technology
MS ALBA PHARMA ENGINEERING LTD,Engineering
MS CARE LTD,Healthcare
MS HANDASAH CONSULTANTS LIMITED,Engineering
MS METAL FABRICATIONS LTD,Engineering
MSA CARE SERVICES LTD,Healthcare
MSA MINING CONSULTING UK LTD,Engineering
MSC UNIVERSAL LTD,Healthcare
MSCI LIMITED,Technology
MSES GROUP LTD,Engineering
MSF GROUP LTD,Healthcare
MSH HEALTHCARE LTD,Healthcare
MSI REPRODUCTIVE CHOICES,Healthcare
MSK HEALTHCARE LTD,Healthcare
MSMR ARCHITECTS LIMITED,Engineering
MSPS CONSULTANCY LIMITED,Technology
MSQUIRE IT SERVICES LTD,Technology
MSS CARE LTD,Healthcare
MSS PRODUCTS HOLDINGS LIMITED,Finance
MST SYSTEMS LIMITED,Technology
MSWIPE TECHNOLOGIES (UK) PRIVATE LIMITED,Technology
MT DENTAL CARE LIMITED,Healthcare
MT HIGH TECH LTD,Engineering
MT TELECOMS LTD,Technology
MTD SHEETS LTD,Technology
MTEST LABS LIMITED,Technology
MTIVITY LIMITED,Technology
MTL FINANCIAL LTD,Finance
MTM CARE SERVICES LIMITED,Healthcare
MTQ TRADING LTD,Healthcare
MTX CONSULTING UK LIMITED,Technology
MU SIGMA LIMITED,Technology
MUBARAK DENTAL LIMITED,Healthcare
MUDDY MACHINES LTD,Engineering
MUFG SECURITIES EMEA PLC,Finance
MUGHAL DRIVING SCHOOL LTD,Education
MUGRUM LTD,Healthcare
MUHAFAH AVIATION SERVICES (UK) LTD,Engineering
MUHAMMAD AYUB LTD,Education
MUKTHASOLUTIONS LIMITED,Technology
MULBERRIES AND WILLOWS NURSERY AND PRESCHOOL LTD,Healthcare
MULBERRY BUSH MONTESSORI LIMITED,Education
MULBERRY CARE LIMITED,Healthcare
MULBERRY SCHOOLS TRUST,Education
MULCHAND (UK) LIMITED,Healthcare
MULE STUDIO LTD,Engineering
MULLALLY DENTAL PRACTICE LIMITED,Healthcare
MULLAN ENGINEERING WORKS LTD,Engineering
MULROY ARCHITECTS LTD,Engineering
MULTI ASSET SOLUTIONS LIMITED,Finance
MULTI COOL REFRIGERATION COMPANY LTD,Engineering
MULTI TECHNOLOGIES LIMITED,Technology
MULTI-CARE COMMUNITY SERVICES BURTON ON TRENT LTD,Healthcare
MULTI-CARE COMMUNITY SERVICES LTD,Healthcare
MULTI-CARE COMMUNITY SERVICES NORTH HERTFORDSHIRE LTD,Healthcare
MULTI-CARE COMMUNITY SERVICES NORTHAMPTON LTD,Healthcare
MULTI-CARE COMMUNITY SERVICES SUFFOLK LTD,Healthcare
MULTI-PLY COMPONENTS LIMITED,Engineering
MULTICARE SERVICES (UK) LIMITED,Healthcare
MULTICONSULT UK LTD,Engineering
MULTILINK MANAGEMENT CARE LTD,Healthcare
MULTIMART LIMITED,Engineering
MULTIMESH (UK) LTD,Engineering
MULTIOMIC HEALTH LIMITED,Engineering
MULTIPANEL UK LIMITED,Engineering
MULTIPASS PLATFORMS LIMITED,Finance
MULTIPLAI HEALTH LTD,Engineering
MULTIPLAI LIMITED,Technology
MULTIPLE CARE SOLUTIONS LTD,Healthcare
MULTIPLE SOURCING UK LTD,Technology
MULTIPLIER TECHNOLOGIES UK LTD,Technology
MULTISTORI LIMITED,Education
MULTIVERSE GROUP LIMITED,Technology
MULTREES INVESTOR SERVICES LIMITED,Finance
MUMU'S TINEY HOME NURSERY LIMITED,Healthcare
MUNCHKINSPORTS LTD,Education
MUNDIPHARMA RESEARCH LIMITED,Engineering
MUNNYPOT LIMITED,Finance
MUNSTER HOLDINGS LIMITED,Finance
MURAAI INFORMATION TECHNOLOGIES LIMITED,Technology
MURANO SYSTEMS LTD,Technology
MURPHY GEOSPATIAL UK LTD,Engineering
MURRAY HOME CARE LTD,Healthcare
MUS4BANJ LTD,Healthcare
MUSARUBRA UK SUBSIDIARY 3 LTD,Technology
MUSHAVI PRIVATE LIMITED,Healthcare
MUSIC EDUCATION TECHNOLOGIES LIMITED,Technology
MUSIC LEARNING SERVICES LIMITED,Technology
MUSLYT LTD,Healthcare
MUSSA & MARY LTD,Healthcare
MUSTANG ENGINEERING LIMITED,Engineering
MUSTARD SYSTEMS LIMITED,Technology
MUTUS TECH LTD,Technology
MUZE CAPITAL ADVISORS LIMITED,Finance
MUZINICH & CO. LIMITED,Finance
MUZULU LIMITED,Technology
MUZZ LTD,Technology
MVM2 LIMITED,Healthcare
MVPQ CAPITAL LIMITED,Finance
MVR IT LIMITED,Technology
MWAI LIMITED,Engineering
MWCLUBB LIMITED,Engineering
MY AESTHETICS LIMITED,Healthcare
MY CARE (GRAMPIAN) LIMITED,Healthcare
MY CARE CHOICE LIMITED,Healthcare
MY CARE MY HOME LIMITED,Healthcare
MY CHOICE HEALTHCARE SEVEN LIMITED,Finance
MY COLLEGE LIMITED,Healthcare
MY CREW HEALTHCARE LIMITED,Healthcare
MY DIGITAL ACCOUNTS LIMITED,Technology
MY FINANCE CLUB LIMITED,Finance
MY HEALTH & WELLBEING CLINICS LTD,Healthcare
MY HEALTHY FAMILY LTD,Healthcare
MY HOME CHOICE (ESSEX) LIMITED,Healthcare
MY HOMECARE CAMBS LIMITED,Healthcare
MY HORIZON CARE LTD,Healthcare
MY LOCAL PITCH LTD,Technology
MY NATURAL CLINIC LIMITED,Healthcare
MY PEACE MILLS LIMITED,Healthcare
MY PILLAR LIMITED,Healthcare
MY PROJECT INTERVIEW LIMITED,Education
MY STORE MANCHESTER LTD,Technology
MY TRIBE HOMES LTD,Healthcare
MY VOYAGE CARE SOLUTIONS LIMITED,Healthcare
MY1LOGIN LIMITED,Technology
MYAC PVT LTD,Technology
MYBUILDER LIMITED,Technology
MYDATA-T LTD,Technology
MYEDSPACE LTD,Education
MYELINZ LTD,Technology
MYHEALTHCARE CLINIC LTD,Healthcare
MYI LIMITED,Finance
MYIC UK LTD,Technology
MYKEYPEOPLE LTD,Technology
MYLAN PHARMA UK LIMITED,Engineering
MYMIL LIMITED,Healthcare
MYNAS CARE LTD,Healthcare
MYNESTBOX LIMITED,Technology
MYNT LTD,Technology
MYNURVA LIMITED,Technology
MYPINPAD LTD,Technology
MYPOS PAYMENTS LTD,Technology
MYPROFSR LIMITED,Education
MYRICX PHARMA LIMITED,Engineering
MYRTLE CARE PROVIDERS LIMITED,Healthcare
MYRTLE SOFTWARE LIMITED,Technology
MYSA CARE AND SUPPORT LIMITED,Finance
MYSENSE LTD,Technology
MYSING CARE LIMITED,Healthcare
MYSTIC LOUNGE TATTOO LTD,Healthcare
MZURI LIMITED,Engineering
MZUZU LIMITED,Technology
N & G BUSINESS CONSULTANCY AND MARKET RESEARCH SERVICES LTD,Technology
N & S CONSULTANTS LIMITED,Healthcare
N FAMILY HOLDINGS LTD,Education
N&M ASSOCIATES LIMITED,Technology
N&R CONSULTANCY SERVICES LIMITED,Technology
N-ABLE TECHNOLOGIES LTD,Technology
N-IX TECHNOLOGIES LIMITED,Technology
N.A & O'NEILL LTD,Healthcare
N2 TECHNOLOGY CONSULTING LTD,Technology
N3O LTD,Technology
NAANITECH CONSULTANTS LIMITED,Technology
NAC'S WEST CARE LTD,Healthcare
NACOR HEALTHCARE SERVICES LTD,Healthcare
NACORA INSURANCE BROKERS LIMITED,Finance
NADCLINIC LTD,Healthcare
NADIRAH TECHNOLOGIES LIMITED,Technology
NAG TECHNOLOGIES LIMITED,Technology
NAGAMANIKANTA SOLUTIONS LIMITED,Technology
NAGARRO SOFTWARE LTD,Technology
NAGRA MEDIA UK LIMITED,Technology
NAHLA INTERIOR DESIGN LTD,Engineering
NAK CONSULTING SERVICES LIMITED,Technology
NAKKA CONSULTANCY LTD,Technology
NALA PAYMENTS LIMITED,Finance
NAMI SURGICAL LIMITED,Engineering
NAMO TECHNOLOGIES LTD,Technology
NANHUA FINANCIAL (UK) CO LIMITED,Finance
NANNIE ANNIES DAY CARE LIMITED,Education
NANNY AND HOUSEKEEPER LTD,Healthcare
NANO FIBRE UK LIMITED,Technology
NANOBEAM LIMITED,Engineering
NANOCO TECHNOLOGIES LIMITED,Engineering
NANOGRAB LIMITED,Technology
NANOMERICS LTD,Engineering
NANOPLEXUS LIMITED,Engineering
NANOSOFT TECH LTD,Technology
NANOVERY LIMITED,Engineering
NANSEN HIGHLAND,Education
NAPA CENTRE UK LIMITED,Healthcare
NAPIER LODGE LIMITED,Healthcare
NAPIER PARK GLOBAL CAPITAL LTD,Finance
NAPIER TECHNOLOGIES LIMITED,Technology
NARLA TECHNOLOGIES LTD,Technology
NARTIO LIMITED,Technology
NARVAR UK LIMITED,Technology
NARWAL UK LIMITED,Technology
NARWHAL GROUP LIMITED,Finance
NASA DESIGN STUDIO LTD,Engineering
NASCENT GROUP LTD,Technology
NASDAQ LIMITED,Technology
NASH ALLIANCE LTD,Healthcare
NASH CARE HOMES LTD,Healthcare
NASH CORPORATE SERVICES LIMITED,Healthcare
NASH HOMECARE LTD,Healthcare
NASH TECHNOLOGIES AND CONSULTING LIMITED,Technology
NASHE LIMITED COMPANY LIMITED,Healthcare
NASHE-UK LTD,Healthcare
NASHTECH LIMITED,Technology
NASIM CONSULTING LIMITED,Technology
NASRULLAH LIMITED,Healthcare
NASSH HEALTHCARE LTD,Healthcare
NASYA HEALTH LIMITED,Healthcare
NAT'S TUTORIAL LIMITED,Education
NATILIK LIMITED,Technology
NATIONAL ANTHEM LTD,Technology
NATIONAL BANK OF EGYPT (UK) LIMITED,Finance
NATIONAL CARE PROVIDERS LTD,Healthcare
NATIONAL CENTRE FOR CIRCUS ARTS,Education
NATIONAL CENTRE FOR SOCIAL RESEARCH,Engineering
NATIONAL CHILDREN'S BUREAU,Healthcare
NATIONAL EDUCATION GROUP LTD,Education
NATIONAL FOSTERING GROUP LIMITED,Healthcare
NATIONAL HOUSE-BUILDING COUNCIL,Finance
NATIONAL IT DISPOSAL LIMITED,Technology
NATIONAL OCEANOGRAPHY CENTRE,Engineering
NATIONAL STAR FOUNDATION,Education
NATIONAL STEM EDUCATION LIMITED,Education
NATIONAL UNPLANNED PREGNANCY ADVISORY SERVICE LIMITED,Healthcare
NATIONAL WEALTH FUND LIMITED,Finance
NATIONAL WEB DESIGN LTD,Technology
NATIONWIDE CARE (FINCHLEY) LIMITED,Healthcare
NATIONWIDE CARE SERVICES (BIRMINGHAM CENTRAL) LTD,Healthcare
NATIONWIDE CARE SERVICES (BIRMINGHAM SOUTH) LTD,Healthcare
NATIONWIDE CARE SERVICES (DERBY) LTD,Healthcare
NATIONWIDE CARE SERVICES (DUDLEY) LTD,Healthcare
NATIONWIDE CARE SERVICES (WORCESTER) LTD,Healthcare
NATIONWIDE CARE SERVICES LTD,Healthcare
NATIONWIDE FOSTERING LIMITED,Healthcare
NATIONWIDE HOLDINGS LIMITED,Finance
NATIONWIDE LIFTS & ESCALATORS LTD,Engineering
NATIVE AI LTD,Technology
NATIVE FINANCIAL SERVICES LTD,Finance
NATIXIS INVESTMENT MANAGERS UK LIMITED,Finance
NATPOWER DEVELOPMENT LIMITED,Engineering
NATTER LTD,Technology
NATURAL CAPITAL RESEARCH LIMITED,Technology
NATURAL SCIENCES MUSEUM RESEARCH LTD,Engineering
NATURALMOTION LIMITED,Technology
NATURBEADS LTD,Engineering
NATWEST GROUP PLC,Finance
NAUDAPAY LIMITED,Finance
NAUTICA SOLUTIONS LTD,Technology
NAV INFOTECH LTD,Technology
NAVENIO LIMITED,Technology
NAVIGO HEALTH AND SOCIAL CARE CIC,Healthcare
NAVISITE EUROPE LIMITED,Technology
NAVITAS UK HOLDINGS LIMITED,Education
NAVLIVE LIMITED,Technology
NAVONMESH LTD,Technology
NAVTEJ DYNA SOLUTIONS LIMITED,Technology
NAVYASOFTWARE LTD,Technology
NAVYS TECHNOLOGIES LIMITED,Technology
NAYA MEDICALS LIMITED,Finance
NAYAONE LIMITED,Technology
NAZA CONNECT CARE LTD,Healthcare
NAZARETH CARE CHARITABLE TRUST,Healthcare
NAZARETH LODGE LIMITED,Healthcare
NB GROUP LIMITED,Engineering
NBI ANALYTICS UK LIMITED,Technology
NBT GROWTH LTD,Technology
NCB HAZCHECK LIMITED,Technology
NCC EDUCATION LIMITED,Education
NCE SWITCHGEAR SERVICES LTD,Engineering
NCG ENERGY LIMITED,Technology
NCG HIGHER EDUCATION CENTRE LIMITED,Education
NCIMB LIMITED,Engineering
NCM FINANCIAL UK LTD,Finance
NCM FUND SERVICES LIMITED,Finance
NCR LIMITED,Technology
NCSOFT EUROPE LIMITED,Technology
ND SPECTRA LIMITED,Technology
NDABA LIMITED,Technology
NDASENDA V.A.S LTD,Technology
NDH CARE LTD,Healthcare
NDREAMS LIMITED,Technology
NDT GLOBAL SERVICES LIMITED,Engineering
NEA ARCHE IT LIMITED,Technology
NEARA SOFTWARE LTD,Technology
NEARCUT LIMITED,Technology
NEARFORM UK LIMITED,Technology
NEARWATER CAPITAL UK LIMITED,Finance
NEASDEN COMPUTERS LIMITED,Technology
NEBIUS UK LTD,Technology
NEBULI LTD.,Technology
NECIT SERVICES LIMITED,Engineering
NECRON LTD,Technology
NECTSOL GLOBAL LIMITED,Technology
NEDGROUP INVESTMENTS (UK) LIMITED,Finance
NEEDLE POINT EDUCATION LIMITED,Education
NEEDMET CARE LTD,Healthcare
NEEDWOOD CARE LIMITED,Healthcare
NEEM TREE CARE LIMITED,Healthcare
NEEVINFRA LTD,Technology
NEIGHBOURLY HELPERS LTD,Healthcare
NEIHEISER ARGYROS LIMITED,Engineering
NEILSON FINANCIAL SERVICES LIMITED,Finance
NEKTON CAPITAL LIMITED,Finance
NELL COMPUTERS LTD,Technology
NEMPHI HOMES LTD,Healthcare
NENDRASYS TECHNOLOGIES UK LIMITED,Technology
NEO ORTHODONTICS NORTH EAST LIMITED,Healthcare
NEO TECHNOLOGY LIMITED,Technology
NEO4J UK LIMITED,Engineering
NEOCOL UK LTD,Technology
NEOLIFE HEALTH SYSTEM LTD,Healthcare
NEOMAM STUDIOS LIMITED,Technology
NEOPHORE LIMITED,Engineering
NEOS NETWORKS LIMITED,Technology
NEOSALPHA TECHNOLOGIES LIMITED,Technology
NEOTAS LIMITED,Technology
NEOTECH SOLUTIONS LIMITED,Technology
NEOVAC LTD,Engineering
NEOVATION CONSULTANCY SERVICES LIMITED,Technology
NEPC U.K. LTD,Finance
NEPTUNE NORTH LIMITED,Technology
NEPTUNE SOLUTIONS UK LTD,Healthcare
NERAMS LTD,Healthcare
NERDIO UK LIMITED,Technology
NERDS WITH WORDS LTD,Technology
NEROGREEN SOLUTIONS LTD,Technology
NERVECENTRE SOFTWARE LTD,Technology
NES GROUP LIMITED,Finance
NES HOLDINGS (UK) LIMITED,Healthcare
NESS GLOBAL SERVICES LIMITED,Technology
NESSCARE LTD,Healthcare
NESSCOINVSAT LIMITED,Technology
NEST DIGITAL LIMITED,Technology
NEST FOOD GROUP LIMITED,Finance
NESTA,Engineering
NESTEX GROUP LTD,Finance
NESTLINGS CARE LTD,Healthcare
NET AI TECH LTD,Technology
NET CONNECT SOLUTIONS LTD,Technology
NET COVERAGE SOLUTIONS LTD,Technology
NET DRAGONS LIMITED,Technology
NET ESSENCE LIMITED,Technology
NET HUB LTD,Technology
NET PURPOSE LTD,Finance
NET SEC GROUP LIMITED,Technology
NETALG INNOVATIONS LIMITED,Technology
NETAUTOMATE LTD,Technology
NETCALIBRE LTD,Technology
NETCOMPANY UK LIMITED,Technology
NETCORE CLOUD LIMITED,Technology
NETDOCUMENTS LIMITED,Technology
NETDUMA LIMITED,Technology
NETECH IT SOLUTIONS LTD,Technology
NETEX (UK) LIMITED,Technology
NETFLO LIMITED,Technology
NETG5 GLOBAL LTD,Finance
NETHERCLAY HOUSE LTD,Healthcare
NETLIFY UK LIMITED,Technology
NETLIGHT CONSULTING LIMITED,Technology
NETMARQUE LIMITED,Technology
NETMIND.AI LTD,Engineering
NETMORE IOT SOLUTIONS LTD,Technology
NETPMD DESIGN AND INTEGRATION LIMITED,Technology
NETPREMACY LIMITED,Technology
NETREP LIMITED,Technology
NETROADSHOW EMEA LTD,Technology
NETS INTERNATIONAL LIMITED,Technology
NETSAPIENS INTERNATIONAL LIMITED,Technology
NETSOL TECHNOLOGIES EUROPE LIMITED,Technology
NETSPEAK GAMES LTD,Technology
NETSTOCK OPERATIONS LIMITED,Technology
NETSTONE GLOBAL LIMITED,Technology
NETSUISSE LIMITED,Technology
NETTESWELL PHARMA LTD,Healthcare
NETTLE LIMITED,Technology
NETWORK ACCESS ASSOCIATES LIMITED,Technology
NETWORK GUARD (UK) LIMITED,Technology
NETWORK LINKS LTD,Engineering
NETWORK MERCHANTS LIMITED,Technology
NETWORK POINT LIMITED,Technology
NETWORK SCIENCE LTD,Technology
NETWORKLY LTD,Technology
NETZSCH MASTERMIX LIMITED,Engineering
NEUBERGER BERMAN EUROPE LIMITED,Finance
NEUBIT LIMITED,Technology
NEUDATA LIMITED,Technology
NEUPHONIC LIMITED,Technology
NEURALGUARD LTD,Technology
NEURAPSES TECHNOLOGIES LTD,Technology
NEURO PHYSIO AT HOME LTD,Healthcare
NEURO-PROCARE LIMITED,Healthcare
NEUROGEARS LTD,Technology
NEUROHARMONICS LTD,Engineering
NEUROKINEX CIC,Healthcare
NEUROLABORATORIES LIMITED,Technology
NEURON INNOVATIONS LTD,Technology
NEURONOSTICS LIMITED,Engineering
NEUROPHORIA NLP LTD,Healthcare
NEUROPHYS LTD,Healthcare
NEUTREENO LIMITED,Technology
NEVA MANOR CARE HOME LTD,Healthcare
NEVADO LIMITED,Technology
NEVIS WEALTH TECHNOLOGY LTD,Technology
NEW BEGINNINGS HEALTHCARE SERVICES LTD,Healthcare
NEW BEGINNINGS SOUTH LTD,Healthcare
NEW CHAMBER MOUNT LIMITED,Healthcare
NEW COLLEGE WORCESTER,Education
NEW DAWN RISK GROUP LIMITED,Finance
NEW GRADIENT LTD,Technology
NEW HALL SCHOOL TRUST,Education
NEW HOPE ACUPUNCTURE AND HERB MEDIC CENTRE LTD,Healthcare
NEW HORIZON CARE HOME LTD,Healthcare
NEW HORIZON HOMECARE LIMITED,Healthcare
NEW LEAF CARE LIMITED,Healthcare
NEW LEAF SUPPORTED LIVING LIMITED,Healthcare
NEW LEFT REVIEW LIMITED,Technology
NEW MARK ADVISORS LIMITED,Finance
NEW MEANING FOUNDATION,Education
NEW MEDICAL SYSTEMS LIMITED,Healthcare
NEW MIDLAND LIMITED,Engineering
NEW MODEL INSTITUTE FOR TECHNOLOGY AND ENGINEERING,Education
NEW ORIENTAL VISION OVERSEAS CONSULTING (U.K.) LIMITED,Education
NEW PRO IT LTD,Technology
NEW RELIC UK LIMITED,Technology
NEW RIVER TRUST,Education
NEW SCALER LIMITED,Technology
NEW START HOMES CIC,Healthcare
NEW SUPPORT CARE LIMITED,Healthcare
NEW VISION TRUST,Education
NEW WINGS LTD,Healthcare
NEW WORLD SOFTWARE EUROPE LIMITED,Technology
NEW YORK TIMES LIMITED,Technology
NEWARK CARE,Healthcare
NEWAYS AT HOME LTD,Healthcare
NEWBOLD COLLEGE,Education
NEWBURY ACADEMY TRUST,Education
NEWBURY DIGITAL LIMITED,Technology
NEWCASTLE EDUCATION GROUP LTD,Education
NEWCASTLE MARINE SERVICES LTD.,Engineering
NEWCASTLE PHYSIOTHERAPY LIMITED,Healthcare
NEWCELLS BIOTECH LIMITED,Engineering
NEWCOMBE HOME CARE SERVICES LIMITED,Healthcare
NEWDON HEALTH CARE LIMITED,Healthcare
NEWFANGLED GAMES LTD,Technology
NEWFORCE GLOBAL SERVICES LTD,Technology
NEWFORMA UK LTD,Technology
NEWHAM COMMUNITY LEARNING,Education
NEWHAM FAMILY DENTAL CARE LIMITED,Healthcare
NEWHAM HEALTH COLLABORATIVE CIC,Healthcare
NEWHAM MUSIC TRUST,Education
NEWHAVEN 16 PLUS LIMITED,Healthcare
NEWHAVEN CARE LIMITED,Healthcare
NEWLANDS CARE ANGUS LIMITED,Healthcare
NEWLANDS CARE LIMITED,Healthcare
NEWLIFE CARE PROVIDERS LTD,Healthcare
NEWLIFE WINDOWS (UK) LTD,Engineering
NEWLIFE YOGA & WELLNESS LTD,Healthcare
NEWLINE GROUP SERVICES LIMITED,Finance
NEWMAN EVANS YORKSHIRE LIMITED,Technology
NEWMAN LABELLING LIMITED,Engineering
NEWMARK CARE LTD,Healthcare
NEWPARK CHILDCARE (CLERKENWELL) LIMITED,Education
NEWPARK CHILDCARE (ISLINGTON) LIMITED,Education
NEWQUAY DENTAL CENTRE LTD,Healthcare
NEWREDO LTD,Technology
NEWROCKET (UK) LIMITED,Technology
NEWS CORP UK & IRELAND LIMITED,Technology
NEWSCO SOFTWARE LIMITED,Technology
NEWSFLARE LIMITED,Technology
NEWSNOW PUBLISHING LIMITED,Technology
NEWSOME SURGERY LIMITED,Healthcare
NEWSQUAWK VOICE LIMITED,Technology
NEWSQUEST MEDIA GROUP LIMITED,Technology
NEWSTORE LTD,Technology
NEWTO TRAINING LIMITED,Education
NEWTON DEE CAMPHILL COMMUNITY LTD,Healthcare
NEWTON VENTURE EDUCATION LIMITED,Education
NEXACOMMERCE IT LIMITED,Technology
NEXDI LTD,Finance
NEXEDGE MARKETS LTD,Finance
NEXER DIGITAL LTD,Technology
NEXER ENTERPRISE APPLICATIONS LIMITED,Technology
NEXGENIUS UK LTD,Technology
NEXPIN TECHNOLOGY LTD,Technology
NEXT CARE LTD,Healthcare
NEXT DLP LIMITED,Technology
NEXT MOMENTUM LTD,Technology
NEXT NOOR LTD,Technology
NEXT STACK LTD,Technology
NEXT STEP CC LIMITED,Healthcare
NEXT STEP FUSION LTD,Engineering
NEXT STEP SUPPORT (OH) LTD,Healthcare
NEXT STEPS LTD,Healthcare
NEXT STEPS SUPPORTED LIVING LIMITED,Healthcare
NEXT TECHNOLOGIES LTD,Technology
NEXT UNICORN LTD,Technology
NEXT VENTURES LIMITED,Technology
NEXTBEAT LIMITED,Technology
NEXTDOOR EUROPE UK LIMITED,Technology
NEXTGEN PLANNERS LIMITED,Education
NEXTGEN TECHNOLOGY LIMITED,Technology
NEXTHINK LIMITED,Technology
NEXTMOVE SOFTWARE LIMITED,Technology
NEXTSTREAM SERVERS LTD,Technology
NEXTVIEW CONSULTING UK LIMITED,Technology
NEXUCLOUD AI LIMITED,Technology
NEXUS ALPHA LIMITED,Technology
NEXUS HEALTH LIMITED,Healthcare
NEXUS HEALTH VENTURES LIMITED,Healthcare
NEXUS MULTI ACADEMY TRUST,Education
NEXUSNOVA IT LTD,Technology
NFC HEALTH & SOCIAL CARE LIMITED,Healthcare
NFE STRUCTURAL LIMITED,Engineering
NFG CAPITAL LIMITED,Finance
NFON UK LTD,Technology
NFTHING LIMITED,Technology
NG BIO LTD,Engineering
NGP ARCHITECTURE LTD,Engineering
NGR LIMITED,Engineering
NH INVESTMENT & SECURITIES EUROPE LTD,Finance
NHA CAREHOMES LTD,Healthcare
NHES CARE LIMITED,Healthcare
NI ENGINEERING LTD,Engineering
NIALL MCLAUGHLIN ARCHITECTS LTD,Engineering
NIANTIC INTERNATIONAL LIMITED,Technology
NIANTIC SPATIAL UK LIMITED,Technology
NIBBLE TECHNOLOGY LIMITED,Technology
NIBS SOLUTIONS LTD,Technology
NICA LTD,Healthcare
NICE SYSTEMS UK LIMITED,Technology
NICHE ONLINE SALES GROUP LTD,Finance
NICHE SKILLS LIMITED,Technology
NICHOLAS JAMES CARE HOMES LTD,Healthcare
NICHOLSON HOUSE LISBURN LTD,Healthcare
NICKEL DIGITAL ASSET MANAGEMENT LIMITED,Finance
NICOLAUDIE UK LIMITED,Technology
NICOLL ROAD NURSERY LIMITED,Healthcare
NIF INVESTMENT ADVISOR UK LTD,Finance
NIGHTINGALE COTTAGE LIMITED,Healthcare
NIGHTINGALE COURT CARE LIMITED,Healthcare
NIGHTINGALE HOME CARE (SCOTLAND) LTD,Healthcare
NIGHTINGALE HOUSE HOSPICE,Healthcare
NIGHTINGALE RESIDENTIAL CARE HOME LTD,Healthcare
NIGHTINGALE YORKSHIRE LTD,Healthcare
NIGHTINGALES NURSING HOME LIMITED,Healthcare
NIH CLINICS LIMITED,Healthcare
NIHON CYBER DEFENCE LTD,Technology
NIICO LTD,Technology
NIKKEI EUROPE LIMITED,Technology
NIKODA CARE SERVICES LTD,Healthcare
NILA CARE GROUP LIMITED,Technology
NILE LIVING SERVICES LTD,Healthcare
NILS SOLUTIONS LIMITED,Technology
NIMBLE ELEARNING LTD,Technology
NIMBUSCARE LIMITED,Healthcare
NIMISHA CONSULTING LIMITED,Technology
NINETY ONE UK LIMITED,Finance
NINETY PERCENT OF EVERYTHING LIMITED,Technology
NINI SOCIAL CARE SERVICES CIC,Healthcare
NINJA THEORY LIMITED,Technology
NINTEX UK LIMITED,Technology
NIPPON LIFE GLOBAL INVESTORS EUROPE PLC,Finance
NIPUNA SOLUTIONS LTD,Technology
NIRAS GROUP (UK) LTD,Engineering
NIRLAK CONSULTANCIES LTD,Technology
NIROS CONSULTING LIMITED,Technology
NIROSH CARE HOMES LIMITED,Healthcare
NIRVANA MEDIA LTD,Technology
NISACRAFTCARE LIMITED,Healthcare
NISH INFOTECH LTD,Technology
NISHKKALAA TECHNOLOGIES LTD,Technology
NISSI BUSINESS SOLUTIONS LTD,Healthcare
NITEC SOLUTIONS LTD,Technology
NITHREE TECHNOLOGY LIMITED,Technology
NITS SOLUTIONS LIMITED,Technology
NIVEDA GROUP LTD,Finance
NIX TECHNOLOGY UK LTD,Technology
NIYA NETWORK LTD,Technology
NIYANTH MEDIA & TECHNOLOGY LIMITED,Technology
NIYYAT ENTERPRISES LTD,Technology
NJC LABS LIMITED,Technology
NK COMPUTER SERVICES LIMITED,Technology
NK2N HOTELS (GLASGOW) LIMITED,Finance
NKV COMPLIANCE LIMITED,Healthcare
NL HOME CARE LTD,Healthcare
NLC CAPITAL MANCO LIMITED,Finance
NLYTE SOFTWARE LIMITED,Technology
NM HOME HEALTHCARE LTD,Healthcare
NM SOFTWARE SOLUTIONS LTD,Technology
NMIBLE LTD,Technology
NMK STEEL LTD,Engineering
NNMK LIMITED,Technology
NO GHOST LIMITED,Technology
NO LABEL VENTURES ADVISER LIMITED,Finance
NO.1 CONSULTANTS LTD,Technology
NOA GIRLS,Healthcare
NOADSWOOD SCHOOL,Education
NOBLE CARE LIMITED,Healthcare
NOBLE TRAVEL AND MONEY EXCHANGE LIMITED,Finance
NOBLUE2 LIMITED,Technology
NODE 4 LIMITED,Technology
NODE GROUP LTD,Engineering
NODE URBAN DESIGN LTD,Engineering
NODEQ LIMITED,Technology
NODES TECHNOLOGIES LIMITED,Technology
NODEWEAVE TECHNOLOGIES LIMITED,Technology
NOETICA LIMITED,Technology
NOGGIN HQ LTD,Technology
NOISE MEDIA LIMITED,Technology
NOISE SOLUTIONS LIMITED,Engineering
NOKIA UK LIMITED,Technology
NOLANA LIMITED,Technology
NOM-IQ LIMITED,Technology
NOMAD DIGITAL LIMITED,Technology
NOMAZ LIMITED,Healthcare
NOMIOS UK&I LIMITED,Technology
NOMISMA SOLUTION LTD,Technology
NOMURA INTERNATIONAL PLC,Finance
NONVIA TECHNOLOGY LIMITED,Technology
NOOK ARCHITECTURE AND DESIGN LIMITED,Engineering
NOOM HEALTH UK LIMITED,Healthcare
NOOR CAPITAL UK LIMITED,Finance
NOOR HOMES LTD,Healthcare
NOOR-E-MADINA FOUNDATION LIMITED,Healthcare
NOPSO LTD,Technology
NOQ EVENTS LTD,Technology
NORBEN LIMITED,Technology
NORDCLOUD LIMITED,Technology
NORDIC BALANCE LIMITED,Healthcare
NORFOLK DEAF ASSOCIATION (NDA),Healthcare
NORFOLK NEWMEDICA LIMITED,Healthcare
NORLAND PLACE SCHOOL LIMITED,Education
NORMA CARE LIMITED,Healthcare
NORMAN GALLOWAY HOMES CIC,Technology
NORMAN HAY ENGINEERING LIMITED,Engineering
NORMANTON LODGE LIMITED,Healthcare
NORR CONSULTANTS LIMITED,Engineering
NORSE TRADE LTD,Technology
NORTAL SOLUTIONS LTD,Technology
NORTAL UK LIMITED,Technology
NORTH ARGYLL EVENTIDE HOME ASSOCIATION LTD,Healthcare
NORTH EAST AUTISM SOCIETY,Education
NORTH EAST LEARNING TRUST,Education
NORTH HILL GARDENS LTD,Engineering
NORTH KENT MIND,Healthcare
NORTH LONDON ADULT CARE LTD,Healthcare
NORTH LONDON HOMECARE AND SUPPORT LIMITED,Healthcare
NORTH NORTHAMPTONSHIRE CARE LTD,Healthcare
NORTH PB LIMITED,Technology
NORTH ROAD ACADEMY LIMITED,Education
NORTH SHROPSHIRE HOMECARE LIMITED,Healthcare
NORTH STAR COMMUNITY TRUST LTD,Education
NORTH WALL CAPITAL SERVICES LTD,Finance
NORTH WEST APPLIANCE REPAIRS LIMITED,Engineering
NORTH WEST SURREY INTEGRATED CARE SERVICES (NICS) LTD,Healthcare
NORTH WEST TRAINING COUNCIL,Education
NORTH WEST WOMEN'S CENTRE,Healthcare
NORTH WOOLWICH PRACTICE LIMITED,Healthcare
NORTH27 LIMITED,Technology
NORTHAMPTONSHIRE CARE LIMITED,Healthcare
NORTHAMPTONSHIRE INDEPENDENT GRAMMAR SCHOOL CHARITY TRUST LIMITED,Education
NORTHANTS COMMUNITY CARE LIMITED,Healthcare
NORTHBROOK HOMES LIMITED,Healthcare
NORTHCHILD EDUCATION (UK) LTD,Education
NORTHCON LIMITED,Engineering
NORTHCORP SOLUTIONS LTD,Technology
NORTHCREST HEALTHCARE LIMITED,Healthcare
NORTHEASTERN UNIVERSITY - LONDON,Education
NORTHERN ANGELS CARE LTD,Healthcare
NORTHERN BANK LIMITED,Finance
NORTHERN EDUCATION TRUST,Education
NORTHERN GRITSTONE LIMITED,Finance
NORTHERN HYDRAULICS LTD,Engineering
NORTHERN IRELAND HOSPICE,Healthcare
NORTHERN LEADERS TRUST,Education
NORTHERN LIFE CARE LIMITED,Healthcare
NORTHERN LIGHTS PARTNERSHIP LIMITED,Healthcare
NORTHERN STAR ACADEMIES TRUST,Education
NORTHERN STARLIGHT LIMITED,Technology
NORTHERN TRUST MANAGEMENT SERVICES LIMITED,Finance
NORTHERN WOLF TRADING COMPANY LIMITED,Technology
NORTHEY TECH LTD,Engineering
NORTHFIELD CARE LIMITED,Healthcare
NORTHFLANK LTD,Technology
NORTHGATE HEALTHCARE HOLDINGS LIMITED,Finance
NORTHGATE HEALTHCARE LIMITED,Healthcare
NORTHLEAF CAPITAL PARTNERS (UK) LIMITED,Finance
NORTHSLOPE TECHNOLOGIES LIMITED,Technology
NORTHSTANDARD LIMITED,Finance
NORTHSTAR HOME CARE LIMITED,Healthcare
NORTHSTAR TRAVEL MEDIA LIMITED,Technology
NORTHWEST YOUTH SERVICES LTD,Healthcare
NORTHWICK PARK INSTITUTE FOR MEDICAL RESEARCH,Engineering
NORTHWOOD COMPLEX CARE LTD,Healthcare
NORTHWOOD INVESTORS INTERNATIONAL LIMITED,Finance
NORTHZONE VENTURES UK LIMITED,Finance
NORWEST INSURANCE LIMITED,Finance
NORWICH SCHOOL,Education
NORWICH SPINAL HEALTH LIMITED,Healthcare
NOSARA CAPITAL MANAGEMENT LIMITED,Finance
NOSCE EDUCATION LIMITED,Education
NOSTO SOLUTIONS UK LTD,Technology
NOSUFFERING LIMITED,Technology
NOT IN THE GUIDEBOOKS LIMITED,Technology
NOTIUM LIMITED,Technology
NOTTING HILL COLLEGE LTD,Education
NOTTING HILL PREPARATORY SCHOOL LIMITED,Education
NOTTINGHAM CARE VILLAGE LIMITED,Healthcare
NOTTINGHAM CITYCARE PARTNERSHIP CIC,Healthcare
NOTTINGHAM MENCAP,Healthcare
NOUMED LIFE SCIENCES LIMITED,Engineering
NOUS INFOSYSTEMS (UK) PVT. LTD,Technology
NOUVEAU CARE LTD,Healthcare
NOUVITA LIMITED,Healthcare
NOVA CARE GROUP LTD,Healthcare
NOVA CENTRIC LIMITED,Education
NOVA EDUCATION TRUST,Education
NOVA HEALTHCARE SERVICES LIMITED,Healthcare
NOVA INNOVATION LTD,Engineering
NOVA TECHNOLABS LTD,Technology
NOVACLOUD INNOVATIVE LIMITED,Technology
NOVACYT UK HOLDINGS LIMITED,Finance
NOVADOT LTD,Technology
NOVALIS TRUST,Education
NOVALUN LTD,Healthcare
NOVAMINDS LTD,Technology
NOVANTA TECHNOLOGIES UK LIMITED,Engineering
NOVAS HIGH TECHNOLOGY LTD,Engineering
NOVASTAR VENTURES LIMITED,Finance
NOVATUM TECH LIMITED,Technology
NOVEE AI LIMITED,Technology
NOVEL ENGINEERING CONSULTANTS LTD,Engineering
NOVIA FINANCIAL PLC,Finance
NOVION GLOBAL LTD,Finance
NOVIRA TECHNOLOGIES LIMITED,Technology
NOVNAT TECH LTD,Engineering
NOVO DENTAL LIMITED,Healthcare
NOVO HOLDINGS EQUITY UK LIMITED,Finance
NOVO MANAGEMENT CONSULTING LIMITED,Technology
NOVO TECH SOLUTIONS LTD,Engineering
NOVOCARE LTD,Healthcare
NOVOGENE (UK) COMPANY LIMITED,Engineering
NOVOIC LTD,Technology
NOVOVILLE LIMITED,Technology
NOVUM STUDIO LTD,Technology
NOVUS ALTAIR LIMITED,Technology
NOVUS CARE LIMITED,Healthcare
NOVYY TECHNOLOGIES LIMITED,Technology
NOWCE LIMITED,Technology
NOWER HILL HIGH SCHOOL,Education
NOWIT SERVICES LTD,Technology
NOYA WEALTH CONSULTING LTD,Finance
NOYEK LIMITED,Technology
NOZIROHPIC STUDIO LTD,Technology
NPAB CONSULTANCY LIMITED,Technology
NPLAN LIMITED,Technology
NR DATASOLUTIONS LIMITED,Technology
NRC STAR TRADING LTD,Technology
NRI MEDICAL LTD,Healthcare
NS CML LTD,Healthcare
NS E WORKS LTD,Technology
NS INTELLIGENCE HOLDINGS LTD,Engineering
NS MOBILE SOLUTIONS LIMITED,Technology
NSC GLOBAL LIMITED,Technology
NSCALE OPERATIONS (UK) LIMITED,Technology
NTEK CONSULTANCY LTD,Technology
NTT DATA BUSINESS SOLUTIONS LIMITED,Technology
NTT DATA SERVICES UK LIMITED,Technology
NTT DATA UK LIMITED,Technology
NTT FINANCE UK LIMITED,Finance
NTT LIMITED,Technology
NTTAU DIGITAL LTD,Engineering
NUA LANCASHIRE LTD,Healthcare
NUBAH SOCIAL CARE LTD,Healthcare
NUBIACOM LTD,Technology
NUBRIDGE PUBLISHING LIMITED,Education
NUCLEOME THERAPEUTICS LIMITED,Engineering
NUDAWN HOUSING AND SUPPORT SERVICES LTD,Education
NUDGE GLOBAL LIMITED,Technology
NUEVA BUSINESS CONSULTING LIMITED,Technology
NUMBEREIGHT TECHNOLOGIES LTD,Technology
NUMERICA RISK MANAGEMENT AND CONSULTING LTD,Education
NUNABIO LIMITED,Engineering
NUNHEAD OSTEOPATHS LTD,Healthcare
NUNTIUS THERAPEUTICS LIMITED,Engineering
NURSERY ROAD CAPITAL MANAGEMENT LIMITED,Finance
NURSES ALLIANCE LIMITED,Healthcare
NURSING CARE PERSONNEL LTD,Healthcare
NURSINGPRO LIMITED,Healthcare
NURTURECARE LIMITED,Healthcare
NURTURETEK LTD,Technology
NURTURING CHILDRENS SERVICES LTD,Healthcare
NUTLEY HALL,Healthcare
NUTRIVEDA SOLUTIONS LTD,Healthcare
NUTTALL BOWSER ENGINEERING LTD,Engineering
NUVVEN LTD,Technology
NVIDIA LTD,Technology
NW MEDIA PUBLISHING UK LTD,Technology
NW PUBLISHING UK LTD,Technology
NWAVE TECHNOLOGIES LTD,Technology
NXERA PHARMA UK LIMITED,Engineering
NXT INFOTECH LIMITED,Technology
NXTGEN SNS LIMITED,Technology
NY HEALTH SOLUTIONS LTD,Technology
NY TECH DIGITAL LTD,Technology
NYL INVESTORS (U.K.) LIMITED,Finance
NYOUM LIMITED,Technology
NYQUIST SOLUTIONS LIMITED,Technology
NYTON HOUSE LIMITED,Healthcare
NYU IN LONDON,Education
NYXIUM LTD,Technology
O'CONNOR BURKE ARCHITECTURE LTD,Engineering
O'NEILL ENGINEERING CONSULTANCY LIMITED,Engineering
O.S.T.C. LIMITED,Finance
O2 CARE LTD,Healthcare
O9 SOLUTIONS UK LIMITED,Technology
OADIGITALS LTD,Technology
OAK CARE HOME SERVICES LTD,Healthcare
OAK CARE LIMITED,Healthcare
OAK ENGAGE LIMITED,Technology
OAK FARM (TAVERHAM) LIMITED,Healthcare
OAK FARM COURT LIMITED,Healthcare
OAK HEALTHCARE HOLDING LTD,Healthcare
OAK HILL ADVISORS (U.K. SERVICES) LIMITED,Finance
OAK HOUSE HOMECARE CAMBS LTD,Healthcare
OAK HOUSE HOMECARE LTD,Healthcare
OAK NEST CHILDREN'S HOMES LTD,Healthcare
OAK SERVCO LIMITED,Finance
OAK SMART TECHNOLOGY LIMITED,Technology
OAK SUPPORT LIMITED,Healthcare
OAK TREE PRE-SCHOOL NURSERIES LIMITED,Education
OAKDALE CARE HOME LTD,Healthcare
OAKDALE CARE LIMITED,Healthcare
OAKDOWN HOUSE LIMITED,Healthcare
OAKFIELD CARE (ASHTEAD) LTD,Healthcare
OAKFIELD HOUSE CARE LIMITED,Healthcare
OAKFIELD PSYCHOLOGICAL SERVICES LIMITED,Healthcare
OAKFOIL LIMITED,Healthcare
OAKHAM SCHOOL,Education
OAKHAVEN RESIDENTIAL CARE HOME LIMITED,Healthcare
OAKLAND COURT LIMITED,Healthcare
OAKLANDS CARE HOVE LIMITED,Healthcare
OAKLANDS CARE SERVICES LIMITED,Healthcare
OAKLANDS SEN SCHOOL BERKSHIRE LIMITED,Education
OAKLEIGH CARE HOMES LIMITED,Healthcare
OAKLEIGH RESIDENTIAL HOME LIMITED,Healthcare
OAKLEIGH SAS CONSULTANCY LIMITED,Technology
OAKLEY CAPITAL LIMITED,Finance
OAKLEY CAREHOMES LIMITED,Healthcare
OAKLODGE SUPPORTING LIVING LIMITED,Healthcare
OAKLON LIMITED,Healthcare
OAKNORTH (UK) LIMITED,Technology
OAKNORTH BANK PLC,Finance
OAKS CARE HOLDINGS LTD,Healthcare
OAKSFIELD CARE LTD,Healthcare
OAKSHED CARE LTD,Healthcare
OAKSWOOD GROUP LTD,Education
OAKVIEW CARE HOME LIMITED,Healthcare
OAKVILLE CARE LIMITED,Healthcare
OAKWOOD HOUSE (NORWICH) LTD,Healthcare
OAKWOOD PARK GRAMMAR SCHOOL,Education
OAKWORTH MANOR RESIDENTIAL HOME LIMITED,Healthcare
OANDA EUROPE LIMITED,Finance
OASIS COMMUNITY LEARNING,Education
OASIS HEALTHCARE SOLUTIONS LTD,Healthcare
OASIS HOMECARE SERVICES LTD,Healthcare
OASIS MANOR LTD,Healthcare
OASIS PRO LIMITED,Technology
OASIS PROFESSIONAL CARE SERVICES LTD,Healthcare
OASIS SUPPORT LTD,Healthcare
OATLEIGH CARE LTD,Healthcare
OBAS GROUP LIMITED,Education
OBERON INVESTMENTS GROUP PLC,Finance
OBEX GROUP LIMITED,Finance
OBJECTMASTERY (UK) LIMITED,Technology
OBJECTWAY LIMITED,Technology
OBJECTYL LTD,Technology
OBLIGEITSOLUTIONS LIMITED,Technology
OBM (UK) LIMITED,Engineering
OCASTA STUDIOS LIMITED,Technology
OCCAM BIOSCIENCES LIMITED,Engineering
OCCAM UNDERWRITING LIMITED,Finance
OCCAMSEC LTD,Technology
OCCUPATIONAL PERSONNEL SERVICES LTD,Healthcare
OCEAN BLUE SOFTWARE LIMITED,Technology
OCEAN CARE SERVICES LTD,Healthcare
OCEAN GENERATION,Engineering
OCEAN INTERNATIONAL RE LIMITED,Finance
OCEAN PRIME INDUSTRIES LTD,Technology
OCEAN SCIENCE CONSULTING LTD,Engineering
OCEAN TIDE (UK) LIMITED,Finance
OCEANIC TECHNOLOGIES LIMITED,Technology
OCEANICTRADE LIMITED,Healthcare
OCEANIX INTERNATIONAL LTD,Engineering
OCEANMIND LIMITED,Technology
OCIMUM HEALTHCARE LTD,Healthcare
OCLC (UK) LIMITED,Technology
OCO DIGITALS LTD,Technology
OCTA FIRE LTD,Engineering
OCTAGON I/O LTD,Technology
OCTANE CAPITAL LIMITED,Finance
OCTOPUS CAPITAL LIMITED,Finance
OCTUS INTELLIGENCE LIMITED,Technology
OCULO TECHNOLOGIES LTD,Technology
OCUWELL LIMITED,Engineering
OD PR LIMITED,Technology
OD PROJECTS (HOLDINGS) LTD,Finance
ODA UK STUDIO LIMITED,Engineering
ODDO BHF UK LIMITED,Finance
ODEKO (N.I.) LTD,Technology
ODESSA PRIVATE LIMITED,Technology
ODEVO UK LIMITED,Finance
ODI GLOBAL,Engineering
ODIN PARTNERSHIP LIMITED,Finance
"ODM SEEDS, TITHES & GIFTS LTD",Technology
ODQA RENEWABLE ENERGY TECHNOLOGIES LIMITED,Engineering
ODRO LTD,Technology
ODYSSEY COMPUTING LIMITED,Engineering
ODYSSEY EDUCATION SERVICES LIMITED,Education
ODYSSEY INTERACTIVE LIMITED,Technology
ODYSSEY THERAPEUTICS UK LIMITED,Technology
OE QORBAN CONSULT LIMITED,Technology
OEE CONTAINER TECHNOLOGY LIMITED,Engineering
OES ENGINEERING SOLUTIONS LTD,Engineering
OF ARCHITECTURE LIMITED,Engineering
OFFA OPERATIONS LTD,Finance
OFFER PLUS LTD,Education
OFFICE 21 LTD,Technology
"OFFICE OF DESIGN, ARCHITECTURE & CONSULTANT ENGINEERS LTD",Engineering
OFFROAD GAMES LTD,Technology
OFORI HAMMOND LTD,Healthcare
OGAB LIMITED,Engineering
OGWELL GRANGE LIMITED,Healthcare
OH GOODLORD LTD,Technology
OHALO LIMITED,Technology
OHM ELECTRICAL ENGINEERING LTD,Engineering
OHMSPACE LTD,Engineering
OHPEN SERVICES UK LIMITED,Finance
OI CREATIVE SERVICES LTD,Technology
OIKOS FAMILY CENTRES LIMITED,Healthcare
OIL BROKERAGE LIMITED,Finance
OILGEAR TOWLER LIMITED,Engineering
OJ SOLUTIONS SERVICES LIMITED,Technology
OJAS GROUP LTD,Technology
OKALA LIMITED,Technology
OKX UK FINTECH COMPANY LIMITED,Technology
OLA CHIROPRACTIC LIMITED,Healthcare
OLA UK PRIVATE LIMITED,Technology
OLC COLLEGE LIMITED,Education
OLD HENRY STREET MC LIMITED,Healthcare
OLD ORCHARD CLINIC (SUSSEX) LIMITED,Healthcare
OLD RECTORY CARE LTD,Healthcare
OLD VICARAGE REGISTERED CARE HOME LTD,Healthcare
OLD VICARAGE SCHOOL TRUST,Education
OLDERCARE (HASLEMERE) LIMITED,Healthcare
OLDFIELD RESIDENTIAL CARE LTD,Healthcare
OLDFIELD SCHOOL,Education
OLDSTERS HOME CARE LIMITED,Healthcare
OLIO EXCHANGE LIMITED,Technology
OLIVE ACADEMIES,Education
OLIVE CARE SOLUTIONS LTD,Healthcare
OLIVE HEALTH & TRAVEL LTD,Healthcare
OLIVE LEAF HEALTH & HOMECARE LIMITED,Healthcare
OLIVE TECHNOLOGIES LTD,Technology
OLIVE TREE DAY NURSERY AND SCHOOL LTD,Education
OLIVEHEAL HEALTHCARE LTD,Healthcare
OLIVET ASSEMBLY,Education
OLIVIAN HOMES LTD,Healthcare
OLIVIER JULLIAN CONSULTANT LTD,Technology
OLIX COMPUTING LIMITED,Technology
OLLIE CARE ALLIANCE LTD,Healthcare
OLLIE OWL LTD,Education
OLLIER SMURTHWAITE ARCHITECTS LIMITED,Engineering
OLLU ENTERPRISE LTD,Technology
OLSAM OPCO LIMITED,Technology
OLSIGHTS LTD,Engineering
OLUT SERVICES LTD,Healthcare
OLUTO UK HOLDINGS LIMITED,Finance
OLYMPUS OPCO LTD,Healthcare
OM MOBILE VENTURES (UK) LIMITED,Technology
OM SOFT SOLUTIONS LIMITED,Technology
OMAGH ALUMINIUM SYSTEMS LTD,Engineering
OMANES CARE LIMITED,Healthcare
OMANOS ANALYTICS LTD,Technology
OMASS THERAPEUTICS LIMITED,Engineering
OMBA ADVISORY & INVESTMENTS LIMITED,Finance
OMEDA STUDIOS LIMITED,Technology
OMEGA BAAP LIMITED,Technology
OMEGA CRUSHING AND SCREENING LIMITED,Engineering
OMEGA SINTO FOUNDRY MACHINERY LIMITED,Engineering
OMERS EUROPE LIMITED,Finance
OMKAAR SYSTEMS LIMITED,Technology
OMNEA LIMITED,Technology
OMNI BRIDGEWAY (UK) LIMITED,Finance
OMNI CONCEPT LTD,Technology
OMNI CORPORATE SOLUTIONS LIMITED,Finance
OMNIA CARE HOME GROUP LTD,Healthcare
OMNIA LEARNING TRUST,Education
OMNIBUS SOLUTIONS LIMITED,Technology
OMNICARE SERVICES LIMITED,Healthcare
OMNICYBER SECURITY LIMITED,Technology
OMNIDE LTD,Engineering
OMNIPOTENT BIO LTD,Engineering
OMNIPRESENT GROUP LIMITED,Technology
OMNISSA (UK) LIMITED,Technology
OMNITECH BUSINESS LTD,Technology
OMSAI CONSULTING LTD,Technology
ON FLEEK TECH LTD,Technology
ON HOLD COMMUNICATIONS LIMITED,Technology
ON LINE DESIGN & ENGINEERING LIMITED,Engineering
ON POINT STUDY LIMITED,Education
ON PURPOSE CAREERS LIMITED,Education
ONCALL CARE SERVICE LTD,Healthcare
ONCLOUD CONSULTING (SCOTLAND) LTD,Technology
ONDRA UK LIMITED,Finance
ONE ACADEMY TRUST,Education
ONE BODY LDN LTD,Healthcare
ONE CALL INSURANCE SERVICES LIMITED,Finance
ONE COMMUNITY HAMPSHIRE AND DORSET LTD,Healthcare
ONE DAY AT A TIME HOME CARE LTD,Healthcare
ONE DEE LIMITED,Healthcare
ONE ENVIRONMENTS LTD,Engineering
ONE HEALTHCARE LIMITED,Healthcare
ONE INVESTMENT MANAGEMENT GROUP UK LTD,Finance
ONE SCHOOL GROUP LIMITED,Education
ONE STOP SECURE LTD,Technology
ONE STRATEGY GROUP UK LTD,Education
ONE TOUCH QUALITY KARE LIMITED,Healthcare
ONE VOICE CONSULTING LIMITED,Technology
ONEAPPS ENTERPRISE TECHNOLOGIES LTD,Technology
ONECARE WORLD HEALTH LIMITED,Healthcare
ONECHRONOS MARKETS UK LIMITED,Finance
ONEDOME LTD,Technology
ONEGLOBAL BROKING SERVICES LIMITED,Finance
ONESAVINGS BANK PLC,Finance
ONESHOT.AI LIMITED,Technology
ONESPAN SOLUTIONS UK LIMITED,Technology
ONESPIRIT INTERFAITH FOUNDATION,Education
ONESTOCK SOFTWARE LTD,Technology
ONESUBSEA UK LIMITED,Engineering
ONETECHUK LTD,Technology
ONETRACE LTD,Technology
ONETRUST TECHNOLOGY LIMITED,Technology
ONEWORLD PVT LTD,Technology
ONGEA CREATIVE LIMITED,Technology
ONIGROUP EMEA LIMITED,Technology
ONIX SOLUTIONS LIMITED,Technology
ONLINE BUSINESS SCHOOL LIMITED,Technology
ONLINE FILINGS LTD,Technology
ONLINE OCEANS ROBOTICS LIMITED,Engineering
ONLY CARE LIMITED,Healthcare
ONLY CONNECT UK,Healthcare
ONNEC GROUP UK LIMITED,Technology
ONNU LTD,Engineering
ONSECURITY TECHNOLOGY LIMITED,Technology
ONTARIO TEACHERS' PENSION PLAN (EUROPE) LIMITED,Finance
ONTIK TECHNOLOGIES LIMITED,Technology
ONTIME BUSINESS SOLUTIONS LTD,Technology
ONTIME RESPONSE HEALTHCARE LIMITED,Healthcare
ONTINUE UK LTD,Technology
ONTRA HEALTHCARE LTD,Healthcare
OODLE FINANCIAL SERVICES LIMITED,Finance
OODSUL LIMITED,Technology
OORT ENERGY LTD,Engineering
OP-TEC SYSTEMS LTD,Technology
OPAL CARE HOMES LIMITED,Healthcare
OPAL FOOD PROCESSING SYSTEMS LIMITED,Engineering
OPALEYE AND MIDDLEFELL LIMITED,Healthcare
OPALTEC INTERNATIONAL LIMITED,Technology
OPAY HOLDING LIMITED,Technology
OPCARE LIMITED,Healthcare
OPEN BOX SOFTWARE LIMITED,Technology
OPEN CLIMATE FIX LIMITED,Technology
OPEN COLLEGE NETWORK LONDON REGION,Education
OPEN CREDIT LIMITED,Technology
OPEN DATE EQUIPMENT LIMITED,Engineering
OPEN DESTINATIONS LIMITED,Technology
OPEN EDUCATION AI CIC,Technology
OPEN HOUSE CARE LTD,Healthcare
OPEN HYDRO LTD,Engineering
OPEN MEDICAL LTD,Technology
OPEN SCIENCE TOOLS LIMITED,Engineering
OPEN SOCIETY FOUNDATION LONDON,Education
"OPEN SPACE LABS UK, LIMITED",Technology
OPEN SYNERGY LIMITED,Technology
OPEN TECHNOLOGY SERVICES UK LIMITED,Technology
OPEN TEXT UK LIMITED,Technology
OPEN TRADE TECHNOLOGY LTD,Technology
OPEN UTILITY LTD,Technology
OPEN VOLUME STUDIO LTD,Engineering
OPEN WORLD FINANCIAL SERVICES LTD,Finance
OPENAI UK LTD,Technology
OPENARMS HOUSING LTD,Healthcare
OPENBET LIMITED,Technology
OPENCAST SOFTWARE EUROPE LIMITED,Technology
OPENCOREOS UK LTD,Finance
OPENCORPORATES LTD,Technology
OPENDEMOCRACY LIMITED,Technology
OPENDIALOG AI LIMITED,Technology
OPENGAMMA LIMITED,Technology
OPENORIGINS LIMITED,Technology
OPENQUERY LTD,Technology
OPENSEE LIMITED,Technology
OPENSIGNAL LIMITED,Technology
OPENSOFT TECHNOLOGIES LIMITED,Technology
OPENSOLAR UK LTD,Technology
OPENSYMMETRY CONSULTING LIMITED,Technology
OPENX LIMITED,Technology
OPERATION ORPHAN,Healthcare
OPERATIONS HELIX LTD,Technology
OPERATIONS NATION LTD,Technology
OPHELOS LTD,Technology
OPIA LIMITED,Technology
OPINR UK SOFTWARE LIMITED,Technology
OPSECURED LTD,Technology
OPSERV LTD,Technology
OPTALYSYS LTD,Engineering
OPTEO LTD,Technology
OPTI REACH LTD,Technology
OPTICAL EXPRESS LIMITED,Healthcare
OPTICUM LTD,Technology
OPTIGENOMICS LIMITED,Engineering
OPTIM SYSTEM LTD,Finance
OPTIMA CONSULTING PARTNERS LIMITED,Finance
OPTIMA HCI LIMITED,Healthcare
OPTIMA HEALTH UK LIMITED,Healthcare
OPTIMA MANAGEMENT LIMITED,Healthcare
OPTIMA PARTNERS LIMITED,Technology
OPTIMAL FUTURE LIMITED,Healthcare
OPTIMAL PHYSIO LIMITED,Healthcare
OPTIMAL SPINE & SPORTDIMENSIONS CHISWICK LIMITED,Healthcare
OPTIMAL TECHNOLOGIES LIMITED,Engineering
OPTIMALLYME LIMITED,Healthcare
OPTIMIZELY LTD,Technology
OPTIMMAN LTD,Engineering
OPTIMUM HEALTHCARE LIMITED,Healthcare
OPTIMUM YOUTH CARE LIMITED,Healthcare
OPTIMUS BIZ SOLUTIONS LIMITED,Technology
OPTINETZ LIMITED,Technology
OPTION CARE LTD,Healthcare
OPTIONONE SERVICES UK LTD,Healthcare
OPTIONS CARE LIMITED,Healthcare
OPTIONS FOR SUPPORTED LIVING,Healthcare
OPTIONS HEALTH CARE SERVICES LIMITED,Healthcare
OPTIONS TECHNOLOGY LIMITED,Technology
OPTIVA SOLUTIONS (UK) LIMITED,Technology
OPTIVER UK LIMITED,Finance
OPTIX SOFTWARE LTD,Technology
OPTRAK DISTRIBUTION SOFTWARE LIMITED,Technology
OPTUM VENTURE GLOBAL MANAGEMENT UK LIMITED,Finance
OPULENT IT SOLUTIONS LTD,Technology
OPULENZE CAPITAL LIMITED,Finance
OPUS CARE LIMITED,Healthcare
OPUS INTERNATIONAL PRODUCTS LIMITED,Engineering
OPUZ LTD,Technology
OPVIA LTD,Technology
OR3D LTD,Engineering
ORA EUROPE LTD,Engineering
ORACLE CORPORATION UK LIMITED,Technology
ORAN HOMECARE LTD.,Healthcare
ORANGE BRAND SERVICES LIMITED,Technology
ORANGE CARE - GRANGE LEA LIMITED,Healthcare
ORANGE CYBERDEFENSE UK LIMITED,Technology
ORANGE PRIVATE LIMITED,Healthcare
ORB INNOVATIONS LTD,Engineering
ORBIAN MANAGEMENT LIMITED,Finance
ORBIS CARE LIMITED,Healthcare
ORBIS INVESTMENT ADVISORY LIMITED,Finance
ORBIS INVESTMENTS (U.K.) LIMITED,Finance
ORBIT DISCOVERY LTD,Engineering
ORBIT FAB LTD,Engineering
ORBIT FINANCIAL TECHNOLOGY LIMITED,Technology
ORBIT MEDIA SOLUTIONS LIMITED,Technology
ORBIT METRO LIMITED,Engineering
ORBITAL ASTRONAUTICS LTD,Engineering
ORBITAL CARE SERVICES 2 LTD,Healthcare
ORBITAL MATERIALS LTD,Engineering
ORBITAL MOBILE LTD,Technology
ORBITAL WITNESS LIMITED,Technology
ORCA BUSINESS SOLUTIONS LTD,Technology
ORCA SCAN LIMITED,Technology
ORCA SECURITY UK LTD,Technology
ORCHARD CARE GROUP LIMITED,Healthcare
ORCHARD HEALTHCARE (NORFOLK) LTD,Healthcare
ORCHARD HILL COLLEGE ACADEMY TRUST,Education
ORCHARD HOUSE (MIDLANDS) LIMITED,Healthcare
ORCHARD LEARNING ALLIANCE,Education
ORCHARD MANOR VIEW LIMITED,Healthcare
ORCHARD ORTHODONTICS (BRIXTON) LIMITED,Healthcare
ORCHARD ROAD DENTAL PRACTICE LTD,Healthcare
ORCHARD THERAPEUTICS (EUROPE) LIMITED,Engineering
ORCHESTRATING IDENTITY LIMITED,Technology
ORCHID ASSISTED LIVING LIMITED,Healthcare
ORCHID HOME CARE SUPPORT LIMITED,Healthcare
ORCHID SUPPORTED LIVING LIMITED,Healthcare
ORCHID WELLNESS LIMITED,Healthcare
ORCI TRIALS LIMITED,Engineering
ORCONE CARE LTD,Healthcare
ORDER CHIMPS LTD,Technology
ORDERLY TRANSITION LIMITED,Technology
ORDERSYS LIMITED,Technology
ORDEVO LIMITED,Technology
ORDINARY LIFESTYLES,Healthcare
OREGE UK LIMITED,Engineering
OREGON CARE LIMITED,Healthcare
OREMUS DENTAL LTD,Healthcare
ORFONYX BIO LTD,Engineering
ORGANICCO LTD,Engineering
ORGANISATIONAL REFLECTIONS LIMITED,Technology
ORGANOX LIMITED,Engineering
ORGVUE LIMITED,Technology
ORIBIOTECH LTD,Engineering
ORIEL HEALTHCARE GROUP MANAGEMENT LTD,Finance
ORIEL HEALTHCARE LIMITED,Healthcare
ORIENT ARCHITECTURAL SYSTEMS LTD,Engineering
ORIENT MONEY TRANSFER LTD,Finance
ORIENTAL CARE 4 YOUR HEALTH LIMITED,Healthcare
ORIGIN CARE HOMES (HOLBEACH) LIMITED,Healthcare
ORIGIN FRAMES LIMITED,Engineering
ORIGIN PRIMARY LIMITED,Finance
ORIGIO LIMITED,Engineering
ORION CAPITAL MANAGERS (UK) LIMITED,Finance
ORION CARE SERVICES (MIDLANDS) LTD,Healthcare
ORION EDUCATION,Education
ORION FIRE ENGINEERING LTD,Engineering
ORION HEALTH LIMITED,Technology
ORION HEALTHCARE SOLUTIONS LTD,Healthcare
ORION INNOVATION SOLUTIONS UK LIMITED,Technology
ORION TECHNOLOGIES LIMITED,Technology
ORISYS UK LTD,Technology
ORIX CORPORATION UK LIMITED,Finance
ORLEANS PARK SCHOOL,Education
ORLEY FARM SCHOOL TRUST,Education
ORMAZABAL UK LIMITED,Engineering
ORME VIEW CARE HOME LIMITED,Healthcare
ORMISTON ACADEMIES TRUST,Education
ORMONDE ADVISORY LIMITED,Finance
ORMONDE HOUSE CAPITAL LTD,Finance
ORNATE I LIMITED,Technology
OROMAH INTERNATIONAL LTD,Healthcare
ORPHEUS TECHNOLOGY LIMITED,Technology
ORPHEX TECH LIMITED,Technology
ORS CONSULTING (UK) LIMITED,Engineering
ORSETT HOUSE RETIREMENT HOME LIMITED,Healthcare
ORTA TECH LTD,Technology
ORTHO LIMITED,Healthcare
ORTHOBIO THERAPEUTICS UK LIMITED,Healthcare
ORTHODOC MEDICS LTD,Technology
ORTHODONTIC CARE LIMITED,Healthcare
ORTHONIKA LIMITED,Engineering
ORTHOREMEDYCLINIC(ORC) LTD,Healthcare
ORTHOSMILE EARLS COURT LTD,Healthcare
ORTHOWISE UK LTD,Healthcare
ORTUS TELEMATICS LTD,Technology
ORWELL MENCAP,Healthcare
ORWELL MULTI ACADEMY TRUST,Education
ORWELL OFFSHORE LTD,Engineering
ORYON IMAGING AND HEALTHCARE LTD,Healthcare
ORYX ALIGN LIMITED,Technology
OSA SYSTEMS LTD,Engineering
OSBORNE CO-OPERATIVE ACADEMY TRUST,Education
OSBORNE STREET SURGERY LIMITED,Healthcare
OSCORE LIMITED,Technology
OSF DIGITAL UK LTD,Technology
OSIRIS CONCEPTS LTD,Technology
OSLAC CONSULTING LTD,Technology
OSMANTHUS CARE LTD,Healthcare
OSMOSIS (HOLDINGS) LIMITED,Finance
OSMOSYS SOFTWARE SOLUTIONS UK LIMITED,Technology
OSPREY INVESTORS LIMITED,Finance
OSPT LTD,Engineering
OSR IT SOLUTIONS LTD,Technology
OSS DIGITAL CONSULTING LIMITED,Technology
OSSINGTON INVESTMENT LTD,Finance
OSTEOPATHIC CONSULTANCY,Healthcare
OSTRUM TECH LIMITED,Technology
OSWESTRY SCHOOL,Education
OTALA.MARKETS LTD,Finance
OTAS SUPPORTED LIVING LIMITED,Healthcare
OTB ENGINEERING LIMITED,Engineering
OTDC LIMITED,Healthcare
OTHM QUALIFICATIONS,Education
OTIS LIMITED,Engineering
OTTO CAR LIMITED,Technology
OTUS CAPITAL MANAGEMENT LIMITED,Finance
OUITECH LTD,Technology
OUR LADY OF GRACE CATHOLIC ACADEMY TRUST,Education
OURNET HEALTH SERVICES LTD,Healthcare
OURONYX LIMITED,Healthcare
OURRIS PROPERTIES LIMITED,Healthcare
OURWAY CARE LTD,Healthcare
OUSA LIMITED,Education
OUTCOME CARE AND SUPPORT LIMITED,Healthcare
OUTERLIMIT GROUP LTD,Technology
OUTERNET LONDON LIMITED,Finance
OUTFOX BIO LIMITED,Engineering
OUTRA LIMITED,Technology
OUTREACH CORPORATION UK LIMITED,Technology
OUTRIGHT CARE LTD,Healthcare
OUTRIGHT GAMES LIMITED,Technology
OUTSEE LIMITED,Engineering
OUTSIDECLINIC LIMITED,Healthcare
OUTSOURCE EXPERTS LTD,Technology
OUTSOURCED TECHNICAL SOLUTIONS LTD,Technology
OUTSOURCING UK LIMITED,Finance
OUTSYSTEMS LIMITED,Technology
OUTTHINK LTD,Technology
OUTVERSE LIMITED,Technology
OUTWOOD GRANGE ACADEMIES TRUST,Education
OVAL CARE HOMES LTD,Healthcare
OVATION BIDCO LTD,Finance
OVERLEY HALL LIMITED,Education
OVERNIGHTSITE LTD,Technology
OVERSEAS CAREER GURU LTD,Technology
OVERSIGHT BOARD UK,Technology
OVERTON GRANGE SCHOOL,Education
OVERZEST LTD,Healthcare
OVIVA UK LIMITED,Healthcare
OWEN & OWEN RETIREMENT DEVELOPMENTS LTD,Healthcare
OWKIN UK LTD,Technology
OWL VENTURES MANAGEMENT UK LIMITED,Finance
OWON SMARTTEK LTD,Engineering
OX MARKETING LTD,Engineering
OX MOUNTAIN LIMITED,Technology
OXALIS GAMES LTD,Technology
OXBRIDGE EDUCATION GROUP LIMITED,Education
OXBRIDGE GROUP LTD,Education
OXBRIDGE INTERNATIONAL EDUCATION LTD,Education
OXBURY BANK PLC,Finance
OXCCU TECH LTD,Engineering
OXECO U.K. LIMITED,Engineering
OXFORD ACADEMY LONDON LTD,Education
OXFORD ADHD CENTRE LTD,Healthcare
OXFORD ALGORITHMS LTD,Technology
OXFORD BIOTHERAPEUTICS LTD,Engineering
OXFORD BRAIN DIAGNOSTICS LTD,Technology
OXFORD BUSINESS COLLEGE UK LIMITED,Education
OXFORD CANCER ANALYTICS LTD,Engineering
OXFORD CANCER BIOMARKERS LIMITED,Healthcare
OXFORD CARE SERVICES LTD,Education
OXFORD CENTRE FOR MISSION STUDIES,Education
OXFORD COMMA ADVISORY LTD,Education
OXFORD DIOCESAN BUCKS SCHOOLS TRUST,Education
OXFORD DIOCESAN SCHOOLS TRUST,Education
OXFORD GENE TECHNOLOGY IP LIMITED,Engineering
OXFORD GENETICS LTD,Engineering
OXFORD GRADUATE SCHOOL LTD,Education
OXFORD HOUSE COLLEGE TRAINING LIMITED,Education
OXFORD INSTITUTE FOR ENERGY STUDIES,Engineering
OXFORD INTERNATIONAL STUDY ABROAD PROGRAMME LTD,Education
OXFORD MONTESSORI SCHOOLS LIMITED,Education
OXFORD ONLINE SCHOOL LTD,Education
OXFORD PHOTOVOLTAICS LIMITED,Engineering
OXFORD PRIVATE CARE LIMITED,Healthcare
OXFORD RISK LIMITED,Technology
OXFORD SCHOLASTICA ACADEMY LTD,Education
OXFORD SCIENCE ENTERPRISES PLC,Finance
OXFORD SEMANTIC TECHNOLOGIES LIMITED,Technology
OXFORD SIGMA LIMITED,Engineering
OXFORD SUMMER COURSES LIMITED,Education
OXFORDSHIRE COMMUNICATIONS LIMITED,Technology
OXFORDSHIRE CROSSROADS,Healthcare
OXFORDSHIRE MIND,Education
OXFORDSHIRE NEWMEDICA LIMITED,Healthcare
OXILIO LIMITED,Engineering
OXMIT TECHNOLOGIES LIMITED,Technology
OXTON MANOR LTD,Healthcare
OXYA UK LIMITED,Technology
OYAK GLOBAL RISK SERVICES LIMITED,Finance
OZ IT CONSULTANCY LTD,Technology
OZAN LIMITED,Finance
OZCAN LIMITED,Education
OZE INDUSTRY LIMITED,Engineering
OZONE FINANCIAL TECHNOLOGY LIMITED,Technology
OZONE PROJECT LIMITED,Technology
P & E CARE LIMITED,Healthcare
P & S MEDICAL EDUCATION LIMITED,Education
P B RESIDENTIAL CARE LIMITED,Healthcare
P C HEALTHCARE LTD,Healthcare
P K MURRIA MEDICS LIMITED,Healthcare
P M S S ACADEMY OF ADVANCED MANUFACTURING LTD,Education
P Z & W LIMITED,Technology
P&N CARE HOME LTD,Healthcare
P.G.S HEALTHCARE LIMITED,Healthcare
P.I. WORKS UK LTD,Technology
P/E INVESTMENTS UK ASSOCIATES LTD.,Finance
P1VITAL LIMITED,Engineering
P4 MANAGEMENT LIMITED,Technology
PAAPI LIMITED,Technology
PAB GOODS MOBILITY UK LTD,Engineering
PACE INTEGRATION LTD,Technology
PACIFIC & ORIENT PROPERTIES LTD,Finance
PACIFIC CARE LIMITED,Healthcare
PACIFIC CARE SOLUTIONS LIMITED,Healthcare
PACIFIC LIFE RE SERVICES LIMITED,Finance
PACIFIC PRIME CONSULTANTS LIMITED,Finance
PACIFIC RIM SECURITY CONSULTANCY UK LTD,Finance
PACSHEALTH LTD,Technology
PADDA CARE HOMES LTD,Healthcare
PADDA GROUP LTD,Finance
PADEL HUB GROUP LTD,Finance
PADMINI LIMITED,Technology
PADOO HEALTH LTD,Healthcare
PAG SHEET METAL LIMITED,Engineering
PAGER POWER LIMITED,Engineering
PAGES HOMES LIMITED,Healthcare
PAI PARTNERS (UK) LIMITED,Finance
PAIGE EUROPE LIMITED,Finance
PAK HEALTH CARE SOLUTIONS LTD,Healthcare
PALABRA.AI LTD,Technology
PALADIN UNDERWRITING AGENCY LIMITED,Finance
PALADINS CARE LIMITED,Healthcare
PALAN FOUNDATION,Healthcare
PALANTIR UK LIMITED,Technology
PALARIS EUROPE LIMITED,Engineering
PALEPU LTD,Technology
PALISADE REAL ASSETS UK LTD,Finance
PALL MALL INVESTMENTS INTERNATIONAL LIMITED,Finance
PALLADIUM GROUP LIMITED,Technology
PALLISER CAPITAL (UK) LTD,Finance
PALM TECHNOLOGIES LIMITED,Technology
PALMER SQUARE CAPITAL MANAGEMENT UK LIMITED,Finance
PALMSYS CONSULTING LTD,Technology
PALMTREE NETWORKS LIMITED,Technology
PALRINGO LIMITED,Technology
PAMIR TRAVEL AND EXCHANGE LTD,Finance
PAMIS CARE LIMITED,Healthcare
PANACHE MEDIA WORLDWIDE LTD,Healthcare
PANASEER LIMITED,Technology
PANDA CAPITAL INVESTMENT LTD,Finance
PANDA EDUCATION GROUP LTD,Education
PANDA MEDIA MARKETING LIMITED,Technology
PANGAEA CREATIVE LIMITED,Technology
PANGEA BOTANICA LTD,Engineering
PANMURE LIBERUM LIMITED,Finance
PANTALEON LIMITED,Healthcare
PANTHEON PLATFORM UK LIMITED,Technology
PANTHEON SPECIALTY LIMITED,Finance
PANTHERA BIOPARTNERS LIMITED,Engineering
PAORBIS LTD,Technology
PAPAYA TECHNOLOGIES LTD,Technology
PAPER RUN UK LIMITED,Technology
PAPERPLANES GLOBAL LIMITED,Technology
PAPILLON DIGITAL LTD,Technology
PAPPLEWICK EDUCATIONAL TRUST LIMITED,Education
PAPREC UK LIMITED,Finance
PAPRIS IT UK LTD,Technology
PARADE DENTAL PRACTICE LIMITED,Healthcare
PARADIGM HEALTH & SOCIAL CARE LIMITED,Healthcare
PARADIGM TRUST,Education
PARADIME LABS LTD,Technology
PARADISE CARE AGENCY LTD,Healthcare
PARADISE DAY CARE LIMITED,Education
PARADISE HOPE LTD,Healthcare
PARADOS GROUP LTD,Technology
PARAGON (SCOTLAND) LIMITED,Technology
PARAGON HEALTHCARE YORK LIMITED,Healthcare
PARAGON INTERNATIONAL INSURANCE BROKERS LIMITED,Finance
PARAGON UK SERVICES LIMITED,Technology
PARALLAX AGENCY LTD,Technology
PARAM INFO TECHNOLOGY SERVICES LTD,Technology
PARAM TECHNOLOGIES LIMITED,Technology
PARAMETRIC TECHNOLOGY (UK) LIMITED,Technology
PARAMOUNT COMMERCE SERVICES LIMITED,Finance
PARAMOUNT24 HEALTHCARE LIMITED,Healthcare
PARATUS SERVICES (UK) LIMITED,Finance
PARC WERN LTD,Healthcare
PARCELVISION LIMITED,Technology
PARENTING FOR LIFELONG HEALTH,Engineering
PARENTKIND,Education
PARENTPAY LIMITED,Technology
PARETO SECURITIES LIMITED,Finance
PAREXEL INTERNATIONAL LIMITED,Engineering
PARISSE CARE CONSULTING LIMITED,Healthcare
PARITRA INVESTMENT RESEARCH LIMITED,Finance
PARITY TECHNOLOGIES LIMITED,Technology
PARK AIR SYSTEMS LIMITED,Technology
PARK AVENUE LTD,Healthcare
PARK COMPUTERS LTD,Technology
PARK DAY NURSERY (READING) LTD,Healthcare
PARK GROVE RESIDENTIAL HOME LIMITED,Healthcare
PARK HIGH SCHOOL,Education
PARK HOOD (UK) LIMITED,Engineering
PARK HOUSE CARE (UK) LTD,Healthcare
PARK HOUSE DENTAL LIMITED,Healthcare
PARK MEDICAL CLINIC LIMITED,Healthcare
PARKER HANNIFIN MANUFACTURING LIMITED,Engineering
PARKFIELD HEALTH CARE LIMITED,Healthcare
PARKHILL DENTAL LIMITED,Healthcare
PARKLANDS RESIDENTIAL HOME LIMITED,Healthcare
PARKOPEDIA LIMITED,Technology
PARKS SURGERY LIMITED,Healthcare
PARKSIDE CARE LIMITED,Healthcare
PARKSIDE HEALTH LTD,Technology
PARKSIDE LODGE HEALTH CARE LTD,Healthcare
PARKWOOD CARE LIMITED,Healthcare
PARLYM LIMITED,Engineering
PARMI DIAGNOSTICS SLOUGH LIMITED,Healthcare
PARMITER'S SCHOOL,Education
PARSER UK LIMITED,Technology
PARSONS GREEN DENTAL LTD,Healthcare
PARSYL LIMITED,Finance
PARTI+ LIMITED,Engineering
PARTITIONBIO LTD,Engineering
PARTLY UK LIMITED,Technology
PARTNER CAPITAL LIMITED,Finance
PARTNERING HEALTH LIMITED,Healthcare
PARTNERS CORPORTATION LTD,Technology
PARTNERSHIP CARE & SUPPORT LTD,Healthcare
PARTNERSHIP LEARNING,Education
PARWIN LIMITED,Healthcare
PASADENA DENTAL PRACTICE LIMITED,Healthcare
PASHA IT CONTRACTORS LTD,Technology
PASINFOTECH LIMITED,Technology
PASS 2 GREEN DRIVING SCHOOL LIMITED,Education
PASSENTRY LIMITED,Technology
PASSER LARS UK LIMITED,Engineering
PASSION CARE STAFFING LTD,Healthcare
PASSION RECRUITMENT AGENCY LIMITED,Healthcare
PASSION TECHNOLOGIES LTD,Technology
PASSION TO CARE SERVICES LTD,Healthcare
PASSIONATE HOMECARE LTD,Healthcare
PASSLE LIMITED,Technology
PASTORFRIGOR GB LIMITED,Engineering
PASUPULETI SOLUTIONS LTD,Technology
PATCHWORK IT LTD,Technology
PATCHWORKS MEDIA LTD,Technology
PATERSON DENTAL CARE LIMITED,Healthcare
PATHFINDER CARE SERVICES LTD,Healthcare
PATHFINDER EDUCATIONAL LIMITED,Technology
PATHFINDER GROUP LIMITED,Healthcare
PATHFINDER MULTI ACADEMY TRUST,Education
PATHFINDER TECHNOLOGY LIMITED,Technology
PATHFINDERS CARE SERVICES LIMITED,Healthcare
PATHFINDERS COMMUNITY SUPPORT LIMITED,Healthcare
PATHFINDERS-CARE (OLLERTON) LIMITED,Healthcare
PATHFINDR CARE LIMITED,Healthcare
PATHLOCK UK LTD,Technology
PATHWAY CAPITAL MANAGEMENT (UK) LIMITED,Finance
PATHWAY SUPPORT UK LTD,Healthcare
PATHWAYS CARE AND SUPPORT SERVICES LIMITED,Healthcare
PATHWAYS SERVICES LIMITED,Education
PATIENCE CARE SOLUTIONS LTD,Healthcare
PATIENCE COMPANY LIMITED,Healthcare
PATIENCE HEALTHCARE (NE) LTD,Healthcare
PATIKA GLOBAL TECHNOLOGY LIMITED,Technology
PATINA CLOUD SERVICES LIMITED,Technology
PATRIA PRIVATE EQUITY (EUROPE) LIMITED,Finance
PATRICK MANN & ASSOCIATES LTD,Engineering
PATSNAP (UK) LTD,Technology
PATTOM LIMITED,Healthcare
PATTONAIR GROUP LIMITED,Finance
PAUA TECH LIMITED,Technology
PAUL OWEN ASSOCIATES LIMITED,Engineering
PAVE FINTECH LIMITED,Technology
PAVLOV LTD,Technology
PAWAPAY UK LIMITED,Technology
PAXOS TECHNOLOGY LIMITED,Finance
PAY PERFORM LIMITED,Finance
PAY.UK LIMITED,Finance
PAY2DAY LTD,Finance
PAYAABLE LTD,Technology
PAYCELER LIMITED,Technology
PAYDOCK LTD,Technology
PAYE PASS SOFTWARE SOLUTIONS LIMITED,Technology
PAYFIT LTD,Technology
PAYINC GROUP LIMITED,Finance
PAYITMONTHLY LIMITED,Finance
PAYLINK SOLUTIONS LIMITED,Technology
PAYMENT SERVICES INTEGRATORS LIMITED,Technology
PAYMENTOLOGY LIMITED,Technology
PAYMENTS 247 LTD,Finance
PAYMENTSENSE LIMITED,Finance
PAYOMA LIMITED,Finance
PAYONLIME LIMITED,Finance
PAYPAL UK LTD,Finance
PAYPOINT PLC,Technology
PAYR LTD,Technology
PAYRECAI LIMITED,Technology
PAYSAFE FINANCIAL SERVICES LIMITED,Finance
PAYSTRAX LTD,Finance
PAYTHRU LIMITED,Technology
PAYTRIOT LTD,Finance
PAYVER LIMITED,Technology
PBL CARE LIMITED,Healthcare
PBN CONNEXION LTD,Technology
PBS4 U.K. LIMITED,Healthcare
PBT SAFER CARE LTD,Healthcare
PBT SOCIAL CARE LTD,Healthcare
PBTS EUROPE LIMITED,Finance
PC POWER INTERNATIONAL LTD,Technology
PC TECHNOLOGY LTD,Technology
PCA ENGINEERS LIMITED,Engineering
PCASH HEALTHCARE LIMITED,Healthcare
PCC UK GLOBAL HOLDINGS LIMITED,Finance
PCFIX LTD,Technology
PCR HEALTHCARE LTD,Healthcare
PCS (PERSONAL CARE SERVICES) LIMITED,Healthcare
PCS CONSULTING FORCE LTD,Technology
PCS SERVICES LIMITED,Healthcare
PD CARE LIMITED,Healthcare
PD PORTS LIMITED,Finance
PDCG (UK1) SERVICES LIMITED,Technology
PDL FINANCE LIMITED,Finance
PE LIMITED,Engineering
PEACE HOME LEARNING CENTER LTD,Education
PEACEABLE CARE SERVICES LIMITED,Healthcare
PEACEHAVEN HOUSE,Healthcare
PEAK AI LIMITED,Technology
PEAK CYBER ACADEMY LTD,Technology
PEAK DIGITAL LTD,Technology
PEAK VEGA CAPITAL LIMITED,Finance
PEAK WIND LIMITED,Engineering
PEAKVALUE CARE SERVICES LIMITED,Healthcare
PEARL AESTHETICS LTD.,Healthcare
PEARL BLOSSOM LIMITED,Healthcare
PEARL CARE PROFESSIONALS LTD,Healthcare
PEARL CONTROL SYSTEMS LIMITED,Technology
PEARL HOME CARE LTD,Healthcare
PEARL ORAL CARE LTD,Healthcare
PEARL PHARMACY LIMITED,Healthcare
PEARL RESIDENCE LTD,Healthcare
PEARL SCAN SOLUTIONS LTD,Technology
PEARL TRAINING AND CONSULTANCY SERVICE LIMITED,Education
PEARL'S PROCARE LTD,Healthcare
PEARLCARE (GLENFIELD) LIMITED,Healthcare
PEARLCARE (KENDAL) LIMITED,Healthcare
PEARLCARE (LINCOLN) LIMITED,Healthcare
PEARLCARE (RICHMOND) LIMITED,Healthcare
PEARLCARE (SANDFORD) LIMITED,Healthcare
PEARLCARE (WELLFIELD) LIMITED,Healthcare
PEARLS CAPITAL LTD,Finance
PEARLSTONE ALTERNATIVE LIMITED,Finance
PEARLY SMILE LIMITED,Healthcare
PEARSON EDEXCEL LIMITED,Technology
PEARSON PLC,Technology
PEBBLESTONES LIMITED,Healthcare
PEDAGOGY AURAS UK LIMITED,Education
PEEPAL CARE LIMITED,Healthcare
PEGASUS HAVENS LIMITED,Healthcare
PEGASUS MEDICAL (1808) LIMITED,Healthcare
PEGASUS SOLUTIONS (UK) LTD,Technology
PEGASYSTEMS LIMITED,Technology
PEGMAR LIMITED,Healthcare
PEI MEDIA LIMITED,Technology
PEILI VISION UK LIMITED,Technology
PELAGONIAN LIMITED,Technology
PELICAN ARCHITECTURE AND DESIGN LTD,Engineering
PELICAN DENT LTD,Healthcare
PELION IOT LIMITED,Technology
PEN-Y-BRYN EMI LTD,Healthcare
PENCEAT MEDICAL LTD,Healthcare
PENDINE PARK CARE ORGANISATION LTD,Healthcare
PENDRAGON NEWCO 2 LIMITED,Finance
PENMAN ARCHITECTS LIMITED,Engineering
PENMAR CARE LTD,Healthcare
PENN INSPIRES LTD,Healthcare
PENNINE ALLIANCE LEARNING TRUST,Education
PENNINE GP ALLIANCE LIMITED,Healthcare
PENNS MOUNT LIMITED,Healthcare
PENNY APPEAL,Healthcare
PENNY CARE LIMITED,Healthcare
PENROSE CARE LTD,Healthcare
PENSKE MEDIA UK LIMITED,Technology
PENTA GROUP EUROPE LIMITED,Technology
PENTACARE SERVICES LTD,Healthcare
PENTAGON IT CONSULTANCY LIMITED,Technology
PEOPLE ASSET MANAGEMENT LTD,Healthcare
PEOPLE FIRST CARE LTD,Healthcare
PEOPLE PLACES LIVES LIMITED,Technology
PEOPLE SUPPORT LTD,Healthcare
PEOPLE'S HEALTH TRUST,Healthcare
PEOPLE'S PALACE PROJECTS,Technology
PEPPER (UK) LIMITED,Finance
PEPPER MONEY (PMB) LIMITED,Finance
PEPPERHALL LIMITED,Healthcare
PEPPERMINT DENTAL LIMITED,Healthcare
PEPPERSTONE LIMITED,Finance
PEPPY HEALTH LIMITED,Technology
PEPTIMATRIX LIMITED,Engineering
PER ARDUA LIMITED,Healthcare
PERCEPTUAL ROBOTICS LIMITED,Engineering
PERCH GROUP LIMITED,Technology
PERCORSO STUDIO LTD,Technology
PEREGA LIMITED,Engineering
PEREGRINE TECHNOLOGIES UK LTD,Technology
PERELLA WEINBERG UK LIMITED,Finance
PEREZ LITERARY & ENTERTAINMENT LTD,Technology
PERFECT (LONDON) LTD,Healthcare
PERFECT CALL HEALTHCARE LTD,Healthcare
PERFECT CARE GROUP LIMITED,Healthcare
PERFECT CARE LIMITED,Healthcare
PERFECT DATA SOLUTIONS LIMITED,Technology
PERFECT GLAZE LIMITED,Engineering
PERFECT PAL HEALTHCARE LTD,Healthcare
PERFECT SMILE CLINIC (UK) LTD,Healthcare
PERFECT SMILE FALCON ROAD LIMITED,Healthcare
PERFECTALIGN LIMITED,Healthcare
PERFECTUS BIOMED LTD,Engineering
PERFICIENT UK LIMITED,Technology
PERFORM ENGINEERING SERVICES LTD,Technology
PERFORMANCE PHYSIOTHERAPY LTD,Healthcare
PERFORMANCE.IO LIMITED,Technology
PERIDOT GLOBAL HOLDINGS LIMITED,Finance
PERIDOT SOLAR (HOLDCO) LIMITED,Finance
PERINATAL INSTITUTE,Healthcare
PERINVEST (UK) LIMITED,Finance
PERITUS CORPORATE FINANCE LIMITED,Finance
PERK UK LTD,Technology
PERMIRA ADVISERS (LONDON) LIMITED,Finance
PERMIRA CREDIT LIMITED,Finance
PERMUTABLE TECHNOLOGIES LIMITED,Technology
PERMUTIVE LIMITED,Technology
PERPLEXITY AI LTD,Technology
PERSE TECHNOLOGY LIMITED,Technology
PERSEUS MGMT UK LTD,Finance
PERSIA INTERNATIONAL BANK PLC,Finance
PERSICI FINANCIAL SERVICES LIMITED,Finance
PERSISTENT SYSTEMS UK LIMITED,Technology
PERSISTENT TECHNOLOGIES LTD,Technology
PERSON CENTERED CARE LTD,Healthcare
PERSON CENTRED SERVICES LIMITED,Healthcare
PERSONA EDUCATION LTD,Technology
PERSONAL CARE SUPPORT LTD,Healthcare
PERSONAL TOUCH CARE SERVICES LTD,Healthcare
PERSONALISED COMMUNITY CARE LTD,Healthcare
PERSPECKTIVE LIMITED,Healthcare
PERSPECTIVE INVEST LIMITED,Finance
PERSPECTIVE PUBLISHING LIMITED,Technology
PERSPECTUM LTD,Engineering
PERSUIT UK LTD,Technology
PERSYS TECHNOLOGIES LTD,Technology
PERTENTO SERVICES LIMITED,Finance
PERUMAS LIMITED,Technology
PESTO LTD,Technology
PET HOUSE VETS LTD,Finance
PET PROACTIVE LIMITED,Technology
PETAGENE LTD,Technology
PETER BROOKS OPTOMETRISTS LTD,Healthcare
PETER EAST ASSOCIATES LIMITED,Education
PETER MARTIN ENGINEERING LTD,Engineering
PETERBOROUGH CARE LIMITED,Healthcare
PETERHEAD SMILE CENTRE LTD,Healthcare
PETRADENT LTD,Healthcare
PETRANOVA CARE LTD,Healthcare
PETREDEC (EUROPE) LIMITED,Finance
PETROASSIST UK LIMITED,Engineering
PETROCORE LIMITED,Engineering
PETROLEUM SOFTWARE LIMITED,Technology
PETROMAN CONSULTANCY LIMITED,Technology
PETROW HARLEY LIMITED,Engineering
PETROXIN LTD,Engineering
PEUGEOT INVEST UK LIMITED,Finance
PEVEREL COURT LIMITED,Healthcare
PEXIP LIMITED,Technology
PFS GLOBAL SERVICES UK LIMITED,Technology
PG DIGITAL LTD,Technology
PGIM EUROPEAN SERVICES LIMITED,Finance
PGIM FINANCIAL LIMITED,Finance
PGIM FUND MANAGEMENT LIMITED,Finance
PGIM LIMITED,Finance
PGIM PRIVATE CAPITAL LIMITED,Finance
PGP ALFRED HOUSE LTD,Healthcare
PH STAFFING LTD,Healthcare
PHAIDON PRESS LIMITED,Technology
PHALANX CONSULTANCY LIMITED,Technology
PHANTOM STUDIOS LIMITED,Technology
PHARE HEALTH LTD,Technology
PHARMALINC LTD,Healthcare
PHARMAPHORUM MEDIA LIMITED,Technology
PHARMARON UK LIMITED,Engineering
PHARMASEAL INTERNATIONAL LIMITED,Technology
PHARMIDEX PHARMACEUTICAL SERVICES LIMITED,Engineering
PHARMIX TECHNOLOGIES LIMITED,Technology
PHARUS INTERNATIONAL LIMITED,Finance
PHASE BIOLABS LTD,Engineering
PHASECRAFT LIMITED,Technology
PHBS-UK,Education
PHEONIX HEALTHCARE LTD,Healthcare
PHH CARE LTD,Healthcare
PHI PARTNERS INTERNATIONAL LIMITED,Technology
PHIL CHARLES ENGINEERING AND MANAGEMENT SERVICES LTD,Engineering
PHILIP PARKINSON HOMECARE LTD,Healthcare
PHILIP TRAINING CENTRE LTD,Education
PHILIPPINE NATIONAL BANK (EUROPE) PLC,Finance
PHILLIPS1924 HOMECARE SERVICES LTD,Healthcare
PHINSYS LIMITED,Technology
PHINXT ROBOTICS LTD,Technology
PHIONA LIMITED,Technology
PHITECH SOLUTIONS LTD,Engineering
PHIXFLOW LTD,Technology
PHLO SYSTEMS LIMITED,Technology
PHOENIX CARE HOMES LIMITED,Healthcare
PHOENIX CHILDREN'S HOMES LIMITED,Healthcare
PHOENIX COLLEGE LTD,Education
PHOENIX EQUITY PARTNERS LIMITED,Finance
PHOENIX FX LIMITED,Finance
PHOENIX GLOBAL MEDIA NETWORK LIMITED,Technology
PHOENIX GOLD HOME CARE & SUPPORT LIMITED,Healthcare
PHOENIX GROUP MANAGEMENT SERVICES LIMITED,Finance
PHOENIX HEALTHCARE STAFFING LTD,Healthcare
PHOENIX HOUSE,Healthcare
PHOENIX LODGE COVENTRY LIMITED,Healthcare
PHOENIX MEDICAL ADVICE AND REPATRIATION LIMITED,Healthcare
PHOENIX OCCUPATIONAL HEALTH LTD,Healthcare
PHOENIX PLACE,Education
PHOENIX PUBLIC HEALTH LTD,Healthcare
PHOENIX47 LTD,Technology
PHONE DEPOT LTD,Engineering
PHONE FIX LTD,Engineering
PHONE GADGETS 4U LIMITED,Engineering
PHONE GALAXY LTD,Technology
PHONE N COMPUTER ZONE LTD,Engineering
PHONE SPOT LTD,Technology
PHONE WAYS LTD,Technology
PHONEBOSS EXETER LTD,Engineering
PHONEHUB IO LTD,Technology
PHONELINKS4U LTD,Engineering
PHONES MASTER LTD,Technology
PHONES ONN LTD,Technology
PHONES PLANET LTD,Technology
PHONEZ 4 YOU LTD,Technology
PHOTOGRAM LTD,Engineering
PHOTON DESIGN LTD,Technology
PHOTON SYSTEMS LIMITED,Technology
PHRISM SOLUTIONS LTD,Technology
PHS CARE SERVICES LTD,Healthcare
PHUL LTD,Healthcare
PHYLAKES LIMITED,Technology
PHYNOVA GROUP LIMITED,Engineering
PHYSICAL WELLNESS LIMITED,Healthcare
PHYSICS-ASTRONOMY LTD,Technology
PHYSICSX LIMITED,Engineering
PHYSIO & MORE LTD,Healthcare
PHYSIO 1ST UK LIMITED,Healthcare
PHYSIO ASSIST LTD,Healthcare
PHYSIO KARE LIMITED,Healthcare
PHYSIO MATRIX LTD,Healthcare
PHYSIO MEDICINE LIMITED,Healthcare
PHYSIO ON THE GREEN LTD,Healthcare
PHYSIO PLUS (EASTBOURNE) LIMITED,Healthcare
PHYSIO RELIEF UK LTD,Healthcare
PHYSIO SERVICES LTD,Healthcare
PHYSIOBEATS LTD,Healthcare
PHYSIOCARE (ISLE OF WIGHT) LIMITED,Healthcare
PHYSIOEDGE LIMITED,Healthcare
PHYSIOFUNCTION LIMITED,Healthcare
PHYSIOLISTIC LTD,Healthcare
PHYSIOMICS PLC,Engineering
PHYSIOS R US LIMITED,Healthcare
PHYSIOTHERAPY KENT LTD,Healthcare
PHYSIOTODAY PVT LIMITED,Healthcare
PHYSIT LIMITED,Healthcare
PHYSITRACK PLC,Healthcare
PHYTOFORM LABS LTD,Engineering
PI ACADEMY LTD,Education
PI FINANCE UK LIMITED,Technology
PI SQUARE TECHNOLOGIES UK PVT LTD,Technology
PI2DATA LTD,Technology
PIANO SOFTWARE LTD,Technology
PIB (GROUP SERVICES) LIMITED,Finance
PICAS SERVICES LIMITED,Healthcare
PICKER INSTITUTE EUROPE,Engineering
PICKL LTD,Technology
PICNIC VENTURES LTD,Technology
PICO GLOBAL LTD.,Technology
PICO LONDON LTD,Healthcare
PICOCOM TECHNOLOGY LIMITED,Engineering
PICS GLOBAL LTD,Technology
PICSART UK LIMITED,Technology
PICTURE NEWS LIMITED,Education
PICTURE PERFECT DATA LTD,Technology
PIECE OF ZION HEALTHCARE LTD,Healthcare
PIERIAN LIMITED,Technology
PIGMENT GLOBAL LIMITED,Technology
PILEA HOMECARE LTD,Healthcare
PILEDESIGNS LIMITED,Engineering
PILGRIMS HOSPICES IN EAST KENT,Healthcare
PILGRIMS' FRIEND SOCIETY,Healthcare
PILI AND KIKI LTD,Education
PILLAR APP LTD,Technology
PILLAR LABS LTD,Technology
PILLAR PROJECT WORLDWIDE LIMITED,Technology
PILOT PROPERTIES AND IT SERVICES LTD,Technology
PILOTLIGHT,Healthcare
PIMBERLY SOFTWARE DEVELOPMENT LIMITED,Technology
PIMCO EUROPE LTD,Finance
PIMELEA CARE SERVICES LTD,Healthcare
PIMLOC LIMITED,Technology
PIMORONI LTD,Technology
PINA VIDA (UK) LIMITED,Technology
PINAKINI TECH SOLUTIONS LTD,Technology
PINBOARD CONSULTING LIMITED,Technology
PINCOMBE LTD,Technology
PINDERFIELDE HEALTHCARE LIMITED,Healthcare
PINDROP SECURITY UK LIMITED,Technology
PINE IT CONSULTING LTD,Technology
PINEAPPLE TECHNOLOGY LTD,Technology
PINEBRIDGE INVESTMENTS EUROPE LIMITED,Finance
PINEVIEW HEALTHCARE LIMITED,Healthcare
PINEWOOD RESIDENTIAL CARE SERVICES LTD,Healthcare
PINEWOOD TECHNOLOGIES PLC,Technology
PING CULTURE LTD,Technology
PING IDENTITY LIMITED,Technology
PINGLEY COURT CARE LIMITED,Healthcare
PINGPONG PAYMENT (UK) LIMITED,Finance
PINION SERVICES LIMITED,Technology
PINK SAMURAIS LIMITED,Technology
PINNACLE CARE HOMES SUSSEX LIMITED,Healthcare
PINNACLE CARING SERVICES LTD,Healthcare
PINNACLE FINANCIAL SOLUTIONS LTD,Finance
PINNACLE INFOTECH LIMITED,Technology
PINNACLE INVESTMENT MANAGEMENT (UK) LIMITED,Finance
PINNACLE PET GROUP LIMITED,Finance
PINNACLE UK SERVICES LTD,Technology
PINNACLE VISION UK LTD,Technology
PINNATUM CONSULTANCY LTD,Technology
PIONEER CONSULTANCY SERVICES UK LIMITED,Technology
PIONEER EDUCATIONAL TRUST,Education
PIONEER LONDON LTD,Education
PIONEER PUMP LIMITED,Engineering
PIONEER TUTORS LIMITED,Education
PIONEERING DATA TECH LTD,Technology
PIONEERING INDEPENDENCE LIMITED,Healthcare
PIPCALL LIMITED,Technology
PIPE TEN HOSTING LTD,Technology
PIPELINE ORGANICS LTD,Engineering
PIPERS CORNER SCHOOL,Education
PIPEWIZE LTD,Engineering
PIRAI INFOTECH LIMITED,Technology
PIROMAR LTD,Healthcare
PIRUM SYSTEMS LIMITED,Technology
PITCHSD LTD,Technology
PITNEY BOWES LIMITED,Engineering
PIVOT LENDING LTD,Finance
PIVOTAL GROWTH LIMITED,Finance
PIXEHUB LIMITED,Technology
PIXEL ART STUDIOS LIMITED,Technology
PIXEL CARE LIMITED,Healthcare
PIXEL FUSION LTD,Technology
PIXEL IMAGE LIMITED,Technology
PIXEL TOYS LTD,Technology
PIXELCODE TECHNOLOGIES LIMITED,Technology
PIXELED EGGS LIMITED,Technology
PIXELFIELD LTD,Technology
PIXELPIVOT LTD,Technology
PIXELS FIRST LTD,Technology
PIXELSQUARE LIMITED,Technology
PIXL8 GROUP LIMITED,Technology
PIXLEE TURNTO LTD.,Technology
PJ CARE LIMITED,Healthcare
PJN INFOTECH LIMITED,Technology
PJS CONSULTING ENGINEERS LIMITED,Engineering
PKF SMITH COOPER SYSTEMS LIMITED,Technology
PKL CARE LTD,Healthcare
PKM CONSULTING SERVICES LTD,Technology
PKS SERVICES LIMITED,Technology
PLABABLE ASPIRE LIMITED,Education
PLACE EDUCATION CIC,Education
PLACE OF PROGRESS LTD,Healthcare
PLACE2BE,Education
PLACECUBE LIMITED,Technology
PLAN ORE LTD,Education
PLAN.NR LIMITED,Technology
PLANDAY LIMITED,Technology
PLANE BUSINESS LIMITED,Finance
PLANES LIMITED,Technology
PLANET DDS UK LIMITED,Technology
PLANET EDUCATION NETWORKS LTD,Education
PLANET HOLDING LTD,Technology
PLANETWATCHERS (UK) LIMITED,Technology
PLANHAT LTD,Technology
PLANIT SOFTWARE LIMITED,Technology
PLANLAB.AI LIMITED,Technology
PLANLOGIC SOFTWARE LIMITED,Technology
PLANNING ADDITIONS LIMITED,Engineering
PLANNING MANAGER LTD,Engineering
PLANNING POTENTIAL LTD,Engineering
PLANS4REHAB LIMITED,Healthcare
PLANSHORE LIMITED,Healthcare
PLANTATION VILLA UK PVT LTD,Healthcare
PLANTSEA LTD,Engineering
PLANVIEW UK LIMITED,Technology
PLAS NEWYDD CARE LIMITED,Healthcare
PLASMA FRESH LIMITED,Engineering
PLASMIC HEALTHSCIENCES UK LTD,Healthcare
PLASMIDSAURUS LTD,Engineering
PLASTIC ENERGY LIMITED,Engineering
PLATFFORM FOR CHANGE,Healthcare
PLATFORM BIDCO LIMITED,Finance
PLATFORM SUPPORT SERVICES LIMITED,Healthcare
PLATFORM.SH LIMITED,Technology
PLATINUM CAPITAL MANAGEMENT LIMITED,Finance
PLATINUM CARE LIMITED,Healthcare
PLATINUM EQUITY ADVISORS INTERNATIONAL (UK) LIMITED,Finance
PLATINUM GROUP.IO LIMITED,Technology
PLATINUM HOMECARE 4U LIMITED,Healthcare
PLATINUM LIVING CARE LIMITED,Healthcare
PLATINUM MEDICA LTD,Engineering
PLATINUM SENIOR CARE LTD,Healthcare
PLATINUM SUPPORT AND CARE SERVICES LIMITED,Healthcare
PLATNED LTD,Technology
PLAY MANDARIN LTD,Education
PLAY ON KIDS LIMITED,Education
PLAY PROFESSORS LIMITED,Education
PLAYABIT LTD,Technology
PLAYBOOK INVESTMENTS LIMITED,Finance
PLAYBRUSH LTD,Technology
PLAYDAYS DAY NURSERY & NURSERY SCHOOL LIMITED,Education
PLAYTECH SOFTWARE LIMITED,Technology
PLAYWIND LTD,Technology
PLAZA SERVICES LIMITED,Healthcare
PLAZOLOGY LTD,Engineering
PLEASANT PLACES SENTRE LTD,Education
PLENARY EUROPE LIMITED,Finance
PLEO TECHNOLOGIES LTD,Technology
PLEXICATE LTD,Technology
PLIANT PAYMENTS LIMITED,Finance
PLIM LIMITED,Technology
PLOTLY EUROPE LTD,Technology
PLOWMAN CRAVEN LIMITED,Engineering
PLP ARCHITECTURE INTERNATIONAL LTD,Engineering
PLS NURSERIES LIMITED,Healthcare
PLU&M LIMITED,Technology
PLUGIN BOUTIQUE LIMITED,Technology
PLUMERAI LIMITED,Technology
PLUMM LIMITED,Technology
PLURAL UK MANAGEMENT LIMITED,Finance
PLUS CARE SERVICES LTD,Healthcare
PLUS HOMECARE LTD,Healthcare
PLUS POWER ELECTRIC LTD,Engineering
PLUS-PROJECT LTD,Technology
PLUS44 HOLDINGS LTD,Technology
PLUTO BOOKS LIMITED,Technology
PLUTO DATA ANALYTICS LIMITED,Technology
PLYMOUTH EDUCATION LIMITED,Education
PLYMOUTH HEALTHCARE LIMITED,Healthcare
PLYMOUTH MARINE LABORATORY,Engineering
PLYMOUTH PRIMARY CARE LTD,Healthcare
PM PROJECT SERVICES LIMITED,Engineering
PMB CAPITAL LTD,Finance
PMC TREASURY LIMITED,Finance
PML EDUCATION LTD,Education
PMY SOLUTIONS (UK) LIMITED,Technology
PMY TECHNOLOGIES (UK) LIMITED,Technology
PMZ OUTSOURCING LIMITED,Technology
PN5 COMMUNICATIONS LTD,Technology
PNC FINANCIAL SERVICES UK LTD,Finance
PNEUMOWAVE LIMITED,Healthcare
PNS INFO LIMITED,Technology
PNZ IT CONSULTANTS LIMITED,Technology
POCKET INTELLIGENCE LIMITED,Technology
POCKET LEGAL LIMITED,Technology
POD DIGITAL MARKETING TWO LIMITED,Technology
POD EUROPE LTD,Technology
PODFATHER LTD,Technology
PODIUM ANALYTICS,Education
POINEER LTD,Technology
POINT BLANK LIMITED,Education
POINT72 UK LIMITED,Finance
POINT74 LIMITED,Technology
POINTSCAN LIMITED,Engineering
POISE HEALTHCARE LIMITED,Healthcare
POLAR CAPITAL PARTNERS LIMITED,Finance
POLAR TECHNOLOGY MANAGEMENT GROUP LIMITED,Engineering
POLARIS NET (UK) LTD,Technology
POLARIS PHARMA LTD,Healthcare
POLARIS SOFTWARE SOLUTIONS LIMITED,Technology
POLARON LTD,Technology
POLI TECHNOLOGY SOLUTIONS LIMITED,Technology
POLICE NOW,Education
POLICOMP LIMITED,Technology
POLKA DOT DATA LTD,Technology
POLLENPAY UK LTD,Finance
POLLINATION CAPITAL PARTNERS LIMITED,Finance
POLLY CARE SERVICES LIMITED,Healthcare
POLLY EDUCATION LIMITED,Education
POLLYSYS GLOBAL SOLUTIONS LTD,Technology
POLOWOOD LIMITED,Technology
POLUNIN CAPITAL PARTNERS LIMITED,Finance
POLUS CAPITAL MANAGEMENT GROUP LIMITED,Finance
POLYAI LIMITED,Technology
POLYDIGI SHARED SERVICES LTD,Technology
POLYMAT,Education
POLYN TECHNOLOGY LIMITED,Technology
POLYSCALE LIMITED,Technology
POLYSKILL LEARNING CENTRE LIMITED,Education
POLYSOLAR LIMITED,Engineering
POLYSURANCE LIMITED,Technology
POMETRY LTD,Technology
POMMELHORSE LTD,Engineering
POMO LTD,Engineering
PONDSMEAD (SHEPTON MALLET) LIMITED,Healthcare
PONTICELLI UNITED KINGDOM LIMITED,Engineering
PONTUS RESEARCH LTD,Engineering
POOLE ORTHODONTICS LTD,Healthcare
POOLE PHILLIPS ASSOCIATES LIMITED,Engineering
POOLSIDE AI LTD,Technology
POOLTOWN CARE LIMITED,Healthcare
POPERINGE LIMITED,Engineering
POPLAR CARE LTD,Healthcare
POPPY COTTAGE LIMITED,Healthcare
POPPY HILL CHURCH OF ENGLAND MULTI ACADEMY TRUST,Education
POPULAR CARE LTD,Healthcare
POPUP ASYLUM LTD,Technology
POPUP MAINFRAME LTD,Technology
POPX LTD,Technology
PORFAN METALWORK LTD,Engineering
PORMAX LIMITED,Technology
PORT GLOBAL LTD,Technology
PORT IO UK LIMITED,Technology
PORTAGE AI UK LIMITED,Technology
PORTAL BIOTECH LIMITED,Engineering
PORTALSOFT LTD,Technology
PORTELET CARE LIMITED,Healthcare
PORTFOLIO BI LTD,Technology
PORTFOLIO PERSONAL INVESTMENTS LIMITED,Finance
PORTIA AI LTD,Technology
PORTICO CONSULTING LTD,Technology
PORTLAND CARE GROUP LIMITED,Healthcare
PORTLAND COLLEGE,Education
PORTLAND NURSERIES LIMITED,Healthcare
PORTLETHEN COMPUTER (SERVICES) LIMITED,Technology
PORTMAN HEALTHCARE LIMITED,Healthcare
PORTMAN OPERATIONS LIMITED,Finance
PORTOBELLO BEHAVIOURAL HEALTH LIMITED,Healthcare
PORTREE DENTAL CARE LTD,Healthcare
PORTSWIGGER LTD,Technology
PORTX LIMITED,Technology
POSA CARE SOLUTIONS LIMITED,Healthcare
POSCO CAPITAL PARTNERS PLC,Finance
POSE AR LIMITED,Technology
POSITION GREEN UK LTD,Technology
POSITIVE EAST,Healthcare
POSITIVE INDIVIDUAL PROACTIVE SUPPORT LIMITED,Healthcare
POSITIVE SUPPORT FOR YOU CIC,Healthcare
POSITIVE SUPPORT GROUP LIMITED,Healthcare
POSIX LIMITED,Technology
POST OP LTD,Technology
POSTDOT TECHNOLOGIES UK LTD,Technology
POT@TO LTD,Technology
POTENTIAL SCIENCES UK LTD,Engineering
POTERIS CIC,Technology
POTRU LTD,Technology
POTTERS INDEPENDENT LIVING LTD,Healthcare
POUNDBURY CANCER CENTRE LTD,Engineering
POVA CARE LTD,Healthcare
POWER BRITISH LIMITED,Engineering
POWER CMS TECHNOLOGY LTD,Technology
POWER ENABLE SOLUTIONS LIMITED,Engineering
POWER JACKS LIMITED,Engineering
POWER METAL RESOURCES PLC,Finance
POWER TOWERS LIMITED,Engineering
POWER2MOTIVATE UK LIMITED,Technology
POWERING SERVICES LIMITED,Finance
"POWEROAK ENERGY UK CO., LTD",Engineering
POWERX TECHNOLOGY LIMITED,Technology
POWREADY TECHNOLOGIES LTD,Technology
POWWOW HOLDINGS LIMITED,Technology
POYNTON CHIROPRACTIC LTD,Healthcare
POZZONI ARCHITECTURE LIMITED,Engineering
PPAV LIMITED,Technology
PPD GLOBAL LTD,Engineering
PPL TRAINING LTD,Education
PPRO FINANCIAL LTD,Finance
PQE GROUP LTD,Engineering
PQUBE LIMITED,Technology
PR TECHIES LTD,Technology
PRAANA CONSULTING LTD,Technology
PRAB CONSULTANCY SERVICES LIMITED,Technology
PRACHI TECH LTD,Technology
PRACTERA LTD,Technology
PRACTICAL ACTION,Healthcare
PRACTICE IGNITION LIMITED,Technology
PRACTICE PLUS GROUP HEALTH AND REHABILITATION SERVICES LIMITED,Healthcare
PRACTICE PLUS GROUP HOSPITALS LIMITED,Healthcare
PRACTICE PLUS GROUP URGENT CARE LIMITED,Healthcare
PRACTICELINK LTD,Healthcare
PRACYVA LTD,Technology
PRADERA LIMITED,Finance
PRADHA INFOTECH LTD,Technology
PRAESIDIO SAFEGUARDING LIMITED,Education
PRAGISYS LTD,Technology
PRAGMATECHUK LTD,Technology
PRAGMATISCH SOLUTIONS PRIVATE LIMITED,Technology
PRANA SOLUTIONS LTD,Technology
PRANAVA KERALA AYURVEDA CLINIC LIMITED,Healthcare
PRATHAM SOFTWARE LTD,Technology
PRATHAM UK,Education
PRAVAS SYSTEMS LIMITED,Technology
PRAX ENGINEERING LTD,Technology
PRAX PHYSIO LIMITED,Healthcare
PRAXIS CARE,Healthcare
PRAYNGEL HEALTHCARE LIMITED,Healthcare
PRECEPT FINANCE LTD,Finance
PRECIOUS CARE SERVICES LTD,Healthcare
PRECIOUS HOMES LIMITED,Healthcare
PRECIOUS HOMES SUPPORT LIMITED,Healthcare
PRECIOUS MD LTD,Healthcare
PRECIPUUS LTD,Technology
PRECISE FINANCIAL ADVICE LTD,Finance
PRECISELY SOFTWARE LIMITED,Technology
PRECISION FABRICATIONS ANDOVER LTD,Engineering
PRECISION MEDICAL CLINIC LTD,Healthcare
PRECISION PROCESSING SERVICES LIMITED,Engineering
PRECISION REFRIGERATION LIMITED,Engineering
PRECISIONLIFE LTD,Engineering
PRECISIONTECH IT SOLUTIONS LTD,Technology
PRECONOMY LIMITED,Engineering
PREDICTABLE MARKETING LIMITED,Technology
PREDICTIVA LTD,Technology
PREDIKO LTD,Technology
PREFRONTAL AI LTD,Technology
PRELLE HEALTHCARE LIMITED,Healthcare
PREMCARD LIMITED,Healthcare
PREMFINA LIMITED,Finance
PREMIER CARE CONTRACTS UK LTD,Healthcare
PREMIER CARE HOMES LIMITED,Healthcare
PREMIER CARE PARTNERS LIMITED,Healthcare
PREMIER CARE SUPPORT LTD,Healthcare
PREMIER CLINIC ENTERPRISES LIMITED,Healthcare
PREMIER COREX LTD,Engineering
PREMIER DENTAL & IMPLANT CENTRE LTD,Healthcare
PREMIER EDUCATION CARE LTD,Education
PREMIER FOREX LIMITED,Finance
PREMIER IT SOLUTION LIMITED,Technology
PREMIER MACHINE TOOLS LIMITED,Engineering
PREMIER RESEARCH GROUP LIMITED,Engineering
PREMIER TUITION LTD,Education
PREMIERE CARE (SOUTHERN) LIMITED,Healthcare
PREMIUM CREDIT LIMITED,Finance
PREMIUM EDUCATION INTERNATIONAL LTD,Technology
PREMIUM LABORIS LIMITED,Technology
PREMIUM TOUCH SERVICES LIMITED,Healthcare
PREMO GROUP LTD,Healthcare
PREMONITION SOFTWARE LIMITED,Technology
PREOS TALENT LIMITED,Technology
PREP SCHOOLS TRUST,Education
PREP SMART CONSULTING LIMITED,Education
PREPAID FINANCIAL SERVICES LIMITED,Finance
PREQIN LTD,Technology
PRESCRIBING LIFESTYLE LTD,Healthcare
PRESCRIPTION POINT LTD,Healthcare
PRESDALES SCHOOL ACADEMY TRUST,Education
PRESERVATION CAPITAL PARTNERS LIMITED,Finance
PRESHO SOLUTIONS LTD,Technology
PRESIDENCY LONDON COLLEGE LIMITED,Education
PRESIDENTIAL CARE LIMITED,Finance
PRESIDIO SOLUTIONS UK LIMITED,Technology
PRESTBURY INVESTMENT HOLDINGS LIMITED,Finance
PRESTIGE CARE LIMITED,Healthcare
PRESTIGE CARE MANAGEMENT SYSTEM LTD,Technology
PRESTIGE CARE SOLUTIONS LTD,Healthcare
PRESTIGE DENTAL SERVICES LIMITED,Healthcare
PRESTIGE HOME CARE LIMITED,Healthcare
PRESTIGE HOMECARE SERVICES LIMITED,Healthcare
PRESTIGE KIDDIZONE LTD,Healthcare
PRESTIGE MEDICS LTD,Healthcare
PRESTIGE OPTICAL LIMITED,Technology
PRESTIGE QUALITY CARE LTD,Healthcare
PRESTO MEDICOLEGAL LTD,Technology
PRESTOLEE MULTI ACADEMY TRUST,Education
PRESTON GLADES LTD,Healthcare
PRESTWICK CARE LIMITED,Healthcare
PRETIUM UK PARTNERS LIMITED,Finance
PRETORIA ENTERPRISE LTD,Technology
PREVAIL TECHNOLOGY LIMITED,Technology
PREVENTION AND RECOVERY CARE AND SUPPORT (PARCS) LTD,Healthcare
PREVIEWME LTD,Technology
PREVISE LIMITED,Technology
PREZIEN SOLUTIONS LTD,Technology
PRG GROUP LTD,Finance
PRICELS LIMITED,Technology
PRICING MONKEY LTD,Technology
PRIDE INSURE LTD,Finance
PRIDEAUX HOUSE CARE LIMITED,Healthcare
PRIDEAUX LODGE CARE LTD,Healthcare
PRIHODA UK LTD,Engineering
PRIMA TOOLING LIMITED,Engineering
PRIMARY CARE DIETITIANS LTD,Healthcare
PRIMARY CARERS 24/7 (HOMECARE) LIMITED,Healthcare
PRIMARY MEDICAL SOLUTIONS LIMITED,Healthcare
PRIMARYBID LIMITED,Finance
PRIMATRADE SERVICES LIMITED,Technology
PRIME CALIBRE CARE GROUP LTD,Healthcare
PRIME CARE SERVICES LTD,Healthcare
PRIME CARE SUPPORTED LTD,Healthcare
PRIME GLOBAL VENTURES LTD,Finance
PRIME HEALTH DIAGNOSTICS LTD,Healthcare
PRIME HEALTHCARE AVENUE LTD,Healthcare
PRIME NEXUS LONDON LIMITED,Technology
PRIME RESIDENTIAL CARE LIMITED,Healthcare
PRIME RESPONSE SERVICES LIMITED,Finance
PRIME SOCIAL CARE SERVICES LTD,Healthcare
PRIME SOFTWARE SERVICES LTD,Technology
PRIME TENDS LIMITED,Healthcare
PRIME TUITION SERVICES LIMITED,Education
PRIME TUTORS LTD,Education
PRIME WAY CARE LTD,Healthcare
PRIME WEALTH CAPITAL LIMITED,Finance
PRIMECARE SUPPORT LIMITED,Healthcare
PRIMELIFE CARE LTD,Healthcare
PRIMENTORING AI LTD,Technology
PRIMEPAYMENT LTD,Technology
PRIMER API LIMITED,Technology
PRIMERA ASSISTED LIVING LIMITED,Healthcare
PRIMEREVENUE UK LIMITED,Technology
PRIMETIME CARE SERVICES LIMITED,Healthcare
PRIMEXAL LTD,Technology
PRIMOSOFT SOLUTIONS LIMITED,Technology
PRIMROSE COMMUNITY HEALTHCARE LIMITED,Healthcare
PRIMROSE HILL LIMITED,Healthcare
PRIMROSE HOUSE CARE HOME LIMITED,Healthcare
PRINCESS ALICE HOSPICE,Education
PRINCESS LODGE LIMITED,Healthcare
PRINCIPAL COOLING LTD,Engineering
PRINCIPAL GLOBAL INVESTORS (EUROPE) LIMITED,Finance
PRINCIPAL MEDICAL LIMITED,Healthcare
PRINCIPLE CARE HOMES (CHELMSFORD) LIMITED,Healthcare
PRINCIPLE SUPPORT LTD,Healthcare
PRINGLE RICHARDS SHARRATT LIMITED,Engineering
PRINGLE'S CARE SERVICES LIMITED,Healthcare
PRINT LOGIC REPROGRAPHICS LTD,Engineering
PRINTERBASE LTD,Technology
PRINTHOUSE LONDON W11 LTD,Technology
PRINTNODE LIMITED,Technology
PRIOCEPT LIMITED,Technology
PRIOR PARK EDUCATIONAL TRUST,Education
PRIORITY CARE HOME LIMITED,Healthcare
PRIORITY CHOICE HEALTH CARE LIMITED,Healthcare
PRIORITY CONSULTANCY LTD,Technology
PRIORITY HOME CARE DORSET LTD,Healthcare
PRIORITY PLUS CARE LTD,Healthcare
PRIORY CC165 LIMITED,Healthcare
PRIORY CC166 LIMITED,Healthcare
PRISIMA LIMITED,Healthcare
PRISM 339 LTD,Technology
PRISM FIRE TECH LIMITED,Engineering
PRISM GLOBAL (UKEUR) LIMITED,Finance
PRISM IT LIMITED,Technology
PRISMCHECK UK LIMITED,Technology
PRIVACY CULTURE LIMITED,Technology
PRIVACYCO LTD,Technology
PRIVAT 3 MONEY LTD,Technology
PRIVATE HOME CARE UK LIMITED,Healthcare
PRIVATE MARKETS ALPHA LTD,Technology
PRIVATE PHYSIOTHERAPY LTD,Healthcare
PRIVATE ULTRASOUND SCAN LTD,Healthcare
PRIYA STORES LIMITED,Finance
PRIYANSH ENGINEERING CONSULTANCY LIMITED,Engineering
PRMD ASSOCIATES LIMITED,Technology
PRO CARE HOMES (BLACKPOOL) LIMITED,Healthcare
PRO DRIVE IT LIMITED,Technology
PRO INSURANCE SOLUTIONS LIMITED,Finance
PRO MUSIC TUITION LIMITED,Education
PRO SUSTAINABILITY LTD,Engineering
PRO WEEE LTD,Technology
PRO-INFO CONSULTING UK LTD,Technology
PROACE HEALTHCARE SERVICES LTD,Healthcare
PROACT IT UK LIMITED,Technology
PROACTIVEUZ LTD,Education
PROARCH IT SOLUTIONS LIMITED,Technology
PROBACK CLINIC VICTORIA LTD,Healthcare
PROBE TEST SOLUTIONS LIMITED,Engineering
PROBITAS ENTERPRISE SOLUTIONS LIMITED,Technology
PROBO MEDICAL LTD,Engineering
PROCARE DOMICILIARY SERVICES LTD,Healthcare
PROCARE HEALTH LIMITED,Healthcare
PROCARE HEALTHCARE LTD,Healthcare
PROCARE TEAM LTD,Education
PROCARE WALES LIMITED,Healthcare
PROCEED DATA MANAGEMENT LIMITED,Technology
PROCENTIA LIMITED,Technology
PROCESS PLANT COMPUTING LIMITED,Technology
PROCESS360 LTD,Technology
PROCHECKUP LIMITED,Technology
PROCODE TECHNOLOGY LIMITED,Technology
PROCONVEY LIMITED,Technology
PROCTOR AND MATTHEWS LIMITED,Engineering
PROCURE CARE PROVIDERS LIMITED,Healthcare
PROCUREMENT LEADERS LIMITED,Technology
PRODAPT (UK) LIMITED,Technology
PRODAPT CONSULTING (UK) LIMITED,Technology
"PRODEGE UK, LTD",Technology
PRODENT SPANISH PLACE LIMITED,Healthcare
PRODO SOCIAL SOFTWARE LTD,Technology
PRODUCT SERVICE HEALTH (PSH) LTD,Healthcare
PROFESSIONAL CONSTRUCTION DESIGN SERVICES LIMITED,Engineering
PROFESSIONAL HEALTHCARE SERVICES LIMITED,Healthcare
PROFESSIONAL LEARNING AND CONSULTING HUB LIMITED,Technology
PROFESSIONAL REFRIGERATION LTD,Engineering
PROFESSIONAL SOCIAL NETWORKS LTD,Technology
PROFESSIONALS CARE FOR YOU LIMITED,Healthcare
PROFICIENT COMMUNITY CARE SERVICES LIMITED,Healthcare
PROFICIENT MEDICAL LIMITED,Healthcare
PROFICIO CONSULTANTS LIMITED,Technology
PROFILE BOOKS LIMITED,Technology
PROFILE FINANCIAL SOLUTIONS LTD,Finance
PROFINDA LIMITED,Technology
PROFITROOM LTD,Technology
PROFORECAST LTD,Technology
PROFOUND HOUSING AND SUPPORT LTD,Healthcare
PROFUSE CARE LTD,Healthcare
PROGENY WEALTH LIMITED,Finance
PROGRAMMAI LIMITED,Technology
PROGRESS SCHOOLS LIMITED,Education
PROGRESSIVE IT SERVICES LTD,Technology
PROGRESSIVE TECHNOLOGY LIMITED,Engineering
PROGRESSIVE TECHNOLOGY SOLUTIONS LIMITED,Technology
PROHIRE SOFTWARE LIMITED,Technology
PROIMMUNE LIMITED,Healthcare
PROJECT 3 MOBILITY R&D UK LIMITED,Engineering
PROJECT CARE LIMITED,Healthcare
PROJECT EIDOS LIMITED,Technology
PROJECT PEOPLE LIMITED,Technology
PROJECT TRANSFORM LTD,Technology
PROJECTIVE LIMITED,Technology
PROJECTS EXPERT UK LIMITED,Technology
PROJEX CELLULAR INFRASTRUCTURE UK LIMITED,Technology
PROJUKTI TEAM LIMITED,Technology
PROKARIUM LIMITED,Engineering
PROKOPE CONSULTING LTD,Technology
PROLIBERTAS CARE SOLUTIONS LIMITED,Healthcare
PROLIFICS TESTING UK LIMITED,Technology
PROLION LTD,Technology
PROLOGIK AUTOMATION LTD,Technology
PROMADE SOLUTIONS LTD,Technology
PROMAKE LTD,Engineering
PROMATRIX SOLUTIONS PVT LTD,Technology
PROMENTUM LIMITED,Technology
PROMETHEUS ENTERPRISES U.K. LIMITED,Technology
PROMETHEUX LIMITED,Technology
PROMISE DENTAL SERVICES LIMITED,Healthcare
PROMISING HEALTHCARE LIMITED,Healthcare
PROMNI HEALTH LIMITED,Healthcare
PROMO FINANCE LTD,Finance
PROMOTING YOUTH LTD,Healthcare
PROMOTIZE LTD,Technology
PRONET GAMING LTD,Technology
PROOFPOINT LIMITED,Technology
PROPDEVELOP LTD.,Technology
PROPEL FINANCE PLC,Finance
PROPEL TECH LTD,Technology
PROPELLER COMMUNICATIONS LTD,Technology
PROPENSIO FINANCE LIMITED,Finance
PROPERTYFLOW TECHNOLOGIES LTD,Technology
PROPHARMA GROUP MIS LIMITED,Technology
PROPHIX UK LIMITED,Technology
PROPTECH AERO LTD,Engineering
PROPUS TECH LTD,Technology
PROQUEST INFORMATION AND LEARNING LIMITED,Technology
PROSEK UK LIMITED,Technology
PROSOL IT (UK) LIMITED,Technology
PROSPECT SPORTING INSIGHTS LIMITED,Technology
PROSPECTOR PRO LIMITED,Technology
PROSPER AND ENTERPRISE LIMITED,Healthcare
PROSPER ROBOTICS LTD,Technology
PROSPERITY NETWORK LTD,Education
PROSPERON NETWORKS LTD,Technology
PROSPEROUS CARE LTD,Healthcare
PROSPIRE TECHNOLOGIES LTD,Technology
PROSPOT LIMITED,Engineering
PROSTATE CANCER UK,Technology
PROTEA CARE HOMES (KENT) LTD,Healthcare
PROTEA WAL LIMITED,Healthcare
PROTEAN ELECTRIC LIMITED,Engineering
PROTEC GROUP LTD,Engineering
PROTECH STAINLESS LTD,Engineering
PROTECHNING LIMITED,Engineering
PROTECT THE WILD LTD,Technology
PROTECTHAND CARE LTD,Healthcare
PROTECTIVE CARE GROUP LIMITED,Healthcare
PROTEGRITY EUROPE LIMITED,Technology
PROTEK GROUP LIMITED,Finance
PROTEOTYPE DIAGNOSTICS LTD,Engineering
PROTEUS FACADES LIMITED,Engineering
PROTEUS TIDAL (SCOTLAND) LIMITED,Engineering
PROTIZE LTD,Engineering
PROTON PAYMENTS LIMITED,Technology
PROTON TECHNOLOGIES LTD,Technology
PROTOSTAR GROUP LIMITED,Engineering
PROVA HEALTH LIMITED,Healthcare
PROVAR LIMITED,Technology
PROVEN STRATEGY LTD,Technology
PROVENCA CAPITAL LIMITED,Technology
PROVENTEQ LIMITED,Technology
PROVIDE COMMUNITY INTEREST COMPANY,Healthcare
PROVIDE HOMECARE LTD,Healthcare
PROVIDENCE DENTAL LIMITED,Healthcare
PROVISIO CARE GROUP LIMITED,Healthcare
PROVISION CARE LTD,Healthcare
PROXYMITY LIMITED,Technology
PRS CONSULTANCY SERVICES LTD,Technology
PRUDENCE SUPPORTED LIVING LIMITED,Healthcare
PRUDENT CARE HOMES LIMITED,Healthcare
PRUDENT SUPPORTED LIVING LTD,Healthcare
PRUNE PAYMENTS LTD,Finance
PRYCE & CO LIMITED,Healthcare
PSC SERVICE COMPANY LIMITED,Finance
PSI SERVICES (UK) LIMITED,Technology
PSICON LIMITED,Healthcare
PSIQUANTUM LTD,Technology
PSK CHELTENHAM LTD,Engineering
PSK DESIGN LTD,Engineering
PSK METONYM SYSTEMS LTD,Technology
PSS TECH SERVICES LTD,Technology
PSYCARE LIMITED,Healthcare
PSYCHIATRY PLUS LTD,Healthcare
PSYKHE LTD,Technology
PT MASSAGE GROUP LTD,Healthcare
PUBITY GROUP LTD,Technology
PUBLISHERR LIMITED,Technology
PUBNUB UK LIMITED,Technology
PULSANT LIMITED,Technology
PULSAR CONSULTING LTD,Technology
PULSAR EUROPE LIMITED,Technology
PULSE BUSINESS SOFTWARE LIMITED,Technology
PULSE HEALTH GROUP LIMITED,Healthcare
PULSE LIGHT CLINIC (UK) LTD,Healthcare
PUMA ENGINEERING & CONSTRUCTION LIMITED,Engineering
PUMA INVESTMENT MANAGEMENT LIMITED,Finance
PUNATI CONSULTING LIMITED,Technology
PUNEETH CONSULTANTS LTD,Technology
PUNGO LTD,Technology
PUNJAB NATIONAL BANK (INTERNATIONAL) LIMITED,Finance
PUPIL PROGRESS LIMITED,Technology
PUPPET LABS LIMITED,Technology
PURDEX LIMITED,Technology
PURDICOM LIMITED,Technology
PURE CARE SUPPORT LIMITED,Healthcare
PURE COLD LIMITED,Engineering
PURE DENTAL SURGERY LIMITED,Healthcare
PURE DOUBLE GLAZING LTD,Engineering
PURE ENERGI LIMITED,Technology
PURE IP LIMITED,Technology
PURE MOMENTS LTD,Healthcare
PURE RETIREMENT LIMITED,Finance
PURE SPORTS MEDICINE LIMITED,Healthcare
PURE STORAGE UK LIMITED,Technology
PURE TECH CONSULTANCY LIMITED,Technology
PURE VISION EYE CARE LIMITED,Healthcare
PURE WELLNESS CENTRE LIMITED,Healthcare
PUREAN SOLUTIONS AND TECHNOLOGY LTD,Technology
PURECODE LTD,Technology
PUREPRO SOLUTIONS LIMITED,Technology
PURESOUL CARE LTD,Healthcare
PURESPRING THERAPEUTICS LIMITED,Engineering
PURIFY TECHNOLOGY LTD,Technology
PURMO GROUP (UK) LTD,Engineering
PURPLE BEARD LTD,Technology
PURPLE BEES LTD,Technology
PURPLE FLOWER CARE LTD,Healthcare
PURPLE LILAC HEALTHCARE LIMITED,Healthcare
PURPLE LION DAY NURSERIES BUCKHURST HILL LTD,Healthcare
PURPLE MATRIX LIMITED,Technology
PURPLE MIGHTY LTD,Healthcare
PURPLE PAY UMBRELLA LIMITED,Technology
PURPLE SOCIAL CARE LTD,Healthcare
PURPLE WILLOWS LTD,Education
PURPLE-BUD CARE LTD,Healthcare
PURPLE-I LIMITED,Technology
PURVIEW CONSULTANCY SERVICES LTD,Technology
PUSAJEV LTD,Healthcare
PUSH GROUP LIMITED,Technology
PUSH LABS LIMITED,Technology
PUSH TECHNOLOGY LIMITED,Technology
PUSHKIN HOUSE TRUST,Education
PUSULA CUSTOMER EXPERIENCE UK LTD,Technology
PUTNEY DENTAL SURGERY LTD,Healthcare
PUUNNAMII CREEATIVE LIMITED,Technology
PVCASE UK LTD,Technology
PVS INFOTECH LTD,Technology
PVTL LIMITED,Technology
PWP ARCHITECTS LIMITED,Engineering
PX3 PARTNERS LIMITED,Finance
PXD LIMITED,Engineering
PY ANALYTICS LTD,Technology
PYNEA TECHNOLOGY LIMITED,Technology
PYRALINK INNOVATION LTD,Technology
PYROBAN LIMITED,Engineering
PYROGENESYS LTD,Engineering
PYTHAGORAS CAPITAL LIMITED,Finance
Q CARE LIMITED,Healthcare
Q CHI LIMITED,Technology
Q&L-OSTECH LIMITED,Technology
Q-CTRL UK LIMITED,Engineering
QA LIMITED,Education
QA POINT LTD,Technology
QA TEST PROFESSIONALS LTD,Technology
QA-UK LIMITED,Engineering
QAHE LIMITED,Education
QALAM ACADEMY FOR EXCELLENCE LIMITED,Education
QARIK GROUP LIMITED,Technology
QASTCO LIMITED,Technology
QATALOG LTD,Technology
QATALYST PARTNERS LIMITED,Finance
QAWORKFORCE LTD,Technology
QB FINANCIALS LTD,Finance
QBARTER TECHNOLOGY AND SERVICES LIMITED,Technology
QBOTS ENERGY LTD,Technology
QBYTE COMPUTING LIMITED,Technology
QD HOLDINGS LIMITED,Finance
QD HORSHAM LTD,Healthcare
QDD SURGERY LIMITED,Healthcare
QDOT TECHNOLOGY LTD,Engineering
QE DEVELOPMENT HOLDCO LTD,Finance
QED FOUNDATION LIMITED,Healthcare
QED INVESTORS UK LIMITED,Finance
QED STRUCTURES LTD,Engineering
QEGS BLACKBURN ACADEMY TRUST,Education
QEGSMAT,Education
QEPOS SOLUTION LIMITED,Technology
QFEX INTERNATIONAL LTD.,Finance
QGATE SOFTWARE LIMITED,Technology
QH CARE SERVICES LIMITED,Healthcare
QH IP LTD,Healthcare
QH ST MARY'S LIMITED,Healthcare
QIAGEN LIMITED,Healthcare
QIB (UK) PLC,Finance
QIC EUROPEAN INVESTMENT SERVICES LIMITED,Finance
QIKK NETWORK SOLUTIONS LTD,Technology
QIMA (UK) LIMITED,Finance
QIO TECHNOLOGIES LTD,Technology
QLIK SOLUTIONS LIMITED,Technology
QLIKZ LTD,Technology
QLOGIC INC LTD,Technology
QMETRIC GROUP LIMITED,Finance
QMULUS SOLUTIONS LIMITED,Technology
QNAP UK LIMITED,Technology
QODA CONSULTING LTD,Engineering
QODEA LIMITED,Technology
QODEA TECHNOLOGY LIMITED,Technology
QOMPLY LIMITED,Technology
QP ONLINE LIMITED,Engineering
QPC LIMITED,Technology
QSR TRADING LIMITED,Finance
QUAD NETWORK SOLUTIONS LTD,Technology
QUAD UK MIDCO 2 LIMITED,Finance
QUADCONSULT LTD,Engineering
QUADIENT UK LIMITED,Engineering
QUADRAM INSTITUTE BIOSCIENCE,Engineering
QUADRANT HARMON CONSULTING LIMITED,Engineering
QUADRATURE CAPITAL LIMITED,Finance
QUADRATURE CLIMATE FOUNDATION,Engineering
QUADWAVE CONSULTING UK LIMITED,Technology
QUAIFE.NET LIMITED,Finance
QUAINTSYSS LTD,Engineering
QUAISR LIMITED,Technology
QUALIENT TECHNOLOGY SOLUTIONS UK LIMITED,Technology
QUALIS FLOW LIMITED,Technology
QUALITIES SERVICES LTD,Healthcare
QUALITY & COMPASSION LTD,Healthcare
QUALITY CARE & RECRUITMENT SOLUTIONS LIMITED,Healthcare
QUALITY CARE (SC) LIMITED,Healthcare
QUALITY CARE LIMITED COMPANY LIMITED,Healthcare
QUALITY CARE SERVICES LIMITED,Healthcare
QUALITY DENTAL CARE LIMITED,Healthcare
QUALITY ENGINEERED PRODUCTS LIMITED,Engineering
QUALITY FIRST AND FOREMOST CARE LIMITED,Healthcare
QUALITY LIFE MATTERS CARE SERVICES LTD,Healthcare
QUALITY PROCESS LIMITED,Technology
QUALITY PROTECTS CHILDREN LTD,Healthcare
QUALITYONE CONSULTANCY LIMITED,Technology
QUALRISK LTD,Finance
QUALYS LIMITED,Technology
QUANT GROUP LTD,Technology
QUANTAMIC SOLUTIONS LIMITED,Technology
QUANTBOT TECHNOLOGIES LTD,Finance
QUANTBOX RESEARCH UK LTD,Technology
QUANTCAST LIMITED,Technology
QUANTEAM UK LIMITED,Technology
QUANTEMOL LIMITED,Technology
QUANTFURY TRADING UK LIMITED,Finance
QUANTIFI LIMITED,Technology
QUANTIPHI LIMITED,Technology
QUANTITATIVE BROKERS UK LIMITED,Technology
QUANTIUM LIMITED,Technology
QUANTIUM TECHNOLOGY LTD,Technology
QUANTIVE TECHNOLOGIES UK LIMITED,Technology
QUANTSPARK LIMITED,Technology
QUANTUM BASE LIMITED,Engineering
QUANTUM FINANCIAL ADVISERS LTD,Finance
QUANTUM FINTECH LEAP LIMITED,Technology
QUANTUM I COMPUTING LIMITED,Technology
QUANTUM LIGHT MANAGEMENT LTD,Technology
QUANTUM METRIC (UK) LIMITED,Technology
QUANTUM MOTION TECHNOLOGIES LIMITED,Technology
QUANTUM REAL ESTATE PARTNERS LTD,Finance
QUANTUM TURNED PARTS LIMITED,Engineering
QUANTUMBYTE IT LTD,Technology
QUANTUMDX GROUP LIMITED,Healthcare
QUANTUS IT SOLUTIONS LTD,Technology
QUARRIERS,Healthcare
QUARRY MOUNT CARE LIMITED,Healthcare
QUARTO PUBLISHING PLC,Technology
QUARTZ DIGITAL LTD,Technology
QUAS HEALTHCARE LTD,Healthcare
QUATROMATIC LTD,Technology
QUAY COURT (CARE CENTRE) LIMITED,Healthcare
QUAYSIDE CARE LIMITED,Healthcare
QUAYWEST HOUSING LTD,Healthcare
QUBE RESEARCH & TECHNOLOGIES LIMITED,Finance
QUBIT HCM LTD,Technology
QUDIT LABS LTD,Technology
QUEEN STREET FINANCE LTD,Finance
QUEEN'S CRESCENT COMMUNITY ASSOCIATION,Healthcare
QUEEN'S GATE SCHOOL TRUST LIMITED,Education
QUEENBEE NURSERY LIMITED,Healthcare
QUEENS PARK COMMUNITY SCHOOL ACADEMY TRUST,Education
QUEENSBERRY NURSERY LIMITED,Education
QUEENSWAY HOMES LTD,Healthcare
QUEENSWOOD SCHOOL LIMITED,Education
QUEEQUEG RENEWABLES LTD,Engineering
QUELL TECH LTD,Technology
QUERCUS REAL ASSETS LIMITED,Finance
QUERY CLICK LIMITED,Technology
QUEST MEAT LTD,Engineering
QUEST RECOVERY SERVICES LIMITED,Healthcare
QUESTO TECHNOLOGIES LTD,Technology
QUEUECO LIMITED,Finance
QUEX ROAD DENTAL SURGERY LTD,Healthcare
QUICK FIX HOUSE LTD,Technology
QUICK RIDE COORDINATION LTD,Technology
QUICK SHOPFRONTS LIMITED,Engineering
QUICK SOLZ LIMITED,Technology
QUICK STUDY LTD,Education
QUICK TO ACT LTD,Technology
QUICKLINK VIDEO DISTRIBUTION SERVICES LIMITED,Technology
QUIKR LTD,Technology
QUINBROOK INFRASTRUCTURE PARTNERS LIMITED,Finance
QUINNOX LIMITED,Technology
QUINT GROUP LIMITED,Finance
QUINTESSENTIAL BRANDS UK HOLDINGS LIMITED,Finance
QUINTESSENTIAL DESIGN SERVICES LIMITED,Engineering
QUINTON HOUSE LIMITED,Healthcare
QUINYX UK LIMITED,Technology
QUL TECHNOLOGIES LIMITED,Technology
QUMRAN CARE LIMITED,Healthcare
QUMU LTD,Technology
QUO VADIS TRUST,Healthcare
QUODOX TRAINING LIMITED,Education
QUOMATIC SOLUTION LIMITED,Technology
QUORI LIMITED,Technology
QUORSO UK LIMITED,Technology
QUORUM CYBER SECURITY LIMITED,Technology
QUOTIENT THERAPEUTICS LIMITED,Engineering
QURED HEALTH LTD,Technology
R & JW CARE LTD,Healthcare
R B A LIMITED,Engineering
R BROWN & K JONES LTD,Healthcare
R H PARTNERSHIP ARCHITECTS LIMITED,Engineering
R P DENTAL LTD,Healthcare
R S FORKLIFTS TRAINING LIMITED,Education
R SONS (HOMES) LIMITED,Healthcare
R SYSTEMS COMPUTARIS INTERNATIONAL LIMITED,Technology
R TECHSOL LIMITED,Technology
R VILLAGE RESTAURANTS SOLUTIONS LIMITED,Technology
R&F CARE LTD,Healthcare
R'EAGLE MINDS LIMITED,Healthcare
R.I.S.E SUPPORT SERVICES LTD,Healthcare
R.J. O'BRIEN LIMITED,Finance
R.W.H. LTD,Healthcare
R3 LIMITED,Engineering
R4G TECH LIMITED,Technology
R4R HOME CARE SERVICE LTD,Healthcare
R8G UK LIMITED,Technology
RA CARE SERVICES LIMITED,Healthcare
RAAGEH CARE LIMITED,Healthcare
RAAM LONDON LIMITED,Healthcare
RAB MICROFLUIDICS RESEARCH AND DEVELOPMENT COMPANY LIMITED,Engineering
RABBIT HOLE LABS LIMITED,Technology
RABTECH LTD,Technology
RAC ENGINEERING COMPANY LIMITED,Engineering
RACING TRANSMISSIONS LTD,Engineering
RACKSPACE LIMITED,Technology
RACONTEUR MEDIA LIMITED,Technology
RAD PROPULSION LTD,Engineering
RADCLIFFE & TAYLOR LIMITED,Finance
RADCLIFFE CARE HOME LTD,Healthcare
RADENTIA TECHNOLOGIES LTD,Technology
RADHA KRISHNA HEALTHCARE LTD,Healthcare
RADIA COMPUTER SERVICES LIMITED,Technology
RADIANCE STAR LTD,Technology
RADIANT CARE SERVICES LTD,Healthcare
RADIANTLIFE LTD,Healthcare
RADICAL FORGE LTD,Technology
RADICON TRANSMISSION UK LIMITED,Engineering
RADISH EDUCATION UK LTD,Technology
RADIT LTD,Technology
RADOM PAY LIMITED,Technology
RAFAEL INTERNATIONAL LIMITED,Technology
RAFLES LIMITED,Healthcare
RAGARFIELD LIMITED,Finance
RAHBER ENTERPRISE LIMITED,Technology
RAHIL SAGGAR LIMITED,Healthcare
RAIA HEALTH LIMITED,Healthcare
RAIDA CARE LONDON LTD,Healthcare
RAIDIAM SERVICES LIMITED,Technology
RAILPEN LIMITED,Finance
RAIN UK LABS LIMITED,Engineering
RAINBOW ANGELS NURSERIES & LEARNING CENTRES LTD,Education
RAINBOW DIAGNOSTICS LTD,Engineering
RAINBOW DIRECT CARE LTD,Healthcare
RAINBOW HEALTH & CARE LTD,Healthcare
RAINBOW HOME CARE SERVICES LTD,Healthcare
RAINBOW HOUSE NURSERY LTD,Education
RAINBOW SOCIAL CARE LIMITED,Healthcare
RAINBOW SOFTWARE SOLUTIONS LIMITED,Technology
RAINFOREST BIDCO LIMITED,Finance
RAINFOREST FOUNDATION UK,Engineering
RAINS CONSULTING LIMITED,Technology
RAINTREE CARE LTD,Healthcare
RAISE HEALTHCARE PVT LTD,Healthcare
RAISIN PLATFORMS LIMITED,Technology
RAISING SOLUTIONS LIMITED,Technology
RAJA HEALTHCARE LIMITED,Healthcare
RAJA SAHIB METAL WORKS LTD,Engineering
RAKHAMIM CARE LTD,Healthcare
RAKON UK LIMITED,Engineering
RAKUTEN SYMPHONY UK LTD,Technology
RALAKDE LTD,Engineering
RALEIGH HOUSE LTD,Healthcare
RAM DENTAL LTD,Healthcare
RAMADA DENTAL LTD,Healthcare
RAMANI CONSULTING LTD,Technology
RAMARK SYSTEMS LIMITED,Technology
RAMBOLL UK LIMITED,Engineering
RAMBUS UK LTD,Technology
RAMCIS LIMITED,Technology
RAMCO DENTAL LIMITED,Healthcare
RAMEEL LIMITED,Technology
RAMON INTERNATIONAL INSURANCE BROKERS LIMITED,Finance
RAMP BUSINESS UK LTD,Technology
RAMP SWAPS LIMITED,Technology
RAMP TECHNOLOGIES LTD,Technology
RAMSAC LIMITED,Technology
RAMTECH CONSULTANT LTD,Technology
RAMYA INFOTECH LIMITED,Technology
RAN PERFORM LIMITED,Technology
RANA BEAUTY AND AESTHETICS LIMITED,Healthcare
RAND EUROPE COMMUNITY INTEREST COMPANY,Engineering
RANDALL CARE HOMES LIMITED,Healthcare
RANE GROUP LTD,Technology
RANGEFORCE SOFTWARE (UK) LTD,Technology
RANOSYS TECHNOLOGIES LTD,Technology
RANSITECH SOLUTIONS LTD,Technology
RAPID ENTERPRISE SOLUTIONS LIMITED,Technology
RAPID HOME WARRANTIES LTD,Finance
RAPID MEDICAL CARE SERVICES LTD,Healthcare
RAPID MEDICAL SERVICES (UK) LIMITED,Healthcare
RAPID-MYCO TECHNOLOGIES LIMITED,Engineering
RAPID7 INTERNATIONAL LIMITED,Technology
RAPIDWALL LTD,Engineering
RAPITA SYSTEMS LIMITED,Technology
RAPTOR DATA LIMITED,Engineering
RARA PLUS LIMITED,Healthcare
RARE LIMITED,Technology
RAS CARE LIMITED,Healthcare
RATCLIFFE COLLEGE,Education
RATED LABS LTD,Technology
RATEGAIN TECHNOLOGIES LIMITED,Technology
RATHBONES GROUP PLC,Finance
RATIONAL UK LIMITED,Engineering
RAUNDS LODGE NURSING HOME LIMITED,Healthcare
RAVDON HEALTH CARE LTD,Healthcare
RAVEEDHA CARE LIMITED,Healthcare
RAVELA LTD,Education
RAVENS CARE LIMITED,Healthcare
RAVENS MEDIA LTD,Technology
RAVENSCOURT LTD,Education
RAVENSCROFT HEALTHCARE LIMITED,Healthcare
RAVENWARE LIMITED,Technology
RAVITECK LTD,Technology
RAVON GROUP LTD,Technology
RAY CAPITAL INVESTMENTS UK LIMITED,Finance
RAY CARE SERVICE LTD,Healthcare
RAY SOLUTIONS LTD,Technology
RAYALASOFT SOLUTIONS LTD,Technology
RAYAN ENTERPRISE SERVICES LTD,Technology
RAYCARE LIMITED,Healthcare
RAYCHANTPAT COMPANY LIMITED,Healthcare
RAYMOND JAMES INVESTMENT SERVICES LIMITED,Finance
RAYMOND JAMES WEALTH MANAGEMENT LIMITED,Finance
RAYNERS (EXTRA CARE HOME) LIMITED,Healthcare
RAYNERS COLLEGE LONDON LIMITED,Education
RAYRON CARE LIMITED,Healthcare
RAYWIND ARC LIMITED,Technology
RAYYAN CARES LIMITED,Healthcare
RAYYANTECH LIMITED,Technology
RAZA HOME CARE LTD,Healthcare
RAZA ISLAMIC EDUCATIONAL CULTURAL CENTRE MARKAZ-E-AHLE SUNNAT,Education
RB TECH SOLUTIONS LTD,Technology
RBK SOLUTION LTD,Healthcare
RBL FIELD HOUSE CARE LTD,Healthcare
RC AESTHETICS LTD,Healthcare
RC TECHNOLOGY LIMITED,Technology
RCCO CREATIVE LTD,Technology
RCF MANAGEMENT (UK) LTD,Finance
RCH CARE HOMES LIMITED,Healthcare
RCH-CARE LIMITED,Healthcare
RCI BANK UK LIMITED,Finance
RCI FINANCIAL SERVICES LIMITED,Finance
RCKA LIMITED,Engineering
RCMIK HEALTH CARE LTD,Healthcare
RD GLOBAL LTD,Technology
RDA MEDICAL LIMITED,Healthcare
RDENTIAL LTD,Healthcare
RDG ENGINEERING (TEMPORARY WORKS) LTD,Engineering
RDK CIVIL ENGINEERING LIMITED,Engineering
RDML LIMITED,Healthcare
RDS CARE LTD,Healthcare
RDSS CARE LIMITED,Healthcare
RDX WORKS LTD,Technology
RE-FORM LANDSCAPE ARCHITECTURE (2023) LIMITED,Finance
RE-FORM LANDSCAPE ARCHITECTURE LIMITED,Engineering
RE-LEASED SOFTWARE COMPANY UK LIMITED,Technology
RE-VANA THERAPEUTICS LTD,Engineering
RE:CO INSIGHTS LTD,Technology
REACH HEALTHCARE SOLUTIONS LTD,Healthcare
REACH ON LTD,Technology
REACH SOUTH ACADEMY TRUST,Education
REACH STUDIOS LIMITED,Technology
REACH TELECOM LIMITED,Technology
REACH2 ACADEMY TRUST,Education
REACHDESK LTD,Technology
REACHOUT24 HEALTHCARE LTD,Healthcare
REACTA BIOTECH LIMITED,Engineering
READ - THE READING AGENCY,Education
READ FOUNDATION,Education
READDLE LABS LTD,Technology
READING SCHOOL,Education
READING SOLUTIONS UK LIMITED,Education
READY CARE PRIVATE LIMITED,Healthcare
READY4LIFE LIMITED,Healthcare
READYPEOPLE LTD,Technology
REAL ASSETS ADVISERS LTD,Finance
REAL CARE SOLUTIONS LTD,Healthcare
REAL HOMECARE LIMITED,Healthcare
REAL IMAGING LTD,Healthcare
REAL PEOPLE LTD,Healthcare
REAL TRANSFER LIMITED,Finance
REALEYES DATA SERVICES LIMITED,Technology
REALITYMINE LIMITED,Technology
REALLY FLEXIBLE CARE LTD,Healthcare
REALM INVESTMENT HOUSE UK LTD,Finance
REALMPARK HEALTH CARE (PETWORTH) LIMITED,Healthcare
REALREDCLICK LTD,Technology
REALTIME TECH LTD,Technology
REALVNC LIMITED,Technology
REAMCARE LIMITED,Healthcare
REASK UK LIMITED,Engineering
REASON CARE LIMITED,Healthcare
REBANK TECHNOLOGIES LIMITED,Technology
REBOOT ONLINE MARKETING LTD,Technology
REBORN CLINIC LIMITED,Healthcare
REBOUND PHYSIOTHERAPY SERVICES LTD,Healthcare
RECHECK LTD,Engineering
RECIRCULATE SYSTEMS LIMITED,Technology
RECO MEDICAL LTD,Engineering
RECO TECHNOLOGIES PRIVATE LIMITED,Technology
RECOGNISE BANK LIMITED,Finance
RECORD PLC,Finance
RECOVER PHYSIOTHERAPY LTD,Healthcare
RECOVERY SUPPORT LIMITED,Healthcare
RECRAFT AI LIMITED,Technology
RECRO ENGINEERING LTD,Engineering
RECRUIT GENIE (EUROPE) LTD,Technology
RECRUITER INSIDER LIMITED,Technology
RECRUITING HUB INTERNATIONAL LTD,Technology
RECRUITMENT SMART TECHNOLOGIES LTD,Technology
RECTORY CARE LIMITED,Healthcare
RECURLY UK LIMITED,Technology
RECURSION LONDON LTD,Engineering
RED BADGER CONSULTING LIMITED,Technology
RED BALLOON EDUCATIONAL TRUST,Education
RED EYE INTERNATIONAL LIMITED,Technology
RED KITE BPM LTD,Technology
RED KITE LEARNING TRUST,Education
RED PANDA SOFTWARE LTD,Technology
RED PHYSIOTHERAPY LTD,Healthcare
RED RHINO CRUSHERS (UK) LIMITED,Engineering
RED RIBBON ASSET MANAGEMENT PLC,Finance
RED ROCKS NURSING HOME LTD,Healthcare
RED ROOFS MIDLANDS LIMITED,Healthcare
RED ROVER INTERACTIVE UK LIMITED,Technology
RED SCARF LIMITED,Technology
RED SMART APPLICATIONS LTD,Technology
RED TECHNOLOGY SOLUTIONS LIMITED,Technology
REDBIRD CAPITAL PARTNERS (UK) LIMITED,Finance
REDBORNE UPPER SCHOOL AND COMMUNITY COLLEGE,Education
REDBRAIN LIMITED,Technology
REDBRIDGE ASSOCIATES LIMITED,Healthcare
REDCOMPASS LIMITED,Technology
REDCROFT CARE HOMES LTD,Healthcare
REDD INTELLIGENCE LTD,Technology
REDEEMED CARE AGENCY LTD,Healthcare
REDEFYN DENTAL & AESTHETICS LTD,Healthcare
REDEMPTION HEALTHCARE AND TRAINING LIMITED,Healthcare
REDEV AI LTD,Technology
REDFORD EDUCATION INTERNATIONAL LTD,Education
REDHAT CAPITAL PLC,Finance
REDHILL ACADEMY TRUST,Education
REDHOLME MEMORY CARE LTD,Healthcare
REDINGTON LIMITED,Finance
REDIS EMEA LTD.,Technology
REDJACKET SPECIALIST CARE LTD,Healthcare
REDK CRM SOLUTIONS LIMITED,Technology
REDLEIF CARE LTD,Healthcare
REDOOR EDUCATION LTD,Education
REDRELIC SOFTWARE LIMITED,Technology
REDSECLABS LIMITED,Technology
REDSIFT LIMITED,Technology
REDSTONE INSURANCE BROKERS LTD,Finance
REDSTOR LIMITED,Technology
REDTITAN LIMITED,Technology
REDVERTEX LTD,Engineering
REDWING MARKETING UK LIMITED,Technology
REDWOOD FINANCIAL ASSOCIATES LIMITED,Finance
REDWOOD HEALTH CARE LIMITED,Healthcare
REDWOOD SOFTWARE UK LTD,Technology
REEDSFIELD CARE LTD,Healthcare
REEDSY LIMITED,Technology
REEF ENTERTAINMENT LIMITED,Technology
REEL (UK) LIMITED,Engineering
REES MACHINERY GROUP LIMITED,Engineering
REESET.EARTH LIMITED,Technology
REESON CARE HOMES LIMITED,Technology
REFINE ARCHITECTURE LTD,Engineering
REFLECT MEDIA LIMITED,Technology
REFLEX DATA SYSTEMS LIMITED,Technology
REFORM ARCHITECTS LIMITED,Engineering
REFRACT SOFTWARE LTD,Technology
REFRESHING CARE LIMITED,Healthcare
REFUAH CENTRE LTD,Healthcare
REFUGEE EDUCATION UK LTD,Education
REG (UK) LTD,Technology
REGAIN HEARING LTD,Healthcare
REGAL CARE SERVICES LIMITED,Healthcare
REGAL CARE TRADING LTD,Healthcare
REGAL HEALTH AND WELLBEING LTD,Healthcare
REGEDEN LIMITED,Healthcare
REGEDGE LIMITED,Technology
REGENERATE GLOBAL LIMITED,Technology
REGENERON UK LIMITED,Engineering
REGENESIS HEALTH TRAVEL LTD,Healthcare
REGENT EDUCATION SERVICES LIMITED,Education
REGENT HOUSING LIMITED,Healthcare
REGENT'S UNIVERSITY LONDON LIMITED,Education
REGENTS COMPUTER LIMITED,Technology
REGENTS PARK LIMITED,Healthcare
REGTECH CONSULTANCY SERVICES LTD,Technology
REGULATORY GENOME DEVELOPMENT LTD,Technology
REHABILITY UK COMMUNITY LTD,Healthcare
REHABILITY UK SUPPORT SERVICES LTD,Healthcare
REHMAN'S SHOP-FRONT LTD,Engineering
REHOBOTH HEALTH AND HOME CARE LIMITED,Healthcare
REIGATE GRAMMAR SCHOOL,Education
REIMAGINE ROBOTICS LIMITED,Engineering
REINCUBATE LIMITED,Technology
REINET ADVISORS (UK) LIMITED,Finance
REINSURANCE SOLUTIONS LONDON LTD,Finance
REJUVENATE COSMETICS AND AESTHETICS LTD,Education
REKA ADVENTURES LTD,Technology
RELATE CARE SOLUTIONS LTD,Healthcare
RELATION THERAPEUTICS LIMITED,Engineering
RELATIONAL UK LTD,Technology
RELATIONAL URBANISM LIMITED,Engineering
RELAX CARE LIMITED,Healthcare
RELCO SOFTWARE LTD,Technology
RELIABLE MEDICARE LIMITED,Healthcare
RELIABLE NETWORK TECHNOLOGIES LTD,Technology
RELIACARE LIMITED,Healthcare
RELIANCE CARE SERVICES LIMITED,Healthcare
RELIANCE UKBD LTD,Education
RELIANT ANGEL CARE LTD,Healthcare
RELIANT CARE LIMITED,Healthcare
RELIAQUEST UK LIMITED,Technology
RELIEF CHIROPRACTIC LIMITED,Healthcare
RELIFE PHYSIOTHERAPY UK LTD,Healthcare
RELIVE PHYSIOTHERAPY LIMITED,Healthcare
RELM INS UK LTD,Finance
REMAJ CARE RECRUITMENT SERVICES LIMITED,Healthcare
REMAKE CARE LTD,Healthcare
REMARK AI UK LIMITED,Technology
REMIT CHOICE LIMITED,Finance
"REMITLY U.K., LTD",Finance
REMOTE ASSET MANAGEMENT LIMITED,Technology
REMOTEPASS LTD,Technology
REN CARING LTD,Healthcare
REN-IT LIMITED,Technology
RENAIR ANTENNAE LIMITED,Engineering
RENAISSANCE CAPITAL LIMITED,Finance
RENAISSANCE INFOTECH LIMITED,Technology
RENAISSANCE LEARNING UK LIMITED,Technology
RENAISSANCE NURSERIES LEEDS LTD,Education
RENAISSANCE WEALTH MANAGEMENT (UK) LIMITED,Finance
RENAISSANCERE SYNDICATE MANAGEMENT LIMITED,Finance
RENARD LIMITED,Healthcare
RENDCOMB COLLEGE,Education
RENDEZVOUS SOLUTIONS LIMITED,Technology
RENEE HEALTHCARE SERVICES LTD,Healthcare
RENESAS DESIGN (UK) LIMITED,Engineering
RENEW ENERGY GLOBAL PLC,Finance
RENEW RISK LIMITED,Technology
RENEWABL LTD,Technology
RENFREWSHIRE CARERS CENTRE,Healthcare
RENKAP LTD,Technology
RENNIE GROVE PEACE HOSPICE CARE,Healthcare
RENOVO HOLLANDEN PARK LIMITED,Healthcare
RENOVO SOLUTIONS LIMITED,Engineering
RENOVOS BIOLOGICS LIMITED,Engineering
RENPHYS LIMITED,Healthcare
RENSAIR LIMITED,Engineering
RENTID LIMITED,Technology
RENTR LIMITED,Technology
REPAIR MY PHONE (OXFORD) LIMITED,Engineering
REPAIRITPRO LTD,Technology
REPLIMUNE LIMITED,Engineering
REPLY LIMITED,Technology
REPTON SCHOOL,Education
REPUBLIC SECURITY LTD,Technology
REQUESTY LTD,Technology
REQUIRED CONSULTING LIMITED,Technology
RES ENERGY SERVICES LIMITED,Engineering
RESEARCH DATA SCOTLAND,Healthcare
RESEARCH GRID LTD,Technology
RESEARCHGATE LIMITED,Technology
RESEARCHUT LIMITED,Technology
RESECT LIMITED,Engineering
RESI DESIGN LIMITED,Technology
RESICARE ALLIANCE LIMITED,Healthcare
RESICARE HOMES LIMITED,Healthcare
RESIDE SUPPORT LIMITED,Healthcare
RESIDENT ARCHITECTS LIMITED,Engineering
RESILINC UK LTD,Technology
RESILLION UK LIMITED,Technology
RESJES LTD,Healthcare
RESOLUTE MANAGEMENT LIMITED,Finance
RESOLUTION CARE LTD,Healthcare
RESOLVE (CARE NORTHERN) LIMITED,Healthcare
RESOLVE BIOENERGY LTD,Engineering
RESOLVE EDUCATION LTD,Education
RESONATE GROUP LIMITED,Technology
RESOURCE GURU LIMITED,Technology
RESOURCEWISE CONSULTANCY LTD,Technology
RESPECT CARE SERVICES LIMITED,Healthcare
RESPONSIBLE HOME CARERS LIMITED,Education
RESPONSIVE CARE GROUP LTD,Healthcare
RESTLESS DEVELOPMENT,Education
RESTORE7 LTD,Healthcare
RESTOREHAIRCLINICS LIMITED,Healthcare
RESTORING HEALTH LIMITED,Healthcare
RESU IT SOLUTIONS LTD,Technology
RESULTING LIMITED,Technology
RESULTS EDUCATION,Education
RESURGO TRUST,Education
RESURRECT BIO LTD,Engineering
RETAIL & FINANCIAL SERVICES LIMITED,Technology
RETAIL CAPITAL (UK) LTD,Finance
RETAILIGENCE LTD,Technology
RETAILSOLUTIONS AG (UK) LIMITED,Technology
RETALIA SOLUTIONS LTD,Technology
RETARUS (UK) LTD,Technology
RETFORD SENIOR CARE SERVICES LIMITED,Healthcare
RETHINK PRIORITIES UK LTD,Engineering
RETHINK REBUILD SOCIETY,Healthcare
RETHINKX (UK) LIMITED,Engineering
RETINA IT LTD,Technology
RETN LTD,Technology
RETO CARE LIMITED,Healthcare
RETOOL UK LIMITED,Technology
RETRO HEALTHCARE LIMITED,Healthcare
RETURNS OFFICE LTD,Technology
REV INFO SOLUTIONS LTD,Technology
REV ROOMS (SOUND) LTD,Technology
REVE CLOUD LTD,Technology
REVEAL AI LTD,Technology
REVELATION SOCIAL CARE LTD,Healthcare
REVENTUS POWER LIMITED,Finance
REVERI HEALTH LIMITED,Technology
REVERSEC UK LIMITED,Technology
REVIONICS LIMITED,Technology
REVITAL MED LTD,Healthcare
REVIVE CARE SERVICE LTD,Healthcare
REVIVE PHYSIO & WELLNESS LTD,Education
REVO MANAGEMENT LTD,Technology
REVOLUT LTD,Technology
REVOTECH SYSTEMS LIMITED,Finance
REVVITY DISCOVERY LIMITED,Engineering
REVX LIMITED,Technology
REVZONE SOLUTIONS LIMITED,Technology
REWARD FINANCE GROUP LIMITED,Finance
REWARD STAMP APP LTD,Technology
REWIRE HOLDING LTD,Technology
REX BROWN LIMITED,Technology
REX LABS LTD,Technology
REXTECH UK PRIVATE LIMITED,Technology
REYAN TECHNOLOGIES LTD,Technology
REZOLVE AI PLC,Finance
RF CORVAL EUROPE LIMITED,Finance
RFA (UK) LIMITED,Technology
RFM INVESTMENTS UK LIMITED,Finance
RG CARE HOMES LIMITED,Healthcare
RG2IT SOLUTIONS LIMITED,Technology
RGHARMONY CARE LIMITED,Healthcare
RGV AVIATION LIMITED,Engineering
RH COMMUNITY SERVICES LTD,Healthcare
RHC LIFTING LIMITED,Engineering
RHEINMETALL WEAPON MUNITIONS UK LIMITED,Engineering
RHEON LABS LTD,Engineering
RHINO RANK LTD,Technology
RHIWLAS CARE LTD,Healthcare
RHIZOME INSIGHTS LIMITED,Technology
RHOSYN CARE LTD,Healthcare
RHYTHMIC CARE UK LTD,Healthcare
RIB UK&I LIMITED,Technology
RIBBON TECHNOLOGIES LTD,Engineering
RIBBONFISH LIMITED,Technology
RICARDO-AEA LIMITED,Technology
RICHAN CARE (MIDLANDS) LIMITED,Healthcare
RICHAN CARE LIMITED,Healthcare
RICHARD ADAMS GROUP LTD,Technology
RICHARD BOOTHROYD & ASSOCIATES LIMITED,Engineering
RICHARD CHALLONER SCHOOL,Education
RICHARD HALE SCHOOL,Education
RICHARD TANT ASSOCIATES LIMITED,Engineering
RICHARD TRUSS LTD,Healthcare
RICHARDS PARTINGTON ARCHITECTS LIMITED,Engineering
RICHMOE LIMITED,Healthcare
RICHMOND GROUP MANAGEMENT SERVICES LIMITED,Technology
RICHMOND HILL ORTHODONTICS LIMITED,Healthcare
RICHMOND HILL PRACTICE LIMITED,Healthcare
RICHMOND RESIDENTIAL LODGE LTD,Healthcare
RICHMOND UPON THAMES CROSSROADS CARE,Healthcare
RICHTER ASSOCIATES (EXETER) LIMITED,Engineering
RICHTER CONSULTING LTD,Technology
RICK LIMITED,Healthcare
RICKMANSWORTH SCHOOL,Education
RICO HEALTHCARE (GRANGE) LIMITED,Healthcare
RICO HEALTHCARE LIMITED,Healthcare
RIDE THERAPEUTICS LIMITED,Engineering
RIDETO LIMITED,Technology
RIDGE CARE GROUP LTD,Healthcare
RIDGE CLEAN ENERGY LTD,Finance
RIDGE PARTNERS LTD,Finance
RIDGEVIEW HEALTHCARE LIMITED,Healthcare
RIDGEWAY EDUCATION TRUST,Education
RIDGEWAY LEARNING PARTNERSHIP,Education
RIDGEWAY RESIDENTIAL HOME LIMITED,Healthcare
RIDGWAY MACHINES LIMITED,Engineering
RIDIA LIMITED,Technology
RIEDEL COMMUNICATIONS LTD,Technology
RIG INSPECTION AND WELDING SERVICES LTD,Engineering
RIGETTI UK LIMITED,Technology
RIGGLOTEL LIMITED,Technology
RIGHT CARE SERVICES LTD,Healthcare
RIGHT CHOICE CARE LTD,Healthcare
RIGHT HOOK STUDIO LTD,Technology
RIGHT MEDICARE LIMITED,Healthcare
RIGHT REVENUE LIMITED,Technology
RIGHT THERE,Healthcare
RIGHT TRUST CARE LTD,Healthcare
RIGHTANGLED LIMITED,Engineering
RIGHTCHARGE LIMITED,Technology
RIGHTINDEM LIMITED,Technology
RIGHTNOW LTD,Technology
RIGHTROAD EDTECH LIMITED,Technology
RIGNET UK LIMITED,Technology
RIJYOS TECHNOVATIONS LTD,Technology
RIKA GROUP UK LTD,Technology
RIMBAL LTD,Technology
RIMES TECHNOLOGIES LIMITED,Technology
RIMO CAPITAL LTD,Technology
RIMOND AEC LTD,Finance
RINA TECH UK LIMITED,Engineering
RING RING DISTRIBUTION LIMITED,Technology
RINGCENTRAL UK LTD,Technology
RINGGO LIMITED,Technology
RINRI THERAPEUTICS LIMITED,Engineering
RIO ARCHITECTS LIMITED,Engineering
RIOMED LIMITED,Healthcare
RIPJAR LTD,Technology
RIPLO LIMITED,Technology
RIPPLE DENTAL LIMITED,Healthcare
RIPPLE MARKETS UK LTD,Technology
RIPPLE MIC LIMITED,Technology
RIPPLEFFECT GROUP LIMITED,Finance
RIPPLESOFT LIMITED,Technology
RIPPLING UK LIMITED,Finance
RISE & SHINE SERVICES LIMITED,Healthcare
RISE TO LIMITED,Technology
RISE UP PROJECTS LTD,Healthcare
RISEDALE ESTATES LIMITED,Healthcare
RISEUP HEALTHCARE LTD,Healthcare
RISHABH INFO SERVICES PVT LTD,Technology
RISHEENA LIMITED,Engineering
RISILIENCE LIMITED,Technology
RISING CARE SERVICES LTD,Healthcare
RISING TECHNOLOGIES UK LTD,Technology
RISING TIDE AI LTD,Technology
RISK CAPITAL ADVISORS LIMITED,Finance
RISK CONTROL LIMITED,Technology
RISK CREW LIMITED,Technology
RISK MANAGEMENT LIMITED,Engineering
RISK-ENTERPRISE LIMITED,Technology
RISKBRIDGE ASSOCIATES LTD,Finance
RISKCARE LIMITED,Technology
RISKENT TECHNOLOGIES LIMITED,Technology
RISKPOINT SOLUTIONS LIMITED,Finance
RISKPOYNT LTD,Technology
RISKSTOP CONSULTING LIMITED,Finance
RISKXCHANGE LIMITED,Technology
RITAGREEN HEALTHCARE SERVICES LTD,Finance
RITE DEALS MARKETING LTD,Technology
RITHM CAPITAL LTD,Finance
RITHRISH LTD,Finance
RITHUM CA UK LIMITED,Technology
RITZI CARE HOMES LTD,Healthcare
RIV UK ENGINEERING LIMITED,Engineering
RIVAGE INVESTMENT (UK PARENT) LIMITED,Finance
RIVAL TECHNOLOGIES LTD,Technology
RIVENDALE CARE LIMITED,Healthcare
RIVER GROUP CONTENT LIMITED,Technology
RIVER LEARNING TRUST,Education
RIVER OF CARE LTD,Healthcare
RIVER STONE (UK) LIMITED,Healthcare
RIVERA TRADING LTD,Technology
RIVERBED TECHNOLOGY LIMITED,Technology
RIVERDALE TRADECO LIMITED,Healthcare
RIVERFORT GLOBAL CAPITAL LTD,Finance
RIVERLANE LTD,Technology
RIVERS MULTI ACADEMY TRUST,Education
RIVERS TECHNOLOGY CONSULTING LTD,Technology
RIVERSIDE CARE HOME LIMITED,Healthcare
RIVERSIDE DENTAL CENTRE LIMITED,Healthcare
RIVERSTONE MANAGEMENT LIMITED,Finance
RIYATECH LIMITED,Technology
RIZ & RIM SOLUTIONS LIMITED,Technology
RIZ REMIT LIMITED,Finance
RIZING LIMITED,Technology
RIZZOLI INTERNATIONAL PUBLICATIONS UK LIMITED,Technology
RJ SOFTWARE SOLUTIONS LTD,Technology
RJ TRAINING SOLUTION LIMITED,Education
RJHARCHITECTURE LTD,Engineering
RJN DAYCARE LIMITED,Healthcare
RJY LIMITED,Technology
RK IT SERVICES LTD,Technology
RKFX LIMITED,Education
RKRP LTD,Healthcare
RKSOFT SOLUTIONS LTD,Technology
RKV CONSULTANTS LTD,Engineering
RLC (UK) LIMITED,Engineering
RLE FUTUREMOTIV LIMITED,Engineering
RM ARCHITECTS LIMITED,Engineering
RM CAPITAL MARKETS LIMITED,Finance
RM DUNGANNON LTD,Engineering
RM EDUCATION LTD,Technology
RM TESTING CONSULTANTS LIMITED,Technology
RMG NETWORKS LIMITED,Technology
RMSG MEP SERVICE UK LTD,Engineering
RMSI LIMITED,Technology
RNHS LIMITED,Healthcare
RNJ HOMECARE LIMITED,Healthcare
RNS EDUCATION LIMITED,Education
RO ENGINEERIA LTD,Engineering
ROADMETRICS LTD,Technology
ROADZEN HOLDINGS (UK) LIMITED,Technology
ROAR DIGITAL LIMITED,Technology
ROBECO INSTITUTIONAL ASSET MANAGEMENT UK LIMITED,Finance
ROBERT FRITH OPTOMETRISTS (YEOVIL) LIMITED,Healthcare
ROBERT MAY'S SCHOOL,Education
ROBERT QUINN CONSULTING LTD,Finance
ROBERTS CARE & TRAINING LIMITED,Healthcare
ROBIN MANCO LIMITED,Finance
ROBIT GB LTD,Engineering
ROBLOX UK LIMITED,Technology
ROBOCODEUK LIMITED,Finance
ROBOMAN LTD,Technology
ROBOSOFT TECHNOLOGIES UK LIMITED,Technology
ROBOSOL SOFTWARE UK LIMITED,Technology
ROBOTIZ3D TECHNOLOGY LTD,Engineering
ROBOYO (UK TRADING) LIMITED,Technology
ROC CLINICS UK LTD,Healthcare
ROC INTERNATIONAL LIMITED,Finance
ROCHCARE (UK) LTD,Healthcare
ROCHCARE LTD,Healthcare
ROCHECARE HOMES LTD,Healthcare
ROCK LENNOX LTD,Healthcare
ROCK OF AGES CARE LIMITED,Healthcare
ROCK SOLID KNOWLEDGE LTD,Technology
ROCKEFELLER ASSET MANAGEMENT INTERNATIONAL LTD,Finance
ROCKET FLAIR STUDIOS LTD,Technology
ROCKET LAWYER UK LIMITED,Technology
ROCKET SAAS LTD,Technology
ROCKET SOFTWARE UK LIMITED,Technology
ROCKET SYSTEMS LIMITED,Technology
ROCKETROUTE LIMITED,Technology
ROCKFORT ENGINEERING LIMITED,Engineering
ROCKLAND GREYS LIMITED,Healthcare
ROCKLEY DENE HOMES LIMITED,Healthcare
ROCKLEY PHOTONICS LIMITED,Engineering
ROCKSTAR GAMES UK LIMITED,Technology
ROCKSTEADY STUDIOS LIMITED,Technology
ROCKVALE INTERNATIONAL LIMITED,Technology
ROCO9 LTD,Engineering
RODENVINE (NOTTINGHAM) LIMITED,Healthcare
RODERICKS DENTAL PARTNERS LIMITED,Healthcare
RODIN MOTORSPORT LIMITED,Engineering
ROEHAMPTON UNIVERSITY,Education
ROEL LIMITED,Engineering
ROFEMARON HEALTHCARE LTD,Healthcare
ROGER WONG LTD,Healthcare
ROHMA CONSULTANCY LTD,Healthcare
ROI E-SOLUTIONS LTD,Technology
ROKA DESIGN LTD,Engineering
ROKKA IT CONSULTANCY LTD,Technology
ROKY CARE LTD,Healthcare
ROLAN CONSULTANCY LTD,Technology
ROLAND RESIDENTIAL CARE HOMES LIMITED,Healthcare
ROLLS-ROYCE PLC,Engineering
ROLLS-ROYCE SMR LIMITED,Engineering
ROLTA UK LIMITED,Technology
ROMBALD GROUP LTD,Technology
RONGHAN INTERNATIONAL LIMITED,Finance
RONLY LIMITED,Finance
RONTI CARE SOLUTIONS LTD,Healthcare
ROODLANE MEDICAL LIMITED,Healthcare
ROOF UK SERVICES LIMITED,Finance
ROOF-MAKER LTD,Engineering
ROOM TO READ UK LIMITED,Education
ROOMNETTV LTD,Technology
ROOSTER TECHNOLOGY LTD,Technology
ROOTED HEALTH AND SOCIAL CARE LTD,Healthcare
ROOTFLOE LTD,Technology
ROOTSTACK LTD,Technology
ROPE ACCESS TRADE SOLUTIONS LTD,Engineering
ROQ LIMITED,Technology
ROS AND MOS HOUSE SUPPORT LTD,Healthcare
ROSALEIGH LTD,Technology
ROSCLARE RESIDENTIAL HOME LIMITED,Healthcare
ROSE CARE SERVICES LIMITED,Healthcare
ROSE GOLD HEALTH FULWOOD LIMITED,Healthcare
ROSE HEALTHCARE SERVICES LTD LTD,Healthcare
ROSE MOUNT SUPPORTED LIVING LTD,Healthcare
ROSE NI LTD,Healthcare
ROSE OF YORK LIMITED,Education
ROSE PETALS HEALTH CARE LTD,Healthcare
ROSEBUDS SUPPORTED LIVING LIMITED,Healthcare
ROSEDAN LOMO LIMITED,Healthcare
ROSEHILL (UK) LIMITED,Healthcare
ROSEHILL PHARMACY LTD,Healthcare
ROSELEA CARE HOMES LIMITED,Healthcare
ROSELIGHT SERVICES LIMITED,Healthcare
ROSEMARY WORKS EAST LIMITED,Education
ROSEMIL CARE LIMITED,Healthcare
ROSEMONT CARE (MEDWAY) LIMITED,Healthcare
ROSENXT UK LTD,Engineering
ROSEVILLA CARE HOME STAFFORD LIMITED,Healthcare
ROSEWOOD & BROOK HOUSE LTD,Healthcare
ROSHANA GLOBAL LIMITED,Finance
ROSLIN CELL THERAPIES LIMITED,Engineering
ROSLIN DENTAL PRACTICE LIMITED,Healthcare
ROSLIN TECHNOLOGIES LIMITED,Engineering
ROSMEAD HEALTHCARE LTD,Healthcare
ROSS COMPANIES LIMITED,Engineering
ROSSPALM LIMITED,Technology
ROSSYCARE LTD,Healthcare
ROSTER HOME CARE LTD,Healthcare
ROSTERFY LTD,Technology
ROTHERWOOD HEALTHCARE (COLWALL) LIMITED,Healthcare
ROTHERWOOD HEALTHCARE (HAMPTON GRANGE) LIMITED,Healthcare
ROTHERWOOD HEALTHCARE (LYNHALES HALL) LIMITED,Healthcare
ROTHERWOOD HEALTHCARE (RODEN HALL) LTD,Healthcare
ROTHERWOOD HEALTHCARE (ST GEORGES PARK) LIMITED,Healthcare
ROTHESAY PENSIONS MANAGEMENT LIMITED,Finance
ROTHSCHILD & CO WEALTH MANAGEMENT UK LIMITED,Finance
ROTHSCHILD DIAMONDS LIMITED,Finance
ROUGHAN AND O'DONOVAN UK LIMITED,Engineering
ROUND BANK ENGINEERING LTD,Engineering
ROUND FINANCIAL LIMITED,Finance
ROUSE INTERNATIONAL LIMITED,Finance
ROUTE TO TRANSITION,Healthcare
ROUTE-LED GROUP LIMITED,Education
ROVER DIGITAL LTD,Technology
ROVER ENGINEERING LIMITED,Technology
ROVIOX LIMITED,Technology
ROVISYS UK PRIVATE LIMITED,Engineering
ROWAN ALBA LTD.,Healthcare
ROWANCROWN LIMITED,Healthcare
ROWLES HOUSE LIMITED,Healthcare
ROXFIT LIMITED,Technology
ROXIE NAFOUSI LTD,Education
ROXINFORD EDUCATION GROUP LTD,Education
ROXY CARE GROUP LTD,Healthcare
ROYAL AGRICULTURAL UNIVERSITY,Education
ROYAL CONSERVATOIRE OF SCOTLAND,Education
ROYAL GRAMMAR SCHOOL GUILDFORD,Education
ROYAL GRAMMAR SCHOOL HIGH WYCOMBE,Education
ROYAL IHC LIMITED,Engineering
ROYAL MENCAP SOCIETY,Healthcare
ROYAL SOCIETY OF TROPICAL MEDICINE AND HYGIENE,Education
ROYAL TRINITY HOSPICE,Healthcare
ROYAL TUNBRIDGE TRADING LTD,Engineering
ROYAL WHARF AESTHETICS & ACADEMY LTD,Education
ROYAL YACHTING ASSOCIATION,Education
ROYALA CARE LTD,Healthcare
ROYALE PERSONNEL LTD,Education
ROYC LTD,Finance
ROYLE CARE LIMITED,Healthcare
ROZ BARR ARCHITECTS LTD,Engineering
ROZE INT (PVT) LTD,Finance
ROZEY DAYS MONTESSORI LTD,Education
RP PARTNERS LIMITED,Finance
RPLUS ANALYTICS SOLUTIONS LIMITED,Technology
RPM EUROPE UK LIMITED,Finance
RPS HEALTHCARE LTD,Healthcare
RQ BIOTECHNOLOGY LIMITED,Engineering
RRJ CARE LTD,Healthcare
RRT (UK) LIMITED,Engineering
RS CONSULTANCY SERVICES LTD,Technology
RS EDUCATION LIMITED,Education
RS ENGINEERING & TECHNOLOGY LIMITED,Engineering
RS INFORMATICS LIMITED,Technology
RSA SECURITY UK LTD,Technology
RSA STRUCTURAL DESIGN LTD,Engineering
RSA SURGICAL CENTRE LIMITED,Healthcare
RSBT LIMITED,Finance
RSMB LIMITED,Technology
RSP BUSINESS LIMITED,Technology
RSV SOLUTIONS LTD,Technology
RSW HEALTHCARE SERVICES LTD,Healthcare
RT-CARE SOLUTION LIMITED,Healthcare
RTB TECHNOLOGIES UK LIMITED,Technology
RTP GLOBAL UK LTD,Finance
RTW GLOBAL INVESTMENTS LTD.,Finance
RTW SURGERIES LTD,Healthcare
RU CAREER LTD,Education
RUANMAI THAI MASSAGE LTD,Healthcare
RUBI LIVING LTD,Healthcare
RUBIC SECURE LTD,Technology
RUBICON CHILDREN & FAMILY SERVICES LIMITED,Healthcare
RUBIES LIMITED,Healthcare
RUBIKAS UK LIMITED,Technology
RUBRIK UK LIMITED,Technology
RUBY CARE SOLUTIONS LTD,Healthcare
RUBY LABS LTD,Technology
RUBY ROAD LIMITED,Finance
RUCKUS WIRELESS UK LIMITED,Technology
RUDIUS MANAGEMENT (UK) LIMITED,Finance
RUDRA INNOVATIONS LIMITED,Technology
RUDRA TECH-UK LTD,Technology
RUDRAUNSH LIMITED,Technology
RUGBY HEALTH LIMITED,Healthcare
RUHRPUMPEN UK LTD,Engineering
RUISLIP CARE HOME LIMITED,Healthcare
RULA HOMECARE LIMITED,Healthcare
RULE FINANCE LIMITED,Technology
RUMAX LIMITED,Healthcare
RUMMAN CARE LTD,Healthcare
RUMPALA LTD,Technology
RUNDELL ASSOCIATES LTD,Engineering
RUNTECH GROUP LIMITED,Technology
RUNWARE LTD,Technology
RUPAAL CARE & TRAINING LTD,Education
RUPTURA SOLUTIONS LIMITED,Technology
RURAL CARE LIMITED,Healthcare
RUSEV CARE LIMITED,Healthcare
RUSHCLIFFE CARE LIMITED,Healthcare
RUSHMORE CONSULTANCY SERVICES LTD,Education
RUSHTON ELECTRONICS LTD,Engineering
RUSKIN MILL TRUST LIMITED,Education
RUSSBRIDGE ACADEMY LTD,Education
RUSSELL COURT CARE HOME LTD,Healthcare
RUTGERS UK,Education
RUTHIN EDUCATION LIMITED,Education
RUTJAY LIMITED,Technology
RUTLAND MANOR LIMITED,Healthcare
RUTTERKEY SOLUTIONS LTD,Technology
RWC PARTNERS LIMITED,Finance
RWDI ANEMOS LIMITED,Engineering
RWG (REPAIR & OVERHAULS) LIMITED,Engineering
RXCELERATE LIMITED,Engineering
RXLOGIX CORPORATION LIMITED,Technology
RY SOLUTIONS LTD,Technology
RYAN INFOTECH LIMITED,Technology
RYAN SOLUTIONS & MANAGEMENT SERVICES LTD,Technology
RYAN SPECIALTY INTERNATIONAL LIMITED,Finance
RYDE HOUSE HOMES LTD,Healthcare
RYDER ARCHITECTURE LIMITED,Engineering
RYEHILL COUNTRY LODGE LIMITED,Healthcare
RYMACARE LIMITED,Healthcare
S & S HEALTHCARE LIMITED,Healthcare
S A GROUP SERVICES LTD,Finance
S A RAHMAN CONSULTING LTD,Technology
S DYNAMICS LTD,Technology
S J PITTMAN LIMITED,Healthcare
S M F LIMITED,Engineering
S P JAIN LONDON SCHOOL OF MANAGEMENT LIMITED,Education
S SQUARED INSIGHTS LIMITED,Technology
S UROOJ LTD,Healthcare
S V CARE LIMITED,Healthcare
S&A CARE SERVICES LTD,Healthcare
S&L IT PVT LTD,Technology
S&M FINANCIAL PLANNING LTD,Finance
S&M LONDON LTD,Education
S&P CARE SERVICES LTD,Healthcare
S&P GLOBAL LIMITED,Technology
S&P GLOBAL UK LIMITED,Technology
S&S ACCOUNTANT LTD,Finance
S&S ICT NETWORKS LIMITED,Technology
S. H. MUFFETT LIMITED,Engineering
S.A.I INFINITY CARE LTD,Healthcare
S.C.S. HOTLINE LIMITED,Healthcare
S.I.M CONSULTING LTD,Technology
S.K CATERING EQUIPMENT'S LTD,Engineering
S.K WINDOWS & DOORS LTD,Engineering
S.M.B.R.A LIMITED,Healthcare
S.S.I MEDICARE LIMITED,Healthcare
S.W.I.F.T. UK AND IRELAND LIMITED,Technology
S2 NERO SERVICES LTD,Technology
S2P SERVICES LIMITED,Technology
S3 CARE LTD,Healthcare
S3 DENTAL HAYWARDS HEATH LIMITED,Healthcare
S3 GLOBAL CONSULTANTS LTD,Technology
S3A GROUP LTD,Healthcare
S3M TECHNOLOGY PVT LIMITED,Technology
S4 CARE LTD,Healthcare
S4S (UK) LIMITED,Healthcare
S4S LONDON LTD,Healthcare
S6 CARE LTD,Healthcare
SA & JO CARE LIMITED,Healthcare
SA RESOURCING LTD,Technology
SA&SAFI LIMITED,Technology
SAA CONSULTANCY LIMITED,Technology
SAAB PROFESSIONAL LTD,Healthcare
SAAGE LABS LIMITED,Technology
SAANCHI SOLUTIONS LIMITED,Technology
SAANS DENTAL LIMITED,Healthcare
SAASAM UK LIMITED,Technology
SABA CAPITAL MANAGEMENT (UK) LIMITED,Finance
SABAYJAI (SURBITON) LIMITED,Healthcare
SABBADIN CORTI LIMITED,Engineering
SABE TECHNOLOGY LIMITED,Engineering
SABHAL MOR OSTAIG,Education
SABIN CARE LTD,Healthcare
SABIO LTD,Technology
SABIO SP LIMITED,Technology
SABITHA SYSTEMS LIMITED,Technology
SABRE INSURANCE COMPANY LIMITED,Finance
SACHA ENGINEERING LTD,Engineering
SACRED HEART HIGH SCHOOL HAMMERSMITH,Education
SADA SYSTEMS UK LIMITED,Technology
SADIQIYYAH EDUCATION LTD,Education
SADITA (UK) LIMITED,Finance
SAENTYS COMMUNICATION LIMITED,Technology
SAENTYS UK LIMITED,Technology
SAFA ERP CONSULTING LTD,Technology
SAFAR SERVICES LTD,Technology
SAFARI GENERAL TRADING LIMITED,Finance
SAFARI UK BIDCO LIMITED,Finance
SAFE COLD LTD,Engineering
SAFE DWELLINGS LTD,Healthcare
SAFE HANDS PROFESSIONAL CARE LIMITED,Healthcare
SAFE HAVEN ACCOMMODATION LTD,Healthcare
SAFE HEAVEN LTD,Healthcare
SAFE HOSPITALITY LTD,Finance
SAFE INTELLIGENCE LIMITED,Technology
SAFE SANCTUARY LIVING LTD,Healthcare
SAFEGUARD WORLD INTERNATIONAL LIMITED,Finance
SAFEHANDS LIVE IN CARE LTD,Healthcare
SAFEHARBOUR WEST MIDLANDS LIMITED,Healthcare
SAFEHINGE PRIMERA LIMITED,Engineering
SAFENAMES LTD,Technology
SAFERWORLD,Technology
SAFETOFL LTD,Engineering
SAFETY CONCERN LONDON LTD,Education
SAFETY FABRICATIONS LIMITED,Engineering
SAFFRONLAND HOMES 2 LIMITED,Healthcare
SAFFRONLAND HOMES 3 LIMITED,Healthcare
SAFION CARE LTD,Healthcare
SAFR SPACE LIMITED,Technology
SAGA TECHNOLOGY LIMITED,Technology
SAGACITY SOLUTIONS LTD,Technology
SAGE CARE HOMES (HAZELDENE) LIMITED,Healthcare
SAGE CARE HOMES (JANSONDEAN) LIMITED,Healthcare
SAGE CARE HOMES (WILLOWBANK) LIMITED,Healthcare
SAGE DENTAL COLLEGE LIMITED,Healthcare
SAH DIAGNOSTICS LTD,Healthcare
SAHA IT SOLUTIONS LIMITED,Technology
SAHAJ SOFTWARE SOLUTIONS UK LIMITED,Technology
SAHAN PRESCHOOL DAY NURSERY LIMITED,Healthcare
SAHAR CONSULTING PVT LTD,Technology
SAHARA CARE LIMITED,Healthcare
SAHARA STUDENT SERVICES LIMITED,Education
SAHIL PROJECT,Healthcare
SAHO FINANCIAL SERVICES LTD,Finance
SAHOO CONSULTING LTD,Technology
SAI ACADEMY LIMITED,Technology
SAI ALUPACK LTD,Engineering
SAI AVENUE LIMITED,Technology
SAI CHILDREN CENTRE LTD,Healthcare
SAI GROUP LIMITED,Technology
SAI HARA LIMITED,Technology
SAI OM LIMITED,Healthcare
SAI SERVICES LIMITED,Technology
SAI SREE CONSULTING LIMITED,Technology
SAI SRIKAR TECHNOLOGIES LIMITED,Technology
SAI SUBHA LIMITED,Technology
SAI TECHNOLOGY SOLUTIONS LTD,Technology
SAILWEALTH LIMITED,Finance
SAINT AIMS CARE AND SUPPORT LTD,Healthcare
SAINT ANDREWS LIMITED,Healthcare
SAINT ANNS SHEET METAL COMPANY LIMITED,Engineering
SAINT CATHERINE'S CARE LTD,Healthcare
SAINT JOHN OF GOD HOSPITALLER SERVICES,Healthcare
SAINT JOHN SOUTHWORTH CATHOLIC ACADEMY TRUST,Education
SAISERV LTD,Technology
SAITH LIMITED,Engineering
SAITPOINT LIMITED,Technology
SAIVAN CARE SERVICES LIMITED,Finance
SAKETA LIMITED,Technology
SAKI SOFT LIMITED,Technology
SAKINAS HEALTHCARE LIMITED,Healthcare
SAKSOFT SOLUTIONS LIMITED,Technology
SALAD CORPORATION LTD,Finance
SALARY FINANCE LIMITED,Finance
SALEM COMMUNITY SERVICES LTD,Healthcare
SALEOSTECH LIMITED,Technology
SALESDESK LIMITED,Technology
SALESFORCE UK LIMITED,Technology
SALESIAN COLLEGE FARNBOROUGH LIMITED,Education
SALESROOM UK LTD,Technology
SALFORD HOUSE LIMITED,Healthcare
SALFORD TRAINING ACADEMY LTD,Education
SALIBO LTD,Technology
SALIENCE LABS LTD,Engineering
SALIENT TECH SOLUTIONS LTD,Technology
SALISBURY AND ROMSEY CARE LTD,Healthcare
SALISBURY CHRISTIAN CARE HOMES (FAIRFAX HOUSE) LIMITED,Healthcare
SALISBURY CHRISTIAN CARE HOMES (INWOOD HOUSE) LIMITED,Healthcare
SALIX STAINLESS STEEL FABRICATIONS LIMITED,Engineering
SALMO VISA LIMITED,Technology
SALMON IN LIMITED,Technology
SALORIA ARCHITECTS LTD,Engineering
SALSIFY GLOBAL UK LIMITED,Technology
SALT LAKE LIMITED,Healthcare
SALTIRE DENTAL PRACTICE LIMITED,Healthcare
SALUS CARE LTD,Healthcare
SALUS CARE WALES LTD,Healthcare
SALUS MEDICAL SERVICES LIMITED,Healthcare
SALUS TECHNICAL LIMITED,Technology
SALUTEM LD TOPCO LIMITED,Healthcare
SALVATORIAN COLLEGE,Education
SALVERO HEALTHCARE LIMITED,Healthcare
SALYX CARE LIMITED,Healthcare
SAM COMPUTER SOLUTIONS LIMITED,Technology
SAM INFOTECH LTD,Technology
SAM STOP LIMITED,Education
SAM UK SOFTWARE CONSULTANCY LTD,Technology
SAM2SAM DEAF CARE SERVICE LTD,Healthcare
SAMA CARE LTD,Healthcare
SAMA CENTRE LTD,Healthcare
SAMAD OVERSEAS SERVICE LTD,Finance
SAMAIRANSH LIMITED,Technology
SAMARITAN'S PURSE INTERNATIONAL LIMITED,Healthcare
SAMARKAND GLOBAL LIMITED,Technology
SAMARY CARE LIMITED,Healthcare
SAMAYA AI UK LIMITED,Technology
SAMBA TV UK LIMITED,Technology
SAMDEBS AMAZING GRACE KIDS LIMITED,Healthcare
SAME WAYS CARE LIMITED,Healthcare
SAMEE BRITISH HAIR CLINIC LTD,Healthcare
SAMENA CAPITAL LIMITED,Finance
SAMILY CARE LTD,Healthcare
SAMKIT INFOSYSTEMS LTD,Technology
SAMONA LIMITED,Technology
SAMOTICS LTD,Engineering
SAMPHIRE STAR EDUCATION TRUST,Education
SAMPLE DIGITAL LAB LTD,Technology
SAMPRAVES TECHNOLOGY SOLUTIONS LTD,Technology
SAMPSU IT SOLUTIONS LTD,Technology
SAMROH IT LIMITED,Technology
SAMS GLOBAL SOLUTIONS LTD,Technology
SAMS GROUP LTD,Healthcare
SAMS HELPING HANDS LTD,Healthcare
SAMSARA NETWORKS LIMITED,Technology
SAMSON CONTROLS LTD,Engineering
SAMSON ORE COURSES LIMITED,Education
SAMSON ROCK CAPITAL SERVICES UK LIMITED,Finance
SAMSUNG CAMBRIDGE SOLUTION CENTRE LIMITED,Technology
SAMSUNG SECURITIES (EUROPE) LIMITED,Finance
SAMTEC IT SOLUTIONS LTD,Technology
SAMUEL LEEDS LIMITED,Education
SAMVEDYA TECHNOLOGIES LIMITED,Technology
SAMZ AUTOMATIC DRIVING SCHOOL EDINBURGH LTD,Education
SAMZ BEAUTY LTD,Healthcare
SAN 24 IT CONSULTANCY LTD,Technology
SAN DAMIANO CORPORATION (LONDON) LTD,Healthcare
SAN INFOSYSTEMS LTD,Technology
SAN IT CONSULTANCY LTD,Technology
SAN JOHN LTD,Technology
SANA LABS LTD,Technology
SANAI ENTERPRISES LIMITED,Technology
SANAI FITNESS4U LIMITED,Healthcare
SANARIA TECHNOLOGIES LIMITED,Technology
SAND RIVER HOLDINGS LIMITED,Finance
SAND TECH AI (UK) LTD,Technology
SANDANT CARE LIMITED,Healthcare
SANDBACH SCHOOL,Education
SANDGLASS CAPITAL ADVISORS (UK) LIMITED,Finance
SANDHATA TECHNOLOGIES LIMITED,Technology
SANDS CIVIL ENGINEERING CONSULTANCY LIMITED,Engineering
SANDSTONE CARE NORTH WEST LIMITED,Healthcare
SANDSTORM FILMS LTD,Technology
SANDTON CAPITAL PARTNERS (EUROPE) LIMITED,Finance
SANDTON HEALTHCARE LIMITED,Healthcare
SANDWELL CARE SERVICES LIMITED,Healthcare
SANDWICH TECHNOLOGY SCHOOL,Education
SANGERWAL MONEY TRANSFER SERVICES LTD,Finance
SANIJAH TECHS LTD,Technology
SANITY UK INC LTD,Technology
SANIUS HEALTH LTD,Technology
SANLAM INVESTMENTS UK LIMITED,Finance
SANLAX SOLUTIONS LTD,Technology
SANNE LABS LIMITED,Technology
SANO PHYSIOTHERAPY LTD,Healthcare
SANOTIO LTD,Healthcare
SANRAJ LIMITED,Healthcare
SANRIZZ ACADEMY LIMITED,Education
SANS SOUCIE HOME CARE LTD,Healthcare
SANSS CONSULTING LIMITED,Technology
SANSYS TECHNOLOGIES LIMITED,Technology
SANTANDER ASSET MANAGEMENT UK LIMITED,Finance
SANTANDER UK PLC,Finance
SANVI NAYAM LIMITED,Technology
SANY HEAVY MACHINERY (UK) LTD,Engineering
SAP FIONEER UK LTD.,Technology
SAP TECHNO CONSULTANTS LTD,Technology
SAPERE SOFTWARE LIMITED,Technology
SAPHIRE ASTER LIMITED,Technology
SAPI GROUP LIMITED,Technology
SAPIEN CAPITAL LIMITED,Finance
SAPIENCE LTD,Technology
SAPIENS (UK) LIMITED,Technology
SAPIENT LIMITED,Technology
SAPIENTIA EDUCATION TRUST,Education
SAPINFO LTD,Technology
SAPIO SCIENCES UK LIMITED,Finance
SAPPHIRE HOMECARE YORKSHIRE LTD,Healthcare
SAPRME CONSULTANCY LTD,Technology
SARA CONSULTANTS LIMITED,Technology
SARACENS MULTI-ACADEMY TRUST,Education
SARANAC PARTNERS LIMITED,Finance
SARAS CARE SERVICE LTD,Healthcare
SARAYUTECH LIMITED,Technology
SARB FINANCE LIMITED,Finance
SARI JEHAN LTD,Technology
SARKIS LIMITED,Finance
SARTORIUS STEDIM CHROMATOGRAPHY SYSTEMS LTD,Engineering
SARYAN CARE LIMITED,Healthcare
SAS INFO TECH LTD,Technology
SAS SOFTWARE LIMITED,Technology
SASA HOMES LIMITED,Healthcare
SATAGO FINANCIAL SOLUTIONS LIMITED,Technology
SATCAP SURVEYS LTD,Engineering
SATFOCUS LTD,Technology
SATHI CARE LTD,Healthcare
SATHYA SAI SERVICES LIMITED,Technology
SATRAKA LTD,Engineering
SATSENSE LIMITED,Engineering
SATURN F-1 PVT LTD,Technology
SATURN FINTECH LIMITED,Technology
SATURN HEALTHCARE LTD,Healthcare
SATURN MEDIA SYSTEMS LTD,Technology
SATVA SOFTECH LTD,Technology
SATYA INFOTECH LIMITED,Technology
SAUE LIMITED,Technology
SAUL TRUSTEE COMPANY,Finance
SAUNDERS BOSTON LIMITED,Engineering
SAVA TECHNOLOGY LIMITED,Technology
SAVANNAH LODGE LIMITED,Healthcare
SAVE MY EXAMS LIMITED,Education
SAVE THE CHILDREN INTERNATIONAL,Healthcare
SAVITRI LIMITED,Technology
SAVIYNT EUROPE LTD,Technology
SAWA HOSPITALITY LIMITED,Finance
SAWAS GROUP LTD,Engineering
SAWBRIDGE PRIMECARE LTD,Healthcare
SAXO CAPITAL MARKETS UK LTD,Finance
SAXON ACADEMY OF LEARNING LIMITED,Education
SAXON HEALTHCARE LTD,Healthcare
SAYED GLOBAL LTD,Technology
SAYERS ENGINEERING LTD,Engineering
SAYLAAB GROUP YK HEALTH CARE LIMITED,Healthcare
SB CONSULTATION SERVICES LTD,Technology
SB INVESTMENT ADVISERS (UK) LIMITED,Finance
"SB TECH UK, LTD",Technology
SB TELECOM EUROPE LTD.,Technology
SBI INTERNATIONAL LIMITED,Finance
SBK (BIRMINGHAM) LTD,Finance
SBR TECHNOLOGIES INC LIMITED,Technology
SBS LINK LTD,Technology
SBS WARP LTD,Technology
SBYTE LTD,Technology
SC DENTAL STUDIO LTD,Healthcare
SC EUROPE LIMITED,Finance
SC GALAXY CARE LTD,Healthcare
SC INSIGHTS INTERNATIONAL LTD,Technology
SC TECHNOLOGY LIMITED,Technology
SCAFFOLD DIGITAL LTD,Technology
SCAHH LTD,Technology
SCALABLE CAPITAL LIMITED,Finance
SCALE AI LIMITED,Engineering
SCALE CAPITAL LIMITED,Finance
SCALES OPS LTD,Technology
SCALEUP STREET LIMITED,Technology
SCALIAN UK LIMITED,Technology
SCALITY LIMITED,Technology
SCANCELL LIMITED,Engineering
SCANDIT LTD,Technology
SCANQUO LTD,Technology
SCARLET GLOBAL HOLDINGS LTD,Technology
SCB GLOBAL LTD,Technology
SCGB LIMITED,Finance
SCH STUDIO LTD,Technology
SCHEMESERVE LIMITED,Technology
SCHMART LIMITED,Technology
SCHOEN CLINIC LONDON LTD,Healthcare
SCHOLAR FINANCIAL SERVICES LTD,Finance
SCHOOL CHANNEL LTD,Education
SCHOOL FOR CEOS LTD,Education
SCHOOL OF BUSINESS AND MANAGEMENT LTD,Education
SCHOOL OF BUSINESS AND TECHNOLOGY LONDON LIMITED,Education
SCHOOL OF CODING LIMITED,Technology
SCHOOL-HOME SUPPORT SERVICE (UK),Education
SCHOOLA LIMITED,Technology
SCHREIBER CARE UK LTD,Healthcare
SCHRODER INVESTMENT MANAGEMENT LIMITED,Finance
SCHUMANN INTERNATIONAL SERVICES LIMITED,Technology
SCHWARZTHAL TECH LTD,Technology
SCHWING STETTER (UK) LTD,Engineering
SCI-NET LIMITED,Technology
SCIENCE MACHINE LTD,Technology
SCIENCE MEDIA CENTRE,Technology
SCIENTIFIC EDUCATION SUPPORT (SES) LTD,Engineering
SCIFORMA UK LTD,Technology
SCINDO LTD,Engineering
SCISSERO LAW LTD,Technology
SCISSERO LTD,Technology
SCITECH ENGINEERING LTD,Engineering
SCOPE CARE SERVICES LTD,Healthcare
SCOPELY UK LIMITED,Technology
SCOPEWORKER LIMITED,Technology
SCOPUS ASBESTOS COMPLIANCE LTD,Engineering
SCORCHSOFT LTD,Technology
SCORPIUS DIGISOFT PRIVATE LIMITED,Technology
SCORTON CARE LTD,Healthcare
SCORUS SOLUTIONS LIMITED,Technology
SCOT DENTURE CLINIC LTD,Healthcare
SCOTIA HANDLING SERVICES LIMITED,Engineering
SCOTIA WORLD LIMITED,Education
SCOTITECH SOLUTIONS LIMITED,Technology
SCOTSCARE LTD,Healthcare
SCOTT HOBBS PLANNING LTD,Engineering
SCOTT MARINE CONSULTANTS LTD,Engineering
SCOTT STIRLING SERVICES LTD,Healthcare
SCOTTISH ACTION FOR MENTAL HEALTH,Healthcare
SCOTTISH AUTISM,Education
SCOTTISH MEDIATION,Education
SCREENCLOUD LIMITED,Technology
SCREENIN3D LIMITED,Engineering
SCREENLOOP LTD,Technology
SCREENS4LESS LIMITED,Technology
SCREENS4US LIMITED,Engineering
SCRIBBLES EARLY LEARNING CENTRE LTD,Healthcare
SCRIBE LABS LIMITED,Technology
SCRIPTORIA LTD,Technology
SCRIPTPAD LIMITED,Technology
SCROLL FINANCE LIMITED,Finance
SCRUB AI HOLDINGS LTD,Technology
SCSK EUROPE LTD.,Technology
SCUBE LIMITED,Technology
SCULPTOR CAPITAL MANAGEMENT EUROPE LIMITED,Finance
SD GAMES LTD,Technology
SDA ARCHITECTURE LIMITED,Engineering
SDC GROUP LIMITED,Healthcare
SDET DIGITAL LTD,Technology
SDG GROUP UK&I LTD,Technology
SDIP HOLDINGS UK LIMITED,Finance
SDKA LTD,Finance
SDL LIMITED,Technology
SDM CARE HOMES LTD,Healthcare
SDM FUEL SOLUTIONS LIMITED,Engineering
SDMC CONSULTANTS LIMITED,Engineering
SDMT LIMITED,Technology
SDS DENTAL LTD,Healthcare
SEA SMILE CARE LTD,Healthcare
SEAB POWER LTD,Engineering
SEABORN SOFTWARE LTD,Technology
SEABOUND CARBON LTD,Engineering
SEABROOK DESIGN LIMITED,Engineering
SEABROOK HOUSE LIMITED,Healthcare
SEABROOK SERVICES LTD,Healthcare
SEABROOKE MANOR LTD,Healthcare
SEACHANGE FINANCIAL SERVICES LIMITED,Finance
SEACREST CARE SERVICES LTD,Healthcare
SEAGRY CARE LIMITED,Healthcare
SEALAND PROJECTS LIMITED,Engineering
SEAM DESIGN LTD,Engineering
SEAMAB,Education
SEAMACH LTD,Engineering
SEAMLESS 24/7 LTD,Technology
SEARAH LIMITED,Finance
SEARCE LIMITED,Technology
SEARCH INTELLIGENCE LTD,Technology
SEARCHLAND LTD,Technology
SEARCHLIGHT CYBER LTD,Technology
SEARO LABS LTD,Engineering
SEASHELL TRUST,Education
SEASIDE DENTAL PRACTICE LIMITED,Healthcare
SEASONS CARE LTD,Healthcare
SEATFROG OPS LIMITED,Technology
SEB STEEL LTD,Engineering
SEBOTT SOLUTIONS LIMITED,Healthcare
SECARESERVE LTD,Healthcare
SECO SUPPORT LIMITED,Healthcare
SECON CYBER SECURITY LTD,Technology
SECOND FRONT SYSTEMS LIMITED,Technology
SECOND NATURE HEALTHY HABITS LTD,Technology
SECOND STAR GAMES LIMITED,Technology
SECQAI LTD,Technology
SECTORLIGHT MARKETING LIMITED,Finance
SECURE CARE LONDON LTD,Healthcare
SECURE SCHOOLS LTD,Technology
SECURE SENSOR INNOVATIVE DESIGN LTD,Technology
SECURE TECHNOLOGIES LTD,Technology
SECUREFLAG LIMITED,Technology
SECURENVOY LIMITED,Technology
SECURETEAM LTD,Technology
SECURIS INVESTMENTS LIMITED,Finance
SECURITI SCIENCES LIMITED,Technology
SECURITY ALLIANCE LIMITED,Technology
SECURITY SERVICES & SYSTEMS LIMITED,Technology
SECURITY WINDOW SHUTTERS LIMITED,Engineering
SECURYS LIMITED,Technology
SEDBERGH SCHOOL,Education
SEDEX INFORMATION EXCHANGE LIMITED,Technology
SEDGEMOOR SERENITY SERVICES LTD,Healthcare
SEDGWICK INTERNATIONAL UK,Finance
SEDIVCHARAN LIMITED,Technology
SEDNA SYSTEMS EUROPE LIMITED,Technology
SEEAI LTD.,Technology
SEECHANGE TECHNOLOGIES LIMITED,Technology
SEED ARCHITECTS LIMITED,Engineering
SEED MADAGASCAR,Healthcare
SEEDLEGALS LTD,Technology
SEEDRS LIMITED,Finance
SEEDS DAY SERVICE LTD,Healthcare
SEEKING ANSWER LTD,Technology
SEENIT DIGITAL LIMITED,Technology
SEERBYTES LIMITED,Technology
SEESAI LIMITED,Technology
SEETEC BUSINESS TECHNOLOGY CENTRE LIMITED,Education
SEETHA SOFTWARE SOLUTIONS LTD,Technology
SEFI STEEL LTD,Engineering
SEFTON PLACE ADVISORS LIMITED,Finance
SEGMENTIFY UK LTD,Technology
SEIDOR UK LTD,Technology
SEISMIC SOFTWARE UK LIMITED,Technology
SEKEL TECHNOLOGIES UK LTD,Technology
SEKTOR.AI (UK) LTD,Technology
SELECT CHOICE COMMUNITY SUPPORT LTD,Healthcare
SELECT DENTAL CARE LIMITED,Healthcare
SELECT EQUITY GROUP UK LIMITED,Finance
SELECT SUPPORT PARTNERSHIPS LTD,Healthcare
SELECT4 LIMITED,Healthcare
SELECTA SOL LTD,Technology
SELECTIA EDUCATION LTD,Education
SELECTRONICS PHONE AND COMPUTER REPAIRS LIMITED,Engineering
SELENE MARINE UK LIMITED,Technology
SELINA FINANCE LIMITED,Technology
SELL2WORLD INTERNATIONAL LIMITED,Technology
SELLERY LTD,Technology
SELSEY CARE COMPANY LIMITED,Healthcare
SEMANTIC LIMITED,Technology
SEMARCHY LIMITED,Technology
SEMARION LTD,Engineering
SEMATICS LIMITED,Technology
SEMFEX SOLUTIONS LIMITED,Technology
SEMILATTICE LTD,Technology
SEMIWISE LIMITED,Technology
SEMNOX SOLUTIONS LTD,Technology
SEMP LTD,Technology
SEMPER CARE LTD,Healthcare
SEMY CARE LTD,Healthcare
SEN-THERAPY LIMITED,Education
SENACARE LTD,Healthcare
SENARP LIMITED,Education
SENCEIVE LIMITED,Technology
SEND 2 FAMILY LTD,Finance
SEND AND SENSORY LTD,Education
SEND MONEY INDIA LIMITED,Finance
SENDIBLE LIMITED,Technology
SENDSPEND LIMITED,Finance
SENDTIVATE CIC,Education
SENECA LEARNING LTD,Education
SENESCENCE CARE AGENCY LTD,Healthcare
SENFI UK LIMITED,Finance
SENIGUK CONSULTING LTD,Technology
SENIOR INTERNET LIMITED,Technology
SENIORS HELPING SENIORS (UK) LIMITED,Healthcare
SENKENKEN LIMITED,Engineering
SENOVO IT LTD,Technology
SENSAT DIGITAL LIMITED,Technology
SENSATA TECHNOLOGIES INTERMEDIATE UK LIMITED,Finance
SENSATIONAL KIDS LTD,Healthcare
SENSE BIODETECTION LIMITED,Engineering
SENSEON TECH LTD,Technology
SENSI LABS LTD,Technology
SENSIBLE BIOTECHNOLOGIES LIMITED,Engineering
SENSING FEELING LIMITED,Technology
SENSITIVE CARE SOLUTIONS LTD,Healthcare
SENSIZE LIMITED,Technology
SENSONIC-UK LIMITED,Engineering
SENSOR TOWER UK LTD,Technology
SENSOTEQ LTD,Engineering
SENTARIO UK LIMITED,Technology
SENTIENTAL LTD,Technology
SENTIMENTAL CARE LIMITED,Healthcare
SENTINEL HEALTH CARE LIMITED,Healthcare
SENTINEL TECHNOLOGIES LTD,Technology
SENTION TECHNOLOGIES LIMITED,Engineering
SENTIUM TECHNOLOGIES LTD,Technology
SENTRICARE LIMITED,Healthcare
SENTRY CARE LIMITED,Healthcare
SENTRYBAY LIMITED,Technology
SENZO HEALTH LIMITED,Engineering
SEO PREMIER LIMITED,Technology
SEOMG LIMITED,Technology
SEON TECHNOLOGIES UK LTD,Technology
SEOPA LTD,Finance
SEOVALLEY LTD,Technology
SEP RAIL DESIGN LTD,Engineering
SEPURA LIMITED,Engineering
SEQUANI LIMITED,Engineering
SEQUANS COMMUNICATIONS LIMITED,Technology
SEQUEL SUPPORT LTD,Healthcare
SEQUEL TECHNOLOGIES LTD,Technology
SEQUENCE HQ LTD,Technology
SEQUENT (U.K.) LIMITED,Finance
SEQUENTIAL SKIN LTD,Engineering
SEQUOIA INVESTMENT MANAGEMENT COMPANY LIMITED,Finance
SEQURE TECHNOLOGIES UK LTD,Technology
SER SOLUTIONS UNITED KINGDOM LIMITED,Technology
SERA GLOBAL EUROPE HOLDINGS LIMITED,Finance
SERA NEON LIMITED,Technology
SERAC TECHNOLOGIES LTD,Technology
SERAN INFOTECH LTD,Technology
SERAPHIM SPACE CAMP ACCELERATOR LTD,Finance
SEREN HEALTHCARE SOLUTIONS LIMITED,Healthcare
SEREN SUPPORT SERVICES LTD,Healthcare
SERENDIP HOME CARE LIMITED,Healthcare
SERENDIPITY HEALTHCARE LTD,Healthcare
SERENDIPITY INT LTD,Technology
SERENE DENTAL LTD,Healthcare
SERENE HC UK LTD,Healthcare
SERENE HOME CARE LIMITED,Healthcare
SERENITY HOMECARE LIMITED,Healthcare
SERENITY ONE LTD,Healthcare
SERENITY POINT LIMITED,Healthcare
SERENITY UK CARE LIMITED,Healthcare
SERENITY WELFARE LTD,Healthcare
SERENITYWELLNESS HEALTHCARE LIMITED,Healthcare
SERES INFORMATION TECHNOLOGIE LTD,Technology
SERNOVA FINANCIALS LIMITED,Technology
SERRALA UK LIMITED,Technology
SERV IT LIMITED,Technology
SERVERSCOM UK LTD,Technology
SERVERSHOPPING.COM LTD,Technology
SERVESOUL LIMITED,Healthcare
SERVICE EXPRESS EUROPE LIMITED,Technology
SERVICE TO THE AGED,Healthcare
SERVICE WORKS GLOBAL LIMITED,Technology
SERVICENOW UK LIMITED,Technology
SERVICEROCKET LIMITED,Technology
SERVICES DESIGN ASSOCIATES LIMITED,Engineering
SERVICES DESIGN SOLUTION LTD,Engineering
SERVICEWORLD LIMITED,Technology
SERVICOM (HIGH TECH) LIMITED,Technology
SERVZON TECHNOLOGIES LIMITED,Technology
SETEC CONSULTING ENGINEERS LTD,Engineering
SETFORDS LAW LTD,Technology
SETFORDS TECHNOLOGY SOLUTIONS LTD,Technology
SETTEO LTD,Technology
SEVA CARE (RESPITE AND RESIDENTIAL SERVICES) LIMITED,Healthcare
SEVA CHILDCARE LTD,Healthcare
"SEVA EDUCATION, HEALTH & CARE LTD",Education
SEVA TECH LIMITED,Technology
SEVACARE (UK) LIMITED,Healthcare
SEVCAN HEALTH TOURISM CONSULTANCY LTD,Healthcare
SEVEN BRIDGES LIMITED,Technology
SEVEN CARE SERVICES LTD,Healthcare
SEVEN DAY CARE (ESSEX) LIMITED,Healthcare
SEVEN DAY GROUP LIMITED,Healthcare
SEVEN DIGITAL MARKETING LIMITED,Technology
SEVEN HILLS PRACTICE LIMITED,Healthcare
SEVENFIRE RESEARCH LIMITED,Technology
SEVENHILLS INFOTECH LIMITED,Technology
SEVENOAKS CLINIC LTD,Healthcare
SEVENOAKS SCHOOL,Education
SEVENROOMS LTD,Technology
SEVENTEEN GROUP LIMITED,Finance
SEVENTY FOUR HEALTHCARE LIMITED,Healthcare
SEVRON LTD,Technology
SEYMOUR HOUSE RESIDENTIAL CARE HOMES LIMITED,Healthcare
SF INSURETECH (UK) LTD,Technology
SFAET LTD,Education
SFB CARE LIMITED,Healthcare
SFB MARKETING LIMITED,Technology
SFB VENTURES LTD,Technology
SFM ENG LTD,Engineering
SFM ENGINEERING,Engineering
SFO CAPITAL LIMITED,Finance
SFS CONSULTANCY AND EDUCATION LIMITED,Education
SGHC UK LIMITED,Finance
SGS & PARTNERS LIMITED,Finance
SH CARE LTD,Healthcare
SHA INNOVATIONS LTD,Technology
SHABACH HEALTH CARE LTD,Healthcare
SHABS DESIGN LTD,Technology
SHABUJ GLOBAL OUTSOURCING LIMITED,Education
SHAFTESBURY CAPITAL PLC,Finance
SHAHEEN EXCHANGE & TRAVELS LTD,Finance
SHAHEEN KAUSAR LIMITED,Finance
SHAHEEN SECURITY SERVICES LTD,Education
SHAHEEN STUDENT CONSULTANCY LIMITED,Education
SHAIKHJI TELECOM LTD,Technology
SHAKTHI HEALTHCARE LIMITED,Healthcare
SHAKTI WOMEN'S AID,Healthcare
SHAMAAZI LTD,Technology
SHAMI PVT LTD,Technology
SHAMMAH HEALTHCARE LIMITED,Healthcare
SHAMROCK CARE LTD,Healthcare
SHANDON LOCH LIMITED,Healthcare
SHANGHAI SEDA UK LTD,Technology
SHANGRI-LA CARE SERVICES LIMITED,Healthcare
SHANKAR LEICESTER LIMITED,Healthcare
SHANNON COURT CARE HOME LIMITED,Healthcare
SHANT LTD,Healthcare
SHAOLIN WELLBEING LIMITED,Healthcare
SHAPED CARE & SUPPORT SERVICES LTD,Healthcare
SHARANU LIMITED,Technology
SHARD CAPITAL LIMITED,Finance
SHARD CREDIT PARTNERS LTD,Finance
SHARD FINANCIAL MEDIA LIMITED,Technology
SHARD GLOBAL LTD,Technology
SHARDA CARE LIMITED,Healthcare
SHARE MULTI ACADEMY TRUST,Education
SHARE THE CARE LTD,Healthcare
SHAREBACK LTD,Technology
SHARED APPROACH LIMITED,Healthcare
SHARMAN GRIMWADE LTD,Engineering
SHARP BRAINS LIMITED,Technology
SHARP IT SERVICES (UK) LIMITED,Technology
SHARPCLOUD SOFTWARE LIMITED,Technology
SHARPIST LTD,Technology
SHARVA TECHNOLOGY AND MANAGEMENT LIMITED,Technology
SHAURI TECHNOLOGIES LIMITED,Technology
SHAWBROOK BANK LIMITED,Finance
SHAWCROSS CARE LTD,Healthcare
SHAYAN TECH LTD,Technology
SHAZALEE LTD,Technology
SHDC LIMITED,Healthcare
SHEAR DESIGN LIMITED,Engineering
SHED COLLECTIVE LTD,Technology
SHEEHAN NAGLE HARTRAY ASSOCIATES LIMITED,Engineering
SHEEN ENGINEERING CONSULTANTS LTD,Engineering
SHEERID LIMITED,Technology
SHEHLA LTD,Healthcare
SHEIKH LOGIC LIMITED,Technology
SHELFNOW LIMITED,Technology
SHELGATE LTD,Technology
SHELL CIVIL & INFRASTRUCTURE LTD,Engineering
SHELTER MAINTENANCE LTD,Engineering
SHELTERFIRST RESIDENTIALS LTD,Healthcare
SHELTON CARE LIMITED,Education
SHEMED LIMITED,Healthcare
SHENFIELD HIGH SCHOOL,Education
SHEPHERD GROVE LTD,Technology
SHEPHERD HEIGHTS LIMITED,Healthcare
SHEPPARD ROBSON PEOPLE LIMITED,Engineering
SHEPPER LIMITED,Technology
SHERBORNE AREA SCHOOLS' TRUST,Education
SHERBORNE SCHOOL FOR GIRLS,Education
SHERFIELD SCHOOL LIMITED,Education
SHERLOCK HEALTHCARE SERVICES LTD,Healthcare
SHERRARDSWOOD LIMITED,Education
SHERWOOD SYSTEMS LIMITED,Technology
SHETLAND SURGERY LIMITED,Healthcare
SHI FW UK LTD,Engineering
SHIELD SPACE LIMITED,Engineering
SHIELD TECH ENTERPRISES LIMITED,Technology
SHIELDPAY LTD,Technology
SHIFA SURGERY LIMITED,Healthcare
SHIFT BIOSCIENCE LIMITED,Engineering
SHIFT FINANCIAL SERVICES LTD,Finance
SHIFT LEFT SPECIALISTS LIMITED,Engineering
SHIFT PARTNER LIMITED,Technology
SHIFTLOGIC.IO LIMITED,Technology
SHILOH HEALTHCARE SERVICES LTD,Healthcare
SHILOZ SERVICES LIMITED,Healthcare
SHINE PARTNERSHIPS LTD,Healthcare
SHINE SHOPFRONTS SHUTTER LIMITED,Engineering
SHINEX LTD,Technology
"SHINNYO-EN, U.K.",Education
SHINYBLUEBOX LIMITED,Technology
SHIP SHAPE SEARCH LTD,Technology
SHIPROCK CAPITAL MANAGEMENT LIMITED,Finance
SHIPSTON HIGH SCHOOL,Education
SHIRELAND COLLEGIATE ACADEMY TRUST,Education
SHIVOM CONSULTANCY LIMITED,Technology
SHLOKA IT CONSULTING LTD,Technology
SHM PRODUCTIONS LIMITED,Engineering
SHOCKLOGIC WORLDWIDE LIMITED,Technology
SHOJIN PROPERTY PARTNERS LIMITED,Finance
SHOKALL NEST LIMITED,Technology
SHONA DEWAR PHYSIOTHERAPY LTD,Healthcare
SHONSYS LIMITED,Technology
SHOOTERS HILL SIXTH FORM COLLEGE,Education
SHOOTING STAR CHILDREN'S HOSPICES,Healthcare
SHOOTING STAR TECHNOLOGIES LTD,Technology
SHOP CIRCLE HOLDINGS LTD,Technology
SHOP DIDDO UK LIMITED,Technology
SHOPEZY LTD,Technology
SHOPIFY UK LIMITED,Technology
SHOPLINE TECHNOLOGY (UK) LIMITED,Technology
SHOUT 2020 LTD,Finance
SHOUTOUTUK LTD.,Technology
SHOWPAD LTD,Technology
SHOWSTUDIO PRODUCTIONS LIMITED,Technology
SHRCOMPANY LIMITED,Healthcare
SHREE SAI CONSULTANTS UK LTD,Engineering
SHREE SOFTWARE SOLUTIONS PVT LTD,Technology
SHREEJI INC LTD,Healthcare
SHREEM INFOTECH LIMITED,Technology
SHREWSBURY HOUSE SCHOOL TRUST LIMITED,Education
SHRII PVT LTD,Technology
SHRISTI IT LTD,Technology
SHRUM CONSULTING SERVICES LTD,Technology
SHS PARTNERS SURGICAL LIMITED,Healthcare
SHUFFLE FINANCE LTD,Technology
SHUFFLE REWARDS LTD,Technology
SHUFFLEBOTTOM LIMITED,Engineering
SHUFTI PRO LIMITED,Technology
SHUNKHAM LTD,Technology
SHYP LIMITED,Healthcare
SIA BANSTEAD LIMITED,Healthcare
SIAE MICROELETTRONICA LIMITED,Technology
SIAM THAI MASSAGE & SPA LIMITED,Healthcare
SIBAN LTD,Healthcare
SIBGHA MEDICAL SERVICES LTD,Healthcare
SIBS LIMITED,Technology
SIBTAINS LTD,Engineering
SICYINTERNATIONAL LIMITED,Technology
SIDCOT SCHOOL,Education
SIDE BY SIDE (CHILDREN) LIMITED,Education
SIDELIGHT AI LIMITED,Technology
SIDERPARK LTD,Engineering
SIDETRADE UK LIMITED,Technology
SIDHUSAND LIMITED,Healthcare
SIDMOUTH NURSING HOME LTD,Healthcare
SIECON TECHNOLOGIES LIMITED,Technology
SIEM CAPITAL UK LIMITED,Finance
SIEMAG TECBERG UK LIMITED,Engineering
SIEMENS INDUSTRY SOFTWARE LIMITED,Technology
SIEVEMK GATEWAY LTD,Education
SIFIVE UK LTD,Technology
SIFT LIMITED,Technology
SIFTED (EU) LTD,Technology
SIFTY ML LTD,Technology
SIGGA DESIGN LIMITED,Technology
SIGHTCALL LIMITED,Technology
SIGLA LTD,Finance
SIGMA BROKING LIMITED,Finance
SIGMA BUSINESS INTELLIGENCE SERVICES (PVT) LTD,Technology
SIGMA COMPUTING UK LIMITED,Technology
SIGMA CONNECTIVITY LTD,Technology
SIGMA LABS XYZ LTD,Technology
SIGMA SOFTWARE HOLDING LTD,Technology
SIGMA.AI DATA LTD,Technology
SIGMA4UK LTD,Engineering
SIGN GENIUS LIMITED,Technology
SIGNAL CAPITAL PARTNERS LIMITED,Finance
SIGNANT HEALTH LIMITED,Engineering
SIGNATURE HEALTHCARE LTD,Healthcare
SIGNATURE MEDICAL LIMITED,Healthcare
SIGNATURE OF THAI LTD,Healthcare
SIGNATURE SMILE TC LTD,Healthcare
SIGNATURE THAI CLINIC LTD,Healthcare
SIGNATURE UK BUSINESS SOLUTIONS LIMITED,Technology
SIGNET HEALTHCARE LIMITED,Healthcare
SIGNET HOTELS (UNITED KINGDOM) LTD,Finance
SIGNET LABS LIMITED,Technology
SIGNIFLY LTD,Technology
SIGNIFY GROUP LIMITED,Technology
SIGNIFYD UK LTD,Technology
SIGNINTECH LTD,Technology
SIGNOL LIMITED,Engineering
SIGTECH SOLUTIONS LIMITED,Technology
SIHEALTH LTD,Technology
SII SERVICES LIMITED,Engineering
SII TECHNOLOGIES LTD,Technology
SIKH ACADEMIES TRUST,Education
SILDON LIMITED,Technology
SILENT CREEK LIMITED,Technology
SILENT GAMES LTD,Technology
SILESTIA LTD,Healthcare
SILICA INFOTECH LIMITED,Technology
SILICON BIZTECH LIMITED,Technology
SILICON FRONTLINE TECHNOLOGY (UK) LIMITED,Technology
SILICON MICROGRAVITY LIMITED,Engineering
SILICON TECHNIX LIMITED,Technology
SILKWAYZ LTD,Finance
SILPHIUM ASSET MANAGEMENT LIMITED,Finance
SILVACO EUROPE LTD,Technology
SILVER BIRCH CARE (RESIDENTIAL SERVICES) LIMITED,Healthcare
SILVER BIRCH CARE HOME LTD,Healthcare
SILVER HELLAS LTD,Healthcare
SILVER HOUSE SOLUTIONS LIMITED,Technology
SILVER LINING CONVERGENCE LTD,Technology
SILVER LINING INTERACTIVE LTD,Technology
SILVER RAIN GAMES LTD,Technology
SILVER SPACE LIMITED,Technology
SILVER TOUCH TECHNOLOGIES (UK) LIMITED,Technology
SILVERBACK SMART TECHNOLOGY LIMITED,Engineering
SILVERBERRY CARE LTD,Healthcare
SILVERCREST CARE HOMES LIMITED,Healthcare
SILVERCROWN CARE HOMES (SWANSEA) LIMITED,Healthcare
SILVERDALE CARE HOMES LIMITED,Healthcare
SILVERHIVE LIMITED,Technology
SILVERJEN LIMITED,Healthcare
SILVERLAKE CARE 2 LIMITED,Healthcare
SILVERLINK TECHNOLOGIES LTD,Technology
SILVERMERE HEALTHCARE SERVICES LIMITED,Healthcare
SILVERSHELL INTEGRATED CONSULTING LTD,Technology
SILVERSTREAM TECHNOLOGIES (UK) LIMITED,Engineering
SILVERSTRIPE CREDIT AND TECHNOLOGIES LIMITED,Technology
SIMCORP LIMITED,Technology
SIMEIO SOLUTIONS LIMITED,Technology
SIMERA LIMITED,Technology
SIMICARE LIMITED,Healthcare
SIMILARWEB UK LIMITED,Technology
SIMPLE & SMART INSURANCE SERVICES LTD,Finance
SIMPLE INSURANCE SOLUTIONS LTD,Finance
SIMPLE MACHINES EMEA LIMITED,Technology
SIMPLE REASON,Education
SIMPLE SETTINGS LTD,Healthcare
SIMPLE WORKS LTD,Engineering
SIMPLE.LIFE APPS UK LTD,Technology
SIMPLEE CERAMICS LTD,Healthcare
SIMPLER GROUP LTD,Technology
SIMPLEX CHAT LTD,Technology
SIMPLIFIED LOADER LTD,Technology
SIMPLIFIED STAFFING LIMITED,Healthcare
SIMPLIFY SYNERGY LIMITED,Technology
SIMPLISYS LIMITED,Technology
SIMPLY ASSET FINANCE OPERATIONS LIMITED,Finance
SIMPLY CARE (UK) LTD,Healthcare
SIMPLY ETHICAL FINANCIAL SERVICES LTD,Finance
SIMPLY GET RESULTS LIMITED,Technology
SIMPLY SMILE WELLINGTON HOUSE LIMITED,Healthcare
SIMPLYHEALTH PEOPLE LIMITED,Healthcare
SIMPORTAL AS A SERVICE LIMITED,Technology
SIMPPLR LIMITED,Technology
SIMPRAGMA SOLUTIONS LTD,Technology
SIMPSON ASSOCIATES INFORMATION SERVICES LIMITED,Technology
SIMSOFT TECHNOLOGY LIMITED,Technology
SIMTEC MATERIALS TESTING LTD,Engineering
SIMUDYNE LIMITED,Technology
SIMWOOD ESMS LIMITED,Technology
SINCERE CARE LTD,Healthcare
SINEWAVES ELECTRICALS LTD,Engineering
SINGER INSTRUMENT COMPANY LIMITED,Engineering
SINGLA CONSULTING WORLDWIDE LTD,Technology
SINGLETRACK SYSTEMS LIMITED,Technology
SINGTEL (EUROPE) LIMITED,Technology
SINOLEDGE LIMITED,Healthcare
SINOLINGUA LONDON LIMITED,Technology
SINOPEC CENTURY BRIGHT CAPITAL INVESTMENT (UK) LIMITED,Finance
SINOWAVE UK LTD,Technology
SINOX STAR FX LIMITED,Technology
SINTEC UK LIMITED,Engineering
SINTECMEDIA WEM LTD,Technology
SIRAF ASSOCIATES LIMITED,Engineering
SIRAJ TECHUP LTD,Technology
SIRI HEALTH CARE SOLUTIONS LTD,Healthcare
SIRI TECH SERVICES LTD,Technology
SIRI TECHNOLOGY SOLUTIONS LIMITED,Technology
SIRIONLABS LIMITED,Technology
SIRIUS CONSTELLATION LTD,Technology
SIRIUS FIBER LTD,Technology
SIS DESIGN LIMITED,Engineering
SIS GLOBAL LIMITED,Technology
SISAF LTD,Engineering
SISHIRE EDUCATION CONSULTANCY LTD,Education
SISHU LIMITED,Education
SISMEK LTD,Engineering
SISO TECHNOLOGIES (UK) LIMITED,Technology
SISTEME TECHNOLOGIES LIMITED,Technology
SISTEMIM LTD,Technology
SITALA BIO LTD,Engineering
SITE SAFE INTERNATIONAL LTD,Finance
SITECORE UK LTD.,Technology
SITEIMPROVE LIMITED,Technology
SITEMINDER DISTRIBUTION LIMITED,Technology
SITETRACKER UK LIMITED,Technology
SITRYX THERAPEUTICS LIMITED,Engineering
SIVAPRASADAM ENGINEERING LIMITED,Engineering
SIYA TECH VENTURES LTD,Technology
SJH PROSTHETICS LIMITED,Healthcare
SK CLOUD TECHNOLOGIES AND CONSULTING LTD,Technology
SK DENTAL PRACTICE LIMITED,Healthcare
SK INFOSYSTEMS LTD,Technology
SK IT SOLUTIONS LTD,Technology
SKAAR TECH LTD,Technology
SKANDA VIVA LIMITED,Healthcare
SKEDULO UK LTD,Technology
SKEELR LTD,Technology
SKELLER FINANCIAL SERVICES LIMITED,Finance
SKEWB LTD,Technology
SKF (U.K.) LIMITED,Engineering
SKIES HOME CARE LTD,Healthcare
SKILL MATRIX SOLUTIONS LIMITED,Technology
SKILL ME LTD,Education
SKILLCARE LIMITED,Education
SKILLED WORKERS CLOUD LTD,Technology
SKILLHET LTD,Technology
SKILLIKZ LTD,Technology
SKILLISTIC LIMITED,Technology
SKILLNET SOLUTIONS PRIVATE LIMITED,Technology
SKILLS 4 ALL LTD,Education
SKILLS 4 EDUCATION LTD,Education
SKILLS AND EDUCATION GROUP,Education
SKILLS AND EDUCATION LTD,Education
SKILLS GROWTH ACADEMY LTD,Education
SKILLS PROVIDER LIMITED,Education
SKILLS4STEM LTD.,Education
SKILLUP NOTTS LTD,Education
SKILLVIA ACADEMY LIMITED,Education
SKIMBIT LTD,Technology
SKIN DESIGN LONDON LTD,Healthcare
SKIN MEDICAL LIMITED,Healthcare
SKIN REVIV LTD,Healthcare
SKINNERS' ACADEMIES TRUST,Education
SKIPPR LIMITED,Technology
SKIPTON OPTICIANS LTD,Healthcare
SKL ROBOTICS LTD,Technology
SKOLAK HEALTHCARE LIMITED,Healthcare
SKOLAR EDUCATION UK LIMITED,Education
SKOLAZ EDUCATIONAL SERVICES LTD,Technology
SKON LTD,Healthcare
SKR HEALTH CARE LIMITED,Healthcare
SKRILL LIMITED,Finance
SKTECH LTD,Technology
SKY BRITISH ENTERPRISES LTD,Finance
SKY TOUCH WINDOWS & DOORS LTD,Engineering
SKY-HIGH TUITION LTD,Education
SKYDUO LTD,Technology
SKYJED LIMITED,Technology
SKYKRUZE LIMITED,Technology
SKYLAKE MEDICAL LIMITED,Engineering
SKYLARK CARE SOLUTIONS LTD,Healthcare
SKYLINE CARE LTD,Healthcare
SKYLINE HEALTH AND TRAVEL LTD,Healthcare
SKYLINE HOME CARE SERVICES LIMITED,Healthcare
SKYLINE PARTNERS LIMITED,Finance
SKYNET IT CONSULTANCY LIMITED,Technology
SKYPURPLE CLOUD LIMITED,Technology
SKYRAY ENGINEERING LTD,Engineering
SKYSCANNER LIMITED,Technology
SKYWALL CONSULTING LTD,Technology
SL DENTISTRY LTD,Healthcare
SLAMCORE LIMITED,Technology
SLASA LIMITED,Education
SLATER INVESTMENTS LIMITED,Finance
SLC DIRECT LTD,Technology
SLEAPCROSS HOUSE LTD,Healthcare
SLEEP&DREAMS LTD,Technology
SLENDER WINTER PARTNERSHIP LIMITED,Engineering
SLERP LIMITED,Technology
SLICED BREAD LIMITED,Technology
SLIEVE DHU LIMITED,Healthcare
SLINGSHOT AI LIMITED,Technology
SLINGSHOT THERAPEUTICS LIMITED,Finance
SLINK-TECH LTD,Engineering
SLIP TECHNOLOGY LIMITED,Technology
SLK UK PRIVATE LIMITED,Technology
SLM AGENCY LTD,Healthcare
SLR CARE HOMES LTD,Healthcare
SM HOMECARE SERVICES LTD,Healthcare
SM LIFE CARE LTD,Healthcare
SM MORTGAGE SERVICES LTD,Finance
SM SOLUTIONS (PVT) LTD,Technology
SM VOICE ADVOCACY LIMITED,Healthcare
SMAART TECH UK LTD,Engineering
SMALL AXE COMMUNICATIONS LTD,Technology
SMALL STEPS SFP,Education
SMALL TALK NURSERIES LIMITED,Healthcare
SMALLER EARTH LIMITED,Education
SMARKETS LIMITED,Technology
SMART BEEE LTD,Education
SMART BUSINESS EXPERTS LTD,Technology
SMART CARE GROUP LIMITED,Healthcare
SMART CO CONSULTING LIMITED,Technology
SMART CURRENCY EXCHANGE LIMITED,Finance
SMART EDUCATORS LTD,Education
SMART FINANCIAL SYSTEMS LTD,Technology
SMART FONES 4 U LTD,Engineering
SMART GREEN SHIPPING ALLIANCE LIMITED,Engineering
SMART HEALTHCARE & DIAGNOSTICS LTD,Healthcare
SMART HOME VISITS LTD,Healthcare
SMART INSIDER LIMITED,Finance
SMART NUMBERS LTD,Technology
SMART ONE SYSTEM AND SOLUTIONS UK LTD,Technology
SMART PENSION LIMITED,Technology
SMART SAP LOGISTICS LIMITED,Technology
SMART SECURITY SHUTTERS LTD,Engineering
SMART SIMULATORS LIMITED,Technology
SMART SOHO LTD,Technology
SMART SOUTHFIELDS LIMITED,Education
SMART STUDY SOLUTIONS MCR LTD,Technology
SMART TECH SERVICES LIMITED,Technology
SMART TECH SOL LIMITED,Technology
SMART TELECOM SERVICES STS LTD,Technology
SMART TRADE TECHNOLOGIES UK LIMITED,Technology
SMART TRIPS LTD,Education
SMART TUTORS LONDON LTD,Education
SMART WEB AGENCY LIMITED,Technology
SMART WORKING SOLUTIONS LIMITED,Technology
SMART-COVER DIRECT LIMITED,Finance
SMART-SURE LTD,Finance
SMARTA HEALTHCARE LTD,Healthcare
SMARTBISERVICES LTD,Technology
SMARTCARBON LIMITED,Technology
SMARTCHOICE IT SOLUTION LTD,Technology
SMARTCITIES LTD,Technology
SMARTCREDIT LIMITED,Finance
SMARTDESC LIMITED,Technology
SMARTEBUSINESS LIMITED,Technology
SMARTEK21 UK LIMITED,Technology
SMARTHOME TECHNOLOGY LIMITED,Technology
SMARTIA LTD,Technology
SMARTIE LAND LTD,Healthcare
SMARTIFY360 LIMITED,Technology
SMARTKEM LIMITED,Engineering
SMARTLOYAL LTD,Technology
SMARTLY.IO SOLUTIONS LTD,Technology
SMARTMOVE HOMES LIMITED,Healthcare
SMARTPATH EDUCATION TECHNOLOGY LTD,Technology
SMARTR365 FINANCE LTD,Finance
SMARTREACH MARKETING LTD,Technology
SMARTRECRUITERS LTD,Technology
SMARTSHEET UK LIMITED,Technology
SMARTSPACE GLOBAL LTD,Technology
SMARTSURVEY LTD,Technology
SMARTTWAY LTD,Finance
SMARTVIE LTD,Technology
SMARTVIZ LTD,Technology
SMARTWAY HEALTH AND SOCIAL CARE LIMITED,Healthcare
SMARTZI LIMITED,Technology
SMASH IT SERVICES LTD,Technology
SMAT HEALTHCARE LTD,Healthcare
SMBC BANK INTERNATIONAL PLC,Finance
SMBC NIKKO CAPITAL MARKETS LIMITED,Finance
SMC AUTOS LIMITED,Engineering
SMC DESIGN LIMITED,Engineering
SMC PHARMA SERVICES LTD,Engineering
SME ADVANTAGE LTD,Technology
SMEBIZNESS LTD,Technology
SMI MARKETING LIMITED,Technology
SMIIT LTD,Technology
SMILE 4 U LIMITED,Healthcare
SMILE 4 U SHIRLEY LIMITED,Healthcare
SMILE CARE TWYFORD LIMITED,Healthcare
SMILE CARE UNITED LTD,Healthcare
SMILE CLINIQ LIMITED,Healthcare
SMILE EVERYDAY LTD,Healthcare
"SMILE IDENTITY UK, LIMITED",Technology
SMILE IMPLANT CENTRE LTD,Healthcare
SMILE IT SOLUTIONS LIMITED,Technology
SMILE LINK DENTAL LIMITED,Healthcare
SMILE MANCHESTER LTD,Healthcare
SMILE TOGETHER DENTAL CIC,Healthcare
SMILE32 LIMITED,Healthcare
SMILERIGHT DENCARE LIMITED,Healthcare
SMILERIGHT LIMITED,Healthcare
SMITH KERINS LTD,Technology
SMITH'S ENGINEERING WORKS (NORTHERN IRELAND) LIMITED,Engineering
SMITI IT SOLUTIONS LTD,Technology
SMJ UNIVERSAL LIMITED,Technology
SMJM CONSULTING SERVICES LIMITED,Technology
SMM GLOBAL UK LTD,Technology
SMPLICARE LTD.,Technology
SMQA LIMITED,Technology
SMRC TECHNOLOGIES LIMITED,Technology
SMRT GLOBAL LTD,Technology
SMRU LIMITED,Engineering
SMS PHARMACY LTD,Healthcare
SN IT & SOFT LTD,Technology
SNAP ANALYTICS LTD,Technology
SNAP GROUP LIMITED,Technology
SNAPLOGIC UK LIMITED,Technology
SNASIR LIMITED,Technology
SNASIT LIMITED,Technology
SND INFO LIMITED,Technology
SNE CARE SERVICES LTD,Healthcare
SNEAK PEEK TECHNOLOGIES LIMITED,Technology
SNEBTAF TECH SOLUTION LIMITED,Technology
SNETAJ LIMITED,Technology
SNIG LTD,Engineering
SNODAS CONSULTING LTD,Technology
SNOVASYS SOFTWARE SOLUTIONS LIMITED,Technology
SNOW TECHNOLOGY LTD,Technology
SNOWBALL CARE UK LTD,Healthcare
SNOWDEN LIMITED,Healthcare
SNOWFLAKE COMPUTING U.K. LIMITED,Technology
SNOWFLAKE HEALTHCARE LTD,Healthcare
SNOWPLOW ANALYTICS LIMITED,Technology
SNOWVIEW LIMITED,Technology
SNS IT LIMITED,Technology
SNS SOFTTECH LIMITED,Technology
SNYK LIMITED,Technology
SO BOLD LIMITED,Technology
SO CHIROPRACTIC LIMITED,Healthcare
SO TECHNOLOGY LTD,Technology
SOAPBOX DIGITAL MEDIA LTD,Technology
SOAPP LTD,Education
SOARSMART LTD,Technology
SOCAR TRADING (UK) LIMITED,Finance
SOCHITEL UK LTD,Technology
SOCIABILITY VENTURES LTD,Technology
SOCIAL CARE ASPIRATIONS LTD,Healthcare
SOCIAL CARE NETWORK SOLUTIONS LIMITED,Technology
SOCIAL MATCH PLAY LTD,Technology
SOCIAL PLUS EUROPE LTD,Technology
SOCIALAMP LTD,Technology
SOCIALLY POWERFUL MEDIA LIMITED,Technology
SOCIETE GENERALE INTERNATIONAL LIMITED,Finance
SOCIUS TECHNOLOGIES GROUP LIMITED,Technology
SOCOMEC U.K. LIMITED,Technology
SOCOTEC UK LIMITED,Engineering
SODA.AUTO UK LTD,Technology
SODERBERG & PARTNERS TECHNOLOGY AND SERVICES LTD,Technology
SODHA & COMPANY LIMITED,Finance
SOFANT TECHNOLOGIES LTD,Technology
SOFENETH LIMITED,Healthcare
SOFICO SERVICES UK LTD,Technology
SOFINA LONDON LIMITED,Finance
SOFINISH TECHNOLOGIES LIMITED,Technology
SOFT TOUCH CARE SERVICES LTD,Healthcare
SOFTBANK GROUP CAPITAL LIMITED,Finance
SOFTECH RAIL LIMITED,Technology
SOFTFIX LIMITED,Technology
SOFTINWAY UK LTD,Technology
SOFTMATE LIMITED,Technology
SOFTME LIMITED,Technology
SOFTOO LTD,Technology
SOFTOUCH CONSULTANCY LTD,Technology
SOFTPHONE INTERNATIONAL LTD,Technology
SOFTWARE AG (UK) LIMITED,Technology
SOFTWARE SOLUTION SYSTEMS LIMITED,Technology
SOFTWARE TESTING SERVICES LTD,Technology
SOFTWAREONE UK LIMITED,Technology
SOFTWAVE TECH SOLUTIONS LTD,Technology
SOFTWIRE TECHNOLOGY LIMITED,Technology
SOFWAVE MEDICAL UK LTD,Technology
SOHAM UK CORPORATION LTD,Technology
SOHO COMMODITIES AND ENERGY UK LIMITED,Finance
SOHO NEXT LTD,Technology
SOIL MACHINE DYNAMICS LIMITED,Engineering
SOLACE CARE REDBRIDGE LTD,Healthcare
SOLACE PRIME CARE LTD,Healthcare
SOLAFIDE HEALTHCARE LTD,Healthcare
SOLAIMANIYAH LIMITED,Education
SOLANO PARTNERS LTD,Finance
SOLARISE TECHNOLOGY LTD,Technology
SOLARWINDS SOFTWARE UK LIMITED,Technology
SOLCOM LIMITED,Technology
SOLDEN HILL HOUSE LIMITED,Healthcare
SOLENT ACADEMIES TRUST,Education
SOLENT AUTOMATION LTD,Engineering
SOLENT CLIFFS NURSING HOME LIMITED,Healthcare
SOLENT PRIMARY MEDICAL CARE SERVICES LIMITED,Healthcare
SOLENT UNIVERSITY LIMITED,Education
SOLERTIA MGA LTD,Finance
SOLICITUDE HOMES LIMITED,Healthcare
SOLID FORM SOLUTIONS LIMITED,Engineering
SOLID GLOBAL LIMITED,Healthcare
SOLID SOLUTIONS MANAGEMENT LIMITED,Technology
SOLIHULL ALTERNATIVE PROVISION MULTI ACADEMY TRUST,Education
SOLIHULL SCHOOL,Education
SOLINK (UK) LIMITED,Technology
SOLIS MARINE ENGINEERING LIMITED,Engineering
SOLIS VENTUS LIMITED,Engineering
SOLIVUS LIMITED,Engineering
SOLO SUPPORT SERVICES LTD,Healthcare
SOLOMAR ADVISORS LIMITED,Finance
SOLOMON CAPITAL INVESTMENTS LTD,Finance
SOLOMON CARE LIMITED,Healthcare
SOLOMON SOJA LTD,Technology
SOLOMONIC LIMITED,Technology
SOLSKEN LIMITED,Healthcare
SOLTYS BREWSTER CONSULTING LIMITED,Engineering
SOLUTION17 LTD,Technology
SOLUTION2CARE SERVICES LIMITED,Healthcare
SOLUTIONDOT LTD,Technology
SOLUTIONS 4 HEALTH LTD,Healthcare
SOLUTIONS FOR ACCOUNTING LIMITED,Technology
SOLUTIONS IN SERVICE LTD,Healthcare
SOLUTIONS PT LIMITED,Technology
SOLUTIONS&INNOVATIONS LTD,Technology
SOLUTIONSDOTNET LIMITED,Technology
SOLVE INTELLIGENCE LIMITED,Technology
SOLVE MONEY LTD,Finance
SOLVE SYSTEM SOLUTIONS LIMITED,Technology
SOLVENCY2ACTUARIAL LTD,Finance
SOLVENT GLOBAL LTD,Technology
SOLVERDECK LTD,Technology
SOLVIFY TECHNOLOGIES UK LTD,Engineering
SOLVIUM TECH LTD,Technology
SOLYTICS PARTNERS UK LIMITED,Technology
SOMA HEALTHCARE LIMITED,Healthcare
SOMAN CONSULTING LIMITED,Technology
SOMMERVILLE DAY NURSERY LIMITED,Education
SONATYPE UK LIMITED,Technology
SONDERWELL BIDCO LIMITED,Finance
SONET TECH LIMITED,Technology
SONIC GOLD LIMITED,Healthcare
SONIC SILVER LIMITED,Healthcare
SONICWALL (UK) LIMITED,Technology
SONIK POCKET LTD,Technology
SONOCENT LTD,Technology
SONOCO METAL PACKAGING UK LIMITED,Engineering
SONOVATE LIMITED,Technology
SONRISE SERVICES INTERNATIONAL LIMITED,Healthcare
SONY INTERACTIVE ENTERTAINMENT EUROPE LIMITED,Technology
SOOMEENHAHM DESIGN LTD,Engineering
SOPHOS LIMITED,Technology
SOPHRENA LIMITED,Engineering
SOPRA STERIA LIMITED,Technology
SORA RISK SOLUTIONS LIMITED,Technology
"SORACOM CORPORATION, LTD.",Technology
SORCE LIMITED,Technology
SORDO MADALENO LIMITED,Engineering
SORETO LIMITED,Engineering
SORG LIMITED,Healthcare
SOROCO PRIVATE LIMITED,Technology
SORT INSURE LIMITED,Finance
SORT SOLUTION LTD,Finance
SORTERA BIO LIMITED,Engineering
SOSAFE SECURITY LIMITED,Technology
SOSUV CONSULTING PRIVATE LIMITED,Technology
SOTERIA CHILDREN'S SERVICES GROUP LIMITED,Healthcare
SOUL ASSEMBLY LTD,Technology
SOUL DEVELOPMENT SERVICES LIMITED,Finance
SOULFRESH UK LIMITED,Finance
SOUND CITY (LIVERPOOL) LIMITED,Education
SOUNDTRAP LIMITED,Technology
SOURCE CODE CONTROL LIMITED,Technology
SOURCE CORPORATION LTD,Technology
SOURCEFUSE LIMITED,Technology
SOUTH BANK ACADEMIES,Education
SOUTH BANK COLLEGES,Education
SOUTH CARE HOMES LTD,Healthcare
SOUTH COAST CARE HOMES LIMITED,Healthcare
SOUTH DOWN HEALTHCARE LIMITED,Healthcare
SOUTH EAST ESSEX ACADEMY TRUST,Education
SOUTH EAST SURREY SCHOOLS EDUCATION TRUST,Education
SOUTH FARNHAM EDUCATIONAL TRUST,Education
SOUTH GLOUCESTERSHIRE AND STROUD ACADEMY TRUST,Education
SOUTH MANCHESTER CARE LIMITED,Healthcare
SOUTH MANCHESTER SENIOR CARE LTD,Healthcare
SOUTH MOLTON CO-OPERATIVE LEARNING TRUST,Education
SOUTH WALES EDUCATION CENTRE LIMITED,Education
SOUTH WALES INDUSTRIAL EQUIPMENT LIMITED,Engineering
SOUTH WALES INDUSTRIAL VALVES SERVICES LIMITED,Engineering
SOUTH WEST CARE HOMES LIMITED,Healthcare
SOUTH WEST ESSEX COMMUNITY EDUCATION TRUST LIMITED,Education
SOUTH WEST HOME CARE LTD,Healthcare
SOUTH WEST TELECOMMUNICATIONS LTD,Technology
SOUTHALL BLACK SISTERS,Healthcare
SOUTHALL COMMUNITY ALLIANCE,Healthcare
SOUTHAMPTON ENGINEERING TRAINING ASSOCIATION LIMITED (THE),Education
SOUTHAMPTON PRIMARY CARE LIMITED,Healthcare
SOUTHCO MANUFACTURING LIMITED,Engineering
SOUTHCREST CARE 2 LTD,Healthcare
SOUTHCREST CARE LTD,Healthcare
SOUTHEND HIGH SCHOOL FOR GIRLS ACADEMY TRUST,Education
SOUTHERN COMMUNICATIONS LIMITED,Technology
SOUTHERN HEALTHCARE (WESSEX) LTD,Healthcare
SOUTHERN HEALTHCARE SPECIALISTS LIMITED,Healthcare
SOUTHERN SAILPLANES LIMITED,Engineering
SOUTHERN SMILES LIMITED,Healthcare
SOUTHERN SOFT LIMITED,Technology
SOUTHEY CAPITAL LTD,Finance
SOUTHEY CARE (DORSET) LIMITED,Healthcare
SOUTHEY CARE LIMITED,Healthcare
SOUTHFIELDS PHYSIOTHERAPY LTD,Healthcare
SOUTHLODGE CARE LIMITED,Healthcare
SOUTHOVER DAY NURSERY LTD,Education
SOUTHPARK RESIDENTIAL HOME LIMITED,Healthcare
SOUTHPORT SMILES LTD,Healthcare
SOUTHSIDE SPECIALIST DEMENTIA CARE LTD,Healthcare
SOUTHWARK AFTER-SCHOOL CLUB LTD,Healthcare
SOVA HEALTHCARE LEICESTER LTD,Healthcare
SOVRN UK LIMITED,Technology
SOVTECH UK LTD,Technology
SOYUT CONSULTANCY LTD,Technology
SP HOME CARE LTD,Healthcare
SPA DENTAL CARE LIMITED,Finance
SPA EDUCATION TRUST,Education
SPA HEALTH GROUP LTD,Healthcare
SPACE APE GAMES (UK) LTD,Technology
SPACE DESIGNING LIMITED,Technology
SPACE INCLUSIVE LTD,Healthcare
SPACE SYNTAX LIMITED,Engineering
SPACED DIGITAL LTD,Technology
SPACEFLUX LTD,Technology
SPACEHUB DESIGN LIMITED,Engineering
SPACEPM LIMITED,Technology
SPAICE TECHNOLOGY LTD,Technology
SPAITIAL LTD,Technology
SPANDIDOS PUBLICATIONS UK LTD,Technology
SPARC-E LIMITED,Technology
SPARCA LIMITED,Engineering
SPARK LEARNING LIMITED,Education
SPARK PRODUCT INNOVATION LIMITED,Engineering
SPARK360 LTD,Technology
SPARKH LTD,Technology
SPARKLING ANGELS PRESCHOOL LTD,Education
SPARKOL LIMITED,Technology
SPARTA CAPITAL MANAGEMENT LTD,Finance
SPARTA GLOBAL LIMITED,Technology
SPARTAN ADVISORS EMEA LTD,Finance
SPARXSYS SOLUTIONS LIMITED,Technology
SPATIALBUZZ LIMITED,Technology
SPAULDING RIDGE ADVISORY UK LIMITED,Technology
SPAYNE LINDSAY & CO LTD,Finance
SPB CORPORATION LIMITED,Technology
SPDS CARE LIMITED,Healthcare
SPEAK BETTER ENGLISH LIMITED,Education
SPECIAL NEEDS CARE LIMITED,Healthcare
SPECIAL VEHICLE SOLUTIONS LIMITED,Engineering
SPECIALISED RESEARCH (UK) LIMITED,Finance
SPECIALIST CARE LIMITED,Healthcare
SPECIALIST CARE TEAM LIMITED,Healthcare
SPECIALIST DENTAL SERVICES LIMITED,Healthcare
SPECIALIST INSIGHT LIMITED,Technology
SPECIALIST LEARNING TRUST,Education
SPECIALIST LENDING LTD,Finance
SPECIALIST RISK GROUP LIMITED,Finance
SPECIFI.IO LTD,Technology
SPECSTUDIO LIMITED,Engineering
SPECTACULARKIDZ DAY NURSERY LTD,Education
SPECTEC LTD,Technology
SPECTRA C.I.C.,Technology
SPECTRAL COMPUTE LTD,Technology
SPECTRAXE LIMITED,Finance
SPECTRUM DATA NETWORKS LTD,Technology
SPECTRUM IT HUB LIMITED,Technology
SPECTRUM IT LIMITED,Technology
SPECTRUM NETWORKS SOLUTIONS LIMITED,Technology
SPECTRUM TECHNOLOGY SERVICES LTD,Technology
SPECTRUM WEALTH MANAGEMENT LTD,Finance
SPECTRUM WIND SERVICES LTD,Engineering
SPED TRADING LTD,Healthcare
SPEECH GRAPHICS LTD,Technology
SPEECH THERAPY SERVICES LONDON LTD,Education
SPEECH THERAPY SOUTH LONDON LTD,Healthcare
SPEED ENGINEERING SOLUTIONS LIMITED,Engineering
SPEEDSTER-IT LTD,Technology
SPEEDYFIX SOLUTIONS LTD,Technology
SPEKTRIX LIMITED,Technology
SPENDESK LIMITED,Technology
SPG INFOTECH LTD,Technology
SPHERA SOLUTIONS UK LIMITED,Technology
SPHERE BIO LIMITED,Engineering
SPHERE INNOVATIONS LIMITED,Technology
SPHERE RESEARCH LTD,Technology
SPHEROOM LIMITED,Technology
SPICA TECHNOLOGIES LTD,Technology
SPICEWORKS U.K. LTD.,Technology
SPIDERROCK PLATFORM SERVICES UK LIMITED,Technology
SPIKA TECH LTD,Technology
SPIKE GLOBAL LIMITED,Technology
SPINAL HOMECARE SERVICES LTD,Healthcare
SPINAL TECHNOLOGIES LIMITED,Technology
SPINBERRY UK LIMITED,Technology
SPINDOGS LTD,Technology
SPINECENTRAL LTD,Healthcare
SPINEWORKS CHIROPRACTIC LTD,Healthcare
SPINHOPE LTD,Technology
SPINNAKER CAPITAL LIMITED,Finance
SPINNR TECH LIMITED,Technology
SPINON LTD,Technology
SPINTEX ENGINEERING LIMITED,Engineering
SPIRE CARE LTD,Healthcare
SPIRE GLOBAL UK LIMITED,Technology
SPIRIT HOME CARE LIMITED,Healthcare
SPIRIT IT SERVICES LTD,Technology
SPIRIT PRIMARY CARE LIMITED,Healthcare
SPITFIRE NETWORK SERVICES LIMITED,Technology
SPLACE.WORLD LTD,Technology
SPLASH DAY NURSERY LIMITED,Education
SPLEND LTD,Technology
SPLENDID SUPPORTED ACCOMMODATIONS LIMITED,Healthcare
SPLENTO LTD,Technology
SPLICED INC LIMITED,Technology
SPLIT SECOND RESEARCH LIMITED,Technology
SPONGE GROUP LIMITED,Technology
SPONSORWORKS LTD,Technology
SPOON GURU LIMITED,Technology
SPOONER INDUSTRIES LIMITED,Engineering
SPOORTHI TECHNO SOLUTIONS LTD,Technology
SPOREGEN LIMITED,Engineering
SPORT ERP LIMITED,Technology
SPORT MASSAGE LEICESTER LTD,Healthcare
SPORTING DATA LIMITED,Technology
SPORTING NEWS ENTERPRISES UK LIMITED,Finance
SPORTING SOLUTIONS SERVICES LIMITED,Technology
SPORTLIGHT TECHNOLOGY LTD,Engineering
SPORTRADAR UK LIMITED,Technology
SPORTS LOYALTY CARD LIMITED,Technology
SPORTSCOVER EUROPE LIMITED,Finance
SPOTTITT LTD,Technology
SPP PUMPS LIMITED,Engineering
SPPARC LIMITED,Engineering
SPRATLEY & PARTNERS LIMITED,Engineering
SPRIFT TECHNOLOGIES LTD,Technology
SPRING ENTERPRISES NW LTD,Education
SPRING FOUNTAIN (PRIVATE) LIMITED,Healthcare
SPRING MEADOWS (CARE) LIMITED,Healthcare
SPRING SUCCESS HOME CARE LIMITED,Healthcare
SPRINGBOARD CARE SERVICES LTD,Healthcare
SPRINGCARE RECRUITMENT LTD,Healthcare
SPRINGCROFT HOMES LTD,Healthcare
SPRINGER NATURE LIMITED,Technology
SPRINGFIELD CARE SUNDERLAND LIMITED,Healthcare
SPRINGFIELD HEALTH SERVICES LIMITED,Healthcare
SPRINGFIELDS RESIDENTIAL HOME LIMITED,Healthcare
SPRINGFIELDS SUPPORTED SERVICES LIMITED,Healthcare
SPRINGHILL CARE LIMITED,Healthcare
SPRINGLAWN HOUSE LTD,Healthcare
SPRINGS OF JOY CARE SOLUTION (SOJ) C.I.C.,Healthcare
SPRINGVALE CARE LIMITED,Healthcare
SPRINKLED WITH HOPE LTD,Healthcare
SPRINKLR UK LTD,Technology
SPRINTLAW (UK) LTD,Technology
SPRITZMONKEY LIMITED,Technology
SPRIYA TECHNOLOGIES LTD,Technology
SPROUT.AI LIMITED,Technology
SPRUCE ENERGY LIMITED,Technology
SPRY IT SOLUTIONS LTD,Technology
SPRYKER SYSTEMS LTD,Technology
SPS SOLUTIONS LTD,Technology
SPT LABTECH LIMITED,Engineering
SPUR THERAPEUTICS LIMITED,Engineering
SPV4 LIMITED,Healthcare
SPX INTERNATIONAL ASSET MANAGEMENT LTD.,Finance
SPYBIOTECH LIMITED,Engineering
SPYROSOFT LTD,Technology
SQRX LTD,Technology
SQUAD GLOBAL LTD.,Technology
SQUARANCE UK LIMITED,Technology
SQUARE COOL LTD,Engineering
SQUARE EYECARE LIMITED,Healthcare
SQUARE HEALTH TECHNOLOGY LIMITED,Technology
SQUARE MARBLE TECHNOLOGY LIMITED,Technology
SQUARED UP LTD,Technology
SQUAREMD LTD,Technology
SQUARESPACE UK LIMITED,Technology
SQUARETRADE LIMITED,Finance
SQUBE TECHNOLOGIES LTD,Technology
SQWISH LTD,Technology
SR CONSULTING GROUP LIMITED,Technology
SR ENGINEERS GROUP LIMITED,Engineering
SR GLOBAL CLINICAL LIMITED,Technology
SR GLOBAL SYSTEMS LTD,Technology
SR GRAPHICS LTD,Technology
SR INFO SOLUTIONS LTD,Technology
SR SOFT LTD,Technology
SR SOFTWARE DEV LIMITED,Technology
SR SOLUTIONS LIMITED,Technology
SRE CONSULTANCY LTD,Technology
SREE DHANYA LTD,Technology
SREE MATHA TECHNOLOGIES LTD,Technology
SREEHITH LIMITED,Technology
SREERAMSHI LTD,Technology
SREERANGA IT CONSULTANCY LTD,Technology
SREYA SOLUTIONS LTD,Technology
SRF LTD,Engineering
SRI KANAPARTHY LIMITED,Healthcare
SRI PENDYALA LIMITED,Technology
SRI PRATHINIK CONSULTING LIMITED,Technology
SRI SAI GANKAR SOLUTIONS LIMITED,Technology
SRI SARADHI IT SOLUTIONS LTD,Technology
SRIANU TECHNOLOGIES LTD,Technology
SRIGEETHA LIMITED,Technology
SRIHARSHITA TECHNOLOGIES LTD,Technology
SRIL TECHNOLOGIES LIMITED,Technology
SRISHTI - NINA RAJARANI DANCE CREATIONS,Education
SRISHTI IT SOLUTIONS LIMITED,Technology
SRITECHY LTD,Technology
SRIVK PHARMA LTD,Technology
SRJ CARE HOME LIMITED,Healthcare
SRK CONSULTING (KAZAKHSTAN) LIMITED,Engineering
SRM IT SOLUTIONS LTD,Technology
SRS ACQUIOM HOLDINGS UK LTD,Finance
SRS CARE LIMITED,Healthcare
SS & KS CONSULTING LTD,Technology
SS CLOUD CONSULTING LIMITED,Technology
SS DIGITAL SOLUTIONS LTD,Technology
SS ELECTRONICS LIMITED,Technology
SS INFOSOL LIMITED,Technology
SS WEB TECHNOLOGIES LIMITED,Technology
SS&C FINANCIAL SERVICES INTERNATIONAL LIMITED,Technology
SS&C SOLUTIONS LIMITED,Technology
SSA SYSTEMS LIMITED,Technology
SSB ARCHITECH LTD,Technology
SSDN HEALTH CARE LTD,Healthcare
SSE - SOFITER SYSTEM ENGINEERING UK LIMITED,Engineering
SSK BUSINESS SERVICES LTD,Technology
SSNC 24HR CARING SOLUTIONS PVT LTD,Healthcare
SSOVEREIGN SOFTWARE SERVICES LIMITED,Technology
SSP HEALTH GPMS LTD,Healthcare
SSR TECHNOLOGIES (UK) LTD,Technology
SSR TRADING LIMITED,Technology
SSRK SOFTWARE LIMITED,Technology
SSRM TECHNOLOGIES LTD,Technology
SSSF CARE LTD,Healthcare
ST ALBANS CARE LIMITED,Healthcare
ST ALBANS SCHOOL,Education
ST ALOYSIUS' COLLEGE,Education
ST ANDREW'S HEALTHCARE,Healthcare
ST ANDREWS CARE HOMES LTD,Healthcare
ST ANNE'S CATHOLIC SCHOOL,Education
ST BARTHOLOMEW'S SCHOOL,Education
ST BEDE'S SCHOOL TRUST SUSSEX,Education
ST BEES SCHOOL MANAGEMENT COMPANY LIMITED,Education
ST BENEDICT CATHOLIC ACADEMY TRUST,Education
ST BENEDICT'S SCHOOL EALING,Education
ST BENEDICTS NURSING HOME LIMITED,Healthcare
ST CATHERINE CARE HOME LTD,Healthcare
ST CLARE CATHOLIC MULTI ACADEMY TRUST,Education
ST CLEARS DENTAL STUDIO LTD,Healthcare
ST COMPLETE CARE LTD,Healthcare
ST CYPRIAN'S GREEK ORTHODOX PRIMARY ACADEMY,Education
ST DAVIDS INTERNATIONAL EDUCATION LIMITED,Education
ST DUNSTAN'S EDUCATION GROUP,Education
ST EDMUND'S COLLEGE,Education
ST ELIZABETH HOSPICE,Healthcare
ST ELIZABETH'S CENTRE,Education
ST ETHELBURGA'S CENTRE FOR RECONCILIATION AND PEACE,Education
ST FRANCIS CARE HOME,Healthcare
ST GEORGE CAPITAL MANAGEMENT LIMITED,Finance
ST GEORGE'S (WIGAN) LIMITED,Healthcare
ST GEORGE'S CRYPT,Healthcare
ST GEORGE'S HOSPITAL CHARITY,Healthcare
ST GEORGES HOME CARE LTD,Healthcare
ST GEORGES SERVICES LTD,Finance
ST GILES SCHOOLS OF LANGUAGES LIMITED,Education
ST IVES LODGE CARE LTD,Healthcare
ST JAMES EXCHANGE HUB LTD,Technology
ST MARGARETS NURSERY LIMITED,Healthcare
ST MARK'S COURT LTD,Healthcare
ST MARY'S CATHOLIC PRIMARY SCHOOL,Education
ST MARY'S NURSING HOME LIMITED,Healthcare
ST MARY'S SCHOOL ASCOT,Education
ST MELLITUS COLLEGE TRUST,Education
ST PAUL'S ACADEMY,Education
ST PETER'S CATHOLIC VOLUNTARY ACADEMY TRUST,Education
ST RALPH SHERWIN CATHOLIC MULTI ACADEMY TRUST,Education
ST RAPHAEL'S HOSPICE,Healthcare
ST TERESA OF CALCUTTA CATHOLIC ACADEMY TRUST,Education
ST VINCENT DE PAUL SOCIETY (ENGLAND & WALES),Healthcare
ST VINCENT'S CATHOLIC PRIMARY SCHOOL,Education
ST. ELMO CARE LTD,Healthcare
ST. LUKE'S OXFORD,Healthcare
ST. MARY NURSERIES LIMITED,Healthcare
ST.MICHAEL'S SUPPORT LIMITED,Healthcare
STABILITI LTD,Technology
STABILITY AI LTD,Technology
STABLE LIVES CARE LTD,Healthcare
STACK INFRASTRUCTURE EMEA LIMITED,Technology
STACK OVERFLOW LTD,Technology
STACKFLOW TECHNOLOGIES UK LTD,Technology
STACKHPC LTD,Engineering
STAFF MANAGEMENT LIMITED,Healthcare
STAFF SUPPORT SERVICES LIMITED,Healthcare
STAFFORD CAPITAL PARTNERS LIMITED,Finance
STAFFORDSHIRE CHIROPRACTIC CLINICS LIMITED,Healthcare
STAGE ENTERPRISES LIMITED,Technology
STAINES CHIROPRACTIC LTD,Healthcare
STAINLESS STEEL VESSELS LIMITED,Engineering
STAINLESS UK LIMITED,Engineering
STALIS LIMITED,Technology
STALLIONS SOLUTIONS LTD,Technology
STALLIONS TECHNOLOGIES LTD,Technology
STAMFORD HEALTHCARE LIMITED,Healthcare
STAMFORD HILL COMPUTERS LTD,Technology
STANBOROUGH SCHOOL,Education
STANDARD ADVISORY LONDON LIMITED,Finance
STANDARD CARE LIMITED,Healthcare
STANDARD CHARTERED BANK,Finance
STANDARD INFORMATION SERVICES LIMITED,Technology
STANDEX INTERNATIONAL LIMITED,Engineering
STANDING TOGETHER AGAINST DOMESTIC ABUSE,Healthcare
STANDISH MANAGEMENT (UK) LTD,Finance
STANDWALK LTD,Healthcare
STANDWITHUS UK,Education
STANFIELD NURSING HOME LIMITED,Healthcare
STANHOPE AI LTD,Technology
STANLEY DAVID AND ASSOCIATES LIMITED,Technology
STANMORE ASSOCIATES LIMITED,Healthcare
STANTON WILLIAMS LIMITED,Engineering
STAR ACADEMIES,Education
STAR ANGEL CARE LIMITED,Healthcare
STAR BRIGHT DAY NURSERY LIMITED,Education
STAR CARE UK LTD,Healthcare
STAR DOMICILIARY CARE LIMITED,Healthcare
STAR FITTERS LTD,Engineering
STAR METAL FABRICATION LTD,Engineering
STAR RESIDENTIAL HOME LTD,Healthcare
STARBOARD SYSTEMS LIMITED,Technology
STARBOARD TACK LTD,Healthcare
STARBURST DATA UK LIMITED,Technology
STARDENS LIMITED,Healthcare
STARDENT LTD,Healthcare
STARFISH SUPPORT SERVICES LIMITED,Healthcare
STARFISH VIRTUAL LABS LIMITED,Technology
STARIA LIMITED,Technology
STARK SOFTWARE INTERNATIONAL LTD.,Technology
STARKS ASSOCIATES LIMITED,Technology
STARLIGHT SUPPORT SERVICES LTD,Healthcare
STARLIGHT TRANSITIONAL CARE LTD,Healthcare
STARLINE2000 LTD,Healthcare
STARLING BANK LIMITED,Finance
STARLINK GLOBAL LTD,Technology
STARR UNDERWRITING AGENTS LIMITED,Finance
STARREZ LTD,Technology
STARS EDUCATION & TRAINING LTD,Education
START BRIGHT NURSERY LIMITED,Healthcare
START FROM TODAY LTD,Technology
STARTED PR LIMITED,Finance
STARTEK GROUP LTD,Technology
STARTLINE MOTOR FINANCE LIMITED,Finance
STARTUP STAGE LIMITED,Finance
STARTUP VOYAGER DIGITAL UK LIMITED,Technology
STARTWELL ENGINEERING (U.K.) LIMITED,Engineering
STARZ CARE LTD,Healthcare
STASHBEE LTD,Technology
STATE CARE SOLUTIONS LIMITED,Healthcare
STATE OF FLUX LIMITED,Technology
STATECHANGED LIMITED,Finance
STAYWOOD LIMITED,Healthcare
STC INSISO LTD,Technology
STE SERVICES LTD,Technology
STEADFAST GROUP (UK) LTD,Finance
STEADY CARE SERVICES LTD,Healthcare
STEADY CARE SOLUTIONS LIMITED,Healthcare
STEAMA COMPANY LIMITED,Technology
STEAMSHIP INSURANCE MANAGEMENT SERVICES LIMITED,Finance
STEAMX SERVICES LTD,Technology
STECH INTERNATIONAL LIMITED,Engineering
STEEL CITY INTERACTIVE LTD,Technology
STEEL SERVICE CENTRE LIMITED,Engineering
STEEL SOFTWARE SOLUTIONS LIMITED,Technology
STEELWORX LTD,Engineering
STELLAR FUSION GROUP LIMITED,Technology
STELLAR HEALTHCARE SOLUTIONS LIMITED,Healthcare
STELLEN INFOTECH LTD,Technology
STEM CENTRE LTD,Education
STEM TIPTECH LTD,Technology
STEMAX CONSULT HEALTHCARE SERVICES LIMITED,Healthcare
STEMAZINGKIDS CIC,Education
STEP AHEAD CARE SERVICES LTD,Healthcare
STEP EXCHANGE LIMITED,Finance
STEP LADDER SOLUTIONS LTD.,Finance
STEP UP CHILDREN AND FAMILY SERVICES LIMITED,Healthcare
STEPHEN GEORGE LIMITED,Engineering
STEPHEN SUPPORT SERVICES LTD,Healthcare
STEPPING STONE INDEPENDENT LIVING LTD,Healthcare
STEPPING STONES EDUCATION LTD,Education
STEPS EDUCATION LIMITED,Education
STEPS REHABILITATION LIMITED,Healthcare
STERLING AI SOLUTIONS LTD,Technology
STERLING DRIVING SCHOOL LTD,Education
STERLING ESSENCE CARE LTD,Healthcare
STERLING SOLUTIONS LONDON LIMITED,Technology
STERLING STREET LIMITED,Finance
STERLING STUDY LTD,Education
STERLING THERMAL TECHNOLOGY LIMITED,Engineering
STERLINGWORTH SURVEYORS LTD,Engineering
STEWARD HOLDINGS LTD.,Finance
STEWARDS ACADEMY TRUST,Education
STEWART TITLE LIMITED,Finance
STEYNDENT LIMITED,Healthcare
STICK 'N' STEP,Education
STICK-MIG-WELDING FABRICATION LTD,Engineering
STICS LIMITED,Technology
STIFEL NICOLAUS EUROPE LIMITED,Finance
STIFF AND TREVILLION ARCHITECTS LIMITED,Engineering
STIFFORD CENTRE LIMITED,Education
STILLCARE LTD,Healthcare
STILTZ LIMITED,Engineering
STL DIGITAL UK LIMITED,Technology
STLC TECHNO SOLUTIONS LIMITED,Technology
STM TECHIES LIMITED,Technology
STOCKDALE STREET LIMITED,Finance
STOCKS HALL CARE HOMES LIMITED,Healthcare
STOCKS SEWING MACHINES LIMITED,Engineering
STOCKTON CARE LIMITED,Healthcare
STOKE 365 LIMITED,Healthcare
STOKELY HEALTHCARE LTD,Healthcare
STOKEN HEALTHCARE LTD,Healthcare
STOLLE EMS GROUP LIMITED,Finance
STOLON STUDIO LTD,Engineering
STONE NEST,Healthcare
STONE RAM LIMITED,Technology
STONE SOUP LEARNS,Education
STONECROSS CARE HOME (KENDAL) LTD,Healthcare
STONESBY HOUSE LTD,Healthcare
STONEWOOD BUILDERS HOLDINGS LIMITED,Finance
STONEWOOD COMPLEX CARE LTD,Healthcare
STONEX FINANCIAL LTD,Finance
STONEYFORD SC LTD,Healthcare
STONYHURST,Education
STOP THE TRAFFIK,Technology
STOP-CHOC LIMITED,Engineering
STOREBOOST LTD,Technology
STORED. TECH LTD,Technology
STOREGGA SERVICES LIMITED,Engineering
STORELAB AI LTD,Technology
STORILABS UK LIMITED,Technology
STORM GAMES LIMITED,Technology
STORM HOMECARE LIMITED,Healthcare
STORM-I.T. LIMITED,Technology
STORMY UK LTD,Technology
STORSKOGEN UK LIMITED,Finance
STORTERA LTD,Engineering
STORY HOUSE EGMONT LIMITED,Technology
STORYBLOK LTD,Technology
STOWE SCHOOL LIMITED,Education
STRADA CARE LTD,Healthcare
STRAIGHT TALKING TELCO LIMITED,Technology
STRAIGHT UP TECHNOLOGIES UK LIMITED,Technology
STRAMASH SOCIAL ENTERPRISE,Education
STRATACENT UK LIMITED,Technology
STRATAVIS ENGINEERING LTD,Engineering
"STRATEGIC ALTERNATIVE FUNDS GROUP (UK), LTD",Technology
STRATEGIC BLUE SERVICES LIMITED,Technology
STRATEGIC SOFTWARE APPLICATIONS LTD,Technology
STRATEGIC TRANSFER SOLUTIONS LIMITED,Finance
STRATELA LTD,Technology
STRATESYS TECHNOLOGY SOLUTIONS LIMITED,Technology
STRATFORD COLLEGE LONDON LIMITED,Education
STRATFORD SCHOOL ACADEMY,Education
STRATHALLAN SCHOOL,Education
STRATHMORE CARE HOME LIMITED,Healthcare
STRATIPHY LIMITED,Technology
STRATUS CONSULTANTS LTD,Technology
STRAWBERRY FIELDS NURSERY SCHOOL LIMITED,Healthcare
STRAWBERRY STAR CAPITAL LTD,Finance
STREAM DEFENCE LTD,Engineering
STREAM PLATFORMS LTD,Technology
STREAMBASED LTD,Technology
STREAMFIND LTD,Technology
STREAMHUB LIMITED,Technology
STREAMLINE ACCIDENT REPAIR CENTRE LIMITED,Engineering
STREAMLINED FORENSIC REPORTING LIMITED,Healthcare
STREAMVECTOR UK LIMITED,Technology
STREET CHILD,Healthcare
STREET CRANE COMPANY LIMITED,Engineering
STREETS AHEAD (BORDERS),Healthcare
STRIDE CONSULTING ENGINEERS LTD,Engineering
STRIDE VENTURES UK ADVISORS LTD,Finance
STRIDEUP HOMES LIMITED,Finance
STRIDON LIMITED,Technology
STRINGR LTD,Technology
STRINGSFP LIMITED,Finance
STRIPE CONSULTING LIMITED,Engineering
STRIPE PAYMENTS UK LTD,Technology
STRIVE AND SUCCEED LTD,Healthcare
STRIVE SIMULATIONS LTD,Technology
STRIVE4 ACADEMY TRUST,Education
STROLLL LIMITED,Technology
STRONG LIFE CARE (HESSLEWOOD HOUSE) LIMITED,Healthcare
STRONGBAR LIMITED,Engineering
STROUD CARE PROPERTY LIMITED,Healthcare
STRUCTIC LTD,Engineering
STRUCTURAL & CIVIL CONSULTANTS LTD,Engineering
STRUCTURAL & WELD TESTING SERVICES LIMITED,Engineering
STRUCTURAL DESIGN ASSOCIATES LTD,Engineering
STRUCTURED ENVIRONMENT LIMITED,Engineering
STRUDEL LABS LIMITED,Technology
STRUMIS LTD,Technology
STRYKER UK LIMITED,Healthcare
STUBBY LEAS CARE HOME LTD,Healthcare
STUDENT CONNECT LTD,Education
STUDENT EDUCATIONAL SERVICES LTD,Education
STUDENT HOMES MANAGEMENT LIMITED,Finance
STUDENT PARTNERS LIMITED,Education
STUDENTS FEE COLLECTION SERVICES LIMITED,Education
STUDI+O LIMITED,Engineering
STUDIO 5 GAMES LIMITED,Technology
STUDIO BUA LONDON LTD,Engineering
STUDIO CO2 LIMITED,Technology
STUDIO EGRET WEST LIMITED,Engineering
STUDIO GRAPHENE LIMITED,Technology
STUDIO HOODLESS LTD,Engineering
STUDIO ISO LIMITED,Engineering
STUDIO MANGO LTD,Engineering
STUDIO MAP LIMITED,Engineering
STUDIO MONTAGU LIMITED,Engineering
STUDIO RHE LTD,Engineering
STUDIO RHL LTD,Engineering
STUDIO TIM FU LTD,Engineering
STUDIO WOODROFFE PAPA LTD,Engineering
STUDY ABROAD GLOBAL LTD,Education
STUDY ADVISERS LTD,Education
STUDY BRIGHT LIMITED,Education
STUDY FIRST GROUP LIMITED,Education
STUDY GROUP LIMITED,Education
STUDY IN ENGLAND LTD,Education
STUDY LANE LIMITED,Education
STUDY WITH FM LTD,Education
STUDY4ABETTERFUTURE LIMITED,Education
STUFISH LIMITED,Engineering
STURENTS LIMITED,Technology
STYLE ACRE,Healthcare
STYLE ANALYTICS LIMITED,Technology
STYLESCAPE LIMITED,Technology
STYLIB LIMITED,Technology
STYXTECH LTD,Technology
SU AND NINYA LTD,Healthcare
SUADE LABS LTD,Technology
SUB-CNC PRECISION LTD,Engineering
SUBLIME CARE SOLUTION LIMITED,Healthcare
SUBRICKZZ LTD,Technology
SUBSTANCE 2005 LIMITED,Engineering
SUCCESS AT SCHOOL LTD,Technology
SUCCESS POINT ASSOCIATE LTD,Healthcare
SUCDEN FINANCIAL LIMITED,Finance
SUDERA CARE ASSOCIATES LIMITED,Healthcare
SUDO BIOSCIENCES LIMITED,Engineering
SUFFAH SERVICES LIMITED,Technology
SUFFOLK NEWMEDICA LIMITED,Healthcare
SUFFOLK SERENITY LIVING LIMITED,Healthcare
SUFI GUIDANCE LTD,Education
SUGANSA SOLUTIONS LIMITED,Technology
SUGAR RUSH CREATIVE LTD,Technology
SUGILITE THERAPEUTIC & SKIN CARE SERVICES LTD,Healthcare
SUGY DENTAL LTD,Healthcare
SUISSETECHPARTNERS (UK) LIMITED,Technology
SULEM CARE LIMITED,Healthcare
SULZER CHEMTECH (UK) LIMITED,Engineering
SUM EX INTERNATIONAL LIMITED,Finance
SUMA SOFTWARE SOLUTIONS LIMITED,Technology
SUMAYA SOLUTIONS LIMITED,Technology
SUMDOG LTD,Technology
SUMEN INTERNATIONAL LIMITED,Education
SUMER GROUP HOLDINGS LIMITED,Finance
SUMITOMO ELECTRIC FINANCE UK PLC,Finance
SUMITOMO MITSUI TRUST INTERNATIONAL LIMITED,Finance
SUMMER INTERNATIONAL GROUP LTD,Education
SUMMERCARE LIMITED,Healthcare
SUMMERHILL SERVICES LIMITED,Healthcare
SUMMERHOUSE LIMITED,Healthcare
SUMMERLANDS CARE LIMITED,Healthcare
SUMMIT (OXFORD) LIMITED,Engineering
SUMMIT CREATIVE LTD,Technology
SUMMIT LEARNING TRUST,Education
SUMMIT LODGE LTD,Healthcare
SUMMIX CAPITAL LIMITED,Finance
SUMMIZE LIMITED,Technology
SUMO OPTIMUS LTD,Technology
SUMOLOGIC LIMITED,Technology
SUMUDU VENTURES LIMITED,Technology
SUMUP PAYMENTS LIMITED,Technology
SUN AND BRIDGE LTD,Healthcare
SUN GLOBAL INVESTMENTS LIMITED,Finance
SUN TECH GROUP LTD,Technology
SUNBEAM FOSTERING AGENCY LIMITED,Healthcare
SUNBREEZE HEALTHCARE LIMITED,Healthcare
SUNBURY MANOR SCHOOL,Education
SUNDAY APP LIMITED,Technology
SUNDERLAND COUNSELLING SERVICE,Healthcare
SUNDIAL BIDCO LIMITED,Finance
SUNDIAL CLINICS LIMITED,Healthcare
SUNDIAL VIEW LIMITED,Healthcare
SUNFLOWERS CARE LIMITED,Healthcare
SUNIKET SOLUTIONS LIMITED,Technology
SUNLIT MONTESSORI LIMITED,Healthcare
SUNLIT TECHNOLOGIES LTD,Technology
SUNLITE HEALTH CARE LTD,Healthcare
SUNMOON CONSULTANCY LIMITED,Technology
SUNNY CARE HOMES LTD,Healthcare
SUNNY SHOPFRONT AND SHUTTERS LTD,Engineering
SUNRATE PARTNERS UK LIMITED,Finance
SUNRISE DAY CARE SERVICES LTD,Healthcare
SUNRISE HILL CARE LTD,Healthcare
SUNRISE MENTAL HEALTH LTD,Healthcare
SUNRISE NURSERIES LTD,Education
SUNRISE SYSTEMS LIMITED,Technology
SUNRISING UK GROUP LTD,Technology
SUNSET CARE LTD,Healthcare
SUNSHINE CARE AGENCY LTD,Healthcare
SUNSHINE CARE STAFFORD LIMITED,Healthcare
SUNSHINE CORNER LIMITED,Education
SUNTEK TECHNOLOGY SERVICES LIMITED,Technology
SUNTORY EUROPE LIMITED,Finance
SUPADU LIMITED,Technology
SUPER BENJI LIMITED,Technology
SUPER CARE LIMITED,Healthcare
SUPER NRG LIMITED,Technology
SUPER PAYMENTS LTD,Finance
SUPER START LIMITED,Education
SUPER TUTORS INTERNATIONAL EDUCATION LTD,Education
SUPERCARE RESIDENTIAL LTD,Healthcare
SUPERCEDE TECHNOLOGY LTD,Technology
SUPERCONTROL LIMITED,Technology
SUPERCRAFT LIMITED,Engineering
SUPERDERIVATIVES UK LIMITED,Technology
SUPERDIELECTRICS LTD,Engineering
SUPERIOR CARE (MIDLANDS) LIMITED,Healthcare
SUPERIOR CARE GROUP LTD,Healthcare
SUPERMASSIVE GAMES LIMITED,Technology
SUPERMETRICS UK LIMITED,Technology
SUPERNODE GLOBAL LTD,Finance
SUPERNOVA UK BIDCO LIMITED,Finance
SUPERRB LIMITED,Technology
SUPPLY@ME CAPITAL PLC,Technology
SUPPORT 4 LIFE LIMITED,Healthcare
SUPPORT AND SUSTAIN CARE LTD,Healthcare
SUPPORT ASIA LIMITED,Healthcare
SUPPORT BY HEART LTD,Healthcare
SUPPORT DIRECT LIMITED,Healthcare
SUPPORT HEALTH AND WELLBEING LIMITED,Healthcare
SUPPORT HORIZONS COMMUNITY INTEREST COMPANY,Healthcare
SUPPORT NETWORK LTD,Healthcare
SUPPORT TO LEAD LTD,Healthcare
SUPPORT UNLIMITED UK LTD,Healthcare
SUPPORT WAREHOUSE LIMITED,Technology
SUPPORT'ED LIMITED,Healthcare
SUPPORT4U LTD,Healthcare
SUPPORTED LIVING ENABLEMENT SERVICES LTD,Healthcare
SUPPORTED LIVING SERVICES LTD,Healthcare
SUPPORTING CARE BARKING AND DAGENHAM LTD,Healthcare
SUPPORTING CARE LTD,Healthcare
SUPPORTING CARE REDBRIDGE LTD,Healthcare
SUPPORTING HANDS CARE SERVICES LTD,Healthcare
SUPPORTING INDEPENDENCE LIMITED,Healthcare
SUPPORTIVE SRC LTD,Healthcare
SUPRA SOLUTIONS LIMITED,Technology
SUPRBIT LIMITED,Technology
SUPREMACY CARE SERVICES LIMITED,Healthcare
SUPREME CARE SERVICES LIMITED,Healthcare
SUPREME CBD LTD,Healthcare
SUPREME CHILD CARE LTD,Healthcare
SUPREME DRIVE LIMITED,Finance
SURAKSHA TECHNOLOGIES LIMITED,Technology
SURE CARE (UK) LIMITED,Healthcare
SURE ENERGY SOLUTIONS LTD,Engineering
SURE START FOSTERING AGENCY LIMITED,Healthcare
SURECARE HEALTH LIMITED,Healthcare
SURECARE NEWCASTLE LIMITED,Healthcare
SURECLOUD LIMITED,Technology
SURFACEPREP UK LIMITED,Finance
SURFMAN-UK LIMITED,Technology
SURGE HEALTHCARE LTD,Healthcare
SURGE MARKETING SOLUTIONS LTD,Technology
SURGIMED HEALTHCARE LTD,Healthcare
SURREALDB LTD,Technology
SURREY APPLIANCES LIMITED,Engineering
SURREY HOMECARE LIMITED,Healthcare
SUSANNE KAUFMANN LIMITED,Finance
SUSASH GB LTD,Healthcare
SUSASH SHEFFIELD LTD,Healthcare
SUSSEX BABY SCANS LTD,Healthcare
SUSSEX COMMUNITY DERMATOLOGY SERVICE LTD,Healthcare
SUSSEX NIGHTSTOP PLUS LIMITED,Healthcare
SUSTAINABILITY DEVELOPMENT,Education
SUTTON COURT ASSOCIATES LIMITED,Healthcare
SUTTON COURT HOMES LIMITED,Healthcare
SUTTON DENTAL & IMPLANT CLINIC LIMITED,Healthcare
SUTTON HARBOUR GROUP PLC,Finance
SUTTON NURSING HOMES LIMITED,Healthcare
SUTTON VENY HOUSE LIMITED,Healthcare
SUVERA LTD,Technology
SUYRT LIMITED,Technology
SUZANNA MARIA EMMANUEL LIMITED,Healthcare
SV BUSINESS SOLUTIONS LTD,Technology
SV IT SERVICES LTD,Technology
SVG BUSINESS INFO LTD,Technology
SVI SOLUTIONS LTD,Technology
SVK SOFTWARE LTD,Technology
SVK SOLUTIONS LTD,Technology
SVL BUSINESS SOLUTIONS LIMITED,Technology
SVRI UK LIMITED,Finance
SVRT LTD,Healthcare
SW & H LIMITED,Engineering
SW17 SURVEYORS LIMITED,Engineering
SW7 SERVICES (UK) LIMITED,Finance
SWAAY CHILD AND ADOLESCENT SERVICES LIMITED,Healthcare
SWAKELEYS SCHOOL FOR GIRLS,Education
SWALE ACADEMIES TRUST,Education
SWALLOW TECHNOLOGY LIMITED,Technology
SWALLOWCOURT LIMITED,Healthcare
SWANSOFT LTD,Technology
SWANTON CARE & COMMUNITY LIMITED,Healthcare
SWAP CIRCLE LIMITED,Technology
SWAPMONEY LTD,Technology
SWAPS MONITOR PUBLICATIONS UK LIMITED,Technology
SWARAJ TECHNOLOGIES LIMITED,Technology
SWAYAM LTD,Technology
SWEATCO LTD,Technology
SWEECH DATA SOLUTIONS LTD,Technology
SWEEP LONDON LIMITED,Finance
SWEET HOMES LIMITED,Healthcare
SWEET POTATO TEC LTD,Technology
SWEETTREE HOME CARE SERVICES LIMITED,Healthcare
SWIDCH LIMITED,Engineering
SWIFT ALERT SERVICES LTD,Technology
SWIFT CARE SERVICES LTD,Healthcare
SWIFT GLOBAL ECO SOLUTIONS LIMITED,Technology
SWIFT STRATEGIES LIMITED,Technology
SWIFTERIO LIMITED,Technology
SWIFTHAND CARE SERVICES LIMITED,Healthcare
SWIFTNET SOLUTIONS LIMITED,Technology
SWIFTTECH IT SOLUTIONS LTD,Technology
SWILLBROOK LIMITED,Healthcare
SWIMLANE UK LTD,Technology
SWINDON SCANS LIMITED,Healthcare
SWIPE & TAP LTD,Technology
SWISS FINANCE CORPORATION LIMITED,Finance
SWISS HOUSE CARE HOME LIMITED,Healthcare
SWISS LIFE ASSET MANAGERS UK LIMITED,Finance
SWISSQUOTE LTD,Finance
SWITCH SQUID LTD,Technology
SWITCH TRAINING LTD,Education
SWITCHSHOP LIMITED,Technology
SWMEDICARE LIMITED,Healthcare
SWOGO LIMITED,Technology
SWOOP FINANCE LIMITED,Finance
SWOOSHTRANSFER LTD,Finance
SWOR LIMITED,Healthcare
SWORD TECHNOLOGY SOLUTIONS LIMITED,Technology
SWYVL LTD,Technology
SY4SECURITY LIMITED,Technology
SYCAMORE PROCESS ENGINEERING LIMITED,Engineering
SYCURIO LIMITED,Technology
SYDNEY IFA LIMITED,Finance
SYED SERVICES LTD,Finance
SYEDAALAM LTD,Healthcare
SYGNATURE DISCOVERY LIMITED,Engineering
SYGNIA ASSET MANAGEMENT UK LIMITED,Finance
SYKASYS TECHNOLOGIES LIMITED,Technology
SYLVERA LTD,Technology
SYLVERSYS GROUP LTD,Technology
SYLWIA CARE LIMITED,Healthcare
SYM CARE LTD,Healthcare
SYMBIOSIS CARE LIMITED,Healthcare
SYMBOLICA AI LIMITED,Technology
SYMEUS LTD,Technology
SYMFOS LIMITED,Technology
SYMMETRIC WAVE LIMITED,Technology
SYMPHONY HEALTHCARE SERVICES LIMITED,Healthcare
SYMPHONY VENTURES LTD,Finance
SYMPHORNA LIMITED,Engineering
SYMTRAX LIMITED,Technology
SYMVAN CAPITAL LIMITED,Finance
SYNACK EUROPE LIMITED,Technology
SYNACOR EUROPE LIMITED,Technology
SYNAMEDIA LIMITED,Technology
SYNAPPS SOLUTIONS LIMITED,Technology
SYNATIV TECHNOLOGIES LTD,Technology
SYNBIOSYS LTD,Engineering
SYNCONA INVESTMENT MANAGEMENT LIMITED,Finance
SYNCRON UK LIMITED,Technology
SYNDESI ONE LIMITED,Technology
SYNDEX BIO LTD,Engineering
SYNDICATE ROOM LTD,Finance
SYNDIGO UK LTD,Technology
SYNECHRON LIMITED,Technology
SYNECTICS SOLUTIONS LIMITED,Technology
SYNERGISTIK LIMITED,Technology
SYNERGY AUTOMATICS LTD,Technology
SYNERGY DENTAL CLINIC LTD,Healthcare
SYNERGY HEALTH & CARE LIMITED,Healthcare
SYNERGY HEALTH MANAGED SERVICES LIMITED,Healthcare
SYNERGY MARKETS LTD,Finance
SYNERGY MULTI ACADEMY TRUST,Education
SYNERGY SAFETY SOLUTIONS LTD,Education
SYNERGY SOLUTIONS INTERNATIONAL LIMITED,Technology
SYNERGY3 GROUP LIMITED,Technology
SYNERTIC LIMITED,Engineering
SYNETEC LTD,Technology
SYNGENSYS LIMITED,Engineering
SYNTASA UK LIMITED,Technology
SYNTASSO LIMITED,Technology
SYNTAX INTEGRATION LIMITED,Technology
SYNTEL EUROPE LIMITED,Technology
SYNTENY BIOTECHNOLOGY LIMITED,Technology
SYNTHACE LIMITED,Engineering
SYNTHESIA LIMITED,Technology
SYNTHESIZED LTD,Technology
SYNTURA GROUP LIMITED,Technology
SYNVERSE TECH LIMITED,Technology
SYNX THERAPEUTICS LTD,Engineering
SYPM CARE LTD,Healthcare
SYSCO INFOTECH LTD,Technology
SYSDA TECH LTD,Technology
SYSDIG LTD,Technology
SYSDOC LIMITED,Technology
SYSGROUP PLC,Technology
SYSMETICS LTD,Technology
SYSNOUS CONSULTING LTD,Technology
SYSTEM FORCE I.T. LIMITED,Technology
SYSTEM LOCO LTD,Technology
SYSTEMATIC SOFTWARE ENGINEERING LIMITED,Technology
SYSTEMRAPID LIMITED,Technology
SYSTEMS IO LIMITED,Technology
SYSTEMS IT SUPPORT AND CONSULTANCY LIMITED,Technology
SYSTEMS TECHNOLOGY CONSULTANTS LIMITED,Technology
SYSTEMSDNA LIMITED,Technology
SYTEL LIMITED,Technology
T & S HEALTHCARE SERVICES LIMITED,Healthcare
T D DATA CONSULTANCY LTD,Technology
T DOT UK LIMITED,Technology
T G U ENG LIMITED,Engineering
T LIVES HEALTHCARE LTD,Healthcare
T&J LEGACY GROUP LIMITED,Healthcare
T&V ENGINEERING SOLUTIONS LTD,Engineering
T'N'G ELECTRICAL SERVICES LTD,Engineering
T-BOT CARE DYNAMICS LIMITED,Healthcare
T-CYPHER BIO LIMITED,Engineering
T-ILM LTD,Education
T-THERAPEUTICS LIMITED,Engineering
T.E.A.M EDUCATION TRUST,Education
T.EN E&C LIMITED,Engineering
T.L. CARE (NW) LIMITED,Healthcare
T.S.B. ENGINEERING LIMITED,Engineering
T101 LIMITED,Technology
T21 SERVICES LIMITED,Technology
T4 PHYSIO LIMITED,Healthcare
TAAR TECHNOLOGICA LTD,Technology
TAB LABS LTD,Technology
TABLE TURNERS LTD,Technology
TABLED TECHNOLOGIES LIMITED,Technology
TABLY LTD.,Technology
TACE HEALTHCARE LTD,Healthcare
TACTILE GAMES LIMITED,Technology
TACWISE GROUP PLC,Engineering
TAD ASSOCIATES LIMITED,Engineering
TADLEY DENTAL CARE LTD,Healthcare
TAG36 LIMITED,Technology
TAGMATIX360 LTD,Technology
TAGSHAW CONSULTING LIMITED,Technology
TAI LJ LTD,Technology
TAICHI TECH LTD,Technology
TAILOR BIO LTD,Engineering
TAILORED CARE SERVICES LTD,Healthcare
TAILORED LIMITED,Technology
TAINOTECH HOLDING LIMITED,Finance
TAKE 4 CARE LTD,Healthcare
TAL MARKETING GROUP LIMITED,Finance
TALANOS CYBERSECURITY LIMITED,Technology
TALBOT INDUSTRIES LTD,Technology
TALEEM FOUNDATION,Education
TALENT ACQUISITIONCO UK LIMITED,Technology
TALENT CARE EDUCATION LTD,Education
TALENT GOLD PLUS LIMITED,Technology
TALENT NEXT CONSULTING SERVICES LTD,Technology
TALENT TECHNOLOGY LIMITED,Technology
TALENTEAM LIMITED,Technology
TALENTIA GROUP LIMITED,Finance
TALINK LTD,Technology
TALIS CAPITAL LIMITED,Finance
TALK&TEXT LTD,Engineering
TALKTALK BUSINESS DIRECT LIMITED,Technology
TALKTALK TELECOM LIMITED,Technology
TALLARIUM LIMITED,Technology
TALOGY LIMITED,Technology
TALON SECURITY SERVICES LTD,Technology
TALON.ONE UK LTD,Technology
TALOS RISK LIMITED,Technology
TALOS TRADING SOLUTIONS LIMITED,Technology
TAMAR CARE (LONDON) LIMITED,Healthcare
TAMAR CARE SERVICES SOUTHWEST LTD,Healthcare
TAMAR HEALTHCARE LTD,Healthcare
TAMAR SUPPORT SERVICES LIMITED,Healthcare
TAMESIDE LINK,Healthcare
TAMMY'S TINY TOTS LIMITED,Healthcare
TAMU HOMES SUPPORTED ACCOMMODATION LTD,Healthcare
TAMWORTH HOME CARE LIMITED,Healthcare
TAN CAPITAL LIMITED,Finance
TANCREDI INTELLIGENT COMMUNICATION LTD,Technology
TANDEM BANK LIMITED,Finance
TANG ASSOCIATES LIMITED,Technology
TANG GROUP LTD,Education
TANG TECHNOLOGY CONSULTANCY LTD,Technology
TANGENT INNOVATIVE SYSTEMS LIMITED,Technology
TANGERINE LIMITED,Engineering
TANGLEWOOD PROJECT COMPANY NO. 2 LIMITED,Healthcare
TANGOPAY LIMITED,Finance
TANGRAM THERAPEUTICS PLC,Engineering
TANIUM UK LIMITED,Technology
TANJEEMA CHILDCARE LTD,Healthcare
TANNLIN TECHNOLOGY LIMITED,Engineering
TANTINET (UK) LIMITED,Technology
TANZANITE SOLUTIONS LTD,Technology
TANZO TECHNOLOGIES LTD,Technology
TAP ADVISORS LTD.,Finance
TAP LONDON LIMITED,Technology
TAPCOENPRO UK LTD,Engineering
TAPI UK LTD,Technology
TAPILINK TECHNOLOGY LIMITED,Technology
TAPVIM CARE SERVICES LIMITED,Healthcare
TARA ENGINEERING SOLUTIONS LTD,Engineering
TARA SOLUTIONS LTD,Technology
TARANTULA.NET LIMITED,Technology
TARGET GROUP LIMITED,Technology
TARGET3D LIMITED,Technology
TARKA LEARNING PARTNERSHIP,Education
TARPEYS LTD,Healthcare
TARRING PARK LIMITED,Healthcare
TARYNATT HEALTHCARE LIMITED,Healthcare
TASKIZE LIMITED,Technology
TASKRABBIT LIMITED,Technology
TASMAN ANALYTICS LIMITED,Technology
TASMAN GROUP LIMITED,Technology
TASTER FOOD UK LIMITED,Finance
TATA COMMUNICATIONS (UK) LIMITED,Technology
TATA MOTORS DESIGN TECH CENTRE PLC,Engineering
TATA TECHNOLOGIES EUROPE LIMITED,Technology
TATAN MAIL LIMITED,Technology
TATVASOFT UK LIMITED,Technology
TAUNTON SCHOOL EDUCATIONAL CHARITY,Education
TAURUS HEALTHCARE LIMITED,Healthcare
TAVASTECHS LTD,Technology
TAVERN STREET DENTAL PRACTICE LTD,Healthcare
TAX COMPUTER SYSTEMS LIMITED,Technology
TAX TECH ENTERPRISE LTD,Technology
TAX'D LTD,Technology
TAXACCOLEGA LTD,Technology
TAXVISE MANAGEMENT CONSULTANTS LTD,Technology
TAY THERAPEUTICS LIMITED,Engineering
TAYEM CARE SERVICES LTD,Healthcare
TBC BANK GROUP PLC,Finance
TBC CREATIVE SERVICES & CONSULTANCY LTD,Technology
TBC GROUP LTD,Technology
TBI MANUFACTURING LIMITED,Engineering
TBS ENGINEERING LIMITED,Engineering
TBSS CARE LTD,Healthcare
TBTT DIRECT LIMITED,Healthcare
TC CARE LIMITED,Healthcare
TCJ'S TECHNOLOGIES PVT LIMITED,Technology
TCM SOLUTIONS LIMITED,Technology
TCM WEALTH LIMITED,Finance
TCMI UK LTD,Finance
TCOBOTS LIMITED,Technology
TCOMET LTD,Engineering
TCW EUROPE LIMITED,Finance
TDG INTERNATIONAL LTD,Education
TEACH FIRST,Education
TEACH FOR ALL NETWORK,Education
TEACHBEYOND,Education
TEACHER TRAINING INTERNATIONAL LIMITED,Education
TEALIUM LIMITED,Technology
TEAM 17 DIGITAL LIMITED,Technology
TEAM BLUE INTERNET SERVICES UK LIMITED,Technology
TEAM CREATION LIMITED,Technology
TEAM DRIVING LTD,Education
TEAM GRAVITA II LIMITED,Finance
TEAM INDUSTRIAL SERVICES (UK) LIMITED,Engineering
TEAM LIFESTYLE GROUP LIMITED,Healthcare
TEAM SAVANTE GROUP UK LIMITED,Technology
TEAM SURF LIMITED,Technology
TEAM34 LTD,Engineering
TEAMTEK GLOBAL LTD,Technology
TEAMVIEWER UK LIMITED,Technology
TEAMWILL CONSULTING UK LIMITED,Technology
TEAMWORKS INNOVATIONS UK LIMITED,Technology
TEARFUND,Healthcare
TEASDALE HEALTHCARE LTD,Healthcare
TEAVARO LIMITED,Technology
TEC SURGERY LTD,Engineering
TECH ALCHEMY LIMITED,Technology
TECH AUTOMATION LIMITED,Technology
TECH DOT LIMITED,Technology
TECH DYNAMICS LTD,Technology
TECH ENTERPRISE SOLUTIONS LIMITED,Technology
TECH FLO (EUROPE) LIMITED,Technology
TECH GRIDS LIMITED,Technology
TECH LOGIC LONDON LIMITED,Technology
TECH NXT GEN LTD,Technology
TECH OBSERVER UK LTD,Technology
TECH PEOPLE MANAGED SERVICES LTD,Technology
TECH SIMPLIFIED LTD,Engineering
TECH SOLUTIONS LANARKSHIRE LTD,Engineering
TECH SOLUTIONS PRO LTD,Technology
TECH WHIZZ LTD,Technology
TECH YUG LTD,Technology
TECH-EPOCH MOBILE SOLUTIONS LTD,Technology
TECH-LR SERVICES LTD,Technology
TECH1 SOLUTIONS LTD,Technology
TECH14 NETWORKS LTD,Technology
TECHANDOVER LTD,Technology
TECHARY LIMITED,Technology
TECHBLOCK LTD,Technology
TECHBLOX LIMITED,Technology
TECHCASTLE DIGITAL LTD,Technology
TECHCIRRUS LTD,Technology
TECHENABLE LTD,Technology
TECHFINITY4U LIMITED,Engineering
TECHGROOVE LIMITED,Technology
TECHGUNI LIMITED,Technology
TECHINNOVA LTD,Technology
TECHINUK LIMITED,Technology
TECHLABS LONDON LTD,Technology
TECHLOGIC IT SERVICES LIMITED,Technology
TECHMATRIX LIMITED,Technology
TECHNEPLUS UK LIMITED,Technology
TECHNER LTD,Technology
TECHNEST SERVICES LTD,Technology
TECHNET ALLIANCE LIMITED,Technology
TECHNET CLOUD SOLUTIONS LIMITED,Technology
TECHNETC LIMITED,Technology
TECHNIA LIMITED,Engineering
TECHNICALWAYS LIMITED,Technology
TECHNIFIED SYSTEMS LIMITED,Technology
TECHNIFORM DENTAL LABORATORY LIMITED,Healthcare
TECHNIMOVE LIMITED,Technology
TECHNIQUE LEARNING SOLUTIONS LTD,Education
TECHNISTA LTD,Technology
TECHNIT LTD,Technology
TECHNO DIMENSIONS LIMITED,Technology
TECHNO E SERVICES LTD,Technology
TECHNO INFOSYS LTD,Technology
TECHNO POINT LTD,Technology
TECHNOBEACON CONSULTING LIMITED,Technology
TECHNOCRAFT IT SOLUTION LTD,Technology
TECHNOFIT LTD,Technology
TECHNOLOGIUM LTD,Technology
TECHNOLOGY ACE LIMITED,Technology
TECHNOLOGY ASSOCIATES PRIVATE LIMITED,Technology
TECHNOLOGY CONSULTING CORP LTD,Technology
TECHNOLOGY FOR GROWTH LIMITED,Technology
TECHNOLOGY INNOVATORS LIMITED,Technology
TECHNOLOGY RISK LIMITED,Technology
TECHNOLOGY SOLUTIONS2 LIMITED,Technology
TECHNOLOGY-TREND LIMITED,Technology
TECHNOMARCH LIMITED,Technology
TECHNOMUST LTD,Technology
TECHNOPALS UK LIMITED,Technology
TECHNOPATH CONSULTING LIMITED,Technology
TECHNOPRIDE LTD,Technology
TECHNOSERVE IT SOLUTIONS LTD,Technology
TECHNOSURGE LIMITED,Technology
TECHNOSYS LIMITED,Technology
TECHNOTRIVIA LIMITED,Technology
TECHNOVATE DIGITAL LTD,Technology
TECHNOWAY LTD,Technology
TECHNOWIZ LIMITED,Technology
TECHNOWORLD PLC,Technology
TECHOBI LTD,Healthcare
TECHPLUS SOLUTIONS LTD,Technology
TECHPROF LTD,Technology
TECHRELATE LTD,Technology
TECHRIPPER LTD,Technology
TECHSAPIENS LIMITED,Technology
TECHSERA INC LTD,Technology
TECHSOLANDSERVICES LTD,Technology
TECHSON SERVICES LTD,Technology
TECHSPIRE CONSULTING LIMITED,Technology
TECHSTOREDIRECT LTD,Technology
TECHVERTU LIMITED,Technology
TECHVISION CONSULTING LTD,Technology
TECHWAVE CONSULTING UK LIMITED,Technology
TECHWOLF LIMITED,Technology
TECHXTENDERS CONSULTING SOLUTIONS LTD,Technology
TECHY SMART LTD,Technology
TECHY'S WORLD LTD,Technology
TECHZEN LIMITED,Technology
TECKNO WORLD LTD,Technology
TECNIS ACADEMY LIMITED,Education
TECO CONSULTANTS LTD,Technology
TECOCRAFT LTD,Technology
TECONNEX LIMITED,Engineering
TECVIA LIMITED,Technology
TED GRANT EDUCATION PROJECT LTD,Education
TEDDINGTON DENTAL LIMITED,Healthcare
TEDDY'S HAVEN LTD,Healthcare
TEDEKSTRA LIMITED,Technology
TEE MARTIN LTD,Technology
TEECOM CONSULTING LIMITED,Technology
TEEMILL TECH LTD,Technology
TEEPARAM EXCHANGE LIMITED,Finance
TEES HEALTHCARE SERVICES LIMITED,Healthcare
TEES-VALLEY CARE LIMITED,Healthcare
TEETHFOREVER LIMITED,Healthcare
TEGASYS SOLUTIONS UK LIMITED,Technology
TEIKYO FOUNDATION (UK),Education
TEIKYO UNIVERSITY OF JAPAN IN DURHAM,Education
TEJ SOFTWARE SOLUTIONS LTD,Technology
TEJARA CAPITAL LIMITED,Finance
TEJAS SOFTWARE LIMITED,Technology
TEJASV DENT LTD,Healthcare
TEK HEADQUARTERS LIMITED,Technology
TEKBRIGHT SYSTEMS LTD,Technology
TEKCONSULT LIMITED,Technology
TEKCOR4 LIMITED,Technology
TEKENABLE UK LIMITED,Technology
TEKGEM (UK) LIMITED,Technology
TEKI CONSULT LIMITED,Technology
TEKNICOR UK LIMITED,Technology
TEKNOBUILT LIMITED,Technology
TEKNOCRAT SERVICES LIMITED,Technology
TEKNOW LTD,Technology
TEKTOME LTD,Technology
TEKTONIX LTD,Engineering
TELA TECHNOLOGY LIMITED,Technology
TELAPPLIANT LIMITED,Technology
TELCO COMMUNICATION UK LTD,Technology
TELCO IT SERVICE LTD,Technology
TELE WORLD LTD,Technology
TELECOM BUSINESS TRANSFORMERS LIMITED,Technology
TELECOM PLUS PLC,Technology
TELEFORMATION LTD,Technology
TELEGLOBAL CONSULTING LTD,Technology
TELEGRAPH MEDIA GROUP LIMITED,Technology
TELEKOM MALAYSIA (UK) LIMITED,Technology
TELENT TECHNOLOGY SERVICES LIMITED,Engineering
TELEPERFORMANCE CONTACT LIMITED,Technology
TELEPERFORMANCE LIMITED,Technology
TELETRACKING INTERNATIONAL LIMITED,Technology
TELETREE NETWORKS LTD,Technology
TELIGENT LIMITED,Technology
TELIT COMMUNICATIONS LIMITED,Technology
TELIYTECH LTD,Technology
TELLARO (HOLDINGS) LTD,Finance
TELLER INC (UK) LTD,Technology
TELLIMER LIMITED,Technology
TELNYX UK LIMITED,Technology
TELSA UK LTD,Technology
TELUS INTERNATIONAL (U.K.) LTD.,Technology
TEMA ENGINEERING LIMITED,Engineering
TEMPERANCE CARE LIMITED,Healthcare
TEMPION LTD,Technology
TEMPLE & GREEN LTD,Technology
TEMPLE MEAD CARE LTD,Healthcare
TEMPLETON DENTAL LTD,Healthcare
TEMPNUR LTD,Healthcare
TEMPOCAP LIMITED,Finance
TEN 4 DESIGN LIMITED,Technology
TEN HEALTH HOLDINGS LIMITED,Finance
TEN10 SOLUTIONS LIMITED,Technology
TENABLE SCREW COMPANY LIMITED,Engineering
TENAX CAPITAL LIMITED,Finance
TENDABLE LIMITED,Technology
TENDER CARE AND SUPPORT SERVICES LIMITED,Healthcare
TENDER HANDS LTD,Healthcare
TENDERCAREGB LTD,Healthcare
TENDERTEC LIMITED,Technology
TENPELA LTD,Technology
TENSCHUL LIMITED,Engineering
TENTAMUS UK LIMITED,Finance
TENTERDEN SCHOOLS TRUST,Education
TENYKS LIMITED,Technology
TENZO LIMITED,Technology
TEQSYS LTD,Technology
TERADATA (UK) LIMITED,Technology
TERAFLOW LTD,Technology
TERAJOB LIMITED,Technology
TEREX GB LIMITED,Engineering
TERLOS 1 LIMITED,Finance
TERMGRID LIMITED,Technology
TERMINAL STATIONS LIMITED,Technology
TERN PLC,Finance
TERN TECHNOLOGIES LTD,Technology
TERNAN ENERGY LIMITED,Engineering
TERNARY TECHNOLOGY LTD,Technology
TERO MARINE UK LTD,Technology
TERRA ENABLING DEVELOPERS LIMITED,Technology
TERRA VIRTUA LIMITED,Technology
TERRADAT (UK) LIMITED,Engineering
TERRAFORM INNOVATIONS LTD,Technology
TERRALAYR UK LIMITED,Technology
TERRAMAC FABRICATION LTD,Engineering
TERRAMAR NETWORKS LIMITED,Technology
TES EDUCATION LTD,Education
TES GLOBAL LIMITED,Technology
TESOL INTERNATIONAL ACADEMY LIMITED,Education
TESSELATE UK LTD,Technology
TESSELLATE BIO LIMITED,Engineering
TESSIAN LIMITED,Technology
TESSL AI LIMITED,Technology
TEST DRIVEN SOLUTIONS LIMITED,Technology
TEST INCORPORATED LIMITED,Engineering
TESTEX NDT LIMITED,Engineering
TESTFYRA LIMITED,Technology
TESTHOUSE LIMITED,Technology
TESTIA LIMITED,Engineering
TESTINGXPERTS LIMITED,Technology
TESTNET SOLUTIONS LIMITED,Technology
TESTPAD LIMITED,Technology
TESTQ TECHNOLOGIES LIMITED,Technology
TESTWOOD SCHOOL,Education
TESTWORX LTD,Technology
TESU HEALTH LTD,Technology
TEV LIMITED,Engineering
TEXAPORT LIMITED,Technology
TEXTRON LIMITED,Engineering
TEYA SERVICES LTD.,Technology
TF GLOBAL MARKETS (UK) LIMITED,Finance
TFG FINANCE LTD,Technology
TFLI LIMITED,Finance
TFP FERTILITY GROUP LIMITED,Finance
TFS TRIAL FORM SUPPORT LIMITED,Engineering
TG PRIME PROPERTY SOLUTIONS LTD,Technology
TGL SERVICES (UK) LIMITED,Technology
THAI CHARMS LIMITED,Healthcare
THAI KOSAI LIMITED,Healthcare
THAI ROSE LTD,Healthcare
THALERON LIMITED,Engineering
THAME PARTNERSHIP ACADEMY TRUST,Education
THAMES HIGHTECH LTD,Technology
THAMES HOMECARE SERVICE LTD,Healthcare
THAMES HOMECARE SERVICES (NORTH) LIMITED,Healthcare
THAMES MORTGAGES LTD,Finance
THAMESMEAD SCHOOL,Education
THANET HEALTH COMMUNITY INTEREST COMPANY,Healthcare
THANET LIFESTYLE CARE LIMITED,Healthcare
THANKS BEN LTD,Technology
THANKYOU1TAKE ENTERTAINMENT LTD,Technology
THANUSHA LIMITED,Technology
THANWEER CARE LIMITED,Healthcare
THARSTERN LIMITED,Technology
THARVIYAN LIMITED,Technology
THATCHAM RESEARCH,Engineering
THATSUP LTD,Technology
THCP ADVISORY LIMITED,Finance
"THE 10,000 INTERNS FOUNDATION",Education
THE ACTION GROUP,Healthcare
THE ADHD ADVOCATE LIMITED,Healthcare
THE AGA KHAN UNIVERSITY (INTERNATIONAL) IN THE UNITED KINGDOM,Education
THE AI CORPORATION LIMITED,Technology
THE ALBANY 2001 COMPANY,Education
THE ALBION KNITTING COMPANY LIMITED,Education
THE ALDENHAM FOUNDATION,Education
THE ALEXANDRIA TRUST,Education
THE ALPHABET HOUSE NURSERY SCHOOLS CANBERRA LIMITED,Education
THE AMWELL CARE HOME LIMITED,Healthcare
THE ANCHORAGE PRACTICE LIMITED,Healthcare
THE APARTMENT GLOBAL LIMITED,Technology
THE ARBIB EDUCATION TRUST,Education
THE ARCH COMPANY SERVICES LIMITED,Finance
THE ARCHER ACADEMY,Education
THE ART ACADEMY,Education
THE ART NEWSPAPER LIMITED,Technology
THE ASFARI FOUNDATION,Healthcare
THE ASIAN HEALTH AGENCY,Healthcare
THE ASSOCIATION FOR MUSIC IN INTERNATIONAL SCHOOLS,Education
THE ATHENA CAPITAL LIMITED,Finance
THE AURIGA ACADEMY TRUST,Education
THE AYLESBURY VALE ACADEMY,Education
THE BALCARRAS TRUST,Education
THE BARN AGENCY LTD,Technology
THE BATTERSEA CLINIC LIMITED,Healthcare
THE BEAUTIFUL TRUTH GROUP LIMITED,Technology
THE BEECHES HOME CARE AGENCY LIMITED,Healthcare
THE BEECHES UK LIMITED,Healthcare
THE BEFRIENDING ASSOCIATION CIC,Healthcare
THE BENTLEY WOOD TRUST,Education
THE BIDVEST GROUP (UK) PLC,Finance
THE BIG HOUSE THEATRE COMPANY,Healthcare
THE BIG LIFE COMPANY LIMITED,Healthcare
THE BINDING SITE GROUP LIMITED,Engineering
THE BIONIC GROUP LIMITED,Technology
THE BLOCKHOUSE TECHNOLOGY LIMITED,Technology
THE BOATHOUSE DENTAL SURGERY LIMITED,Healthcare
THE BOLTONS CARE HOME LTD,Healthcare
THE BOSHAM CLINIC LIMITED,Healthcare
THE BOXING ACADEMY TRUST,Education
THE BRACE CITY LTD,Healthcare
THE BRAINWAVE CENTRE LIMITED,Healthcare
THE BRENDONCARE FOUNDATION,Healthcare
THE BRIDGE COMMUNITY CARE LIMITED,Healthcare
THE BRIDGE MAT LTD,Education
THE BRIT SCHOOL LIMITED,Education
THE BROOK SURGERY LTD,Healthcare
THE BROOKE WESTON TRUST,Education
THE BUSINESS OF FASHION LTD,Technology
THE CAD ROOM LIMITED,Technology
THE CAM ACADEMY TRUST,Education
THE CAMBRIDGE ACCESS VALIDATING AGENCY,Education
THE CAMDEN SOCIETY,Healthcare
THE CAMPION SCHOOL,Education
THE CARDINAL HUME ACADEMIES TRUST,Education
THE CARE AND SUPPORT GROUP LTD,Healthcare
THE CARE BUREAU LIMITED,Healthcare
THE CARE COMPANY UK LTD,Healthcare
THE CARING COMPANY RUTLAND LTD,Healthcare
THE CATARACT CENTRE LIMITED,Healthcare
THE CAVALRY GROUP LTD,Technology
THE CENTRAL LONDON CLINIC LTD,Healthcare
"THE CENTRE FOR ENTERPRISE, MARKETS AND ETHICS",Education
THE CHALLENGE ACADEMY TRUST,Education
THE CHANGE FOUNDATION,Healthcare
THE CHANNEL COMPANY EMEA LTD,Technology
THE CHARITY BANK LIMITED,Finance
THE CHASE CARE HOME LTD,Healthcare
THE CHELSEA PSYCHOLOGY CLINIC LIMITED,Healthcare
THE CHESTER LINK,Healthcare
THE CHESTERFORD GROUP LIMITED,Finance
THE CHILDREN'S INVESTMENT FUND FOUNDATION (UK),Education
THE CHILDREN'S TRUST,Education
THE CHILTERN HILLS ACADEMY,Education
THE CHINESE ROOM LTD,Technology
THE CHIRO & PHYSIO CLINIC LIVERPOOL (UK) LIMITED,Healthcare
THE CHIROHEALTH CLINIC LTD,Healthcare
THE CHO DESIGN LTD,Technology
THE CHRISTIE CHARITY,Healthcare
THE CHURCH OF LONDON PUBLISHING LIMITED,Technology
THE CIRCLE TRUST,Education
THE CITYWALL PROJECT COMMUNITY INTEREST COMPANY,Education
THE CLUTCH CENTRE LTD,Engineering
THE CO-OPERATIVE ACADEMIES TRUST,Education
THE COLLEGIATE TRUST,Education
THE COLNE VALLEY CARE COMPANY LIMITED,Healthcare
THE COLOUR BOX MONTESSORI NURSERY SCHOOL LTD,Education
THE COMMON PURPOSE CHARITABLE TRUST,Education
THE COMPLEAT FOOD GROUP (HOLDINGS) LIMITED,Finance
THE COMPOSITE BONDING COMPANY LTD,Healthcare
THE CONDUIT HOLDCO LIMITED,Finance
THE CONFIG TEAM LIMITED,Technology
THE CORNOVII TRUST,Education
THE CORPORATE ACTION COMPANY LIMITED,Technology
THE COTSWOLD NURSING HOME COMPANY LIMITED,Healthcare
THE COTTAGE FAMILY CENTRE,Healthcare
THE COURT CARE GROUP LIMITED,Healthcare
THE COWPLAIN SCHOOL,Education
THE CRAWFORD PARTNERSHIP LIMITED,Engineering
THE CROFT ECM CARE LIMITED,Healthcare
THE CURRENCY CLOUD SERVICES LIMITED,Technology
THE DALES NURSING HOME LIMITED,Healthcare
THE DATA BUSINESS LTD,Technology
THE DATA COMPANY GROUP LIMITED,Technology
THE DAVID ROSS EDUCATION TRUST,Education
THE DEAN CLOSE FOUNDATION,Education
THE DENTAL CENTRE CHICHESTER LTD,Healthcare
THE DENTAL CENTRE LIMITED,Healthcare
THE DEXTERS LTD,Healthcare
THE DIAMOND LEARNING PARTNERSHIP TRUST,Education
THE DIGITAL ACCESSIBILITY CENTRE LIMITED,Technology
THE DIOCESE OF WESTMINSTER ACADEMY TRUST,Education
THE DISABILITIES TRUST,Healthcare
THE DORCAN ACADEMY,Education
THE DOT CONSULTING COLLECTIVE LIMITED,Technology
THE EDEN ACADEMY,Education
THE EDMUND TRUST,Healthcare
THE EDUCATION SCHOOL LTD,Education
THE ELEGANT CONSULTANTS LTD,Technology
THE ELLIOT FOUNDATION ACADEMIES TRUST,Education
THE ENTHUM FOUNDATION,Healthcare
THE ESSENTIAL ENGLISH CENTRE LTD,Education
THE EVEWELL (HARLEY STREET) LIMITED,Healthcare
THE EXAMS OFFICE LIMITED,Technology
THE EXCEPTIONAL EDUCATION TRUST,Education
THE FACE RECOGNITION COMPANY LIMITED,Technology
THE FARADAY INSTITUTE FOR SCIENCE AND RELIGION,Education
THE FARADAY INSTITUTION,Engineering
THE FBKS GROUP LIMITED,Technology
THE FEDERATION OF EUROPEAN BIOCHEMICAL SOCIETIES,Technology
THE FERNS CARE HOME LIMITED,Healthcare
THE FERNTREE SUPPORT LTD,Healthcare
THE FERTILITY ACADEMY LIMITED,Healthcare
THE FIELDS NURSING HOME LTD,Healthcare
THE FIFTH 9 LIMITED,Technology
THE FIRS CARE CENTRE LTD,Healthcare
THE FIRS CARE HOME LIMITED,Healthcare
THE FIRST FEDERATION TRUST,Education
THE FIRST STUDIOS LTD,Technology
THE FISER GROUP LIMITED,Technology
THE FISHER PARTNERSHIP LIMITED,Healthcare
THE FLOOW LIMITED,Technology
THE FOOD MACHINERY COMPANY LIMITED,Engineering
THE FOOT AND GAIT CLINIC LIMITED,Healthcare
THE FOREST SCHOOL ACADEMY TRUST,Education
THE FOUNDATIONS TRUST,Education
THE FOUNDRY VISIONMONGERS LTD.,Technology
THE FRED HOLLOWS FOUNDATION (UK),Healthcare
THE FREEDOM FUND UK,Technology
THE FRONTLINE ORGANISATION,Education
THE FUND INCUBATOR LIMITED,Finance
THE FUTURES TRUST,Education
THE GABLES CARE CENTRE LIMITED,Healthcare
THE GAITWAY ORGANISATION,Healthcare
THE GENTLEMAN'S JOURNAL LTD,Technology
THE GESHER TRUST,Education
THE GHANEM CLINIC LTD,Healthcare
THE GLADES HEALTH CARE LIMITED,Healthcare
THE GLOBAL FUND FOR CHILDREN UK TRUST,Education
THE GLOBAL RETURNS PROJECT LIMITED,Education
THE GOLD STANDARD CHARITABLE TRUST,Education
THE GOLDEN THREAD ALLIANCE,Education
THE GOOD CARE AGENCY LIMITED,Healthcare
THE GOOD SHEPHERD HOMECARE LTD,Healthcare
THE GOOD SHEPHERD TRUST,Education
THE GOODPEOPLE BUSINESS LTD,Technology
THE GORDIAN GROUP LIMITED,Technology
THE GORSE ACADEMIES TRUST,Education
THE GOSFORTH FEDERATED ACADEMIES LIMITED,Education
THE GRANGE (CHERTSEY) 2002 LTD.,Healthcare
THE GRANGE (SHIREBROOKS) LIMITED,Healthcare
THE GRANGE CARE CENTRE (CHELTENHAM) LIMITED,Healthcare
THE GRANGE CARE CENTRE (EASTINGTON) LIMITED,Healthcare
THE GREEN ROOM FOUNDATION LTD,Education
THE HAIR DR - HAIR TRANSPLANT CLINICS LTD,Healthcare
THE HALO PROJECT,Healthcare
THE HANDBOOK UK LIMITED,Technology
THE HARLEY STREET HAIR CLINIC LIMITED,Healthcare
THE HARRIS PARTNERSHIP LIMITED,Engineering
THE HAVEN HEIGHTS CARE HOME LTD,Healthcare
THE HEALING HUB MENTAL WELLNESS LTD,Healthcare
THE HEALTH AND SOCIAL CARE ALLIANCE SCOTLAND,Healthcare
THE HEALTHCARE MANAGEMENT TRUST,Healthcare
THE HEALTHY EMPLOYMENT HUB CIC,Education
THE HEART OF KENT HOSPICE,Healthcare
THE HEATHERS RESIDENTIAL CARE HOME LIMITED,Healthcare
THE HENRIETTA BARNETT SCHOOL,Education
THE HERITAGE CLINIC GROUP LTD,Healthcare
THE HESLEY GROUP LIMITED,Healthcare
THE HICKSON DESIGN PARTNERSHIP LIMITED,Engineering
THE HOLLANDS CARE HOMES LIMITED,Healthcare
THE HOLT SCHOOL,Education
THE HOLY CROSS SCHOOL,Education
THE HOUSE OF REFUGE LIMITED,Healthcare
THE HOWARD ACADEMY TRUST,Education
THE HOWARD PARTNERSHIP TRUST,Education
THE HUMAN DIGNITY TRUST,Healthcare
THE INFORMATION LAB LIMITED,Technology
THE INHOUSE CREATIVE AGENCY LTD,Technology
THE INNOVATION GROUP (EMEA) LIMITED,Technology
THE INSTITUTE OF ISMAILI STUDIES,Education
THE INTERNATIONAL INSTITUTE FOR STRATEGIC STUDIES,Technology
THE INTERNATIONAL SCHOOL OF ABERDEEN EDUCATIONAL TRUST LIMITED,Education
THE JAMES HUTTON INSTITUTE,Engineering
THE JAPANESE SCHOOL LIMITED,Education
THE JOSHI CLINIC LIMITED,Healthcare
THE JOURNEY OF LEARNING LANGUAGES (JLL) LTD,Education
THE JUBILEE STREET PRACTICE LTD,Healthcare
THE JULY UK HOLDCO LTD,Finance
THE KENWARD TRUST,Healthcare
THE KING ALFRED SCHOOL,Education
THE KING'S SCHOOL,Education
THE KING'S TRUST INTERNATIONAL,Healthcare
THE KINGS CENTRE SOUTHALL,Healthcare
THE KSL CLINIC LIMITED,Healthcare
THE L HUB LTD,Education
THE LADY ELEANOR HOLLES SCHOOL,Education
THE LAIDLAW SCHOOLS TRUST,Education
THE LAKES CARE CENTRE LIMITED,Healthcare
THE LANCASHIRE EYE CLINIC LIMITED,Healthcare
THE LANGSTON (KINGHAM) LIMITED,Healthcare
THE LANTERN COMMUNITY,Healthcare
THE LARCHES TRUST LIMITED,Education
THE LAURELS NURSING HOME (HASTINGS) LIMITED,Healthcare
THE LAURELS RESIDENTIAL CARE LTD,Healthcare
THE LAVENCE GROUP LTD,Technology
THE LEARNING PARTNERSHIP ACADEMIES TRUST,Education
THE LENTON CENTRE,Education
THE LEPROSY MISSION INTERNATIONAL,Healthcare
THE LIMES RETIREMENT HOME LTD,Healthcare
THE LITTLE BUMBLEBEE LIMITED,Education
THE LITTLE CHILDCARE COMPANY LIMITED,Healthcare
THE LIVERPOOL INSTITUTE FOR PERFORMING ARTS,Education
THE LODGE PRACTICE LTD,Healthcare
THE LODGE THURNBY LTD,Healthcare
THE LOGIC FACTORY (ENGLAND) LIMITED,Technology
THE LONDON BULLION MARKET ASSOCIATION LIMITED,Finance
THE LONDON COLLEGE OF HOMEOPATHY LTD,Education
THE LONDON COLLEGE OF STYLE LTD,Education
THE LONDON COMMUNITY FOUNDATION,Healthcare
THE LONDON DAY NURSERY COMPANY LIMITED,Healthcare
THE LONDON METAL EXCHANGE,Finance
THE LONDON ORATORY SCHOOL,Education
THE LONDON SCHOOL OF ENGLISH LIMITED,Education
THE LUCIS TRUST,Education
THE MAGGIE KESWICK JENCKS CANCER CARING CENTRES TRUST,Healthcare
THE MALALA FUND UK,Education
THE MANDY NETWORK LTD,Technology
THE MANOR COLLECTION LIMITED,Healthcare
THE MARKET BOSWORTH SCHOOL,Education
THE MARKETING STORE WORLDWIDE (EUROPE) LIMITED,Finance
THE MARLOW DAY NURSERY LIMITED,Education
THE MASSAGE COMPANY - EALING LTD,Healthcare
THE MATHWORKS LIMITED,Technology
THE MEDBOARD COMPANY LIMITED,Technology
THE MEDIC CLINIC LTD,Healthcare
THE MEDICAL CHAMBERS KENSINGTON LIMITED,Healthcare
THE MEDICINES MANAGEMENT TEAM LTD,Healthcare
THE MELLOWS LIMITED,Healthcare
THE MENTOR INITIATIVE,Healthcare
THE MERCIAN TRUST,Education
THE MILL ACADEMY,Education
THE MISBOURNE,Education
THE MONTESSORI SCHOOL EDINBURGH LTD,Education
THE MOUNTBATTEN SCHOOL,Education
THE NAKED PHARMACY LTD,Engineering
THE NATIONAL ASSOCIATION FOR PEOPLE ABUSED IN CHILDHOOD,Healthcare
THE NAZ PROJECT (LONDON),Healthcare
THE NEWS MOVEMENT LIMITED,Technology
THE NEXT CHOSEN GENERATION CIC,Education
THE NIA PROJECT,Healthcare
THE NORTHAM CARE TRUST,Healthcare
THE NORWEGIAN KINDERGARTEN IN LONDON,Education
THE O CLINIC LIMITED,Healthcare
THE OAK RESIDENTIAL HOMES LIMITED,Healthcare
THE OAK TREE PRACTICE GROUP LIMITED,Healthcare
THE OAKHAVEN TRUST,Healthcare
THE OAKS (NEWTOWN) LIMITED,Healthcare
THE OAKS CARE HOME LIMITED,Healthcare
THE OLD RECTORY (EWHURST) CO. LIMITED,Healthcare
THE OLYMPUS ACADEMY TRUST,Education
THE ONLY PHONES LIMITED,Technology
THE ONYX LINK FOUNDATION,Healthcare
THE OPEN GROUP LIMITED,Technology
THE ORATORY SCHOOLS ASSOCIATION,Education
THE ORCHID DENTAL & AESTHETIC CLINIC LTD,Healthcare
THE OTHER HOUSE OPCO HOLDINGS LIMITED,Finance
THE OTHER MEDIA LIMITED,Technology
THE OUTLOOK UK TECHNOLOGY LIMITED,Technology
THE OVAL GP SURGERY LTD,Healthcare
THE OVAL PARTNERSHIP ARCHITECTURE LTD,Engineering
THE OXFORD ASSET MANAGEMENT COMPANY LIMITED,Finance
THE PACE CENTRE LIMITED,Education
THE PADDOCKS CARE HOME LTD,Healthcare
THE PANTILES CARE HOME LIMITED,Healthcare
THE PARK ACADEMIES TRUST,Education
THE PARK FEDERATION ACADEMY TRUST,Education
THE PARK PRACTICE LTD,Healthcare
THE PARTYMAN COMPANY LIMITED,Healthcare
THE PAUL HOGARTH COMPANY LIMITED,Engineering
THE PEARS FAMILY CHARITABLE FOUNDATION SCHOOL,Education
THE PEGASUS PARTNERSHIP TRUST,Education
THE PENDERELS TRUST LIMITED,Healthcare
THE PENNIES FOUNDATION,Healthcare
THE PERSE SCHOOL,Education
THE PIONEER ACADEMY,Education
THE PIRBRIGHT INSTITUTE,Engineering
THE PLACE UP HANLEY LIMITED,Healthcare
THE PODIATRY CLINIC LTD,Healthcare
THE POLAR BEARS GROUP LTD,Technology
THE POWER OF NUTRITION,Education
THE PRACTICE SURGERIES LIMITED,Healthcare
THE PRIME COLLEGE LIMITED,Technology
THE PRIORY FEDERATION OF ACADEMIES,Education
THE PROCESS PLAY LTD,Technology
THE PROFS TUITION LTD,Education
THE PROJECT BLUE GROUP LIMITED,Technology
THE PROSPERING PLACE LTD,Healthcare
THE QALB SHORT BREAK SERVICES LTD,Healthcare
THE QE HUB LTD,Technology
THE QUEEN RANIA FOUNDATION,Education
THE QUEEN'S FOUNDATION FOR ECUMENICAL THEOLOGICAL EDUCATION,Education
THE QUEENSMILL TRUST,Education
THE QUEST SCHOOL,Education
THE RED BOOK AGENCY LIMITED,Engineering
"THE REDEEMED CHRISTIAN CHURCH OF GOD, COVENANT OF GRACE",Education
THE REDWOODS CARING FOUNDATION,Healthcare
THE RENEWABLE EXCHANGE LIMITED,Technology
THE RESOLUTION FOUNDATION,Engineering
THE RESTAURANT GROUP LIMITED,Finance
THE RHALLT CARE LTD,Healthcare
THE RICHARD STEPHENS PARTNERSHIP LIMITED,Engineering
THE RICHMOND UPON THAMES SCHOOL TRUST,Education
THE RIGHTS PRACTICE,Education
THE RISE PARTNERSHIP TRUST,Education
THE RISMAN FOUNDATION,Healthcare
THE RIVER DEE TRUST,Technology
THE ROCK TRUST,Healthcare
THE ROSALIND FRANKLIN INSTITUTE,Engineering
THE ROSEDALE HEWENS ACADEMY TRUST,Education
THE ROSELAND MULTI ACADEMY TRUST,Education
THE ROYAL BUCKINGHAMSHIRE HOSPITAL LIMITED,Healthcare
THE ROYAL CENTRAL SCHOOL OF SPEECH AND DRAMA,Education
THE ROYAL MARSDEN CANCER CHARITY,Healthcare
THE ROYAL MASONIC SCHOOL FOR GIRLS,Education
THE RUNNING ROOM LIMITED,Healthcare
THE SAFETY SUPPLY COMPANY LTD,Healthcare
THE SAINSBURY LABORATORY,Engineering
THE SCHOOL FOR ETHICS AND GLOBAL LEADERSHIP LIMITED,Education
THE SCOTCH WHISKY RESEARCH INSTITUTE,Engineering
THE SCOTTISH CRANNOG CENTRE TRUST,Education
THE SELE SCHOOL,Education
THE SERPENTINE TRUST,Education
THE SHEILING SPECIAL EDUCATION TRUST,Education
THE SHEN FOUNDATION LIMITED,Healthcare
THE SHROPSHIRE DOCTORS' CO-OPERATIVE LIMITED,Healthcare
THE SIEMON COMPANY LIMITED,Technology
THE SIGMA TRUST,Education
THE SILVER OAK CONSULTANCY LTD,Technology
THE SIR JOHN BRUNNER FOUNDATION,Education
THE SK HUB LTD,Technology
THE SLOUGH SIKH SCHOOL TRUST,Education
THE SOCIAL INVESTMENT CONSULTANCY LTD.,Finance
THE SOMERS TOWN COMMUNITY ASSOCIATION (CAMDEN),Healthcare
THE SOUTHOVER PARTNERSHIP,Education
THE SPA CULTURE LTD,Healthcare
THE SPACE* STUDIO (*ARCHITECTURE & INTERIOR DESIGN) LIMITED,Engineering
THE SPROUT GROUP LIMITED,Technology
THE ST MARYLEBONE CHURCH OF ENGLAND BRIDGE SCHOOL,Education
THE STABLE FAMILY HOME TRUST,Education
THE STARS CHILDCARE GROUP LIMITED,Healthcare
THE STEPHEN PERSE FOUNDATION,Education
THE STEPPES CARE LIMITED,Healthcare
THE STEPSTONE GROUP UK LTD,Technology
THE SUPPLIERS MARKET LTD,Technology
THE SUPPORT GROUP (UK) LIMITED,Technology
THE SUSSEX VILLAGE HOMECARE SERVICE LIMITED,Healthcare
THE SYED GROUP LTD,Technology
THE TAPSCOTT LEARNING TRUST,Education
THE TEMPLATE FOUNDATION,Education
THE TESTING CONSULTANCY EUROPE LIMITED,Technology
THE THAMES ACADEMY LTD,Education
THE THINKING POD INNOVATIONS LTD,Engineering
THE THINKING SCHOOLS ACADEMY TRUST,Education
THE THINKING TRAVELLER LTD,Technology
THE TIFFIN GIRLS' SCHOOL,Education
THE TOOTH SPA LIMITED,Healthcare
THE TOWN PHYSIO LTD,Healthcare
THE TRADE TRIBE INVESTMENTS LTD,Education
THE TWILIGHT CARE GROUP LTD,Healthcare
THE TWO COUNTIES TRUST,Education
THE TYRE COLLECTIVE LTD,Engineering
THE UBIQUITY ENERGY COMPANY LIMITED,Engineering
THE UCL ACADEMY,Education
THE UFTON COURT EDUCATIONAL TRUST,Education
THE ULTIMATE DENTAL LABORATORY LIMITED,Healthcare
THE ULTIMATE EDUCATION LTD,Education
"THE UNION, MMU",Education
THE UNITED WORLD COLLEGES (INTERNATIONAL),Education
THE UPPER HAND CARE LIMITED,Healthcare
THE URBANEATERY WORLDWIDE LTD,Technology
THE VALE CLINIC YOUR FOOT HEALTH MATTERS LIMITED,Healthcare
THE VALESCO GROUP LIMITED,Finance
THE VALIDATION CENTRE (TVC) LIMITED,Engineering
THE VARKEY FOUNDATION,Education
THE VILLAS CARE HOMES LTD,Healthcare
THE VIRGIN FOUNDATION,Healthcare
THE VIRTUAL FORGE LIMITED,Technology
THE VISION IT DEVELOPMENT LIMITED,Technology
THE WALDEGRAVE TRUST,Education
THE WEATHER COMPANY UK LIMITED,Technology
THE WEB VISIONS LTD,Technology
THE WELLS FREE SCHOOL,Education
THE WELLSPRING CARE LTD,Healthcare
THE WESTGATE SCHOOL,Education
THE WHITE HORSE FEDERATION,Education
THE WHITE HOUSE DESIGN LIMITED,Engineering
THE WHITE HOUSE NURSING HOME LIMITED,Healthcare
THE WHITELEY CLINIC LIMITED,Healthcare
THE WHITER SMILE LIMITED,Healthcare
THE WHOLE GROUP LTD,Technology
THE WILLERFOSS LIMITED,Healthcare
THE WILLOW ON THE FARM NURSERY LTD,Education
THE WILLOWS HOME LIMITED,Healthcare
THE WILLOWS IPSWICH LTD,Healthcare
THE WIMPOLE CLINIC LTD,Healthcare
THE WINDMILL CARE HOME LTD,Healthcare
THE WONDERFUL IDEAS PROJECT LTD,Technology
THE WOODBRIDGE FAMILY CENTRE FAMILY RESIDENTIAL ASSESSMENTS LIMITED,Healthcare
THE WORKSHOP TECHNOLOGIES LTD,Technology
THE YOU TRUST,Healthcare
THE YUKI CLINIC LTD,Healthcare
THE ZDL GROUP LIMITED,Technology
THE [RE]DESIGN GROUP LTD,Technology
THE49 LTD,Technology
THEATRE PROJECTS CONSULTANTS LIMITED,Engineering
THEBES IT SOLUTIONS LIMITED,Technology
THEDEVICELAB LTD,Technology
THEDOGS LTD,Technology
THEHEALTHCHECK LTD,Healthcare
THEIA INSIGHTS LTD,Engineering
THEIMPACT.TEAM LIMITED,Technology
THEIR PERFECT CARE LIMITED,Healthcare
THELEME SERVICES LIMITED,Finance
THEMA AI LIMITED,Technology
THEMIS INTERNATIONAL SERVICES LIMITED,Technology
THEMIS TECHNOLOGIES LTD,Technology
THEO TECHNOLOGIES LTD,Technology
THEOLYTICS LTD,Engineering
THERA NORDIC UK LIMITED,Healthcare
THERA VIVE PHYSIO CARE LTD,Healthcare
THERAPIE MEDICAL (UK) LIMITED,Healthcare
THERAPIES ON THAMES LIMITED,Healthcare
THERMAL DYNAMICS TECHNICAL SERVICES LTD,Engineering
THERMAL ENERGY INTERNATIONAL (UK) LTD,Engineering
THERMIFY HOLDINGS LIMITED,Technology
THERMLY LIMITED,Technology
THERMSERVE LIMITED,Engineering
THESULTANATE LTD,Technology
THEWEBTECHUK LTD,Technology
THINGLINK UK LTD,Technology
THINGTRAX LIMITED,Technology
THINK ACADEMY INTERNATIONAL EDUCATION LIMITED,Education
THINK CYBER SECURITY LTD,Technology
THINK STUDY & LEARN LIMITED,Education
THINK VISUAL LTD,Technology
THINKBIZ LIMITED,Technology
THINKEMPATHY LIMITED,Healthcare
THINKOBJECT LIMITED,Technology
THINKPROJECT UK LIMITED,Technology
THINKWISE SOFTWARE LTD,Technology
THIRD DIMENSION AI LIMITED,Technology
THIRD EYE PROTECTION LTD,Finance
THIRD FINANCIAL SOFTWARE LIMITED,Technology
THIRD HAND HEALTHCARE LTD,Healthcare
THIRD KIND GAMES LIMITED,Technology
THIRD LIFE CARE LIMITED,Healthcare
THIRDFORT LIMITED,Technology
THIRDRAILS LTD,Technology
THIRSK SMILES LTD,Healthcare
THIRTY HOLDINGS LIMITED,Finance
THIS BANK LIMITED,Finance
THIS DAY CAPITAL LIMITED,Finance
THIS IS LANGUAGE LTD,Education
THIS IS SYNTHESIS UK LTD,Technology
THISTHAT LTD,Technology
THISTLE COURT OPS LIMITED,Healthcare
THISTLE FOUNDATION,Healthcare
THISTLE PRACTICES LIMITED,Healthcare
THOMAS CONSULTING LIMITED,Engineering
THOMAS DEACON EDUCATION TRUST,Education
THOMAS KNIGHT CARE HOME LIMITED,Healthcare
THOMAS MILLER (UK) HOLDINGS COMPANY LTD,Finance
THOMAS MURRAY NETWORK MANAGEMENT LIMITED,Technology
THOMAS TELFORD MULTI ACADEMY TRUST,Education
THOMPSON PINTO LIMITED,Healthcare
THOMSON DENTAL CARE LIMITED,Healthcare
THORLABS LIMITED,Engineering
THORNTON DAY NURSERY LTD,Education
THORNTON HEATH DENTAL PRACTICE LIMITED,Healthcare
THORNTON LODGE LIMITED,Healthcare
THORNTOUN LIMITED,Healthcare
THORNWOOD CARE LIMITED,Healthcare
THOROGOOD ASSOCIATES LIMITED,Technology
THOROUGH CARE CORPORATION LTD,Healthcare
THOSE AREN'T MOUNTAINS LTD,Technology
THOUCENTRIC LIMITED,Technology
THOUGHT MACHINE GROUP LIMITED,Technology
THOUGHTBOT LIMITED,Technology
THOUGHTCLAN TECHNOLOGIES (UK) LTD,Technology
THOUGHTFUL CARE LIMITED,Healthcare
THOUGHTIN LTD,Technology
THOVEX LIMITED,Technology
THREADS GLOBAL LTD,Education
THREATSPIKE LABS LIMITED,Technology
THREE BODY CAPITAL LIMITED,Technology
THREE CLIFFS GEOMECHANICAL ANALYSIS LIMITED,Engineering
THREE COUNTIES CARE SERVICES LTD,Healthcare
THREE DOTS GROUP LTD,Technology
THREE OAKS CARE HOME LIMITED,Healthcare
THREE ROCKS LTD,Technology
THREE ROSES LTD,Healthcare
THREE SISTERS CARE LTD,Healthcare
THREE SPIRES TRUST,Education
THRIVA LIMITED,Technology
THRIVE CHILDCARE SERVICES LTD,Healthcare
THRIVE OPERATIONS LIMITED,Technology
THRIVE TECHNOLOGY GROUP LIMITED,Technology
THRIVE TECHNOLOGY LTD,Technology
THRIVE THERAPEUTIC SOFTWARE LIMITED,Technology
THRIVE TRIBE LIMITED,Technology
THROGMORTON PRIVATE CAPITAL LIMITED,Finance
THROXY LTD,Technology
THRUST CARBON LTD,Technology
THUMBS UP CARE GROUP LTD,Healthcare
THUNDER ENERGY LTD,Technology
THUNDERFUL GAMES LIMITED,Technology
THUNDERSNOW LIMITED,Technology
THURAI AUTO SERVICES LTD,Engineering
THURLESTONE COURT LIMITED,Healthcare
THURLOW EDUCATIONAL TRUST,Education
THURROCK LIFESTYLE SOLUTIONS CIC,Healthcare
TI EDUCATION SERVICES LTD,Education
"TIANAN TECHNOLOGY UK CO., LTD",Technology
TIANMA VALVE LIMITED,Engineering
TIBERONE TECHNOLOGIES LIMITED,Technology
TIBOR JONES MANAGEMENT LTD,Technology
TIC HEALTH LIMITED,Healthcare
TICKUP LTD,Technology
TIDAL AND CO LIMITED,Technology
TIDDLERS DAYCARE LTD,Healthcare
TIDDLEY TOTS CHILDCARE LTD,Healthcare
TIDDLYWINKS SHREWSBURY LIMITED,Healthcare
TIDE PLATFORM LTD,Technology
TIDINGS CARE HOMES LTD,Healthcare
TIEDOT DIGITAL LTD,Technology
TIER OPERATIONS LIMITED,Engineering
TIERNEY HOMES LTD,Healthcare
TIERNEY IT SOLUTIONS LTD,Technology
TIERRASPHERE LIMITED,Engineering
TIFOSY LIMITED,Finance
TIGER HILL VENTURES LIMITED,Technology
TIGER ICT LIMITED,Technology
TIGER LION FINANCIAL LIMITED,Technology
TIGER39 LIMITED,Finance
TIGERRISK PARTNERS (UK) LIMITED,Finance
TIGHEAVEN LTD,Healthcare
TIKEHAU CAPITAL EUROPE LIMITED,Finance
TIKTECH21 LTD,Engineering
TIKTOK INFORMATION TECHNOLOGIES UK LIMITED,Technology
TILAK HINA DENTAL LIMITED,Healthcare
TILBURY EDUCATION & CULTURAL ASSOCIATION,Education
TILDA HEALTHCARE LTD,Healthcare
TILLS PLUS LTD,Technology
TILT CONSULTING LIMITED,Engineering
TILT TECHNOLOGIES LIMITED,Technology
TILTON & THOMAS CARE LTD,Education
TIM CONSULTANCY SERVICES LIMITED,Technology
TIM HALL CONSULTING SERVICES LIMITED,Technology
TIME MAGAZINE UK LIMITED,Technology
TIME TO SPARE LTD,Technology
TIME2CARE (BARNET) LTD,Healthcare
TIMEBEAT.APP LTD,Technology
TIMELESS CARE SERVICES LIMITED,Healthcare
TIMELINEAPP TECH LIMITED,Technology
TIMELY CARE SOLUTION LTD,Healthcare
TIMESLICE LIMITED,Technology
TIMETARGET WORKFORCE MANAGEMENT LIMITED,Technology
TIMEWATCH PLC,Technology
TIMOTHY HATTON ARCHITECTS LIMITED,Engineering
TINDALL RILEY & CO LIMITED,Finance
TINEY LIMITED,Technology
TING LONDON LTD,Technology
TINOS CARE LTD,Healthcare
TINY STARS DAY NURSERY LTD,Education
TINY TOES (SOUTHAMPTON) LTD,Healthcare
TINYSAURUS NURSERIES LTD,Healthcare
TIR-CON ENGINEERING LTD,Engineering
TISSKI LIMITED,Technology
TITAN EDUCATION TRUST,Education
TITAN RESEARCH LTD,Technology
TITANS COMMUNITY FOUNDATION,Education
TITANS PET LTD,Technology
TITCHFIELD GROUP LTD,Engineering
TITHE ACADEMY,Education
TIVARRI LIMITED,Technology
TIXLY LTD,Technology
TJ-FLAMINGO LTD,Technology
TJB GROUP INTERNATIONAL LTD,Engineering
TJC UK & IRELAND LIMITED,Technology
TKO BARKING AMATEUR BOXING CLUB CIC,Healthcare
TKS EDUCATION LTD,Education
TKSD CARE HOMES & TRAINING LTD,Healthcare
TKSS SOLUTIONS LIMITED,Technology
TLB MEDICALS LIMITED,Healthcare
TLC HEALTHCARE & SUPPORT SERVICES LTD,Healthcare
TLC THE LIONS CLUB LIMITED,Healthcare
TLDR CONSULTANCY LTD,Technology
TLDRAW GB LIMITED,Technology
TLG CAPITAL INVESTMENTS LTD,Finance
TLN TRAINING LIMITED,Technology
TLOGY INFOTECH LIMITED,Technology
TLS CARE LTD,Healthcare
TM IMPACT LTD,Technology
TM INFORMATION SYSTEMS LTD,Technology
TMACLIFE LTD,Healthcare
TMG CAPITAL LTD,Technology
TMOTIONS GLOBAL LIMITED,Technology
TMX EXCHANGE SERVICES LIMITED,Finance
TN SOLUTIONS LIMITED,Technology
TNC HEALTHCARE LTD,Healthcare
TNF TRAINING AND CONSULTING LIMITED,Education
TNJ MORTGAGES LIMITED,Finance
TNT HEALTHCARE LIMITED,Healthcare
TOCA FOOTBALL UK LIMITED,Technology
TODAYS DENTAL MANAGEMENT LIMITED,Healthcare
TODDINGTON DENTAL SURGERY LTD,Healthcare
TOFFEEX LIMITED,Engineering
TOGETHER FIRST CIC,Healthcare
TOGETHER FOR MENTAL WELLBEING,Healthcare
TOGGLE SOFTWARE SERVICES UK LTD.,Technology
TOJA. TJ LTD,Technology
TOKAI TOKYO SECURITIES EUROPE LIMITED,Finance
TOKAMAK ENERGY LTD,Engineering
TOKENCARD LIMITED,Technology
TOKENCHAIN ADVISORS LTD,Technology
TOKYO ELECTRON EUROPE LIMITED,Engineering
TOKYO TECHNOLOGY LIMITED,Technology
TOLUNA UK LIMITED,Technology
TOMBOLA LIMITED,Technology
TOMGANDHI CONSULTING LIMITED,Technology
TOMORO AI LTD,Technology
TOMSON CONSULTING LTD,Engineering
TOMSWOOD LODGE LTD,Healthcare
TONBRIDGE GRAMMAR SCHOOL,Education
TONBRIDGE SCHOOL,Education
TONK LABS LIMITED,Technology
TONRE LIMITED,Healthcare
TONY BLAIR INSTITUTE,Education
TOOB LIMITED,Technology
TOONSPEAK YOUNG PEOPLE'S THEATRE,Education
TOOTH CLUB OP CO LTD,Healthcare
TOOTH LONDON LTD,Healthcare
TOOTHPICK DENTAL STAFF LTD,Healthcare
TOOTS DAY NURSERY LIMITED,Education
TOP CLASS HEALTHCARE LTD,Healthcare
TOP HORIZON EDUCATION LTD,Education
TOP HORIZON LEARNING LTD,Education
TOP HORIZON LIMITED,Education
TOP HORIZON SERVICES LTD,Education
TOP INNOVATIONS LTD,Technology
TOP NOTCH SUPPORT LTD,Healthcare
TOP PHONE TRADERS LTD,Technology
TOP PLACE PRESCHOOL LIMITED,Education
TOP REPAIR LTD,Engineering
TOP SARV CONSULTANCY LIMITED,Technology
TOP TIER CAPITAL PARTNERS (UK) LIMITED,Finance
TOP TIER HEALTHCARE LIMITED,Healthcare
TOP4CARE SERVICES LTD,Healthcare
TOPAZ CARE AND SUPPORT COMPANY LIMITED,Healthcare
TOPAZ GROUP HOLDINGS LIMITED,Finance
TOPCOURSES LEICESTER LTD,Education
TOPCOURSES LTD,Education
TOPENDOLOGY LTD,Technology
TOPLINE CARE SERVICES LTD,Healthcare
TOPLINE CARE SOLUTIONS LTD,Healthcare
TOPOCREW LTD,Engineering
TOPOS RESEARCH UK,Engineering
TOPP MOBILE PLUS LIMITED,Technology
TOPPAN SECURITY LIMITED,Technology
TOPS DAY NURSERY LIMITED,Education
TOPSOURCE WORLDWIDE (UK) LTD,Technology
TOPWURK LTD,Technology
TORANDCO LIMITED,Engineering
TORCH PARTNERS CORPORATE FINANCE LIMITED,Finance
TORCH PARTNERS IB LIMITED,Finance
TORCHBOX LTD,Technology
TORENTUM PCN LIMITED,Healthcare
TORI LIMITED,Technology
TORISHIMA EUROPE LIMITED,Engineering
TORKAN CARE LIMITED,Healthcare
TORN LTD,Technology
TORNADO INVESTMENTS LIMITED,Finance
TORQUEMETERS LIMITED,Engineering
TORRENT CLOSURES UK LIMITED,Engineering
TORTOISE MEDIA LTD,Technology
TORUS FINANCIAL LIMITED,Finance
TOSHIBA GLOBAL COMMERCE SOLUTIONS (U.K.) LIMITED,Technology
TOTAL CARE AND COMPLIANCE SERVICES LTD,Healthcare
TOTAL CARE NORFOLK LIMITED,Healthcare
TOTAL CONNECTS IT SOLUTIONS LTD,Technology
TOTAL CONTROL PRO LIMITED,Technology
TOTAL ELECTRICAL CONTRACTORS LIMITED,Engineering
TOTAL FOOTBALL LTD,Technology
TOTAL HEALTH CARE CLINICS LIMITED,Healthcare
TOTAL HEALTH CARE SOLUTIONS PVT LTD LIMITED,Healthcare
TOTAL HEALTH SOLUTIONS LIMITED,Healthcare
TOTAL HEALTHCARE LIMITED,Healthcare
TOTAL HEALTHCARE SOLUTIONS LIMITED,Healthcare
TOTAL HORSEMANSHIP LIMITED,Education
TOTAL IT GLOBAL UK LIMITED,Technology
TOTAL IT TECHNOLOGY SOLUTIONS LTD,Technology
TOTAL MEDICO LTD,Healthcare
TOTAL NETWORK SOLUTIONS (EUROPE) LIMITED,Technology
TOTAL PROJECT MANAGEMENT GROUP LTD,Engineering
TOTAL QUALITY CARE SERVICES LTD,Healthcare
TOTAL SECURITY LIMITED,Technology
TOTAL STUDENT CARE (TSC) LTD,Education
TOTAL SYSTEMS PLC,Technology
TOTAL THERAPY LONDON LTD,Healthcare
TOTAL TICKETING LIMITED,Technology
TOTEM LEARNING LTD,Technology
TOTLEY PHARMACY LIMITED,Healthcare
TOTS RYE DAY NURSERY LTD,Healthcare
TOTUS CARE LTD,Healthcare
TOUCHHEART HEALTHCARE LTD,Healthcare
TOUCHLIGHT GENETICS LIMITED,Engineering
TOUCHSTACK LTD,Technology
TOUCHSTONE GROUP LIMITED,Technology
TOURHERO LTD,Technology
TOVIE AI LIMITED,Technology
TOWER RESEARCH CAPITAL EUROPE LIMITED,Finance
TOWN & COUNTRY CARE (BOSTON) LIMITED,Healthcare
TOWN THORNS CARE LIMITED,Healthcare
TOWNSEND LIFE CARE LTD,Healthcare
TOWNSHEND LANDSCAPE ARCHITECTS LIMITED,Engineering
TOYOTA CONNECTED EUROPE LIMITED,Technology
TOYOTA FINANCIAL SERVICES (UK) PLC,Finance
TOZARO LIMITED,Engineering
TP ICAP GROUP SERVICES LIMITED,Finance
TP INFINITY UK LTD,Technology
TPG THE PROJECT GROUP LTD,Technology
TPH GLOBAL LTD,Technology
TPI COMPOSITES UK COMPANY LIMITED,Engineering
TPM LANDSCAPE LIMITED,Engineering
TPXIMPACT LIMITED,Technology
TQ IMA LIMITED,Engineering
TRACE FIRST LIMITED,Technology
TRACEBIT LIMITED,Technology
TRACELIGHT LTD,Technology
TRACKME LIMITED,Technology
TRACKPRO LTD,Technology
TRACTION FINTECH LTD,Technology
TRADE AND SMILE UK LTD,Education
TRADE LEDGER LIMITED,Technology
TRADE NATION FINANCIAL UK LTD,Finance
TRADEBYTE SOFTWARE LIMITED,Technology
TRADEPOINT SYSTEMS UK LTD,Technology
TRADER STOP LIMITED,Technology
TRADETEQ LTD,Technology
TRADEWEB EUROPE LIMITED,Finance
TRADING SCIENCE LIMITED,Technology
TRADINGHUB GROUP LIMITED,Technology
TRADITION (UK) LIMITED,Finance
TRADITIONAL MASSAGE LTD,Healthcare
TRAFALGAR CAPITAL MANAGEMENT LIMITED,Finance
TRAFALGAR ENTERTAINMENT GROUP LIMITED,Finance
TRAFALGAR HEALTHCARE LIMITED,Healthcare
TRAFFIC INTERNATIONAL,Engineering
TRAFFIC TECHNOLOGY LTD,Technology
TRAFIX UK LIMITED,Finance
TRAICK UK LIMITED,Technology
TRAILBLAZER SOCIAL CARE LTD,Healthcare
TRAILER PARK GROUP UK LIMITED,Finance
TRAIN EFFECTIVE LTD,Technology
TRAIN MY ATHLETE LIMITED,Technology
TRAINING 212 LIMITED,Technology
TRAINING TIPS LTD,Technology
TRAINPLUS LTD,Education
TRAKCEL LIMITED,Technology
TRAMBELLS LEARNING CLUB LTD,Education
TRAMONTANA ASSET MANAGEMENT LIMITED,Finance
TRANSACT TECHNOLOGY SOLUTIONS LTD,Technology
TRANSACTWORLD LIMITED,Finance
TRANSATLANTIQUE PRIVATE WEALTH (UK) LIMITED,Finance
TRANSCAL ENGINEERING LIMITED,Engineering
TRANSCEND STREET SOLUTIONS UK LIMITED,Technology
TRANSDERMAL DIAGNOSTICS LTD,Engineering
TRANSFER RAPID LIMITED,Technology
TRANSFERGO LTD,Finance
TRANSFERMYBILLS.COM LTD,Technology
TRANSFERROOM LTD,Technology
TRANSFORM CAREER U.K LIMITED,Education
TRANSFORM SUPPORTED ACCOMMODATION LTD,Healthcare
TRANSFORMCX LIMITED,Technology
TRANSFORMING LIVES EDUCATIONAL TRUST,Education
TRANSIRIS SCOTLAND LTD,Technology
TRANSITION BIO LIMITED,Engineering
TRANSITION CARE SERVICES LTD,Healthcare
TRANSITION GLOBAL MANAGEMENT LIMITED,Finance
TRANSITIONS CARE (WEST MIDLANDS) LIMITED,Healthcare
TRANSITIONZERO,Education
TRANSLUCENT LTD,Technology
TRANSMEDIA STORYTELLER LTD,Technology
TRANSMIT SECURITY UK LTD,Technology
TRANSOPCO UK LTD,Technology
TRANSPARITY SOLUTIONS LIMITED,Technology
TRANSPUTEC LIMITED,Technology
TRANSREPORT LIMITED,Technology
TRANSTECH SOLUTIONS LIMITED,Technology
TRANSTHERM COOLING INDUSTRIES LIMITED,Engineering
TRANSVAC SYSTEMS LIMITED,Engineering
TRANSVAULT SOFTWARE LIMITED,Technology
TRANSWAP TECHNOLOGIES (UK) LIMITED,Finance
TRANZCRIPT LIMITED,Technology
TRANZFAR LTD,Technology
TRANZYPAY LIMITED,Finance
TRAPEZIUS HEALTHCARE SERVICES LIMITED,Healthcare
TRAVCORP MANAGEMENT SERVICES LIMITED,Technology
TRAVEL UP GROUP PLC,Finance
TRAYPORT LIMITED,Technology
TRC SPACE LTD,Technology
TREACLE MEDIA LIMITED,Technology
TREASURE DATA (UK) LIMITED,Technology
TREASURES FOUNDATION,Healthcare
TREDENCE UK LIMITED,Technology
TREECARD LTD,Technology
TREES PARK (KENYON) LIMITED,Healthcare
TREESPLEASE GAMES LTD,Technology
TREGS GLORY LTD,Healthcare
TREGWILYM LODGE LIMITED,Healthcare
TREIS PARTNERS ADVISORY LIMITED,Finance
TRELAWNY SPT LIMITED,Engineering
TRELIANT LIMITED,Finance
TRELLEBORG WESTBURY LIMITED,Engineering
TRELOAR TRUST,Education
TREND MICRO (UK) LIMITED,Technology
TREND TECHNOLOGIES LIMITED,Technology
TREND TECHNOLOGIES SCOTLAND LIMITED,Engineering
TRENDS HEALTHCARE LTD,Healthcare
TRENDSTOP LIMITED,Technology
TRENT AI LIMITED,Technology
TRENT COLLEGE LIMITED,Education
TRENT EDUCATION CENTRE LTD,Education
TRESATA LTD,Technology
TRESIDOR INVESTMENT MANAGEMENT (UK) LTD,Finance
TRESMARES CAPITAL UK LIMITED,Finance
TRESSELL HOMES LTD,Healthcare
TREVONIX TECHNOLOGIES LIMITED,Technology
TRIAD GROUP PLC,Technology
TRIANGLE HOUSE PRIVATE NURSERY LIMITED,Healthcare
TRIANZ LIMITED,Technology
TRIBAL GROUP PLC,Education
TRIBALLY STUDIOS LTD,Technology
TRIBE GROUP DIGITAL LIMITED,Technology
TRIBOSONICS LTD,Engineering
TRICENTIS UK LIMITED,Technology
TRIDENT TECHNOLOGIES LIMITED,Technology
TRIGIFY.IO LIMITED,Technology
TRIJIT LIMITED,Technology
TRILAND METALS LIMITED,Finance
TRILANTIC EUROPE LTD,Finance
TRILBY MULTIMEDIA LIMITED,Technology
TRILITECH LIMITED,Technology
TRILLIUM FLOW TECHNOLOGIES HOLDCO LIMITED,Finance
TRIMARGE CARE AND CLEANING LIMITED,Healthcare
TRIMBLE R&D UK LIMITED,Technology
TRINAL GENIUS LIMITED,Technology
TRINAMIX LTD,Technology
TRINETRA ENTERPRISE LTD,Technology
TRING CARE LIMITED,Healthcare
TRINITAS ACADEMY TRUST,Education
TRINITE HOMES LTD,Healthcare
TRINITY AGTECH LIMITED,Technology
TRINITY CARERS SERVICES LTD,Healthcare
TRINITY CHURCH OF ENGLAND HIGH SCHOOL,Education
TRINITY HOMECARE HOLDINGS LIMITED,Finance
TRINITY LEARNING LTD,Education
TRINITY MORTGAGES LTD,Finance
TRINITY MULTI ACADEMY TRUST,Education
TRINITY OPEN LEARNING LTD,Education
TRINITY PLAYCENTRE LTD,Education
TRINITY RESPITE SERVICES LIMITED,Healthcare
TRINITYGXLD LTD,Healthcare
TRINITYSOFT SOLUTIONS LIMITED,Technology
TRINITYX CARE SERVICES LTD,Healthcare
TRINT LIMITED,Technology
TRINTECH (UK) LIMITED,Technology
TRIO CARE AGENCY LIMITED,Healthcare
TRIO PHARMA LIMITED,Healthcare
TRIO TRADING LIMITED,Technology
TRIOPSIS LIMITED,Technology
TRIPLE CARE HEALTHCARE SERVICES LIMITED,Healthcare
TRIPLE HEARTS CARE LTD,Healthcare
TRIPLE P UK LIMITED,Education
TRIPLEDOT STUDIOS LIMITED,Technology
TRIPTEASE LIMITED,Technology
TRISK BIO LTD,Technology
TRISPAN SERVICES (UK) LTD,Finance
TRITACT LTD,Technology
TRIUMPH LEARNING TRUST,Education
TRIVE FINANCIAL SERVICES UK LIMITED,Finance
TRIVER LTD,Technology
TRIVIUM GROUP LIMITED,Technology
TRIX MEDCARE LTD,Healthcare
TRK COMMERCIAL LTD,Finance
TRL LIMITED,Engineering
TROSTIFY LTD,Finance
TROWER DAVIES LIMITED,Engineering
TROY IT CONSULTANCY LIMITED,Technology
TRSTBL LIMITED,Technology
TRT LIMITED,Engineering
TRU CARING LTD,Healthcare
TRUE HOMECARE LIMITED,Healthcare
TRUE PHYSIO LTD,Healthcare
TRUE SEO CONSULTANTS LTD,Technology
TRUECOMMERCE (COVENTRY) LIMITED,Technology
TRUELAYER LIMITED,Technology
TRUELAYER SERVICES LIMITED,Technology
TRUELOGIC SOFTWARE LIMITED,Technology
TRUFIN LABS LIMITED,Technology
TRULY CARE SERVICES LTD,Healthcare
TRUMID FINANCIAL UK LIMITED,Finance
TRUMPET SOFTWARE LIMITED,Technology
TRUSCOTT MANOR CAREHOME LTD,Healthcare
TRUST COMMUNITY CARE LIMITED,Healthcare
TRUST HOMECARE SOLUTION BURTON-ON-TRENT LIMITED,Healthcare
TRUST HOMECARE SOLUTION SOUTH SUFFOLK LIMITED,Healthcare
TRUST IN CARE LIMITED,Healthcare
TRUST LOYAL CARE LTD,Healthcare
TRUSTACK LIMITED,Technology
TRUSTCLOUD LTD,Technology
TRUSTLAYER LIMITED,Technology
TRUSTLY UK LIMITED,Finance
TRUSTMARQUE SOLUTIONS LIMITED,Technology
TRUSTMETRICS LTD,Technology
TRUSTPHARM LIMITED,Healthcare
TRUSTPILOT LTD,Technology
TRUSTPORTAL SOLUTIONS LIMITED,Technology
TRUSTUS CARE UK LTD,Healthcare
TRYAMBAKAM DIGITAL LTD,Technology
TRYZENS LIMITED,Technology
TS HEALTHCARE LIMITED,Healthcare
TS IMAGINE (UK) LTD,Technology
TSB BANK PLC,Finance
TSI TURBO SERVICE INTERNATIONAL LIMITED,Engineering
TSIT DIGITAL TECHNOLOGIES PRIVATE LTD,Technology
TSL LIMITED,Engineering
TSN SOLUTIONS LTD,Technology
TSUR LTD,Technology
TSYS MANAGED SERVICES EMEA LIMITED,Finance
TTA MANAGEMENT LIMITED,Finance
TTG CAPITAL LIMITED,Finance
TTMJ LIMITED,Technology
TTT MONEYCORP LIMITED,Finance
TTX SERVICES UK LIMITED,Finance
TUBULAR LABS UK LIMITED,Technology
TUCKEY DESIGN STUDIO LTD,Engineering
TUDAR SKILLS LIMITED,Education
TUDOR BANK LIMITED,Healthcare
TUDOR GRANGE ACADEMIES TRUST,Education
TUDOR HALL SCHOOL,Education
TUDOR LODGE CARE HOME LIMITED,Healthcare
TUDOR PARK EDUCATION TRUST,Education
TUFTON INVESTMENT MANAGEMENT LTD,Finance
TUG LIMITED,Technology
TUKI LTD,Technology
TULIP CARE AT HOME LTD,Healthcare
TULIPTECH LTD,Technology
TUN ABDUL RAZAK RESEARCH CENTRE,Engineering
TUNGSTEN AUTOMATION UK LIMITED,Technology
TUNIC & CO UK LIMITED,Technology
TUNN DENTAL CARE LTD,Healthcare
TUNNEL ENGINEERING LIMITED,Engineering
TURBO PRECISION COMPONENTS LIMITED,Engineering
TURBOCAM UK LIMITED,Engineering
TURING INTELLIGENCE TECHNOLOGY LIMITED,Technology
TURN UP CARE LIMITED,Healthcare
TURNBULL & SCOTT (ENGINEERS) LIMITED,Engineering
TURNBULLS HEALTH CARE LIMITED,Healthcare
TURNER LITTLE LIMITED,Finance
TURNER SCHOOLS,Education
TURNING POINT,Healthcare
TURNKEY CONSULTING (UK) LIMITED,Technology
TURNLEAF ANALYTICS LTD,Technology
TURNOUT LABS LTD,Technology
TUROUK LTD,Technology
TURQUOISE INTERNATIONAL LIMITED,Finance
TURRET ORTHODONTICS LIMITED,Healthcare
TURTL SURF & IMMERSE LIMITED,Technology
TUSCAWILLA CARE GROUP LTD,Healthcare
TUTELAGE CARE HATLEY LTD,Healthcare
TUTELAGE CARE REDBRIDGE LTD,Healthcare
TUTOR HUB ONLINE LIMITED,Education
TUTORCHASE LTD,Education
TUTORCRUNCHER LTD,Technology
TV CONTROL LTD,Technology
TVA INTERNATIONAL LTD,Technology
TVS INTERFLEET LIMITED,Finance
TWEED CHIROPRACTIC LIMITED,Healthcare
TWELVE OAKS SOFTWARE LTD,Technology
TWENTY20 SOFTWARE LIMITED,Technology
TWENTYFOUR IT SERVICES LIMITED,Technology
TWG GLOBAL SERVICES UK LTD,Technology
TWILIGHT ENGINEERING SOLUTIONS LTD,Engineering
TWILIGHT YEARS LIMITED,Healthcare
TWILIO UK LIMITED,Technology
TWIN DOTS LIMITED,Technology
TWINKLE STARS NURSERY SCHOOL LTD,Education
TWINKLE TOES DAY NURSERY LTD,Healthcare
TWINKLESTARS MONTESSORI NURSERY LTD,Education
TWIRL TECHNOLOGIES LTD,Technology
TWIST SOLUTIONS LTD,Technology
TWISTED FISH LIMITED,Technology
TWO B2B LTD,Technology
TWO CIRCLES LIMITED,Technology
TWO SIGMA INTERNATIONAL LIMITED,Finance
TWS DESIGN LIMITED,Engineering
TWYFORD CARE LTD,Healthcare
TWYFORD CHURCH OF ENGLAND ACADEMIES TRUST,Education
TWYZLE LIMITED,Technology
TY DANJUMA FAMILY OFFICE LIMITED,Finance
TY DERWEN LTD,Healthcare
TY GWYN D.P LIMITED,Healthcare
TY HAFOD LTD,Healthcare
TYNE & WEAR CARE SERVICES LTD,Healthcare
TYPING'S COOL LTD,Education
TYRES B WISE (SCOT) LTD,Engineering
TYRION SECURITY BIDCO LIMITED,Finance
TYROCIRCLE LTD,Technology
TYRUS TECH LTD,Finance
TYTN LTD,Engineering
U IN MIND CARE LIMITED,Healthcare
U L CONSULTANTS LIMITED,Education
U MATTER LTD,Healthcare
U&I CARE LIMITED,Healthcare
U-BLOX LUTON LIMITED,Engineering
U.K BOYUAN INTERNATIONAL LIMITED,Education
U.K. IMPLANT MANUFACTURING CO. LIMITED,Healthcare
UAB IT SERVICES LTD,Technology
UBER AND BEYOND LTD,Healthcare
UBER EATS UK LIMITED,Technology
UBER LONDON LIMITED,Technology
UBERTAS CARE HOMES LIMITED,Healthcare
UBIETY TECHNOLOGIES LIMITED,Engineering
UBIPOS UK LIMITED,Engineering
UBIQUE DIGITAL LTD,Technology
UBIQUE SYSTEMS UK LIMITED,Technology
UBISENSE LIMITED,Engineering
UBQ UK ECOSYSTEM SERVICES LTD,Technology
UBREAKIFIXX LTD,Technology
UBUNTU PATHWAYS,Education
UC WORLD-LINK LOGISTIC AND DISTRIBUTION LTD,Finance
UCAN CONSULTING LTD,Technology
UCM (GLOBAL) LIMITED,Finance
UCREATE LIMITED,Technology
UDDIN LEARNING SOLUTION UK LTD,Education
UDICHI SHILPI GOSTHI,Education
UDYOG MANDIR PVT LTD,Technology
UENS UK LIMITED,Engineering
UFP LONDON LIMITED,Finance
UHLMANN U.K. LIMITED,Engineering
UHMAAR LIMITED,Technology
UINSURE LIMITED,Technology
UIPATH UK LIMITED,Technology
UK ACADEMICS AND GUARDIANSHIP LTD,Education
UK ASIA REMIT LIMITED,Finance
UK BAKSHI LTD,Technology
UK BANDWIDTH LIMITED,Technology
UK BOILER COMPANY LTD,Engineering
UK CAMBRIDGE EDUCATION CENTRE LIMITED,Education
UK CARE SERVICE LIMITED,Healthcare
UK CARE TEAM LTD,Healthcare
UK CENTRE OF EXCELLENCE LTD,Education
UK CERTIFICATION AUTHORITY FOR REINFORCING STEELS,Engineering
UK CHIKEN SERVICES LIMITED,Engineering
UK CHINA PERFORMING ARTS LTD,Education
UK CLINICS GLASGOW LIMITED,Healthcare
UK COLLEGE OF BUSINESS AND COMPUTING LTD,Education
UK COMMS LIMITED,Technology
UK CURRICULUM AND ACCREDITATION BODY (UKCAB),Education
UK DEFENCE SERVICES LTD,Technology
UK DENTPLUS LIMITED,Healthcare
UK DOMESTIC APPLIANCES LTD,Engineering
UK E COMMERCE ENTERPRISES LTD,Technology
UK EDUCATION HUB LTD,Education
UK FIRST FINTECH LIMITED,Finance
UK FISH NET LTD,Technology
UK GAS COOKER LTD,Engineering
UK GRADUATE LTD,Education
UK HEALTH FOCUS LTD,Healthcare
UK HEALTH KITS LTD,Healthcare
UK HOME CARE LIMITED,Healthcare
UK HUA DZAN AMITABHA COLLEGE LTD,Technology
UK INDIA HEALTHCARE COLLABORATION LTD,Healthcare
UK IT SERVICES LTD,Technology
UK LAUNCH SERVICES LIMITED,Engineering
UK LIVING CONDITIONS LTD,Engineering
UK MANAGEMENT COLLEGE LTD,Education
UK MORTGAGE SPECIALISTS LTD,Finance
UK NETEASE INTERACTIVE ENTERTAINMENT LIMITED,Technology
UK PROPERTY ACCOUNTANTS LTD,Technology
UK PROPERTY AND INVESTMENT WEEKLY LTD,Technology
UK SMART SOLUTIONS LIMITED,Technology
UK STAR CARE LTD,Education
UK STUDY APPLICATION CENTRE LTD,Education
UK TOP CARE LIMITED,Healthcare
UK TRUCK & PLANT GROUP LTD,Engineering
UK UNCOUNTABLE LIMITED,Technology
UK VERSITY ONLINE LIMITED,Education
UK WISE GROUP LTD,Finance
UK-CHINA CULTURE & EDUCATION COOPERATION PROMOTION CENTRE LTD,Education
UK-EATS LTD,Technology
UKEC INTERNATIONAL LTD,Education
UKEDUCATIONWELL LIMITED,Education
UKINSHA SERVICES LIMITED,Technology
UKZEN LIMITED,Healthcare
UL VS LIMITED,Engineering
ULEARN EDUCATION LIMITED,Education
ULFAT'S VENUES LIMITED,Healthcare
ULITE LIMITED,Technology
ULLA TECHNOLOGY LTD,Technology
ULSTER ENGINEERING LIMITED,Engineering
ULTIMATE CARE UK LTD,Healthcare
ULTIMATE COMPLEX CARE LTD,Healthcare
ULTIMATE EASY SOLUTION LTD,Technology
ULTIMATE INDEPENDENCE CARE LTD,Healthcare
ULTIMATE IT SERVICES LTD,Technology
ULTIMATE PREPARATORY EDUCATION LIMITED,Education
ULTRA CARE CLINIC LIMITED,Healthcare
ULTRA INTELLECT TECHNOLOGIES LIMITED,Technology
ULTRA SPORTS MEDICAL LTD,Healthcare
ULTRACARDIAC LTD,Healthcare
ULTRALYTICS LTD,Technology
ULTRAPRECISION MOTION LIMITED,Engineering
ULTRASOUND LINK LTD,Healthcare
ULTRASOUND LONDON LIMITED,Healthcare
ULTRASOUND SUTTON LTD,Healthcare
ULTROMICS LIMITED,Healthcare
ULTRON TECHNOLOGIES LTD,Technology
UM EDUCATION LTD,Education
UMA ADVISORY LTD,Technology
UMA LABS LIMITED,Technology
UMAR LTD,Finance
UMEED LIMITED,Healthcare
UMI DIGITAL SOLUTIONS LTD,Technology
UMIKA TRADING LTD,Healthcare
UMMAH APPEAL,Education
UMMAH CARE & SUPPORT LIMITED,Healthcare
UMNAI LIMITED,Technology
UMONY LIMITED,Technology
UMOTIF LIMITED,Technology
UMUZI HEALTHCARE AGENCY LTD,Healthcare
UNBIASED LIMITED,Technology
UNBOX COMMERCE LTD,Technology
UNBOXED CONSULTING LIMITED,Technology
UNCAPPED LTD,Technology
UNCOMMONLY LTD,Technology
UNDAR CONSULTANCY LIMITED,Technology
UNDER 1 TREE LIMITED,Technology
UNDERSTANDING CARE (WARWICKSHIRE) LIMITED,Healthcare
UNDERWATERPISTOL LTD,Technology
UNDISCLOSED MAJORITY LTD,Technology
UNDO LIMITED,Technology
UNE FORTE LTD,Technology
UNI LADDER CONSULTANCY LIMITED,Education
UNIBUDDY LIMITED,Technology
UNIC CARE SERVICES LTD,Healthcare
UNICEPTA UK LIMITED,Technology
UNICORN AUTOMOTIVE LIMITED,Engineering
UNICOURSE LTD,Education
UNIEXPERTS LIMITED,Technology
UNIFIED FINANCIAL LIMITED,Finance
UNIFIED FX LIMITED,Technology
UNIFIED RETAIL SERVICES LTD,Technology
UNIFROG EDUCATION LIMITED,Education
UNILABS LIMITED,Healthcare
UNILY GROUP LIMITED,Technology
UNIMAQ LTD,Engineering
UNIMETAL LTD,Engineering
UNIMETALS SERVICES LIMITED,Finance
UNINEED LIMITED,Technology
UNION FOUNDATION,Education
UNION NEPAL SERVICES LIMITED,Finance
UNION STREET DENTAL CARE LTD,Healthcare
UNION SUPPORTED LIVING LTD,Healthcare
UNIORA CIC,Education
UNIPHI UK LIMITED,Technology
UNIPRES (UK) LIMITED,Engineering
UNIPRO LIMITED,Technology
UNIQ HEALTHCARE LIMITED,Healthcare
UNIQ TECHNOLOGY LTD,Technology
UNIQONE LIMITED,Technology
UNIQUE 1 COMMUNICATIONS LTD,Technology
UNIQUE CARE NETWORK LIMITED,Healthcare
UNIQUE CONTACT AND COMMUNITY SERVICES LIMITED,Healthcare
UNIQUE FACILITY MANAGEMENT LIMITED,Technology
UNIQUE IT SUPPORT LIMITED,Technology
UNIQUE OPTIONS + LIMITED,Healthcare
UNIQUE PROFESSIONALS GROUP LTD,Healthcare
UNIQUE RESOURCING LTD,Healthcare
UNIQUE SUPPORT SOLUTIONS LIMITED,Healthcare
UNIQUEX UK LIMITED,Technology
UNISON SOFTWARE AND CONSULTANCY LTD,Technology
UNISURE LIMITED,Finance
UNISYS LIMITED,Technology
UNIT 9 (UK) LIMITED,Technology
UNITARY LTD,Technology
UNITE CARE GROUP LTD,Healthcare
UNITE CARE LTD,Healthcare
UNITECH COMMUNICATIONS LTD,Technology
UNITECH CONSULTANCY SERVICES PVT LTD,Technology
UNITECH ENGINEERING LTD,Engineering
UNITED BANK FOR AFRICA (UK) LIMITED,Finance
UNITED CARE LIMITED,Healthcare
UNITED CHILDREN LIMITED,Healthcare
UNITED CHURCH SCHOOLS TRUST,Education
UNITED COLLEGES GROUP,Education
UNITED HELP LIMITED,Healthcare
UNITED INFRASTRUCTURE MANAGEMENT LIMITED,Finance
UNITED INSURANCE BROKERS LIMITED,Finance
UNITED IT AND CONSULTANCY LIMITED,Technology
UNITED KINGDOM & EUROPE WORLD LITERACY FOUNDATION,Education
UNITED LEGAL SERVICES LIMITED,Technology
UNITED MEDICAL HOSPITAL SYSTEM LIMITED,Engineering
UNITED NATIONAL BANK LIMITED,Finance
UNITED RISK INTERNATIONAL HOLDINGS LTD,Finance
UNITED TRUST BANK LIMITED,Finance
UNITEDLEX LIMITED,Technology
UNITEK ASSOCIATES LIMITED,Education
UNITEQ LIMITED,Technology
UNITIVE TECHNOLOGIES LIMITED,Technology
UNITROVE INNOVATION LIMITED,Engineering
UNITSPARK LIMITED,Engineering
UNITY HEALTH CARE SOLUTIONS LTD,Healthcare
UNITY HEALTHCARE UK LIMITED,Healthcare
UNITY HOMES LIMITED,Healthcare
UNITY INSIGHTS LIMITED,Healthcare
UNITY LINK FINANCIAL SERVICES LIMITED,Finance
UNITY ONE CARE SOLUTION LTD,Healthcare
UNITY SCHOOLS PARTNERSHIP,Education
UNITY SCHOOLS TRUST,Education
UNITYONE LTD,Healthcare
UNIVERON TECHNOLOGIES LIMITED,Technology
UNIVERS U.K. LTD,Technology
UNIVERSAL CONSULTANCY GLOBAL LIMITED,Education
UNIVERSAL FABRICATION & SHOP FRONT LIMITED,Engineering
UNIVERSAL SERVICES GROUP LTD,Technology
UNIVERSITIES SUPERANNUATION SCHEME LIMITED,Finance
UNIVERSITY CAMPUS OF FOOTBALL BUSINESS LIMITED,Education
UNIVERSITY COLLEGE SCHOOL,Education
UNIVERSITY JEWISH CHAPLAINCY,Education
UNIVERSITY OF BRIGHTON ACADEMIES TRUST,Education
UNIVERSITY OF CALIFORNIA TRUST,Education
UNIVERSITY OF CAMBRIDGE INVESTMENT MANAGEMENT LIMITED,Finance
UNIVERSITY OF CHICHESTER (MULTI) ACADEMY TRUST,Education
UNIVERSITY OF DERBY,Engineering
UNIVERSITY OF GLOUCESTERSHIRE,Education
UNIVERSITY OF GREENWICH,Education
UNIVERSITY OF ST MARK & ST JOHN,Education
UNIVERSITY OF SUSSEX STUDENTS' UNION,Education
UNIVERSITY OF THE HIGHLANDS AND ISLANDS,Education
UNIVOYAGE LTD,Education
UNL SOLUTIONS LTD,Technology
UNLIKELY ARTIFICIAL INTELLIGENCE LIMITED,Technology
UNLIMIT UK LTD,Finance
UNLOC LEARNING LIMITED,Education
UNLOCKING LANGUAGE LIMITED,Healthcare
UNOSQUARE LIMITED,Technology
UNQ SOLUTIONS LIMITED,Technology
UNSA LIMITED,Engineering
UNSEEN (UK),Healthcare
UNSTOPPABLES DIGITAL MEDIA LTD,Technology
UNTAP LTD,Engineering
UNUM LIMITED,Finance
UNUSUAL TECHNOLOGIES LTD,Technology
UP LEARN LIMITED,Education
UP3 SERVICES LTD,Technology
UPAKRAM LIMITED,Technology
UPGRAD EDTECH UK LIMITED,Education
UPKEY LTD,Healthcare
UPLANDS CARE CENTRE LIMITED,Healthcare
UPLIFT PHYSIO LTD,Healthcare
UPNORTH CARE SERVICES LTD,Healthcare
UPODESH LIMITED,Education
UPP CONSULTANTS LTD,Engineering
UPPER BERKELEY CARE LTD,Healthcare
UPPINGHAM COMMUNITY COLLEGE,Education
UPRATED LTD,Technology
UPREACH CHARITABLE COMPANY,Education
UPSCALE CARE LIMITED,Healthcare
UPSKILL CAMP LTD,Education
UPSQILL LTD,Technology
UPTICK SOFTWARE UK LIMITED,Technology
UPTIME LABS LTD,Technology
UPTITUDE LTD,Technology
UPTON CARE PLUS LTD,Healthcare
UPTON-HANSEN ARCHITECTS LIMITED,Engineering
UPVC WINDOWS & DOORS PROFESSIONAL LTD,Engineering
UPVEST SECURITIES LTD,Finance
UPWARDS CARE SOLUTIONS LIMITED,Healthcare
UPWIND SECURITY UK LTD,Technology
UR UNIFIED IT SOLUTIONS LIMITED,Technology
URALENSIS INNOV8 LTD,Technology
URBACON TECHNOLOGIES & SERVICES LTD,Technology
URBAN AIR PORT LIMITED,Engineering
URBAN AIRSHIP UK LIMITED,Technology
URBAN EDGE ARCHITECTURE LIMITED,Engineering
URBAN GREEN SPACE LIMITED,Engineering
URBAN INTELLIGENCE LTD,Technology
URBAN MASSAGE LTD,Technology
URBAN MOVEMENT LIMITED,Engineering
URBAN PARTNERS MANAGEMENT UK LIMITED,Finance
URBAN SCIENCE INTERNATIONAL LTD.,Technology
URBAN TRADE FRAMES LTD,Engineering
URBAN WILDERNESS LIMITED,Engineering
URBANCHAIN HUB CIC,Technology
URBANCHAIN LTD,Technology
URBANIST ARCHITECTURE LTD,Engineering
URBANOMIC MEDIA LTD,Technology
URBANTIDE LIMITED,Technology
URGENT CARE 24/7 LTD,Healthcare
URSOLUTIONS LTD,Technology
US & HHM LIMITED,Technology
US TECH SOLUTIONS LIMITED,Technology
USBORNE PUBLISHING LIMITED,Technology
USE PASSIONFRUIT LIMITED,Technology
USERLED.IO LTD,Technology
USS TECHNOLOGIES LIMITED,Technology
USTWO GAMES LTD,Technology
USTWO LIMITED,Technology
UTH UK LIMITED,Technology
UTILITY DATA INTELLIGENCE LTD,Technology
UTILLIGENCE LTD,Engineering
UTMOST LIFE AND PENSIONS LIMITED,Finance
UTOPIA CAPITAL MANAGEMENT LIMITED,Finance
UTOPIA CARE LIMITED,Healthcare
UURNIK SYSTEMS LTD,Technology
UV SOFTWARE LIMITED,Technology
UVUE LTD,Technology
UXBRIDGE HIGH SCHOOL ACADEMY TRUST,Education
UYGUR LIMITED,Engineering
V B ENTERPRISES LIMITED,Finance
V SEND LTD,Finance
V SQUARE IT SOLUTIONS LTD,Technology
V-REAL LIMITED,Technology
V4 ARCHITECTS LTD,Engineering
V7 LTD,Technology
VAAMG CONSULTING LIMITED,Technology
VAAYU TECH LTD,Technology
VAIBHAV IT SOLUTIONS LTD,Technology
VAJRA GLOBAL LIMITED,Technology
VAKT GLOBAL LIMITED,Technology
VALARIAN TECHNOLOGIES LIMITED,Technology
VALCON GROUP UK LIMITED,Technology
VALE LAB LTD,Engineering
VALEN POWER ENGINEERING LTD,Engineering
VALI ANALYTICS LIMITED,Technology
VALIANT ENGINEERING CONSULTING SERVICES LTD,Engineering
VALIANTYS LIMITED,Technology
VALIDEUS LIMITED,Technology
VALIDITY INTERNATIONAL LIMITED,Technology
VALLANCE DENTAL CENTRE LTD,Healthcare
VALLANCE ORGANISATION LIMITED,Healthcare
VALLEY CARE DIRECT LIMITED,Healthcare
VALLEY HILL CHILDCARE LIMITED,Healthcare
VALLEY INVICTA ACADEMIES TRUST,Education
VALLIANCE LTD,Technology
VALNET UK LTD,Technology
VALNEVA SCOTLAND LIMITED,Engineering
VALOHAI LIMITED,Technology
VALOR CARBON LIMITED,Technology
VALOS (U.K.) LIMITED,Technology
VALPRE CAPITAL UK LIMITED,Finance
VALS PLACE LIMITED,Healthcare
VALT TECH LIMITED,Technology
VALTECH LIMITED,Technology
VALUE HEALTH CARE AND CLEANING SERVICES LIMITED,Healthcare
VALUE STREAM MACHINERY LTD,Engineering
VALUED HOME CARE LTD,Healthcare
VALUELABS (UK) LTD,Technology
VALUEMENTOR INFOSEC LIMITED,Technology
VALUEMOMENTUM LTD,Technology
VALUEVISION LTD,Healthcare
VALUTRADES LIMITED,Finance
VALVE ASSET SOLUTIONS LTD,Engineering
VALVE SPACE LTD,Technology
VALVITA INNOVATIONS LTD,Technology
VAMOOS LIMITED,Technology
VAMSTAR LIMITED,Technology
VAN ZYL & DE VILLIERS LIMITED,Engineering
VANDANA TECHNOLOGIES PVT LTD,Technology
VANDERLANDE INDUSTRIES UNITED KINGDOM LIMITED,Engineering
VANEAL LTD,Healthcare
VANELLUS TECHNOLOGIES LTD,Technology
VANGUARD DENTAL HOLDINGS LTD,Healthcare
VANGUARD ENGINEERS LTD,Engineering
VANI CONSULTANCY SERVICES LIMITED,Technology
VANITY CARE LTD,Healthcare
VANKOL HOMES AND SUPPORT SERVICES LIMITED,Healthcare
VANQUIS BANK LIMITED,Finance
VANQUIS BANKING GROUP PLC,Finance
VANTAGE DATA CENTERS UK LIMITED,Technology
VANTAGE INFO SOLUTIONS LIMITED,Technology
VANTAGE MEDIA LIMITED,Technology
VANTAGE POWER LIMITED,Engineering
VANTAGE WEALTH MANAGEMENT LIMITED,Finance
VARALAKSHMI SOLUTIONS LIMITED,Technology
VARDE PARTNERS EUROPE LIMITED,Finance
VARGA CAPITAL (UK) LIMITED,Finance
VARICENT UK OPCO LIMITED,Technology
VARISTHA LIMITED,Technology
VARONIS (UK) LIMITED,Technology
VARSITY TOWN PLANNING LIMITED,Engineering
VASAVE BUSINESS SOLUTIONS LTD,Technology
VASAVE FINANCIAL SERVICES LTD,Finance
VASS IT SERVICES LIMITED,Technology
VAST DATA UK LIMITED,Technology
VASUDHAIVA KUTUMBAKAM LIMITED,Education
VASUMAN LIMITED,Technology
VATIT STREAM UK LIMITED,Finance
VATIX LIMITED,Technology
VAUBAN TECHNOLOGIES LIMITED,Technology
VAULT PLATFORM LTD,Technology
VAUXIAN CARE LIMITED,Healthcare
VBSC LIMITED,Technology
VC TECHNOSYS LIMITED,Engineering
VCA TECHNOLOGY LTD,Technology
VCG TECHNOLOGY SERVICES LIMITED,Technology
VCP ADVISORS LIMITED,Finance
VDX LTD,Finance
VE3 GLOBAL LTD,Technology
VEBRA SOLUTIONS LIMITED,Technology
VECTARE LIMITED,Technology
VECTONE MOBILE HOLDING LIMITED,Technology
VECTOR AI LTD,Technology
VECTOR BIOSCIENCE CAMBRIDGE LTD,Engineering
VECTOR EDUCATION SPORTS LIMITED,Education
VECTOR X-CEL LTD,Engineering
VECTORWORKS UK LIMITED,Technology
VECTRIC LIMITED,Technology
VECTURA LIMITED,Healthcare
VED CONSULTING LIMITED,Technology
VEDA IT SOLUTIONS LIMITED,Technology
VEDAS APPS LTD,Technology
VEDUTE LIMITED,Technology
VEEAM SOFTWARE UK LIMITED,Technology
VEECARE LTD,Healthcare
VEGA INVESTMENT TECHNOLOGIES LIMITED,Technology
VEHICLE TESTING SOLUTIONS LTD,Engineering
VEIKSME TECH LIMITED,Technology
VEINCENTRE LIMITED,Healthcare
VELLONI LIMITED,Technology
VELOCITI SOLUTIONS LIMITED,Technology
VELOCITY GLOBAL SOLUTIONS LIMITED,Technology
VELOCITY MANAGED SOLUTIONS LIMITED,Technology
VELOCITY TECHNOLOGY LIMITED,Finance
VELOCITY TRADE INTERNATIONAL LIMITED,Finance
VELOCITY UK HOLDINGS LIMITED,Finance
VELOREMIT LIMITED,Finance
VELOS IOT UK LIMITED,Technology
VELSTAR LIMITED,Technology
VELVET SKIN & LASER LTD,Healthcare
VELVET TIGER LTD,Technology
VENARI SECURITY LIMITED,Technology
VENCAP INTERNATIONAL PLC,Finance
VENDAVO UK LIMITED,Technology
VENETIAN HEALTHCARE LIMITED,Healthcare
VENKATA SAI TECHNOLOGIES LIMITED,Technology
VENKATASAI SOLUTIONS LTD,Technology
VENNRE VENTURES ADVISERS (VVA) LTD,Technology
VENT-TECH LTD,Engineering
VENTION SOLUTIONS LTD.,Technology
VENTIV TECHNOLOGY GROUP INTERNATIONAL LTD,Technology
VENTURA GROUP HOLDING LIMITED,Finance
VENTURA UK TECHNOLOGIES LIMITED,Technology
VENTURE 1 CONSULTING LIMITED,Technology
VENTURE FUSION LTD,Technology
VENTURE-PEOPLE LIMITED,Education
VENUS HEALTHCARE HOMES LTD,Healthcare
VENUS LONDON TECHNOLOGY LIMITED,Technology
VENUS TRAINING LTD,Education
VEON DIGITAL LIMITED,Technology
VERA GLOBAL SOLUTIONS LTD,Technology
VERACODE LTD,Technology
VERAMED LIMITED,Technology
VERASONICS LTD,Engineering
VERASTAR LIMITED,Technology
VERB MANAGEMENT LIMITED,Technology
VERBAFLO LIMITED,Technology
VERCO ADVISORY SERVICES LIMITED,Technology
VERDIER & CO. LIMITED,Finance
VERDIVA BIO LIMITED,Engineering
VEREMARK LTD,Technology
VERIDIUM UK LIMITED,Technology
VERINA DALY CARE LTD,Healthcare
VERINT SYSTEMS UK LIMITED,Technology
VERISIAN LTD,Technology
VERISTAT INTERNATIONAL LIMITED,Engineering
VERITAS HEALTH INNOVATION UK LTD,Technology
VERITECH LTD,Technology
VERITY HEALTHCARE LIMITED,Healthcare
VERITYCORP LTD,Finance
VERIZON UK LIMITED,Technology
VERLINGUE LIMITED,Finance
VERLINVEST UK LIMITED,Finance
VERLUME LTD,Engineering
VERMEG MANAGEMENT LIMITED,Finance
VERNSA HEALTHCARE LIMITED,Healthcare
VEROFY LIMITED,Finance
VERONA HOME CARE SERVICE LIMITED,Healthcare
VERSION 1 SOLUTIONS LIMITED,Technology
VERSION 1 TECHNOLOGY LIMITED,Technology
VERSITA CARE LTD,Healthcare
VERSO BIOSENSE LIMITED,Engineering
VERSORI LTD,Technology
VERTEKS ASSOCIATES LIMITED,Engineering
VERTEXCORE SOLUTIONS LTD,Technology
VERTICAL AEROSPACE GROUP LTD,Engineering
VERTICAL DOT LTD,Technology
VERTICE TECHNOLOGY LTD,Technology
VERTIGIS LTD,Finance
VERTO EDUCATION UK LTD,Education
VERTOFX LTD,Technology
VERTOZ LIMITED,Technology
VERTURE,Engineering
VERVE HOMECARE LTD,Healthcare
VERVE THE LIVE AGENCY LIMITED,Technology
VERWOOD DENTAL CARE LTD,Healthcare
VERYCONNECT LIMITED,Technology
VESOFT SERVICES LIMITED,Technology
VESON NAUTICAL LIMITED,Technology
VESPER SOFTWARE LTD,Technology
VESSCONN MARITIME LTD,Technology
VESSELSVALUE LIMITED,Technology
VESTA CONSULTING LIMITED,Technology
VESTAS TECHNOLOGY UK LIMITED,Technology
VESTD LTD,Technology
VETSTORIA LIMITED,Technology
VEV SERVICES LIMITED,Finance
VEVO (UK) LIMITED,Technology
VFINETUNE LIMITED,Technology
VFIT JOURNEY LIMITED,Education
VFS FINANCIAL SERVICES LIMITED,Finance
VFS SPV LIMITED,Technology
VHAN CONSULTING LTD,Technology
VHL TECHNICAL SOLUTIONS LIMITED,Technology
VHM CARE LTD,Healthcare
VIALOGIC CONSULTING SERVICES LTD,Technology
VIANAUTIS BIO LIMITED,Engineering
VIAPONTICA LTD,Technology
VIAVIX MEDIA LIMITED,Technology
VIBE TEACHER RECRUITMENT LIMITED,Education
VIBRANT BUSINESS SERVICES LTD,Technology
VICARAGE RESIDENTIAL CARE HOME LTD,Healthcare
VICASSET ADVISORS UK LIMITED,Finance
VICE UK LIMITED,Technology
VICHAG LIMITED,Technology
VICTOR BUYCK STEEL CONSTRUCTION UK LTD,Finance
VICTORGUARD CARE LIMITED,Healthcare
VICTORIA BUSINESS ADVISORS LIMITED,Technology
VICTORIA COLLEGE OF ARTS AND DESIGN LIMITED,Education
VICTORIA HALL CARE HOME LTD,Healthcare
VICTORIA LODGE (SELECT) LIMITED,Healthcare
VICTORIA NURSING GROUP LIMITED,Healthcare
VICTORIA STEAMSHIP COMPANY LIMITED,Finance
VICTORIOUS TECHNOLOGIES LIMITED,Technology
VICTORIOUS VENTURA LTD,Healthcare
VICTORY ADVISORS LIMITED,Finance
VICTORY CARE LIMITED,Healthcare
VICTORY SOCIALCARE ENTERPRISE,Healthcare
VIDA BANK LIMITED,Finance
VIDANNY CONSULTING LIMITED,Technology
VIDEOJET TECHNOLOGIES LIMITED,Engineering
VIDEOSIGN LIMITED,Technology
VIDERA SERVICES LTD,Engineering
VIDI CORP LTD,Technology
VIDIT TECHNOLOGIES (UK) LIMITED,Technology
VIE INTERNATIONAL FINANCIAL SERVICES LIMITED,Finance
VIERA CHIROPRACTIC LIMITED,Healthcare
VIGENCE LIMITED,Technology
VIGHNAHARTA TECHNOLOGY SOLUTIONS LTD,Technology
VIJAYAA LIMITED,Technology
VIJIGS TECHNOLOGIES LTD,Technology
VIKASO LTD,Engineering
VILFREDO CAPITAL LTD,Finance
VILLA CARE LIMITED,Healthcare
VILLAGE SOCIAL LTD,Technology
VILLAGE SOFTWARE ENGINEERING LIMITED,Technology
VINCENT HANNON + ASSOCIATES LIMITED,Engineering
VINCENZO TOTA LIMITED,Healthcare
VINCHI LTD,Technology
VINE HOUSE CARE LTD,Healthcare
VINE SOCIAL CARE AGENCY LIMITED,Healthcare
VINEYARD HOMES LTD,Healthcare
VINFOTECH SOLUTIONS LIMITED,Technology
VINI7380 LTD,Healthcare
VINODH IT LIMITED,Technology
VINTAGE PRICE LIMITED,Engineering
VINTAGE REVELATIONS LIMITED,Healthcare
VIOAH SOLUTIONS LIMITED,Technology
VIOLET DAYCARE LTD,Education
VIOLETS CARE SERVICES LTD,Healthcare
VIPER INNOVATIONS LTD,Engineering
VIPLAND LTD,Finance
VIRALMOVE LIMITED,Technology
VIRAX BIOLABS (UK) LIMITED,Finance
VIRGIL ALTERNATIVE INVESTMENTS UK LTD,Finance
VIRGIN MANAGEMENT LIMITED,Finance
VIRIDIS BUILDING SERVICES LTD,Engineering
VIROCELL BIOLOGICS LTD,Engineering
VIROCELL HOLDINGS LIMITED,Engineering
VIRTTRADE LTD,Technology
VIRTUAL ALLIANCE LIMITED,Education
VIRTUAL EARTH CONSULTANCY LIMITED,Technology
VIRTUAL REALITY KINGDOM TECHNOLOGIES PVT LTD,Technology
VIRTUAL ROUTES INCUBATOR CIC,Engineering
VIRTUAL SOFT LTD,Technology
VIRTUAL TECH CLOUD LTD,Technology
VIRTUALLY SPORTS LTD,Technology
VIRTUALNONEXECS LIMITED,Technology
VIRTUALSPEECH LTD,Technology
VIRTUE AEROSPACE LIMITED,Engineering
VIRTUE CARE LTD,Healthcare
VIRTUOSO IT LIMITED,Technology
VIRTUS CARE LTD,Healthcare
VIRTUS HOLDCO LIMITED,Technology
VIRTUS UK CAPITAL LTD,Technology
VIRTUSALES.COM LIMITED,Technology
VIS NETWORKS UK LTD,Technology
VISA EUROPE LIMITED,Finance
VISAGE ORTHODONTICS ABERDEEN LTD,Healthcare
VISAM SOLUTIONS UK LTD,Technology
VISDOM CONSULTING LIMITED,Technology
VISH IT CONSULTING LIMITED,Technology
VISHOMIL LIMITED,Healthcare
VISIATIV SOLUTIONS UK LIMITED,Technology
VISIBILITY ASSET MANAGEMENT LIMITED,Technology
VISIBLE ALPHA LIMITED,Technology
VISIBLY TECH LIMITED,Technology
VISION ACADEMY EDUCATION AND TECHNOLOGY UK LIMITED,Education
VISION CARE SERVICES (UK) LIMITED,Healthcare
VISION CONSULTANCY SERVICES LTD,Finance
VISION CORE SOLUTIONS LTD,Technology
VISION DENTAL LABORATORY LIMITED,Healthcare
VISION DESIGN AND PRINT LTD,Technology
VISION FOR CARE LIMITED,Healthcare
VISION FOR THE FUTURE POWER LIMITED,Technology
VISION HOMES ASSOCIATION,Healthcare
VISION RIGHT LTD,Healthcare
VISIONARY CARE LTD,Healthcare
VISIONEDGEONE LTD,Finance
VISIONET EMEA LIMITED,Technology
VISIONMETRIC LIMITED,Technology
VISIONOLIC LTD,Technology
VISIONTHREETECH LIMITED,Technology
VISITHEALTH LIMITED,Healthcare
VISO.AI UK LTD,Technology
VISS EDUCATION CONSULTANCY LTD,Finance
VISTA AIRCRAFT MAINTENANCE FARNBOROUGH LIMITED,Engineering
VISTA CARE SERVICES LTD.,Healthcare
VISTA CARE SOLUTIONS LIMITED,Healthcare
VISTA EDUCATION CORPORATION LIMITED,Education
VISTA IT SOLUTIONS LIMITED,Technology
VISTAIR SYSTEMS LIMITED,Technology
VISTARA SMILES LTD,Healthcare
VISTO TECHNOLOGIES PVT LTD,Technology
VISU TECH LTD,Technology
VISUAL BUSINESS RETAIL LIMITED,Technology
VISUAL MEANING LIMITED,Technology
VISUAL TALENT LIMITED,Technology
VISUALISING SOFTWARE LIMITED,Technology
VISUALIST TECHNOLOGIES LTD,Technology
VISUALSOFT LIMITED,Technology
VIT REMIT LTD,Technology
VITA HEALTH GROUP LIMITED,Healthcare
VITAFLO (INTERNATIONAL) LIMITED,Healthcare
VITAL CARE AND SUPPORT LTD,Healthcare
VITAL CARE SERVICES NORTH EAST LIMITED,Healthcare
VITAL HEALTHCARE SERVICES LIMITED,Healthcare
VITAL HOLDCO LIMITED,Finance
VITAL SIGNS SOLUTIONS LTD,Engineering
VITAL TELECOM SERVICES LIMITED,Technology
VITALHUB UK LIMITED,Technology
VITALITY CORPORATE SERVICES LIMITED,Finance
VITALITY HOME HEALTH (SEVENOAKS) LTD,Healthcare
VITALITY HOME HEALTH LTD,Healthcare
VITALITY LIVING CARE LTD,Healthcare
VITALITY PLUS CARE LTD,Healthcare
VITALSCAN LIMITED,Healthcare
VITIZON LIMITED,Technology
VITRUE LTD,Engineering
VITRUVIAN COSMETIC DENTISTRY LTD,Healthcare
VITRUVIAN PARTNERS LIMITED,Finance
VIVA WALLET.COM LTD,Finance
VIVACARE LIMITED,Healthcare
VIVACITY LABS LIMITED,Technology
VIVANTI LTD,Engineering
VIVE EDUCATION GROUP LTD,Education
VIVET LIMITED,Technology
VIVID BLOCK LIMITED,Technology
VIVIDATA LIMITED,Technology
VIVISTERIA SOLUTIONS LIMITED,Education
VIVO DENTAL LAB LIMITED,Technology
VIX TECHNOLOGY UK LIMITED,Technology
VIZE4UK LIMITED,Education
VIZNITI SOLUTIONS LIMITED,Technology
VIZOB LIMITED,Technology
VIZST TECHNOLOGY LTD,Technology
VJSAR CONSULTANT SERVICE LTD,Technology
VLEX JUSTIS LIMITED,Technology
VLPG VENTURE LTD,Engineering
VLS IT CONSULTING LIMITED,Technology
VM2R SERVICES LTD,Technology
VMA HEALTHCARE SERVICES LIMITED,Healthcare
VMISTUDIO LTD,Technology
VMWARE UK LIMITED,Technology
VNS SOLUTIONS LIMITED,Technology
VOCEAN LTD,Engineering
VODACOM BUSINESS AFRICA GROUP SERVICES LIMITED,Technology
VODAFONE GROUP SERVICES LIMITED,Technology
VODAFONE IOT UK LIMITED,Technology
VODAFONE LIMITED,Engineering
VOGT LANDSCAPE LIMITED,Engineering
VOHKUS LIMITED,Technology
VOI TECHNOLOGY UK LTD,Engineering
VOICE OF THE CHILD,Healthcare
VOICEFLEX LIMITED,Technology
VOICETEC SYS LIMITED,Technology
VOICEVERSE LABS LTD,Technology
VOIP-UN LIMITED,Technology
VOITH PAPER LIMITED,Engineering
VOLARIS GROUP UK HOLDCO LTD,Technology
VOLCAP TRADING PARTNERS LIMITED,Finance
VOLKSWAGEN FINANCIAL SERVICES (UK) LIMITED,Finance
VOLOFIN CAPITAL MANAGEMENT LTD.,Finance
VOLOPA FINANCIAL SERVICES (SCOTLAND) LIMITED,Finance
VOLSEC LTD,Healthcare
VOLT SPORT SCIENCE LTD,Healthcare
VOLTERAS TECHNOLOGIES LTD,Technology
VOLTIMUM UK & IRELAND LIMITED,Technology
VOLTIX SERVICES LIMITED,Engineering
VOLTQUANT LIMITED,Technology
VOLUE LTD,Technology
VOLUME FIVE LIMITED,Finance
VOLUNTARY ACTION SOUTH WEST SURREY,Healthcare
VOLUNTARY ACTION SWINDON,Healthcare
VOLUNTEERING MATTERS,Education
VOLVO CONSTRUCTION EQUIPMENT HAULERS LIMITED,Engineering
VOLY LIMITED,Technology
VONAGE BUSINESS LIMITED,Technology
VOODOO GAMING UK LIMITED,Technology
VOODOO PARK LIMITED,Technology
VOORTMAN UK LIMITED,Engineering
VOPULUS LTD,Technology
VORBOSS LIMITED,Technology
VORTEX IQ LIMITED,Engineering
VORTIC LIMITED,Finance
VOUCHERCART LTD,Technology
VOVO CARE LIMITED,Healthcare
VOXELMAPS LTD,Technology
VOYA INVESTMENT MANAGEMENT (UK) LIMITED,Finance
VOYAGE 1 LIMITED,Healthcare
VOYAGEUR PUBLISHING AND EVENTS LIMITED,Technology
VP & WHITE UK LTD,Technology
VPGTS TECHNOLOGIES LTD,Technology
VPN GLOBAL TESTING SERVICES LIMITED,Technology
VRD NETWORKERS LIMITED,Technology
VREMIT LTD,Finance
VRK TECH SOLUTIONS LTD,Technology
VS2 NETWORKS LIMITED,Technology
VSN PLASTICS SOLUTIONS LTD,Technology
VSO,Education
VSSP CONSULTANCY LIMITED,Technology
VT SAI OVERSEAS LTD,Technology
VTAC SOLUTIONS LTD,Technology
VUCITY LIMITED,Engineering
VULCAIN ENGINEERING LTD,Engineering
VULCANTEC LIMITED,Technology
VULPES INVESTMENT MANAGEMENT UK LTD,Finance
VVII LTD,Finance
VX FIBER LIMITED,Technology
VY CAPITAL UK LTD,Finance
VYNE TECHNOLOGIES LIMITED,Technology
VYPR VALIDATION TECHNOLOGIES LIMITED,Technology
VZ HYBRID COMPUTE (UK) LIMITED,Technology
W J PROJECT SERVICES LIMITED,Engineering
W&D UK PVT LTD,Finance
W1M WEALTH MANAGEMENT LIMITED,Finance
W3DPRINT LTD,Technology
WABTEC UK LIMITED,Engineering
WAER SYSTEMS LIMITED,Technology
WAFFLE TECH LIMITED,Technology
WAFRA EUROPE LIMITED,Finance
WAHED INVEST LTD,Finance
WAILIAN EDUCATION GROUP LIMITED,Education
WAINCARE LIMITED,Healthcare
WAKE UP PRODUCTIONS LIMITED,Technology
WAKEFLOW LTD,Technology
WALBROOK INSTITUTE LONDON LIMITED,Education
WALCOT HOPKINS LTD,Technology
WALES ENGLAND CARE LTD,Healthcare
WALKER & WATTS LIMITED,Engineering
WALKING ON EARTH LTD,Technology
WALKME UK LIMITED,Technology
WALL HILL CARE HOME LIMITED,Healthcare
WALLACE WHITTLE LIMITED,Engineering
WALLEYE CAPITAL (UK) LIMITED,Finance
WALLSTREETDOCS LTD,Technology
WALNUT CARE LIMITED,Healthcare
WALNUT DENTAL CENTRE LTD,Healthcare
WALSINGHAM SUPPORT,Healthcare
WALTER MANNY LIMITED,Healthcare
WALTON CARE LIMITED,Healthcare
WALTON IT LTD,Technology
WALWORTH AFTER-SCHOOL CLUB LIMITED,Healthcare
WAMAI LIMITED,Technology
WAMIN TECH LTD,Technology
WAMO TECHNOLOGY LIMITED,Technology
WAN MEDIA LTD,Technology
WANDLE LEARNING TRUST,Education
WANG DEE LIMITED,Finance
WANSTOR LTD,Technology
WANTSUM LODGE LIMITED,Healthcare
WARDENS LODGE LIMITED,Finance
WARDOUR COMMUNICATIONS LIMITED,Technology
WARMEST WELCOME 2 LIMITED,Healthcare
WARMEST WELCOME 3 LIMITED,Healthcare
WARMEST WELCOME LIMITED,Healthcare
WARMINSTER SCHOOL,Education
WARNER LAND SURVEYS LIMITED,Engineering
WARP DIGITAL ENTERTAINMENT LIMITED,Technology
WARREN HOMECARE LTD,Healthcare
WARRENS247 HEALTHCARE LTD,Healthcare
WARRIOR SPORTS REHABILITATION LTD,Healthcare
WARTSILA DEFENCE SOLUTIONS LTD,Engineering
WASTE LOGICS SOFTWARE LIMITED,Technology
WASTED TALENT LTD,Technology
WASTEWATER FUELS LTD,Engineering
WATER AND SANITATION FOR THE URBAN POOR,Technology
WATER TECH PURIFICATION LTD,Engineering
WATERAID,Healthcare
WATERGATES LTD,Technology
WATERLAND PRIVATE EQUITY LTD,Finance
WATERLOO HOUSE CARE HOME LTD,Healthcare
WATERLOO HOUSE REST HOME LIMITED,Healthcare
WATERLOO MANOR LIMITED,Healthcare
WATERLOO PHARMA LTD,Healthcare
WATERMARK GROUP LIMITED,Engineering
WATERMEAD CARE LTD,Healthcare
WATERRISE LIMITED,Finance
WATFORD GRAMMAR SCHOOL FOR BOYS,Education
WATNEY COLLEGE LIMITED,Education
WATRA CARE LIMITED,Healthcare
WATTS HEALTHCARE LIMITED,Healthcare
WAVE TRAUMA CENTRE,Healthcare
WAVERLY CARE SERVICES LTD,Healthcare
WAVERTREE CARE LTD,Healthcare
WAVETEL BUSINESS LTD,Technology
WAVTEQ LIMITED,Technology
WAY2CIS LIMITED,Technology
WAY2IT SOLUTIONS LIMITED,Technology
WAYCORE LTD,Technology
WAYFLYER UK LIMITED,Technology
WAYLAND ADDITIVE LIMITED,Engineering
WAYMAP LIMITED,Technology
WAYPOINT COMMODITIES LIMITED,Technology
WAYS TO WELLNESS FOUNDATION,Healthcare
WAYSIDE CARE LIMITED,Healthcare
WAYSIDE COMMUNICATIONS LTD,Technology
WAYSTONE GOVERNANCE (UK) LIMITED,Finance
WAYSTONE TRANSFER AGENCY SOLUTIONS (UK) LIMITED,Finance
WAYTHROUGH,Healthcare
WAYVE TECHNOLOGIES LTD,Engineering
WAZOKU LIMITED,Technology
WBD GROUP LIMITED,Engineering
WBFC LIMITED,Technology
WCG ABBEY LTD,Healthcare
WCG CLAYTON LTD,Healthcare
WCS CARE GROUP LIMITED,Healthcare
WE ARE PIONEER GROUP LIMITED,Finance
WE ARE SNOOK LIMITED,Technology
WE ARE SUNDAY LTD,Technology
WE ARE THE CARE COMPANY LIMITED,Healthcare
WE CARE 4 YOU SERVICES LIMITED,Healthcare
WE CARE NOTTINGHAM LIMITED,Healthcare
WE CARE SERVICES LTD,Healthcare
WE CARE YOU PLUS LTD,Healthcare
WE DELIVER LOCAL LTD,Technology
WE DO CARE (LONDON) LTD,Healthcare
WE KNOW DATA LIMITED,Technology
WE'LL MIND YOUR OWN BUSINESS LTD,Technology
WE-CARE-RECRUITMENT LTD,Healthcare
WEACTIVE9 LTD,Technology
WEALD OF KENT GRAMMAR SCHOOL ACADEMY TRUST,Education
WEALTH 8 LIMITED,Finance
WEALTH CLUB LIMITED,Finance
WEALTHKERNEL LIMITED,Technology
WEALTHMAX FINANCIAL ADVISERS LIMITED,Finance
WEALTHOS LIMITED,Technology
WEARE8 MEDIA LTD,Technology
WEAREWAY LTD,Technology
WEARISMA LTD.,Technology
WEASSIST CARE SERVICES LTD,Healthcare
WEATHERBYS BANK LIMITED,Finance
WEATHERBYS LTD,Technology
WEATHERITE AIR CONDITIONING LIMITED,Engineering
WEAVEABILITY LIMITED,Technology
WEAVEPAY LIMITED,Technology
WEAVER LABS LIMITED,Technology
WEAVERS CARE HOME LTD,Healthcare
WEB ALAQ LIMITED,Technology
WEB ALLIANCE LIMITED,Technology
WEB BAZE LTD,Technology
WEB CREATOR SUITE LTD,Technology
WEB CREATORS UK LTD,Technology
WEB DIMENSIONS LIMITED,Technology
WEB GEEK BRISTOL LIMITED,Technology
WEB GEO SERVICES LTD,Technology
WEB UNIVERSE LTD,Technology
WEB3 LABS LTD,Technology
WEBANYWHERE LIMITED,Technology
WEBB TRADERS UK LTD,Finance
WEBB YATES ENGINEERS LIMITED,Engineering
WEBCURL LIMITED,Technology
WEBHEAY TECHNOLOGIES LIMITED,Technology
WEBINTELLECT LTD,Technology
WEBMD UK LIMITED,Technology
WEBN GROUP (UK) LIMITED,Finance
WEBOO ONLINE LIMITED,Technology
WEBSTAR ALLIANCE LTD,Technology
WEBSTARS LTD,Technology
WEBUILD-AI LIMITED,Technology
WECO AI LTD,Technology
WEDO DIGITAL TECHNOLOGIES LIMITED,Technology
WEEFIN ESG UK LTD,Technology
WEIGHBRIDGE SERVICES LTD,Engineering
WELBILT UK LIMITED,Engineering
WELBOT LIMITED,Technology
WELCARE GLOBAL LIMITED,Healthcare
WELD IT SOUTHALL LTD,Engineering
WELD WORLD INT LTD,Engineering
WELEAD HEALTHCARE SERVICES LTD,Healthcare
WELFARE GOLD LTD,Healthcare
WELFARE HEALTH AND SAFETY ACADEMY LIMITED,Education
WELHUNT (UK) LIMITED,Finance
WELL DUNN LIMITED,Finance
WELL-BEING ON PRIMROSE HILL LTD,Healthcare
WELLBEING CARE SOLUTIONS LTD,Healthcare
WELLBEING ENTERPRISES CIC,Healthcare
WELLBEING OF WOMEN,Healthcare
WELLBEING RESIDENTIAL LTD,Healthcare
WELLBEINGX LTD,Healthcare
WELLBORN CREATIVE LIMITED,Technology
WELLCOME CARE HOMES LTD,Healthcare
WELLESLEY HOUSE NURSING HOME LIMITED,Healthcare
WELLIGENCE LTD,Technology
WELLINGBOROUGH SCHOOL,Education
WELLINGTON CARE LIMITED,Healthcare
WELLINGTON HEALTHCARE (ARDEN) LTD,Healthcare
WELLINGTON HEALTHCARE LIMITED,Healthcare
WELLINGTON MANAGEMENT INTERNATIONAL LIMITED,Finance
WELLINGTON SCHOOL,Education
WELLNESS SOCIAL CARE SERVICES LIMITED,Healthcare
WELLS FARGO SECURITIES INTERNATIONAL LIMITED,Finance
WELLS HAVEN LTD,Healthcare
WELLSPRING EVERYDAY SUPPORT LTD,Healthcare
WELLWISE HEALTH LIMITED,Healthcare
WELWIN INFOTECH LTD,Technology
WELZO LTD,Healthcare
WEMATCH.LIVE FS LTD,Finance
WEMATCH.SECURITIESFINANCING LTD,Technology
WEMTRAD LTD,Engineering
WENTWORTH COMMUNITY CARE LTD,Healthcare
WENTWORTH REST HOME LIMITED,Healthcare
WEPRE VILLA HOMECARE LIMITED,Healthcare
WERFEN LIMITED,Engineering
WERNETH LODGE LIMITED,Healthcare
WERY GAMES LIMITED,Technology
WESBRIDGE ASSOCIATES LIMITED,Technology
WESCONNEX LIMITED,Technology
WESOAR LIMITED,Technology
WESSEX CHILDREN'S HOSPICE TRUST,Healthcare
WESSEX INTERNET LIMITED,Technology
WESSEX LEARNING TRUST,Education
WEST CHIROPRACTIC (ADDLESTONE) LTD,Healthcare
WEST DENTAL LIMITED,Healthcare
WEST EARLHAM DENTAL HEALTH PRACTICE LIMITED,Healthcare
WEST FACE SCHOOL OF BUSINESS LTD,Education
WEST HATCH HIGH SCHOOL ACADEMY TRUST,Education
WEST HILL CARE HOME LTD,Healthcare
WEST KENT PRIMARY CARE COMMUNITY INTEREST COMPANY,Healthcare
WEST LONDON HOME CARE LIMITED,Healthcare
WEST LONDON PROFESSIONAL COLLEGE LTD,Technology
WEST LONDON SCHOOL LTD,Education
WEST LONDON SOLUTIONS LIMITED,Technology
WEST LONDON SPEECH AND LANGUAGE THERAPY LIMITED,Healthcare
WEST LONDON STUDENTS' UNION,Education
WEST MID HEALTHCARE UK LIMITED,Healthcare
WEST MIDLANDS ACADEMY TRUST,Education
WEST MIDLANDS STEEL LTD,Engineering
WEST MONROE PARTNERS LIMITED,Technology
WEST NORFOLK ACADEMIES TRUST,Education
WEST PARK HOUSE LIMITED,Healthcare
WEST PIER STUDIO LTD,Technology
WEST TECH CAPITAL LTD,Technology
WEST THURROCK ACADEMY,Education
WESTADE SOLUTIONS LTD,Engineering
WESTBASE TECHNOLOGY LIMITED,Technology
WESTBOURNE SCHOOL TRUST LIMITED,Education
WESTBURY CARE LIMITED,Healthcare
WESTCLIFFE HEALTH INNOVATIONS LIMITED,Healthcare
WESTCOUNTRY SCHOOLS TRUST,Education
WESTEC ENGINEERING LTD,Engineering
WESTERFIELD HOUSE CARE LTD,Healthcare
WESTERN ASSET MANAGEMENT COMPANY LIMITED,Finance
WESTERN HEALTH CARE LIMITED,Healthcare
WESTERN MOUNT LODGE LTD,Healthcare
WESTFALIA FRUIT INTERNATIONAL LIMITED,Finance
WESTFIELD ACADEMY,Education
WESTFIELD HOUSE (CARE) LTD,Healthcare
WESTFIELD LODGE CARE LIMITED,Healthcare
WESTFIELD LONDIS LIMITED,Technology
WESTFIELD RESIDENTIAL HOME LTD,Healthcare
WESTGATE HEALTHCARE (BOREHAMWOOD) LIMITED,Healthcare
WESTGATE HEALTHCARE (BRAINTREE) LIMITED,Healthcare
WESTGATE HEALTHCARE (CHORLEYWOOD) LIMITED,Healthcare
WESTGATE HEALTHCARE (WANSTEAD) LIMITED,Healthcare
WESTGATE HEALTHCARE LIMITED,Healthcare
WESTGREEN CARE LTD,Healthcare
WESTHOLME CLINIC LIMITED,Healthcare
WESTLAB LTD,Healthcare
WESTLAKES ENGINEERING LIMITED,Engineering
WESTLANDS CARE LIMITED,Healthcare
WESTMINSTER FINANCE LIMITED,Finance
WESTMINSTER THEOLOGICAL CENTRE,Education
WESTMORLAND HEALTHCARE LIMITED,Healthcare
WESTON PARK CARE LIMITED,Healthcare
WESTONWILLIAMSON LIMITED,Engineering
WESTTEK SOLUTIONS LTD,Technology
WESTWARD CARE HOMES LIMITED,Healthcare
WETHERBY HOUSE MONTESSORI KENSAL RISE LIMITED,Education
WETHERBY HOUSE MONTESSORI LIMITED,Education
WETRANSFER UK LIMITED,Technology
WEY BRIDGING FINANCE LIMITED,Finance
WEYBRIDGE DENTAL CARE LTD,Healthcare
WEYBRIDGE PARTNERS LIMITED,Finance
WEYBRIDGE PHARMA LIMITED,Healthcare
WEYMOUTH DENT LTD,Healthcare
WEYSPRING LIMITED,Healthcare
WGP ARCHITECTS LTD,Engineering
WGSN LIMITED,Technology
WH METALS LTD,Engineering
WHALEBACK LTD,Engineering
WHAT3WORDS LIMITED,Technology
WHATFIX LIMITED,Technology
WHEATLEY SOFTWARE SOLUTIONS LIMITED,Technology
WHEELABRATOR GROUP LIMITED,Engineering
WHEELSHARE (LONDON) LTD,Healthcare
WHEELY TECHNOLOGIES LTD,Technology
WHEREBY UK OPERATIONS LTD,Technology
WHESSOE ENGINEERING LIMITED,Engineering
WHETSTONE DENTAL SURGERY LIMITED,Healthcare
WHISP LIMITED,Technology
WHITBY WOOD LIMITED,Engineering
WHITE AND SOFT LTD,Technology
WHITE FALCON 11 LTD,Healthcare
WHITE HALL LENDING LTD,Finance
WHITE HOUSE DENTAL PRACTICE LIMITED,Healthcare
WHITE LEAF SUPPORT LTD,Healthcare
WHITE LODGE REST HOME LIMITED,Healthcare
WHITE OAK CARE LIMITED,Healthcare
WHITE PAPER GAMES LTD,Technology
WHITE PEARL CARE LTD,Healthcare
WHITE PEPPER COOKERY LIMITED,Education
WHITE ROSE ACADEMIES TRUST,Education
WHITE ROSE DENTAL PRACTICE LTD,Healthcare
WHITE ROSE EDUCATION LIMITED,Education
WHITE ROSE HOUSE CARE HOME LIMITED,Healthcare
WHITE SNOW ADS LTD.,Technology
WHITE STAR CAPITAL UNITED KINGDOM LIMITED,Finance
WHITE-RED LIMITED,Engineering
WHITECREST CARE SERVICES LIMITED,Healthcare
WHITEFIELD SCHOOL,Education
WHITEFOX PUBLISHING LIMITED,Technology
WHITEFOX TECHNOLOGIES LIMITED,Engineering
WHITEGATE MANAGEMENT ADVISORS (UK) LIMITED,Finance
WHITEHALL CARE LIMITED,Healthcare
WHITEHEART HEALTH CARE LTD,Healthcare
WHITELODGE ALVELEY LIMITED,Healthcare
WHITEZIP LIMITED,Technology
WHITFIELD CIVIL ENGINEERING LIMITED,Engineering
WHITTAKER AND WATT ARCHITECTS LTD,Engineering
WHITTAN INDUSTRIAL LIMITED,Engineering
WHIZZ EDUCATION LIMITED,Technology
WHOLE CHILD THERAPY LTD,Education
WHYAYE LTD.,Technology
WIA SYSTEMS LTD,Technology
WICK ENTERTAINMENT LIMITED,Technology
WIDA GROUP LIMITED,Technology
WIDE SOLUTION LTD,Finance
WIE LTD,Technology
WIELDMORE INVESTMENT MANAGEMENT LIMITED,Finance
WIFINITY LIMITED,Technology
WIGAN AND LEIGH HOSPICE,Healthcare
WIKI NETWORKS LIMITED,Technology
WILBRAHAM LIMITED,Healthcare
WILD ACRES REST HOME LIMITED,Healthcare
WILD BUSH LIMITED,Education
WILDCATS COMBAT LTD,Education
WILDLAND LIMITED,Finance
WILLAN HOUSE (STAINFIELD) LIMITED,Healthcare
WILLETT LODGE CARE HOME LTD,Healthcare
WILLIAM COLLEGE LTD,Education
WILLIAM ELLIOTT LIMITED,Education
WILLIAM HARE LIMITED,Engineering
WILLIAM MATTHEWS ASSOCIATES LIMITED,Engineering
WILLIAM REED LTD,Technology
WILLIAM RUSSELL LIMITED,Finance
WILLIAM SAY AND COMPANY LIMITED,Engineering
WILLIAM SIMPSONS,Healthcare
WILLIAM TYNDALE PRIMARY SCHOOL,Education
WILLIAMS COLLEGE OXFORD PROGRAMME,Education
WILLIAMS GRAND PRIX ENGINEERING LIMITED,Engineering
WILLIAMS WELFARE LTD,Healthcare
WILLIS ENGINE REPAIR CENTRE (UK) LIMITED,Engineering
WILLIS LIMITED,Finance
WILLIS RE (UK) LIMITED,Finance
WILLOVER PROPERTY LIMITED,Healthcare
WILLOW CHIROPRACTIC PARTNERSHIP LIMITED,Healthcare
WILLOW EQUITY MANAGEMENT LIMITED,Finance
WILLOW HEALTH LIMITED,Healthcare
WILLOW HOME CARE LEEDS LTD,Healthcare
WILLOW HOME CARE LTD,Healthcare
WILLOW LEARN LIMITED,Technology
WILLOW LODGE NURSING HOME LTD,Healthcare
WILLOW TREE SUPPORT LIMITED,Healthcare
WILLOW TREE SUPPORT SERVICES LTD,Healthcare
WILLOWS LODGE LIMITED,Healthcare
WILLOWS PRE-SCHOOL LIMITED,Education
WILLSTAC HEALTHCARE LIMITED,Healthcare
WILOR LTD,Education
WILSHIRE HEALTHCARE LTD,Healthcare
WILSHIRE OPCO UK LIMITED,Technology
WILSON GEORGE GROUP LIMITED,Finance
WILSON GRAY CONSULTING LTD,Engineering
WILSON'S SCHOOL,Education
WIMSHURST PELLERITI LIMITED,Engineering
WIN HEALTHCARE LIMITED,Healthcare
WIND ENGINEERING & CONSULTANCY LTD,Technology
WIND FINANCIAL INFORMATION UK LTD,Technology
WIND RIVER UK LIMITED,Technology
WINDCAVE LIMITED,Technology
WINDCREST LIFTBITS LIMITED,Engineering
WINDMILL LODGE LTD,Healthcare
WINDMILL SMART SOLUTIONS LIMITED,Technology
WINDOW2THEWORLD LTD,Technology
WINDRUSH CARE LTD,Healthcare
WINDSOR CLINICAL AND HOME CARE SERVICES GROUP LTD,Healthcare
WINDSOR LEARNING PARTNERSHIP,Education
WINDTECH CONSULTANTS (EUROPE) LIMITED,Engineering
WINDWARD MARINE RISK (UK) LTD,Technology
WINE OWNERS LIMITED,Technology
WINE-SEARCHER UK LIMITED,Technology
WINFO SOLUTIONS UK LIMITED,Technology
WING AVIATION UK LIMITED,Technology
WING ENERGY LTD,Engineering
WING GROUP LTD,Technology
WINGATE CARE HOMES LTD,Healthcare
WINGS FOR LIFE UK SPINAL CORD RESEARCH FOUNDATION,Engineering
WINKREATIVE LIMITED,Technology
WINSOR CARE SERVICES LIMITED,Healthcare
WINSOR SKILLS TRAINING LTD,Education
WINSOVER LIMITED,Healthcare
WINSPIRE LTD,Technology
WINSPIRE SOLUTIONS UK LIMITED,Technology
WINUSMAN CARE LTD,Healthcare
WINWAY COLLEGE OF BUSINESS & TECHNOLOGY LIMITED,Education
WIPRO APPIRIO UK LIMITED,Technology
WIREDSCORE UK LIMITED,Technology
WIRELESS COVERAGE LTD,Technology
WIRELESS EXCELLENCE LIMITED,Technology
WIREX HOLDINGS LIMITED,Finance
WIRRAL LIFESTART LIVING SERVICES LIMITED,Healthcare
WIRTGEN LIMITED,Engineering
WIRTH RESEARCH LIMITED,Engineering
WIS CONTRACTOR MORTGAGES LTD,Finance
WISBECH GRAMMAR SCHOOL LTD,Education
WISDOM SUPPORT LIMITED,Healthcare
WISE FINANCIAL SERVICES LTD,Finance
WISE HOME CARE LIMITED,Healthcare
WISE LIFE COUNSELING LTD,Healthcare
WISE MASTERBUILDERS CHILDCARE LIMITED,Education
WISE MUSIC GROUP LIMITED,Technology
WISE PAYMENTS LIMITED,Finance
WISE TECHNICAL LIMITED,Engineering
WISEALPHA TECHNOLOGIES LIMITED,Technology
WISEHART LIMITED,Education
"WISS, JANNEY, ELSTNER LIMITED",Engineering
WISSEN TECHNOLOGY LIMITED,Technology
WITH INTELLIGENCE LIMITED,Technology
WITH ROUTE LIMITED,Technology
WITHCENT UK LTD,Education
WITHERSLACK GROUP LIMITED,Education
WITHIN REACH SERVICES LIMITED,Healthcare
WITHINS (BREIGHTMET) LIMITED,Healthcare
WITHSECURE LIMITED,Technology
WITLENS LTD,Healthcare
WITTY KIDDIES NURSERIES LTD,Education
WIW ENGINEERING LIMITED,Engineering
WIX.COM (UK) LIMITED,Technology
WIXOT STUDIOS LIMITED,Technology
WIZ CLOUD LIMITED,Technology
WIZ TECHNOLOGIES LTD,Technology
WIZLANE LTD,Technology
WK TECH EXPERT AND CONSULTANCY LTD,Technology
WMC CAPITAL LTD,Finance
WMG ACADEMY FOR YOUNG ENGINEERS,Education
WNC UK LIMITED,Technology
WNGZ HOLDINGS LTD,Finance
WODENSOFT LTD,Technology
WOKE HEALTHCARE LTD,Healthcare
WOLDINGHAM SCHOOL,Education
WOLFE HOUSE LIMITED,Healthcare
WOLT DEVELOPMENT UK LTD,Finance
WOLVERHAMPTON GIRLS' HIGH SCHOOL,Education
WOLVONEX LTD,Technology
WOMEN IN TECH SEO LTD,Technology
WONDER CARE LTD,Healthcare
WONDER DOOR HEALER LTD,Engineering
WONDER FOUNDATION,Education
WONDERCRAFT TECH LTD,Technology
WONDERFIELD GROUP LIMITED,Finance
WONDERFUL CARE SERVICES LTD,Healthcare
WONDERS OF MATHS LTD,Education
WOODARD ACADEMIES TRUST,Education
WOODBERRY CARE LTD,Healthcare
WOODBRIDGE DENTAL SURGERY LIMITED,Healthcare
WOODCOTE CARE LTD,Healthcare
WOODENTOPS ABBEVILLE VILLAGE LIMITED,Education
WOODFALLS CARE LIMITED,Healthcare
WOODFORD GREEN QUALITY CARE LTD,Healthcare
WOODHALL CARE SERVICES LTD,Healthcare
WOODHALL SUPPORT SERVICES LTD,Healthcare
WOODHAZE LIMITED,Healthcare
WOODHEATH CARE LIMITED,Healthcare
WOODLAND WANDERERS LTD,Healthcare
WOODLANDS EARLY LEARNING LTD,Education
WOODLANDS HOME NURSERY LIMITED,Education
WOODLANDS HOUSE CARE HOME LIMITED,Healthcare
WOODLANDS NH LTD,Healthcare
WOODLANDS QUAKER HOME,Healthcare
WOODLANDS REST HOME LIMITED,Healthcare
WOODLEIGH HEALTHCARE CHILDREN SERVICES LIMITED,Healthcare
WOODLEIGH IMPACT,Healthcare
WOODLEIGH REST HOME LIMITED,Healthcare
WOODROWE HEALTHCARE LTD,Healthcare
WOODSFORD GROUP LIMITED,Finance
WOODSIDE ACADEMY,Education
WOODSIDE TRADING LIMITED,Healthcare
WOODSTOWN HEALTHCARE LIMITED,Healthcare
WOOLGAR HUNTER LIMITED,Engineering
WOOTTON ACADEMY TRUST,Education
WORCESTER CARE SERVICES LTD,Healthcare
WORCESTER PODIATRY LIMITED,Education
WORDWATCH LIMITED,Technology
WORK FROM HOME GLOBAL LTD,Technology
WORK NEXUS LABS LIMITED,Technology
WORK2GETHER LIMITED,Technology
WORKABLE SOFTWARE LIMITED,Technology
WORKBOOKS ONLINE LIMITED,Technology
WORKDAY (UK) LIMITED,Technology
WORKFIN LTD,Technology
WORKFLOW DESIGN LIMITED,Technology
WORKFLOW DOCTOR LTD,Technology
WORKFLOW MANAGEMENT LIMITED,Technology
WORKFORCE HCM LIMITED,Technology
WORKHEATH HEAT TREATMENT LTD,Engineering
WORKLIFEWELL HEALTHCARE LTD,Healthcare
WORKLIO LTD,Engineering
WORKSHARE LIMITED,Technology
WORKSHOPIX LTD,Engineering
WORKSOME LTD,Technology
WORLD FIRST UK LIMITED,Finance
WORLD LAND TRUST,Healthcare
WORLD MAKERS LIMITED,Technology
WORLD MEMON ORGANISATION CHARITABLE FOUNDATION,Healthcare
WORLD ORT TRUST,Education
WORLD TECH CONSULTANTS LTD,Technology
WORLD TRAVEL PROTECTION LIMITED,Finance
WORLD VISION UK,Healthcare
WORLDLINE IT SERVICES UK LIMITED,Technology
WORLDOVER LTD,Technology
WORLDTECH CONSULTING LIMITED,Technology
WORLTA HEALTH CARE LTD,Healthcare
WORTH SCHOOL,Education
WORTHERS LIMITED,Technology
WORTHING FX SERVICES LTD,Finance
WOVENLIGHT LIMITED,Finance
WOWCHER LIMITED,Technology
WOZAIR LIMITED,Engineering
WRAYSBURY HOUSE LIMITED,Healthcare
WRISK LIMITED,Technology
WRITER UK HQ LIMITED,Technology
WROUGHT IRON WORX LIMITED,Engineering
WS PROJECT LTD,Healthcare
WS4 DENTAL CARE LTD,Healthcare
WSELP MANCO LTD,Finance
WSO2 (UK) LIMITED,Technology
WSOGMM LTD,Technology
WSP ENGINEERING LTD,Engineering
WSP GROUP LIMITED,Finance
WTAX UK LIMITED,Technology
WTL DENTAL LIMITED,Healthcare
WTS TRADING LIMITED,Technology
WTUK LIMITED,Finance
WUBBLEYOU LIMITED,Technology
WUNDERKIND TECHNOLOGIES UK LTD,Technology
WUXI APPTEC UK LTD,Engineering
WWT EMEA UK LIMITED,Technology
WYCLIFFE COLLEGE (INCORPORATED),Education
WYLD NETWORKS LIMITED,Technology
WYNCOURT NURSING HOME LTD,Healthcare
WYRA LIMITED,Technology
WZ GLOBAL LTD,Technology
WZ PACKAGING LIMITED,Engineering
X CYBER GROUP LTD,Technology
X R GAMES LIMITED,Technology
X-ACES CONSULTANCY LIMITED,Technology
X.AI LONDON LTD,Technology
X7 SOLUTIONS LIMITED,Technology
XACTLY LIMITED,Technology
XAD TECHNOLOGIES LTD,Engineering
XAIRA UK LIMITED,Engineering
XALIENT HOLDINGS LIMITED,Technology
XAMA TECHNOLOGIES LIMITED,Technology
XAMPLA LTD,Engineering
XAP THERAPEUTICS LIMITED,Finance
XAVIER CATHOLIC EDUCATION TRUST,Education
XAVVY LIMITED,Technology
XCAP ECOSYSTEM LTD,Technology
XCEEDANCE LIMITED,Technology
XCEL HOMES LTD,Healthcare
XCEL RESOURCES LIMITED,Technology
XCELERATOR DENTAL LIMITED,Healthcare
XCELL HEALTHCARE SOLUTIONS LTD,Healthcare
XCENTRIK SOLUTIONS LTD,Education
XCEPTOR LTD,Technology
XCHANGER SERVICES LIMITED,Engineering
XD ACUPUNCTURE & MASSAGE LTD,Healthcare
XD INNOVATION LIMITED,Technology
XDS OXFORD LIMITED,Engineering
XELION LIMITED,Technology
XENDL SOFTWARE LIMITED,Technology
XENELSOFT TECHNOLOGIES LIMITED,Technology
XENETA LTD,Technology
XENIAL INTELLIGENCE LIMITED,Technology
XEOTECH LIMITED,Technology
XERO (UK) LIMITED,Technology
XEROTECH LTD,Technology
XEROX LIMITED,Engineering
XETROCUBE LTD,Technology
XFREEZ REFRIGERATION LTD,Engineering
XHYRE LTD,Technology
XIAOWANGZI MEDIA LTD,Technology
XICARE LIMITED,Healthcare
XIM LIMITED,Technology
XINET IT CONSULTING LIMITED,Technology
XITENYS LIMITED,Technology
XITRICON LTD,Technology
XLINKS LIMITED,Technology
XLNTECH LTD,Technology
XODUS GROUP LIMITED,Engineering
XORIANT UK LIMITED,Technology
XOWN SOLUTIONS LIMITED,Technology
XPANSIV OPERATIONS LIMITED,Finance
XPATE LTD,Finance
XPERGIA LIMITED,Technology
XPERIENSYS LIMITED,Technology
XPERT SMILE LTD,Healthcare
XPERTNEST LTD,Technology
XPERTSOL LIMITED,Technology
XPLORA TECHNOLOGIES LIMITED,Technology
XPLORO LIMITED,Technology
XPRESS MONEY GLOBAL LIMITED,Finance
XRAY GLAZING LIMITED,Engineering
XRENEWABLE LTD,Technology
XROADMEDIA LIMITED,Technology
XS ASSURE LIMITED,Finance
XSOLUTIONS365 LTD,Technology
XTECH SOLUTION PRIVATE LIMITED,Technology
XTENSIBLE LOGIX LTD,Technology
XTRA CARE SERVICES LTD,Healthcare
XTRAVIRT LIMITED,Technology
XUNLOCKED LIMITED,Technology
XXCELL LIMITED,Technology
XY CAPITAL EUROPE LIMITED,Finance
XY SENSE UK LIMITED,Technology
XYB LIMITED,Technology
XYME LIMITED,Engineering
XYNEXCARE LIMITED,Healthcare
XYNOTECH LTD,Technology
Y & M CARE LTD,Healthcare
Y & M CARE WESTCOTT LTD,Healthcare
Y-YITO (UK) LTD,Technology
Y1 CAPITAL LTD,Finance
Y77 LIMITED,Technology
YA CONSULTANT LIMITED,Technology
YABOUS LIMITED,Finance
YADAV HEALTHCARE LIMITED,Healthcare
YAGAN LTD,Healthcare
YAGANTI CONSULTANTS LTD,Technology
YAGRO LTD,Technology
YAHOO AD TECH HOLDINGS LIMITED,Finance
YAHOO-UK LIMITED,Technology
YAKCHAT LTD,Technology
YALAMANCHILI INTERNATIONAL UK LIMITED,Technology
YALE UNIVERSITY PRESS LONDON,Technology
YALLA DEV LTD,Technology
YANG TECHNOLOGY LTD,Technology
YANSH TECHNOLOGIES LTD,Technology
YAPLEX LTD,Engineering
YARA CONSULTING LTD,Engineering
YARDI SYSTEMS LIMITED,Technology
YARDLINK LTD,Technology
YARM SPORTS AND PHYSIOTHERAPY CLINIC LTD,Healthcare
YASH CHAND LIMITED,Technology
YASHICOM LTD,Technology
YAVICA UK LTD,Technology
YAVRIO LTD,Technology
YAYYAY LIMITED,Technology
YAZH IT SOLUTIONS LTD,Technology
YBRANT CORE LIMITED,Technology
YBSM PARTNERS LTD,Technology
YCS GROUP LTD,Technology
YD AERONAUTICAL ENGINEERING SERVICES LTD,Engineering
YEALAND FUND SERVICES LIMITED,Finance
YEARBOOK MACHINE LIMITED,Technology
YELLOW ATLAS CONSULTING LIMITED,Technology
YELLOW BUTTERFLY NURSERY LTD,Healthcare
YELLOW PANTHER DIGITAL LTD,Technology
YELLOWBRICK DATA UK LIMITED,Technology
YELLOWSTONE BIOSCIENCES LIMITED,Engineering
YEO MESSAGING LTD,Technology
YES VENTURES LTD,Technology
YESDEE TECHNOLOGIES LIMITED,Technology
YEW TECHNOLOGIES LTD,Technology
YEXLE LIMITED,Technology
YEXT LIMITED,Technology
YGHP LIMITED,Engineering
YH2 CAPITAL INTERNATIONAL LIMITED,Finance
YIANNIS DOORS LIMITED,Engineering
YING FAN EDUCATION SERVICE COMPANY LIMITED,Education
YING TONG GROUP LIMITED,Education
YKG DESIGN LTD,Engineering
YL I LIMITED,Finance
YLD LIMITED,Technology
YMESTYN,Healthcare
YMOR LIMITED,Finance
YMU GROUP SERVICES LIMITED,Finance
YO UK LIFE LTD,Healthcare
YOA RISK ADVISORY SERVICES LIMITED,Finance
YOCARE HEALTHCARE SOLUTIONS LIMITED,Healthcare
YOCTOCYOTTA LTD,Technology
YOCUDA NETWORK UK LTD,Technology
YODUBZZ STUDIOS LTD,Technology
YOGA CARE LTD,Education
YOGANJALI CONSULTANCY SERVICES LTD,Technology
YOKE GROUP HOLDINGS LTD,Finance
YOLO TECHNOLOGY LIMITED,Technology
YONDER FINANCIAL TECHNOLOGY LIMITED,Technology
YONDER TECHNOLOGY LTD,Finance
YOOBIC LIMITED,Technology
YORK ROAST CO GROUP LTD,Finance
YORK ST JOHN UNIVERSITY,Education
YORK TELECOM LIMITED,Technology
YORKARE HOMES (COTTINGHAM) LTD,Healthcare
YORKERS LTD,Technology
YORKSHIRE CANCER RESEARCH,Healthcare
YORKSHIRE COLLEGE LTD,Education
YORKSHIRE ELECTRICS LTD,Engineering
YORKSHIRE GLAZING LTD,Engineering
YORKSHIRE MESMAC,Healthcare
YORKSHIRE SKIN CENTRE LTD,Healthcare
YORKTEST LABORATORIES LIMITED,Healthcare
YOSHIGA TECHNOLOGIES LIMITED,Technology
YOTO LIMITED,Technology
YOTU ARCHITECTURAL DESIGN STUDIO LTD,Engineering
YOU & I CARE LTD,Healthcare
YOU & ME SUPPORTED LIVING LIMITED,Healthcare
YOU. SMART. THING. LIMITED,Technology
YOUFIBRE LIMITED,Technology
YOUNG ENTERPRISE,Education
YOUNG HEARTS HOMECARE LTD,Healthcare
YOUNG LONDON TODAY,Healthcare
YOUNG MINDS TRUST,Healthcare
YOUNG PERSONS ADVISORY SERVICE,Healthcare
YOUNG SCOT ENTERPRISE,Education
YOUNG SUN OVERSEAS EXCHANGE CONSULTING SERVICE LTD,Education
YOUNG WAY LIMITED,Technology
YOUNGMINDED CLINICAL SOLUTIONS LTD,Healthcare
YOUNIQUE CARE LTD,Healthcare
YOUR BABY SCAN LTD,Healthcare
YOUR CARE PROVIDER LTD,Healthcare
YOUR CHAPTER LIMITED,Healthcare
YOUR CONSULTING LIMITED,Technology
YOUR FAV NANNY LTD,Healthcare
YOUR HEALTH LIMITED,Healthcare
YOUR OWN HOME CARE LIMITED,Healthcare
YOUR PHASE LTD,Technology
YOURCARE24 LTD,Healthcare
YOURKEYS TECHNOLOGY LIMITED,Technology
YOUSEQ LTD,Engineering
YOUTH HAVEN LTD,Healthcare
YOUTH MATTERS LIMITED,Healthcare
YOUTH REALITY HOMES LTD,Healthcare
YOUTILITY SOLUTIONS PRIVATE LIMITED,Technology
YOUTU OVERSEAS EDUCATION CONSULTANCY LTD,Education
YOVANT LTD,Technology
YPDP LTD,Healthcare
YRS TRULY LTD,Technology
YT INTERNATIONAL STUDENT LTD,Education
YU LIFE LTD,Technology
YUPANA SYSTEMS LIMITED,Technology
YUV BEAUTY UK LIMITED,Engineering
YUZU TECH LTD,Technology
YVR TECHNOLOGIES LTD,Technology
Z & M CARE LIMITED,Healthcare
Z PRIME LTD,Technology
Z&J SOLUTIONS LTD,Engineering
Z100 COMMUNITY LIMITED,Technology
ZA ENGINEERING SERVICES LTD,Engineering
ZAAN GROUP LIMITED,Finance
ZABIR ALI OPTICAL LTD,Healthcare
ZACH 'S CARE PVT LTD,Healthcare
ZACHSYS LTD,Technology
ZAFASH LIMITED,Healthcare
ZAHA HADID LIMITED,Engineering
ZAMNA TECHNOLOGIES LIMITED,Technology
ZAMOOD LIMITED,Healthcare
ZAP TECHNOLOGY LIMITED,Technology
ZAPPAR LIMITED,Technology
ZAREEN TECHNOLOGIES LIMITED,Technology
ZARIA GROUP UK LIMITED,Finance
ZARIN INVESTMENT LTD,Finance
ZARRAR CIVIL ENGINEERING LTD,Engineering
ZAUM STUDIO LIMITED,Technology
ZAVIYAR GROUP OF COMPANIES LTD,Finance
ZAYAN TRAVEL & VISA SERVICES LTD,Finance
ZAYNDU LTD,Engineering
ZAYO GROUP UK LIMITED,Technology
ZE PASSIVHAUS SERVICES LTD,Engineering
ZEAL & PARTNERS LIMITED,Finance
ZEAL CAPITAL MARKET (UK) LIMITED,Finance
ZEAL TECH LTD,Technology
ZEBRA TECHNOLOGIES EUROPE LIMITED,Technology
ZEDRA TRUST COMPANY (UK) LIMITED,Finance
ZEDSEN LIMITED,Engineering
ZEDSOFT LIMITED,Technology
ZEE CONSULTING LIMITED,Technology
ZEECO EUROPE LIMITED,Engineering
ZEG.AI LTD,Technology
ZEIN HEALTH LIMITED,Healthcare
ZELLER UK LIMITED,Finance
ZELP LTD,Engineering
ZELT LTD,Technology
ZEMA LIMITED,Finance
ZEMA SERVICES UK LIMITED,Technology
ZEMPLER BANK LIMITED,Finance
ZEN CSR LTD,Technology
ZEN INTERNET LIMITED,Technology
ZEN-X TECHNOLOGY LIMITED,Technology
ZENCONTROL LIMITED,Engineering
ZENEESHA LTD,Technology
ZENIF AGENCY LTD,Technology
ZENIMAX EUROPE LIMITED,Technology
ZENITH ACADEMY OF HEALTHCARE STUDIES LTD,Education
ZENITH BANK (UK) LIMITED,Finance
ZENITH CARE SOLUTIONS LIMITED,Healthcare
ZENITH CARE SUPPORT SERVICES LTD,Healthcare
ZENITH ENERGY LIMITED,Engineering
ZENITH MULTI ACADEMY TRUST,Education
ZENITH PROFESSIONALS LTD,Finance
ZENITHWAVE CAPITAL LIMITED,Technology
ZENKO CONSULTING LTD,Engineering
ZENOS INTERACTIVE LIMITED,Technology
ZENS CONSULTANCY LTD,Technology
ZENTRON CREATIVE LTD,Technology
ZENZIC PARTNERS LIMITED,Finance
ZENZIC-UK LTD,Engineering
ZEOOLANS LIMITED,Technology
ZEOTAP UK LIMITED,Technology
ZEPHYR DIGITAL CONSULTANCY LIMITED,Technology
ZEPP HEALTH UK LIMITED,Technology
ZERDALAB LIMITED,Engineering
ZERO CARBON CAPITAL LIMITED,Finance
ZERO GRAVITY TECH LTD,Technology
ZERO HEIGHT LIMITED,Technology
ZERO IMPRINT LIMITED,Technology
ZEROGRAM LIMITED,Engineering
ZEROLIGHT LIMITED,Technology
ZEROONE INFOTECH LTD,Technology
ZEST CARE HOMES LIMITED,Healthcare
ZEST ROUTE TO LEARNING LTD,Healthcare
ZESTIA LIMITED,Technology
ZETRON LIMITED,Technology
ZEUS BROKERS LIMITED,Finance
ZEUS LABS LIMITED,Technology
ZEXTONS LIMITED,Technology
ZEYTUN ABC LTD,Technology
ZHERO LIMITED,Technology
ZHONGZHUO WISDOM UK LTD,Engineering
ZI MAT LIMITED,Healthcare
ZIATH LTD,Technology
ZIFO TECHNOLOGIES LTD,Technology
ZIGAFLOW LTD,Technology
ZIHIPP LTD,Engineering
ZIIDA LIMITED,Technology
ZIIPLINE LTD,Technology
ZILCH TECHNOLOGY LIMITED,Technology
ZILO TECHNOLOGY LIMITED,Technology
ZIM CONNECTIONS LTD,Technology
ZINC VENTURES LIMITED,Engineering
ZINC WORK LIMITED,Technology
ZINE CONSULTANCY AND EDITORIAL SERVICES LTD,Technology
ZING DEV LIMITED,Technology
ZION CAPITAL LIMITED,Finance
ZION COMMUNITY CARE LIMITED,Healthcare
ZION TECHNOLOGY LTD,Technology
ZIONIX TECHNOLOGIES LTD,Technology
ZIP-CLIP LTD,Engineering
ZIPPORAH LTD,Technology
ZIPPYS DAY NURSERY LIMITED,Healthcare
ZIPZAP SOLUTIONS LTD,Technology
ZIRCON TECH LTD,Technology
ZISHI GROUP LIMITED,Education
ZITEX LTD,Technology
ZK TECH LTD,Engineering
ZL NOTTING HILL LIMITED,Finance
ZL SPORTS INFINITY LTD,Education
ZLC ENERGY LTD,Engineering
ZM IT TECHNOLOGIES LTD,Technology
ZNOX TECHNOLOGIES LTD,Technology
ZOE LIMITED,Healthcare
ZOG GLOBAL LTD,Technology
ZOJA TECHNOLOGIES LIMITED,Technology
ZOLL MEDICAL UK LIMITED,Healthcare
ZOMANGEL LIMITED,Engineering
ZONE BEAUTY STUDIO (NORTHAMPTON) LTD,Healthcare
ZONE SCHOOL OF BUSINESS STUDIES LONDON LTD,Education
ZONEOFTECH LTD,Technology
ZONIC TECHNOLOGIES UK LTD,Technology
ZOOCHA LIMITED,Technology
ZOOMINFO UK LTD,Technology
ZOONOU LIMITED,Technology
ZOOT ENTERPRISES LIMITED,Technology
ZOOX LABS LTD,Engineering
ZOPA BANK LIMITED,Finance
ZOSH OCCUPATIONAL HEALTH LIMITED,Healthcare
ZOUK VENTURES LIMITED,Finance
ZSA TRADERS LTD,Healthcare
ZUCI SYSTEMS UK LIMITED,Technology
ZUF DENTAL CARE LIMITED,Healthcare
ZUISH MEDICAL SERVICES LTD,Healthcare
ZUORA UK LIMITED,Technology
ZUSTECH LIMITED,Technology
ZUTEC INC. (UK) LIMITED,Technology
ZXTECH LTD,Technology
ZYAN CONSULTANCY LIMITED,Technology
ZYND LIMITED,Technology
ZYNX TECHNOLOGIES LIMITED,Technology
ZZOOMM PLC,Technology
[AI] INFINITI LIMITED,Technology
