{"type": "FeatureCollection", "features": [{"type": "Feature", "properties": {"Region": "North East", "LabelPoint": [55.108885233349056, -2.0452760843268267]}, "geometry": {"type": "MultiPolygon", "coordinates": [[[[-1.22288836911111, 54.6258702647645], [-1.22500279116156, 54.6256169029778], [-1.22443723639708, 54.6261782643419], [-1.22288836911111, 54.6258702647645]]], [[[-1.14940944120161, 54.6346824825374], [-1.15129786868017, 54.6322270491756], [-1.15094446245954, 54.6352144211589], [-1.14940944120161, 54.6346824825374]]], [[[-1.35498839629368, 54.922338085064], [-1.35253720048843, 54.9213973253112], [-1.35506721724835, 54.92235510697], [-1.35498839629368, 54.922338085064]]], [[[-1.35667400388474, 54.9227437384197], [-1.35596135713794, 54.9226935760064], [-1.35511165217039, 54.9223717377506], [-1.35667400388474, 54.9227437384197]]], [[[-1.35748862191286, 54.922877995073], [-1.35751378148948, 54.9228802222878], [-1.35749876458628, 54.9228801854722], [-1.35748862191286, 54.922877995073]]], [[[-1.35751378148948, 54.9228802222878], [-1.35759811949658, 54.922880431679], [-1.35772032754733, 54.9228985078908], [-1.35751378148948, 54.9228802222878]]], [[[-1.45024617472236, 55.0722027877929], [-1.44961939450977, 55.0713193060724], [-1.45039425037959, 55.0717991106408], [-1.45024617472236, 55.0722027877929]]], [[[-1.44907787153464, 55.0726647366385], [-1.44848416459597, 55.0719881091528], [-1.44947418460303, 55.0725398621681], [-1.44907787153464, 55.0726647366385]]], [[[-1.48880402474723, 55.1184799803886], [-1.48899037923083, 55.1182449540363], [-1.48883780516869, 55.1185126179107], [-1.48880402474723, 55.1184799803886]]], [[[-1.48880402474723, 55.1184799803886], [-1.4887290454113, 55.1185745414678], [-1.48684249231603, 55.1165974991217], [-1.48690667154492, 55.1166467273928], [-1.48880402474723, 55.1184799803886]]], [[[-1.48883780516869, 55.1185126179107], [-1.48892804349803, 55.1185998031792], [-1.48878189163585, 55.118610706862], [-1.48883780516869, 55.1185126179107]]], [[[-1.53976383055971, 55.3367509800613], [-1.53766027158024, 55.3330024136313], [-1.54035103867603, 55.3335471479006], [-1.53976383055971, 55.3367509800613]]], [[[-1.61987501728616, 55.3866212847933], [-1.61904023384615, 55.3850315246809], [-1.62022327082415, 55.3863401387839], [-1.61987501728616, 55.3866212847933]]], [[[-1.64806578566511, 55.5841613665762], [-1.6449904314077, 55.5828213950436], [-1.64412269324069, 55.5829793838324], [-1.64567467781455, 55.5822507297316], [-1.64806578566511, 55.5841613665762]]], [[[-1.64367897647133, 55.6171231629707], [-1.64451816262522, 55.6163213597395], [-1.64518136460591, 55.6172613090694], [-1.64367897647133, 55.6171231629707]]], [[[-1.64974231841947, 55.6166147570092], [-1.64597406696022, 55.616865551565], [-1.64598275062739, 55.6160748441889], [-1.64974231841947, 55.6166147570092]]], [[[-1.65564070518301, 55.6183960464911], [-1.65216771085534, 55.6160901160477], [-1.65862878633871, 55.6171090931622], [-1.65564070518301, 55.6183960464911]]], [[[-1.65125252844801, 55.6208690135718], [-1.650126036485, 55.6195270497479], [-1.65193364697892, 55.6203300856565], [-1.65125252844801, 55.6208690135718]]], [[[-1.67495886745071, 55.6297595263186], [-1.67523164991126, 55.6290332690877], [-1.67549955938723, 55.6296620564148], [-1.67495886745071, 55.6297595263186]]], [[[-1.62608487963285, 55.6318572788641], [-1.62205223594818, 55.6312848213935], [-1.62419674920669, 55.6289896053518], [-1.62608487963285, 55.6318572788641]]], [[[-1.62354060304626, 55.63250456648], [-1.62530626161105, 55.6347140160622], [-1.61957173087246, 55.6327925198283], [-1.62354060304626, 55.63250456648]]], [[[-1.62458498460482, 55.6363830676324], [-1.62540482152013, 55.6363595099841], [-1.62414751046711, 55.6366180723147], [-1.62458498460482, 55.6363830676324]]], [[[-1.62897283331964, 55.6378340396056], [-1.62668262100841, 55.6369564262142], [-1.62920166756652, 55.6373216299052], [-1.62897283331964, 55.6378340396056]]], [[[-1.61991020063627, 55.6401398720021], [-1.62235957727302, 55.6388481446566], [-1.62295085726958, 55.6391419838609], [-1.61991020063627, 55.6401398720021]]], [[[-1.62869135457094, 55.6402034861833], [-1.6310187740552, 55.6391915574564], [-1.63078038891451, 55.640367954017], [-1.62869135457094, 55.6402034861833]]], [[[-1.60728875138542, 55.6413994800596], [-1.60853077357963, 55.6414375735361], [-1.60997710281082, 55.6424809227917], [-1.60728875138542, 55.6413994800596]]], [[[-1.61089513848056, 55.6439546529835], [-1.60976345314958, 55.6435225030335], [-1.61144149635454, 55.6439698542638], [-1.61089513848056, 55.6439546529835]]], [[[-1.60965203953057, 55.6445042232514], [-1.60646343221258, 55.643697117112], [-1.61052769205165, 55.6433613518866], [-1.60934504389731, 55.6435768665821], [-1.60965203953057, 55.6445042232514]]], [[[-1.61151023463321, 55.6463422137969], [-1.61015479274555, 55.6457053628763], [-1.61227420376501, 55.6458818389031], [-1.61151023463321, 55.6463422137969]]], [[[-1.6125046080125, 55.645884362517], [-1.61321667521974, 55.6458497756479], [-1.61320054159298, 55.6465164188332], [-1.6125046080125, 55.645884362517]]], [[[-1.87022671514801, 55.6733145267512], [-1.87055536400959, 55.6728148170915], [-1.87126528412755, 55.6736638889531], [-1.87022671514801, 55.6733145267512]]], [[[-1.84624674021992, 55.6927609167014], [-1.81785909346115, 55.6868052808287], [-1.80057466788642, 55.6895354597693], [-1.77970863744546, 55.686051643723], [-1.77842623327403, 55.6677094990277], [-1.80265318854177, 55.6682702892126], [-1.80578273146445, 55.6771491687223], [-1.81547751645511, 55.6821570738983], [-1.83199539856014, 55.6832440122992], [-1.84480836286428, 55.6773376319725], [-1.85428138132649, 55.6801552738189], [-1.85781464549654, 55.6916487981785], [-1.86519575519728, 55.6965590079642], [-1.84312500340615, 55.6939039980256], [-1.84624674021992, 55.6927609167014]]], [[[-2.11916728623361, 55.7426086291511], [-2.11908242367267, 55.7415409202765], [-2.11928401971047, 55.7423664815672], [-2.11916728623361, 55.7426086291511]]], [[[-2.107659307021, 55.7553201209016], [-2.10843803139924, 55.7551739196616], [-2.10892877419232, 55.7569057471445], [-2.107659307021, 55.7553201209016]]], [[[-2.07135083866799, 55.7606274794334], [-2.07208771678103, 55.7609157362719], [-2.06649850908713, 55.7610999815924], [-2.0642093693972, 55.7602555849486], [-2.07135083866799, 55.7606274794334]]], [[[-2.0776183727546, 55.7615411306778], [-2.07557423084302, 55.7608099507418], [-2.07928106783449, 55.7613149034715], [-2.0776183727546, 55.7615411306778]]], [[[-1.49866456731557, 55.1296056107116], [-1.48929375238157, 55.1185725185244], [-1.4985265365411, 55.128480003674], [-1.51559493160965, 55.1361807210609], [-1.51926637075088, 55.1426300524486], [-1.52002015315567, 55.1388260485412], [-1.53325167024429, 55.1390625727886], [-1.54110701579667, 55.1432227355991], [-1.55903286794584, 55.1466676039305], [-1.53394327689367, 55.1375960196144], [-1.56396180195836, 55.1343237727817], [-1.56701522075062, 55.1334980547868], [-1.56876566198013, 55.1308202527694], [-1.52765875457441, 55.1371823174057], [-1.50038251915801, 55.1279179154055], [-1.49770506264531, 55.117764924023], [-1.49553539502397, 55.1221056162364], [-1.49108546266416, 55.1164986047002], [-1.49847721989609, 55.1126502469068], [-1.49460393500343, 55.1024095309832], [-1.47340319261872, 55.0844201591735], [-1.47658026128266, 55.0843124504802], [-1.47731690296881, 55.0838747597756], [-1.47905171641605, 55.0798764942873], [-1.4781513231002, 55.0784354164799], [-1.47730176677244, 55.0779422158273], [-1.47500962267949, 55.0777308928914], [-1.47892419323093, 55.0799264503267], [-1.47121035665641, 55.0854313804155], [-1.46926288277033, 55.0800954646855], [-1.45147169682782, 55.0700862530999], [-1.45493762492566, 55.0622543085121], [-1.44846378150575, 55.0507859024468], [-1.42851748544138, 55.0379156768094], [-1.43245690702639, 55.0343500080188], [-1.42071394421678, 55.0195786572015], [-1.40397329312581, 55.0147441536896], [-1.42973793927503, 55.0133187776308], [-1.4475690153635, 55.002481796322], [-1.44871572485665, 54.9930693410892], [-1.45650552441973, 54.9885661971359], [-1.50178143406318, 54.9885270547844], [-1.50477830990194, 54.9925210131376], [-1.50761969855411, 54.9936881773425], [-1.51451251173566, 54.9959048591707], [-1.51775031114523, 54.9963469974361], [-1.50252097888871, 54.9884923427355], [-1.53128496272977, 54.9861808698566], [-1.53751317292809, 54.9644579422646], [-1.55162524960118, 54.960058785956], [-1.5672203141312, 54.9651294505964], [-1.58065986428684, 54.9660777500988], [-1.58804928018505, 54.9708152857125], [-1.58850348145173, 54.9720865613587], [-1.59148161696978, 54.9740223027892], [-1.59166613841066, 54.9746276965697], [-1.59083281925318, 54.9750023908642], [-1.59086753802479, 54.9755820453931], [-1.59281789893576, 54.9762976615173], [-1.5910376949772, 54.9755951937541], [-1.59182666164821, 54.9746632695605], [-1.5916581801649, 54.9737191598543], [-1.58843441681729, 54.9705838222589], [-1.60016552717454, 54.9701771796973], [-1.62757912460163, 54.9603154746591], [-1.63945377452031, 54.9603502203388], [-1.68395913634975, 54.9659294947477], [-1.69349153356194, 54.9696877631795], [-1.70679671659326, 54.9739019379502], [-1.70980925534042, 54.9744825202829], [-1.70257599572644, 54.9712641028481], [-1.72023664093482, 54.9682022101349], [-1.72611012196467, 54.9753497503894], [-1.75068765069143, 54.9831541048528], [-1.78477060160757, 54.983849868965], [-1.75048800320803, 54.981832751868], [-1.72849334209317, 54.9749857786234], [-1.72687467375174, 54.9696595721811], [-1.71885792557087, 54.9667913086911], [-1.70147080877636, 54.970290785886], [-1.67988694619266, 54.9635877333482], [-1.68675136986386, 54.9591044247971], [-1.68499545547865, 54.9567715896615], [-1.68944997293109, 54.9564406020482], [-1.69182907633351, 54.9557062278864], [-1.69649991276765, 54.9527480729713], [-1.69886631342904, 54.9503087788193], [-1.69934649070628, 54.94873379767], [-1.69647692185523, 54.9524829069593], [-1.68403473148808, 54.9570161448464], [-1.67631668067888, 54.9639602590802], [-1.63739294170497, 54.9578333987648], [-1.63828949021872, 54.9560748383148], [-1.6369149384537, 54.9554201742574], [-1.63502600739032, 54.9553741178766], [-1.63523535593769, 54.9536331979401], [-1.63471837727023, 54.9531301928705], [-1.63320451105235, 54.9528804057056], [-1.63564571688134, 54.9527977876612], [-1.63591732906003, 54.9519288126669], [-1.63455071262392, 54.9512849247738], [-1.63372101411152, 54.9515294862198], [-1.633532827477, 54.9504200848749], [-1.62793282971759, 54.9478466229585], [-1.63364522261342, 54.9516254721578], [-1.63568319802157, 54.9519245209847], [-1.63559719334673, 54.9526395325435], [-1.63333334084657, 54.9522742247835], [-1.6329969342942, 54.9530423837465], [-1.63461825407042, 54.9533258244169], [-1.63454708042365, 54.9553168983456], [-1.63772490096659, 54.9570400611726], [-1.59814310710633, 54.9694400079687], [-1.55401823549832, 54.9581804641643], [-1.53822685561823, 54.9606557877135], [-1.5300806865212, 54.9806146212486], [-1.51927916286374, 54.9854691745425], [-1.47236770198151, 54.9861818400385], [-1.47265806220855, 54.9839346471322], [-1.46953007575256, 54.9808325460723], [-1.47612337606194, 54.9788193432952], [-1.47796618632229, 54.9775556949018], [-1.47887803033114, 54.9757883633307], [-1.48048609480626, 54.9749011695279], [-1.4788084711245, 54.9757287731027], [-1.47632922837085, 54.9786117152742], [-1.47286953056093, 54.9796033322566], [-1.45655418850596, 54.9774359961978], [-1.46939835464004, 54.9800357433397], [-1.46908209637573, 54.9809141438877], [-1.47192262214853, 54.9840159992732], [-1.47187843569643, 54.9860772159692], [-1.44886334193075, 54.9866234096636], [-1.44095712738773, 54.9942578990328], [-1.43890336939851, 55.0045550936232], [-1.4237768413293, 55.008138488401], [-1.41860375890732, 55.003230983709], [-1.40969558251084, 55.0082408165263], [-1.40096694422976, 55.0112664141894], [-1.41416158880389, 55.0051994764506], [-1.41089581598922, 54.9988943572076], [-1.38076494006509, 54.9856742679029], [-1.38084376894153, 54.9803292839495], [-1.35661832192635, 54.9652664386665], [-1.35328223157179, 54.9575612716724], [-1.36788850866924, 54.9344282328853], [-1.36613008670018, 54.9261083565152], [-1.35861379889077, 54.9229776026421], [-1.3634778749248, 54.922768627793], [-1.36010787432157, 54.9187115403778], [-1.36753447439792, 54.919787301981], [-1.37096831298611, 54.911704724741], [-1.38299996317874, 54.9101551882298], [-1.3958210723158, 54.9179319732377], [-1.40588065853896, 54.9142080660215], [-1.41388445239214, 54.9174416046108], [-1.42762390041287, 54.9179773151961], [-1.45190958988964, 54.9088829563807], [-1.45963060606595, 54.9034878937678], [-1.46168712937475, 54.8986076109046], [-1.46670934878533, 54.9037087504289], [-1.47347105582327, 54.9036142177499], [-1.50126777603397, 54.8871586764539], [-1.50659748018442, 54.8810336234538], [-1.51157350390044, 54.8814743123489], [-1.51825459280431, 54.8789253726968], [-1.51995989314692, 54.8760201385645], [-1.51913488465038, 54.8724138542771], [-1.52717446964843, 54.87118372702], [-1.53539316101287, 54.8662612454142], [-1.54278538666749, 54.8657662325974], [-1.53514716074711, 54.8659709383791], [-1.51902298826568, 54.8720035762872], [-1.51819248413228, 54.8781226964905], [-1.50633574071289, 54.8806425718959], [-1.47233864976533, 54.9032686490872], [-1.4669130942087, 54.9031578624454], [-1.46404237101509, 54.8987895896174], [-1.46079482908599, 54.8982837522678], [-1.44934235959556, 54.9091004434098], [-1.42146929121648, 54.9164643841336], [-1.40748210777686, 54.912865261489], [-1.39531505451515, 54.9166102645], [-1.38737985882717, 54.9096887528135], [-1.37206760349224, 54.9096046491103], [-1.35281306185279, 54.9190552615329], [-1.35873606761038, 54.9129632518448], [-1.35070457927325, 54.9059196382448], [-1.3616070236887, 54.8982268247625], [-1.35599883801267, 54.8760114295716], [-1.34212261870938, 54.8506643774696], [-1.32993149308959, 54.8392587902018], [-1.32859694344912, 54.8387380913833], [-1.32839588121083, 54.8391639362657], [-1.32574528374318, 54.8392512217222], [-1.32464249285469, 54.839120340855], [-1.32268067667747, 54.8385821287103], [-1.32095148446209, 54.8376236874486], [-1.32939206373371, 54.8382994227169], [-1.32152144654162, 54.836945470907], [-1.32581500366652, 54.8330584121469], [-1.31263133897652, 54.8117886983368], [-1.31233589501877, 54.7903894117488], [-1.30548294222335, 54.7741975328079], [-1.24911567390573, 54.7275815520326], [-1.21784389612718, 54.7115521642011], [-1.17791890878795, 54.6992197623589], [-1.17486947240709, 54.6926790359495], [-1.19625576549429, 54.6985837331918], [-1.18803347599669, 54.6934330633194], [-1.19565362863277, 54.6925990179248], [-1.19618889679519, 54.691631152491], [-1.19460039325756, 54.6904724496423], [-1.19457245355425, 54.6892133164305], [-1.19785347032951, 54.6918546168924], [-1.1986016144197, 54.6861985920375], [-1.19409575383455, 54.688182787613], [-1.19881929340497, 54.6854626375432], [-1.19831974115091, 54.6786112531768], [-1.17588335601125, 54.6534203426575], [-1.15769880148937, 54.648371762188], [-1.16854639868959, 54.6440750145644], [-1.16285263462611, 54.6347197979415], [-1.16779774883816, 54.6357151936678], [-1.17315347921294, 54.6334930594811], [-1.16207773229806, 54.6344994694872], [-1.17611735372817, 54.6323277176903], [-1.19470688367885, 54.634574487561], [-1.18992430105539, 54.6312018348151], [-1.20065229905146, 54.6229442007929], [-1.21250010791764, 54.6220335413958], [-1.22313833790699, 54.6265710341928], [-1.22695300689497, 54.6270635514771], [-1.22908968572866, 54.6263474446931], [-1.22937624143246, 54.6251582587485], [-1.23022425985274, 54.6264301468578], [-1.23195856017886, 54.6258263185029], [-1.23312191534126, 54.6311139705033], [-1.23594126799136, 54.6336616281308], [-1.23427308837848, 54.6289997601204], [-1.23904053666445, 54.627902414743], [-1.24076790432485, 54.6247510999794], [-1.24172822387604, 54.625274658509], [-1.24576910318587, 54.6260868473438], [-1.24740598912893, 54.6259526101033], [-1.2494910845901, 54.625255954514], [-1.25043168080733, 54.6252931338856], [-1.25377592378403, 54.6274644830514], [-1.25041048925431, 54.6252227339738], [-1.24063134271425, 54.62466531975], [-1.23417807131781, 54.6288050467623], [-1.23212848263486, 54.6255592860301], [-1.21562616768711, 54.6227769665585], [-1.21741894123492, 54.6207153226362], [-1.17280711184144, 54.6215521553148], [-1.1678307432462, 54.6293131892562], [-1.17211801049729, 54.6219298349288], [-1.16205273196159, 54.6226105796372], [-1.15924119498602, 54.6129029061973], [-1.20492902580002, 54.5825421159936], [-1.23075478476101, 54.5857380974604], [-1.24537872521411, 54.593869895536], [-1.25879061411632, 54.5885951030397], [-1.26215628180668, 54.5730268393032], [-1.26436542762278, 54.5762415011547], [-1.26775600425809, 54.5781663610534], [-1.28322928600695, 54.5846777448089], [-1.2963135568295, 54.5866829904611], [-1.29775583443573, 54.5894610960094], [-1.29644286539667, 54.5866770008076], [-1.26814184343041, 54.5779844596155], [-1.26229606248173, 54.572041064553], [-1.28622235500316, 54.5647899387843], [-1.28170496376636, 54.5646804788994], [-1.2780270151174, 54.5605295771852], [-1.27545410593193, 54.5586698312478], [-1.27074970998345, 54.5564857882568], [-1.27613367055943, 54.5522991749892], [-1.2738127312522, 54.5523676952092], [-1.27561664076008, 54.5517676431681], [-1.27720011309081, 54.5478228904336], [-1.27695483955117, 54.547184740833], [-1.27062432462192, 54.5565891041374], [-1.28188557711016, 54.5651403318688], [-1.26249377258099, 54.5694485895987], [-1.25436494218427, 54.5898643221267], [-1.21530876929346, 54.5811004109812], [-1.21951146522121, 54.5789235896156], [-1.20486182684808, 54.5800743086714], [-1.20660354477159, 54.5766004940213], [-1.2027571990811, 54.5802168544145], [-1.2022360053587, 54.5789395244508], [-1.20030178746368, 54.5769006907652], [-1.19421394140174, 54.5743197010564], [-1.19055954143747, 54.5749702297036], [-1.20244922993091, 54.5803792891823], [-1.1601890467375, 54.6045000941655], [-1.1467473278275, 54.5990819128081], [-1.15753376316828, 54.6054167299732], [-1.15177599272898, 54.6145313000974], [-1.13266248857142, 54.6082266030278], [-1.15084115505409, 54.6151357622129], [-1.15458242040847, 54.6275456698343], [-1.13615046869822, 54.6304614764056], [-1.14313518355345, 54.6369050140332], [-1.1373329978082, 54.6475534802519], [-1.13483231656827, 54.6385943007613], [-1.11278072375207, 54.6277089362667], [-1.05395722038543, 54.6168614845657], [-1.00179947122692, 54.5935847114123], [-0.961062414900592, 54.5849006189106], [-0.941050076778281, 54.5892324651246], [-0.926655922543258, 54.5867706438558], [-0.89796297856819, 54.5712815159151], [-0.853433805366454, 54.5717802766646], [-0.808929551790997, 54.5585972393014], [-0.788625019477522, 54.5607869829062], [-0.80041918962436, 54.5510109253916], [-0.827081463556422, 54.5485187051945], [-0.848647297024731, 54.5300038288166], [-0.853321110841555, 54.5027138369866], [-0.844139141102103, 54.4895497721239], [-0.866978786936943, 54.48924095246], [-0.880825023321814, 54.4970468603547], [-0.89421261443467, 54.4969120890723], [-0.952951598811726, 54.4880355481098], [-0.967828726003033, 54.4972684814954], [-1.00340105305077, 54.5030120993885], [-1.02380033989238, 54.5020450645543], [-1.0368514550928, 54.4940440596311], [-1.09473696863192, 54.506695609022], [-1.11178282493089, 54.5043740280769], [-1.11838000658732, 54.498198569694], [-1.23060453308383, 54.5118815655952], [-1.24232075677082, 54.501658038144], [-1.25667466779605, 54.5011079127846], [-1.25326239446654, 54.4977824793089], [-1.25740307371, 54.4873218291368], [-1.28109315435744, 54.490567247829], [-1.28959195192554, 54.4879864635201], [-1.28671008771693, 54.482734589345], [-1.30043052365099, 54.4758220047871], [-1.31311599747899, 54.4772771960172], [-1.3436289617262, 54.4641554121316], [-1.34491503450455, 54.4724080083617], [-1.35649046557565, 54.472925854554], [-1.36441713758622, 54.465952408782], [-1.37256157635986, 54.4723074609222], [-1.37477999807413, 54.4824672452689], [-1.37029868291013, 54.486138546545], [-1.38101055095849, 54.4940289306676], [-1.38306509657495, 54.4872864918278], [-1.39505004776972, 54.4856799721371], [-1.39921534726528, 54.4928922201641], [-1.4070888004288, 54.4935296381495], [-1.40997366388243, 54.4783329917471], [-1.41788675584371, 54.477086193671], [-1.43211777207151, 54.479454565172], [-1.4269858515425, 54.48523430756], [-1.46211390493, 54.5042450175754], [-1.47555932906158, 54.4981083114132], [-1.45847354349528, 54.4928394148308], [-1.46182748612818, 54.4859514024196], [-1.45759718214836, 54.481362259061], [-1.46385281919771, 54.4737580498127], [-1.45391325690221, 54.4661553701339], [-1.46274624066678, 54.4611150918875], [-1.45472458308537, 54.4536016929835], [-1.46173157505671, 54.4511495549161], [-1.47205221947318, 54.4555996004691], [-1.46761924250396, 54.4621505168892], [-1.47537275452127, 54.4738451780048], [-1.49905229173469, 54.4756782303405], [-1.49152217227962, 54.4860915234414], [-1.50524707362159, 54.4824197964342], [-1.51134080604103, 54.4750122607667], [-1.51413191899894, 54.4837750912496], [-1.52883695102378, 54.4848137377239], [-1.53015082479877, 54.475750924493], [-1.51969374190879, 54.4711152244878], [-1.54567271781715, 54.4712384758728], [-1.55519520906131, 54.4849781907925], [-1.58298032825201, 54.4971007328169], [-1.57921485380734, 54.5051876844863], [-1.59162276644808, 54.5040043151316], [-1.58106853741621, 54.5128456586148], [-1.60269996416242, 54.5105369289187], [-1.6006232763505, 54.517097764642], [-1.61210728790275, 54.5199920002828], [-1.63344443619249, 54.5141122913593], [-1.64049845249066, 54.5171891225], [-1.6329311189945, 54.5187043442705], [-1.63377378148266, 54.525364378957], [-1.65467519937522, 54.5246500961671], [-1.65793716561516, 54.5345889222004], [-1.6836302852876, 54.5334795569249], [-1.7213108898176, 54.5423017243929], [-1.73309136190533, 54.5277364123393], [-1.77969652861129, 54.5318729939184], [-1.77613231485782, 54.5067285041672], [-1.7821752755751, 54.5070126931078], [-1.78717719757631, 54.5010389912324], [-1.79297648414091, 54.4844924287088], [-1.82244344250921, 54.495177706224], [-1.83943329269054, 54.5084372355978], [-1.85780051144888, 54.503539794396], [-1.85912998438283, 54.4818579024252], [-1.87760324451019, 54.4780495566969], [-1.89343027732002, 54.4668982622119], [-1.94254323627035, 54.4533953541015], [-1.97005959181258, 54.4515215410208], [-1.97612526417875, 54.4597287832746], [-1.99676437249469, 54.4669034483454], [-2.04472952149334, 54.4751862733078], [-2.04319843418637, 54.4835994475386], [-2.11659617374357, 54.4622634779758], [-2.15926758918667, 54.4554834833023], [-2.17021302340634, 54.4581987846828], [-2.15899719522345, 54.472029635374], [-2.16647021230166, 54.4899079300345], [-2.16239333141251, 54.5039428001019], [-2.16870453079298, 54.5196520986942], [-2.17449248079035, 54.5217270436993], [-2.17239803091537, 54.5324441152957], [-2.18228608321106, 54.5358553612135], [-2.19753056810017, 54.5327039650371], [-2.21014254095128, 54.5436582505962], [-2.20948818801938, 54.5517133723259], [-2.24596214870616, 54.565062685696], [-2.27093649252133, 54.5821991445047], [-2.30451453732035, 54.5961978451873], [-2.3087580280871, 54.6118832747256], [-2.32493776754246, 54.6316502361691], [-2.28797868797798, 54.6504801032182], [-2.29287495116333, 54.6638852911182], [-2.30331719424786, 54.6696299330074], [-2.32756945568455, 54.6708733962367], [-2.35159375318484, 54.6857364060566], [-2.35548207763152, 54.6979233649487], [-2.34438205187696, 54.7017721122644], [-2.34209502710379, 54.7161480286359], [-2.32574674351607, 54.7266292296878], [-2.33230578332374, 54.7319961446206], [-2.32082249854183, 54.7550039074844], [-2.32247866430232, 54.7639707182398], [-2.3084868101346, 54.7735427971225], [-2.31392402962035, 54.7811134309462], [-2.31208952139602, 54.7910150459368], [-2.32328426511762, 54.7950089095462], [-2.32738520521004, 54.8053324695509], [-2.34842858236683, 54.8070792752561], [-2.3698307614979, 54.8209665127688], [-2.37266952041961, 54.8273795947301], [-2.38960366687838, 54.8319489443121], [-2.4016226407963, 54.8514839644192], [-2.41165834715293, 54.8564544832241], [-2.42267613723548, 54.8428704335366], [-2.45223878846862, 54.8320132348432], [-2.46060153125164, 54.8341721848522], [-2.4953568980919, 54.8103421039783], [-2.5234414544492, 54.8060451301282], [-2.5583066678318, 54.8167246157662], [-2.57795180487073, 54.8364543393984], [-2.58267104737595, 54.8458667815631], [-2.57335234214531, 54.8535461962825], [-2.60545400682068, 54.8843058303785], [-2.57641404338101, 54.8967171098062], [-2.56622128211943, 54.9192380628219], [-2.54527258594749, 54.9291719622267], [-2.56764946010163, 54.9408560211738], [-2.57128537510643, 54.948370378637], [-2.56842654921438, 54.9582910606499], [-2.59556897269462, 54.963480931938], [-2.60142928961523, 54.9713401694156], [-2.5733107670136, 54.9876377868719], [-2.56771370256383, 55.0027473509066], [-2.57418086683806, 55.0037000530393], [-2.57024187450985, 55.006506111928], [-2.57365341074097, 55.0067264204705], [-2.57318683747251, 55.0161146678471], [-2.53957241619426, 55.0288769037654], [-2.52762196694228, 55.029100027015], [-2.52691211796141, 55.0329402425956], [-2.51016799896435, 55.0363472143611], [-2.50447837178623, 55.0331907777162], [-2.50566603298274, 55.0367480166566], [-2.48304985288842, 55.0400190758404], [-2.49434160678426, 55.0507148431739], [-2.49075228174841, 55.0545259748975], [-2.49544556359635, 55.053331818961], [-2.503984940725, 55.0624298936516], [-2.49219989938917, 55.0681537133761], [-2.50123425186352, 55.0752248138669], [-2.48634115497866, 55.0830455143649], [-2.50370707153396, 55.0907504039263], [-2.53225697418384, 55.0827607947744], [-2.56213639511458, 55.083462169153], [-2.55829477966243, 55.0888103663756], [-2.5684260078781, 55.0962614131911], [-2.58349863526967, 55.0969960807803], [-2.58333660031058, 55.1016839704862], [-2.59355863569287, 55.1051202197913], [-2.5934364083915, 55.1128326451674], [-2.60047101106972, 55.1171617633457], [-2.59890282488408, 55.1245757158745], [-2.63263878772644, 55.1277569628276], [-2.65693941785208, 55.1361318302789], [-2.66162461986021, 55.1463649852768], [-2.67732441001798, 55.1554875877371], [-2.68325394634211, 55.1666304918511], [-2.67455532373979, 55.1758914662266], [-2.68978916257996, 55.1889832482806], [-2.666814789349, 55.2215803899766], [-2.63141420722149, 55.2236980849122], [-2.63580566220724, 55.2297659122301], [-2.63022898081735, 55.2447914959374], [-2.61145085823107, 55.247134429328], [-2.64677118121333, 55.2600438629418], [-2.62665606673464, 55.2622209376361], [-2.62819070071847, 55.2679326241159], [-2.60923810323899, 55.2832480256194], [-2.57336309653362, 55.2968843972754], [-2.57370441690414, 55.3007861827898], [-2.55709441727983, 55.3117125821814], [-2.55904121304847, 55.3178347054877], [-2.55042519255057, 55.3157855360319], [-2.52026965851612, 55.3230470911992], [-2.49502083625244, 55.3474914912573], [-2.47518560294758, 55.3547676780431], [-2.41499664354287, 55.3589219030045], [-2.40218396724691, 55.3544063880208], [-2.39952139630221, 55.3482743914612], [-2.37891180668306, 55.3491694371305], [-2.33747713193072, 55.3672809415469], [-2.34623321175053, 55.3730610533814], [-2.33002052064065, 55.3812415663335], [-2.34472538354763, 55.3994488003901], [-2.33353045561246, 55.4024252929759], [-2.33562914471266, 55.4082080634579], [-2.31325356259942, 55.4067893342264], [-2.29593485552453, 55.4149221669484], [-2.29451344187619, 55.4204651827275], [-2.27064693671974, 55.4295929212763], [-2.26224314618967, 55.4285581814302], [-2.26061128927204, 55.432933998025], [-2.2312819124724, 55.4284292920017], [-2.19421972116367, 55.4452580081787], [-2.18963745609518, 55.4611658045878], [-2.16653602350474, 55.467468494366], [-2.17372359874483, 55.4722711105245], [-2.20159170971667, 55.475516011399], [-2.20635508202906, 55.4815597651897], [-2.2026492750732, 55.4895412876908], [-2.22884551551699, 55.5095187800221], [-2.22428330861648, 55.522787671544], [-2.23321721467388, 55.5296132819678], [-2.23224867525345, 55.5448298240699], [-2.2403065059112, 55.5556271683871], [-2.28853587165619, 55.5800500223507], [-2.29239181876654, 55.585798565558], [-2.28593560377129, 55.5965438893852], [-2.2892322950467, 55.6037736959148], [-2.30728628679041, 55.6111039233511], [-2.3160941125707, 55.6204584681156], [-2.30893463097413, 55.6224795020889], [-2.30862602967662, 55.6288759763574], [-2.3243105601635, 55.6261659069396], [-2.33504701758708, 55.6344914428881], [-2.32625221704594, 55.6370214842333], [-2.32470201879721, 55.6431665470494], [-2.30578970416838, 55.6470437737042], [-2.23479932643361, 55.6408121299553], [-2.23191776303815, 55.6451448804656], [-2.24817393761024, 55.6523531987835], [-2.21845272804607, 55.6642602674573], [-2.21865916071879, 55.6759071372636], [-2.18405519461515, 55.7015932746475], [-2.16723105928948, 55.7060351648167], [-2.17699672355935, 55.718375035575], [-2.15050611551912, 55.7231994058079], [-2.14605187781894, 55.738441915787], [-2.11730684159624, 55.7384258090979], [-2.1161237172952, 55.7465591986998], [-2.10601162242728, 55.7481586927393], [-2.10511976386582, 55.7512197761704], [-2.1072109515072, 55.7550788860517], [-2.10879942430751, 55.7573964813876], [-2.10245539653489, 55.7612906123512], [-2.04778926902662, 55.757718450753], [-2.03821256585702, 55.760097000796], [-2.02952939009845, 55.7706874942473], [-2.01507662164622, 55.7716922478506], [-2.0038073858897, 55.7618384029664], [-1.99245358138054, 55.7612556734974], [-1.96075263333922, 55.7332136761869], [-1.93685126658404, 55.7192778247546], [-1.91165456006804, 55.707716981153], [-1.87044305614358, 55.6978409151807], [-1.87781938426321, 55.6930376817312], [-1.87415903124864, 55.683931708538], [-1.87853540821017, 55.687006964692], [-1.88557370176714, 55.6847839769666], [-1.87321239632999, 55.6828802954117], [-1.87301340893376, 55.6756507330889], [-1.87090445225449, 55.6760537578056], [-1.87258888262246, 55.6751675531565], [-1.87063538719581, 55.6757069818942], [-1.87168921180134, 55.6737959220483], [-1.86489039312315, 55.6664345581625], [-1.87146426963117, 55.6658908921821], [-1.86397609114262, 55.6652820882411], [-1.84147671153596, 55.643021103988], [-1.80606042752391, 55.6350127076563], [-1.79012415946332, 55.6506116672689], [-1.79501992128821, 55.6591766170582], [-1.78802218953331, 55.6565141156543], [-1.77873574745042, 55.6414233782511], [-1.75451777297921, 55.6233974406879], [-1.75578869368358, 55.6183159817015], [-1.78582944976654, 55.6170902501344], [-1.77481681498533, 55.6120887181995], [-1.77037695276508, 55.6034078929136], [-1.74543953482732, 55.618960091785], [-1.72261701079078, 55.6167919182156], [-1.69196397058807, 55.6061194932104], [-1.66470912692666, 55.5860116188695], [-1.63959889300321, 55.5784053973878], [-1.63965170514697, 55.576738452846], [-1.64394120883807, 55.5761931297598], [-1.64767951447382, 55.5726528817303], [-1.65015568656476, 55.5725251993991], [-1.65221904394939, 55.5717955906378], [-1.65215380911896, 55.5713521692575], [-1.64769424269028, 55.5724597435024], [-1.64555061466209, 55.5741449080619], [-1.62656192621521, 55.5577007974674], [-1.62818817362992, 55.5544003344032], [-1.61883866180572, 55.5522068887346], [-1.63235948160128, 55.5502790478069], [-1.6418899008601, 55.5374523642165], [-1.63653798263869, 55.5392687205484], [-1.62619834104813, 55.5278456963628], [-1.61844485504217, 55.5264324986408], [-1.61898776647346, 55.5225657556382], [-1.61065620099406, 55.5217779492746], [-1.61835621726442, 55.5145447661767], [-1.61344158699486, 55.509823297777], [-1.6169016004101, 55.5025131112432], [-1.61287383062077, 55.4967804334139], [-1.59118435048404, 55.4924111382234], [-1.59345286585368, 55.4730856400186], [-1.58865124576083, 55.4619362356162], [-1.59311248579413, 55.4572097656172], [-1.58635766717152, 55.4465956249488], [-1.59336474091017, 55.4403491365824], [-1.57538246055898, 55.4309125573565], [-1.58188152785635, 55.4180498443794], [-1.58039014272074, 55.4067131619916], [-1.59260082820157, 55.4027663048457], [-1.596762065064, 55.3943940250331], [-1.61201077467944, 55.384922596488], [-1.62126810637397, 55.3883560161016], [-1.61741521144009, 55.3892200822518], [-1.61846392871661, 55.394814462595], [-1.6143931031536, 55.3936574452923], [-1.61322116078376, 55.3949137889728], [-1.61003812334633, 55.3942951595396], [-1.60880917274777, 55.3952956329931], [-1.61181853565753, 55.3978293796776], [-1.61845224123034, 55.3997211243038], [-1.61975581007738, 55.3996227462199], [-1.62213187456713, 55.3983182045635], [-1.62528544419909, 55.3977591125029], [-1.60970753283446, 55.3955816439394], [-1.61876078952413, 55.3952041068711], [-1.61804949352872, 55.3904499324576], [-1.62372372657249, 55.3896636854363], [-1.61359924121159, 55.3796285631123], [-1.61398522273485, 55.3842929831987], [-1.60916575037465, 55.3842559566953], [-1.60127537759068, 55.3609329061259], [-1.58802623631987, 55.3454397207271], [-1.57997286306935, 55.3396118989746], [-1.57079762998991, 55.3397867435885], [-1.58102577281321, 55.3376127486483], [-1.5909984084732, 55.34119757006], [-1.5974115051721, 55.3507170643869], [-1.59248921063813, 55.3397740897008], [-1.60799523422938, 55.3446148129831], [-1.60734814140775, 55.3480973624487], [-1.60982162398537, 55.3499187540182], [-1.61261131354709, 55.3498512417772], [-1.61421154699276, 55.3491758176232], [-1.6165318032382, 55.3442068746304], [-1.62245074500284, 55.347813694359], [-1.62717864620094, 55.3486807504128], [-1.61647135905746, 55.3439507745145], [-1.61009615612819, 55.3494700788133], [-1.60886975777108, 55.3442244909754], [-1.58685145847832, 55.3360689441018], [-1.57335680391697, 55.3364804799443], [-1.57214754684156, 55.3388089049697], [-1.57107754508647, 55.3388957042857], [-1.54927805930555, 55.3219654123411], [-1.55015241137098, 55.3113613247429], [-1.56992650083828, 55.2915529988631], [-1.56651650518794, 55.2653045244144], [-1.55296001969839, 55.2457996688775], [-1.52646488046601, 55.2286329939111], [-1.52639393177399, 55.2144027116713], [-1.51603252988231, 55.2028621126936], [-1.50236124574462, 55.196963310955], [-1.505356345455, 55.1924910635758], [-1.49895938174962, 55.1854227622811], [-1.51181488068625, 55.1835712277259], [-1.51319592490777, 55.1748007077316], [-1.52515726180707, 55.1626393614498], [-1.54026869998144, 55.1616112337856], [-1.52614083542656, 55.1599714113685], [-1.51604149961753, 55.1432916983593], [-1.49866456731557, 55.1296056107116]]], [[[-2.03441660416934, 55.8111150670856], [-1.99994221780448, 55.7859648871877], [-1.99162513145097, 55.7663486801536], [-1.98414989809126, 55.7647684908433], [-2.00424227577983, 55.7654813536776], [-2.01804093248873, 55.7746248978182], [-2.03396913204954, 55.7713147461388], [-2.03889386318247, 55.7691898577496], [-2.03635848165324, 55.7658534375466], [-2.04075544859225, 55.7605836149812], [-2.06503589237553, 55.7632228908605], [-2.0456227083257, 55.7591753858853], [-2.05472209868744, 55.7582432374194], [-2.06660902154326, 55.7612236053734], [-2.08574472083765, 55.7627447238087], [-2.0861230942702, 55.7930452706114], [-2.03441660416934, 55.8111150670856]]]]}}, {"type": "Feature", "properties": {"Region": "North West", "LabelPoint": [54.0677736219467, -2.6738094697991523]}, "geometry": {"type": "MultiPolygon", "coordinates": [[[[-3.08387716264329, 53.2570409165339], [-3.08309378137755, 53.2558103994717], [-3.08556619586959, 53.2566430761988], [-3.08387716264329, 53.2570409165339]]], [[[-3.20614966066593, 53.3724639012523], [-3.20434194844154, 53.3701907271792], [-3.20724908263794, 53.3717938804264], [-3.20614966066593, 53.3724639012523]]], [[[-3.22086505482131, 53.3790867187314], [-3.21733627935856, 53.3762776860145], [-3.22220861482679, 53.3792312192927], [-3.22086505482131, 53.3790867187314]]], [[[-3.22392615810103, 53.3803057592078], [-3.22827736992719, 53.3822531094609], [-3.22901660122702, 53.3845835298897], [-3.22392615810103, 53.3803057592078]]], [[[-2.89961138042667, 53.7163670816123], [-2.89894047961098, 53.7157622603979], [-2.89985222697281, 53.7159757087389], [-2.89961138042667, 53.7163670816123]]], [[[-2.90473606223248, 53.7270713602364], [-2.89753047590469, 53.7249615144088], [-2.89752320640617, 53.7230247490863], [-2.89691992908074, 53.7227922510006], [-2.90292298184949, 53.722582414121], [-2.90473606223248, 53.7270713602364]]], [[[-2.88813904831344, 53.7265665730436], [-2.88714776704391, 53.7267015654023], [-2.88831463515229, 53.7263686031226], [-2.88813904831344, 53.7265665730436]]], [[[-2.9128798366725, 53.7270230539639], [-2.9079755452884, 53.7269665456228], [-2.90312538893747, 53.72219007072], [-2.89930494072574, 53.7216137576769], [-2.89902418952046, 53.7201949817851], [-2.90479396048211, 53.7208337876177], [-2.9128798366725, 53.7270230539639]]], [[[-2.9047311971923, 53.7290698769203], [-2.90477255843668, 53.727253548621], [-2.90781500397186, 53.7282886990309], [-2.9047311971923, 53.7290698769203]]], [[[-2.89501888401176, 53.7297919118858], [-2.90141773550884, 53.7263601754974], [-2.90381063162273, 53.7274482294197], [-2.90316588440861, 53.7291550523596], [-2.89501888401176, 53.7297919118858]]], [[[-2.88798541010434, 53.7282531255665], [-2.88641850264465, 53.7293295125489], [-2.88654491284785, 53.7268422097766], [-2.88798541010434, 53.7282531255665]]], [[[-2.88948562887683, 53.7306940978173], [-2.89249362994906, 53.7277667336506], [-2.89133145166077, 53.7256257379459], [-2.90051370751051, 53.7262352158582], [-2.88948562887683, 53.7306940978173]]], [[[-2.89033698929991, 53.7293556851458], [-2.8900989917794, 53.7270712611947], [-2.88827092414978, 53.7264823791756], [-2.88967156540271, 53.7263095299252], [-2.89086152140617, 53.7253346898831], [-2.89033698929991, 53.7293556851458]]], [[[-2.93807330355711, 53.8530883077558], [-2.9440309451941, 53.8514695582917], [-2.93773471572201, 53.8544715079241], [-2.93807330355711, 53.8530883077558]]], [[[-2.99645300177385, 53.9076318308839], [-2.99398687853847, 53.9071809400552], [-2.99214264257555, 53.9072699614519], [-2.99332241007524, 53.905791001946], [-2.99521077899793, 53.9069522819866], [-2.99571191986649, 53.9058343935394], [-2.99645300177385, 53.9076318308839]]], [[[-2.9060112282526, 53.9397227101461], [-2.90667419987824, 53.9388269929817], [-2.90674324572761, 53.9396191529117], [-2.9060112282526, 53.9397227101461]]], [[[-2.89971292089785, 53.9396163487833], [-2.90002532989975, 53.9395538050319], [-2.90013313554082, 53.9398882368187], [-2.89971292089785, 53.9396163487833]]], [[[-2.8977451920323, 53.9403455912777], [-2.89967830979696, 53.9396363751917], [-2.90023765460971, 53.9407817566792], [-2.8977451920323, 53.9403455912777]]], [[[-2.90672963607319, 53.9411696647045], [-2.90693125059058, 53.9409156549469], [-2.90777727959259, 53.941428698652], [-2.90672963607319, 53.9411696647045]]], [[[-2.89669071240844, 53.9421834131775], [-2.89635112564778, 53.9413366626909], [-2.89760741717895, 53.9414521690869], [-2.89669071240844, 53.9421834131775]]], [[[-2.89242393340693, 53.9424156746892], [-2.89403831316199, 53.9418239314583], [-2.8938883854925, 53.9427193515772], [-2.89242393340693, 53.9424156746892]]], [[[-2.90632198480935, 53.945490527825], [-2.90772086303166, 53.944165052582], [-2.9088779088953, 53.9442003250945], [-2.90632198480935, 53.945490527825]]], [[[-2.89196425700086, 53.9440081355035], [-2.88522547853023, 53.9441370939329], [-2.88620011450484, 53.9433246438367], [-2.89196425700086, 53.9440081355035]]], [[[-2.88541940038691, 53.9483285415821], [-2.88953330572328, 53.9481147370594], [-2.88570582527373, 53.9489744440727], [-2.88541940038691, 53.9483285415821]]], [[[-2.84600103167655, 53.9654899587469], [-2.8473352589228, 53.9644004895866], [-2.84986544769614, 53.9650323322456], [-2.84600103167655, 53.9654899587469]]], [[[-2.84796110934564, 53.9653006902235], [-2.84931110804248, 53.9651770033944], [-2.8494783609529, 53.9655385666731], [-2.84796110934564, 53.9653006902235]]], [[[-2.84798921388924, 53.9660432968182], [-2.84808125432522, 53.965362216758], [-2.8488158230116, 53.9656625201753], [-2.84798921388924, 53.9660432968182]]], [[[-2.89347562815229, 53.9889089583188], [-2.90019906937815, 53.9878063248638], [-2.9012626723346, 53.989029703777], [-2.89923124089574, 53.9907355117711], [-2.89347562815229, 53.9889089583188]]], [[[-2.86133405515324, 53.9960535320341], [-2.86200539492662, 53.9957656022033], [-2.86140707161271, 53.9961914194377], [-2.86133405515324, 53.9960535320341]]], [[[-2.86037534038975, 53.99675695246], [-2.86094052147811, 53.9962765529361], [-2.86091835740814, 53.9967548590102], [-2.86037534038975, 53.99675695246]]], [[[-2.85978023657036, 53.9973034434409], [-2.8602892307528, 53.9968717134011], [-2.86004739728055, 53.9976019005802], [-2.85978023657036, 53.9973034434409]]], [[[-2.83562035227422, 53.9983073446725], [-2.83601547903903, 53.9981486596767], [-2.83584323200012, 53.9984217356783], [-2.83562035227422, 53.9983073446725]]], [[[-2.83470591235902, 53.9988533214969], [-2.83504722645098, 53.9983380225242], [-2.83556496878932, 53.9985582167685], [-2.83470591235902, 53.9988533214969]]], [[[-2.83267090240168, 53.9993896246138], [-2.83306821965475, 53.9989653482969], [-2.83330893223188, 53.9990256943294], [-2.83267090240168, 53.9993896246138]]], [[[-2.83438589468192, 53.9995565836902], [-2.83449129169846, 53.9992583593383], [-2.83469856591954, 53.999477118119], [-2.83438589468192, 53.9995565836902]]], [[[-2.83543848128265, 53.9995546626954], [-2.83606831099916, 53.9994675952521], [-2.83600035522401, 53.9999587959263], [-2.83543848128265, 53.9995546626954]]], [[[-2.83447443661861, 54.0000170372341], [-2.83496071059537, 53.9995409069537], [-2.83518630623676, 53.9999887235528], [-2.83447443661861, 54.0000170372341]]], [[[-2.83329832061001, 53.9999452083001], [-2.83398379594414, 53.9994362436879], [-2.83378573596677, 54.0001359613813], [-2.83329832061001, 53.9999452083001]]], [[[-2.83182245652337, 54.0004479584881], [-2.8323538400513, 54.0003957455438], [-2.8320734397108, 54.0005639594656], [-2.83182245652337, 54.0004479584881]]], [[[-2.83168297932071, 54.0012491866537], [-2.83148886821112, 54.0009710131839], [-2.83237466734906, 54.0011334896071], [-2.83168297932071, 54.0012491866537]]], [[[-2.83207012808721, 54.0014378542352], [-2.83220421826506, 54.0014143666335], [-2.83218885118425, 54.0016687344163], [-2.83207012808721, 54.0014378542352]]], [[[-2.87392493812695, 54.001735454982], [-2.8740152522889, 54.0014588705243], [-2.8747450593641, 54.0018490293766], [-2.87392493812695, 54.001735454982]]], [[[-2.86982336651172, 54.0038819233712], [-2.86840848697175, 54.003577484576], [-2.87019402612353, 54.0035706899269], [-2.86982336651172, 54.0038819233712]]], [[[-2.87234434699411, 54.0047004339356], [-2.8712032779428, 54.0033882099745], [-2.87514806928514, 54.0047082004183], [-2.87234434699411, 54.0047004339356]]], [[[-2.87319461236946, 54.0050775072737], [-2.87295679081788, 54.0047964401214], [-2.87367790214516, 54.0048703331235], [-2.87319461236946, 54.0050775072737]]], [[[-2.87404558969553, 54.0057932333706], [-2.87381073090338, 54.0051292077009], [-2.87422494294761, 54.0052221887934], [-2.87404558969553, 54.0057932333706]]], [[[-2.87757115252215, 54.0061370624306], [-2.87722938249403, 54.0057173025587], [-2.87779397936013, 54.0059516340473], [-2.87757115252215, 54.0061370624306]]], [[[-2.87221623750063, 54.0064745761688], [-2.87240163168234, 54.0059501391372], [-2.87294982752468, 54.0062622660287], [-2.87221623750063, 54.0064745761688]]], [[[-2.86814258983837, 54.0108811242798], [-2.86781593389559, 54.0105104825927], [-2.8684181988519, 54.0105600656593], [-2.86814258983837, 54.0108811242798]]], [[[-2.8691487077314, 54.0110509276825], [-2.86985766838212, 54.009998714431], [-2.87012025583227, 54.0104426181623], [-2.8691487077314, 54.0110509276825]]], [[[-2.83462963167945, 54.0138606600654], [-2.83453711657914, 54.0128223281491], [-2.83525003768079, 54.0134447154607], [-2.83462963167945, 54.0138606600654]]], [[[-2.83527530051243, 54.0158779507627], [-2.83555224349698, 54.0157002274557], [-2.83562118289164, 54.0160407843641], [-2.83527530051243, 54.0158779507627]]], [[[-2.83611156068554, 54.0166275507862], [-2.8358488686714, 54.01642787403], [-2.83647248373505, 54.0166266578415], [-2.83611156068554, 54.0166275507862]]], [[[-2.84133304427804, 54.0222429710593], [-2.83409769136471, 54.0224376140353], [-2.8355465597043, 54.0171520458332], [-2.83553385451432, 54.0193635583207], [-2.84133304427804, 54.0222429710593]]], [[[-2.79345432942516, 54.0621940856477], [-2.7931041119826, 54.0602568295763], [-2.79452682637433, 54.0612967571461], [-2.79345432942516, 54.0621940856477]]], [[[-3.20177722800427, 54.0656281959984], [-3.20110509605387, 54.0641024433575], [-3.20344607254986, 54.0652681567443], [-3.20177722800427, 54.0656281959984]]], [[[-3.17268338572754, 54.062252135052], [-3.17689453585652, 54.0635147272658], [-3.17586474880827, 54.0655026216577], [-3.17414037665675, 54.0665054596638], [-3.17268338572754, 54.062252135052]]], [[[-3.25215091121054, 54.1504934244673], [-3.26445128464373, 54.1477455624342], [-3.26687449786406, 54.1419213624305], [-3.26066204277252, 54.1385435607236], [-3.26081848529992, 54.1380705814565], [-3.26113364470232, 54.1385432050708], [-3.26137760590327, 54.1385118868368], [-3.26171713828915, 54.1379492629498], [-3.2619160086505, 54.1383727694703], [-3.26242247822805, 54.1385674466218], [-3.26381416934674, 54.1384508281047], [-3.26229743849639, 54.1345764697165], [-3.26116379221214, 54.1379743859569], [-3.25594743895172, 54.1349257498971], [-3.25944794553093, 54.1351547769776], [-3.25519745424143, 54.131942749359], [-3.25728956645431, 54.1328247693257], [-3.25826894356082, 54.1323156000825], [-3.25921585878124, 54.1332078445516], [-3.26090284886281, 54.1334461690931], [-3.25886934165647, 54.1318262061127], [-3.2545698289132, 54.1317866059096], [-3.24592388360254, 54.1106077794382], [-3.24293638304044, 54.0989390219003], [-3.25287979525605, 54.0996533739801], [-3.24765931433586, 54.0980677502834], [-3.25302829939158, 54.0970754252758], [-3.25246271722293, 54.0957650219956], [-3.24315966275771, 54.0975198518283], [-3.24876147022511, 54.0937079356256], [-3.24182085711535, 54.0923219069232], [-3.23891492626935, 54.0863665791426], [-3.22989329869319, 54.088440117474], [-3.23320578061702, 54.0840497044894], [-3.22095529220927, 54.0804979060501], [-3.22973923370149, 54.0780027567356], [-3.22681625445275, 54.0715727445285], [-3.22337009142318, 54.0669904278423], [-3.21026624924842, 54.0651958631531], [-3.20549352267583, 54.0520367186483], [-3.19602097267728, 54.0487443412515], [-3.17858767237087, 54.0552646130481], [-3.17410086163805, 54.0482939381928], [-3.17282853210809, 54.0552436774385], [-3.1731611097089, 54.0470766152163], [-3.19555152613035, 54.0442691923432], [-3.20991255885691, 54.0476711083467], [-3.26855382921652, 54.1073707832829], [-3.27664733304388, 54.1420190047922], [-3.26824520048798, 54.1493707231661], [-3.25215091121054, 54.1504934244673]]], [[[-3.04152551804199, 54.1755464255817], [-3.04070680518123, 54.172478749462], [-3.04225109685333, 54.175707359443], [-3.04152551804199, 54.1755464255817]]], [[[-3.03318547312, 54.2126257670091], [-3.03779995425449, 54.2062741295285], [-3.03937048303084, 54.2057641825357], [-3.03927194456404, 54.2082759514134], [-3.03707287130437, 54.2085981662552], [-3.03643463268225, 54.2099236996076], [-3.0367808421084, 54.210002596814], [-3.03492666254214, 54.2109872564034], [-3.03429990253663, 54.2114078791307], [-3.03384324293696, 54.2118431258103], [-3.03392585025992, 54.2121728969308], [-3.03379249933429, 54.2121874340768], [-3.03318547312, 54.2126257670091]]], [[[-3.43607403536819, 54.3593019665417], [-3.43546170445835, 54.3581165256591], [-3.438307908633, 54.3602955149372], [-3.43607403536819, 54.3593019665417]]], [[[-3.40899226296043, 54.3613780418041], [-3.4096824220705, 54.3613217566651], [-3.40983021614156, 54.3619473199622], [-3.40899226296043, 54.3613780418041]]], [[[-3.44000735059618, 54.3667233309899], [-3.43775431950382, 54.3656804339219], [-3.43952287066355, 54.3662500454337], [-3.44000735059618, 54.3667233309899]]], [[[-3.28635252087834, 54.8797896779232], [-3.28535090196183, 54.8782886483333], [-3.28864342356005, 54.881195172439], [-3.28635252087834, 54.8797896779232]]], [[[-3.00128823705923, 54.9343137232644], [-3.00191280405355, 54.9333200457195], [-3.00178246860669, 54.9342925760353], [-3.00128823705923, 54.9343137232644]]], [[[-3.00177861205567, 54.9347622137204], [-3.00142558736184, 54.9368025619291], [-2.99982455416204, 54.9360242476553], [-3.00177861205567, 54.9347622137204]]], [[[-3.0580042575485, 54.9914823427928], [-3.05782020400493, 54.9900167842936], [-3.05781407021889, 54.9916575797076], [-3.0580042575485, 54.9914823427928]]], [[[-2.67455532373979, 55.1758914662266], [-2.68325394634211, 55.1666304918511], [-2.67253222368587, 55.1508548434571], [-2.66162461986021, 55.1463649852768], [-2.65693941785208, 55.1361318302789], [-2.63263878772644, 55.1277569628276], [-2.59890282488408, 55.1245757158745], [-2.60047101106972, 55.1171617633457], [-2.5934364083915, 55.1128326451674], [-2.59355863569287, 55.1051202197913], [-2.58333660031058, 55.1016839704862], [-2.58349863526967, 55.0969960807803], [-2.5684260078781, 55.0962614131911], [-2.55829477966243, 55.0888103663756], [-2.56213639511458, 55.083462169153], [-2.53225697418384, 55.0827607947744], [-2.50370707153396, 55.0907504039263], [-2.48634115497866, 55.0830455143649], [-2.50123425186352, 55.0752248138669], [-2.49219989938917, 55.0681537133761], [-2.503984940725, 55.0624298936516], [-2.49544556359635, 55.053331818961], [-2.49075228174841, 55.0545259748975], [-2.49434160678426, 55.0507148431739], [-2.48304985288842, 55.0400190758404], [-2.50566603298274, 55.0367480166566], [-2.50447837178623, 55.0331907777162], [-2.51016799896435, 55.0363472143611], [-2.52691211796141, 55.0329402425956], [-2.52762196694228, 55.029100027015], [-2.53957241619426, 55.0288769037654], [-2.57318683747251, 55.0161146678471], [-2.57365341074097, 55.0067264204705], [-2.57024187450985, 55.006506111928], [-2.57418086683806, 55.0037000530393], [-2.56771370256383, 55.0027473509066], [-2.5733107670136, 54.9876377868719], [-2.60142928961523, 54.9713401694156], [-2.59556897269462, 54.963480931938], [-2.56842654921438, 54.9582910606499], [-2.57128537510643, 54.948370378637], [-2.56764946010163, 54.9408560211738], [-2.54527258594749, 54.9291719622267], [-2.56622128211943, 54.9192380628219], [-2.57641404338101, 54.8967171098062], [-2.60545400682068, 54.8843058303785], [-2.57335234214531, 54.8535461962825], [-2.58267104737595, 54.8458667815631], [-2.57795180487073, 54.8364543393984], [-2.5583066678318, 54.8167246157662], [-2.5234414544492, 54.8060451301282], [-2.4953568980919, 54.8103421039783], [-2.46060153125164, 54.8341721848522], [-2.45223878846862, 54.8320132348432], [-2.42267613723548, 54.8428704335366], [-2.41165834715293, 54.8564544832241], [-2.4016226407963, 54.8514839644192], [-2.38960366687838, 54.8319489443121], [-2.37266952041961, 54.8273795947301], [-2.3698307614979, 54.8209665127688], [-2.34842858236683, 54.8070792752561], [-2.32738520521004, 54.8053324695509], [-2.32328426511762, 54.7950089095462], [-2.31208952139602, 54.7910150459368], [-2.31392402962035, 54.7811134309462], [-2.3084868101346, 54.7735427971225], [-2.32247866430232, 54.7639707182398], [-2.32082249854183, 54.7550039074844], [-2.33230578332374, 54.7319961446206], [-2.32574674351607, 54.7266292296878], [-2.34209502710379, 54.7161480286359], [-2.34114965933235, 54.7106186326164], [-2.3450331639882, 54.709176032739], [-2.34145998685846, 54.7059977435373], [-2.35548207763152, 54.6979233649487], [-2.35420224059058, 54.6917345297138], [-2.35159375318484, 54.6857364060566], [-2.32756945568455, 54.6708733962367], [-2.30331719424786, 54.6696299330074], [-2.29287495116333, 54.6638852911182], [-2.28797868797798, 54.6504801032182], [-2.32493776754246, 54.6316502361691], [-2.3087580280871, 54.6118832747256], [-2.30451453732035, 54.5961978451873], [-2.27093649252133, 54.5821991445047], [-2.24596214870616, 54.565062685696], [-2.20948818801938, 54.5517133723259], [-2.21014254095128, 54.5436582505962], [-2.19753056810017, 54.5327039650371], [-2.18228608321106, 54.5358553612135], [-2.17239803091537, 54.5324441152957], [-2.17449248079035, 54.5217270436993], [-2.16870453079298, 54.5196520986942], [-2.16239333141251, 54.5039428001019], [-2.16647021230166, 54.4899079300345], [-2.15899719522345, 54.472029635374], [-2.17021302340634, 54.4581987846828], [-2.17750847989225, 54.4616256747416], [-2.18931554536681, 54.4489784731566], [-2.23561740343055, 54.4482310567187], [-2.24953922329874, 54.4519434353475], [-2.26790292597675, 54.4472335738128], [-2.26537837452071, 54.4429263064175], [-2.27134782102503, 54.4409161654299], [-2.29286520125281, 54.4393074909511], [-2.29185352910439, 54.4314625386177], [-2.30814588994671, 54.4197937715609], [-2.30544502560032, 54.3970864171865], [-2.29170338915819, 54.39062970169], [-2.2974404079712, 54.3768987644415], [-2.31704255658246, 54.3763105176709], [-2.34464790841351, 54.3596285098932], [-2.36771223910638, 54.356070614351], [-2.30984140863991, 54.3243149774976], [-2.31497755786942, 54.3135863704028], [-2.3230323098134, 54.3110827863686], [-2.32040123114123, 54.3067705958745], [-2.32434525002445, 54.3007755238199], [-2.32039028854724, 54.2990444642984], [-2.32417201077219, 54.2936051520333], [-2.31719184100725, 54.2871656647743], [-2.32589176655811, 54.2796929160037], [-2.31551421488285, 54.2702849265903], [-2.32564664212512, 54.2414383475156], [-2.34805240648407, 54.2378066814487], [-2.36231711509247, 54.2497526288087], [-2.37232524199247, 54.2482345937254], [-2.37302060410132, 54.2400989034835], [-2.39677965225249, 54.2393810797039], [-2.40563193679838, 54.2249151681045], [-2.43542759127717, 54.2228770156123], [-2.46086273483392, 54.2267161351685], [-2.47369902061277, 54.2152819802746], [-2.47994013195092, 54.2023289897773], [-2.52875904200962, 54.1694841194201], [-2.53397895530311, 54.1576927128776], [-2.56050449737639, 54.1530521175321], [-2.55787385630655, 54.1433641928547], [-2.56341030273354, 54.1404056820742], [-2.56332935822042, 54.1227060135958], [-2.5447643187028, 54.1171303315146], [-2.53676628071926, 54.1040992590531], [-2.52410884993147, 54.1021293833822], [-2.52400965394563, 54.0946224792898], [-2.50952601849528, 54.0954253298731], [-2.46434741774283, 54.0752794321098], [-2.46399017083704, 54.0610840427484], [-2.47054614196681, 54.050854961416], [-2.46467647946736, 54.0432023281427], [-2.42582648982368, 54.0380949093938], [-2.37407297715162, 54.0490890605674], [-2.36199948040014, 54.0406696815782], [-2.35732329416741, 54.0191170938826], [-2.34360354182356, 54.0173271034288], [-2.33956433043647, 54.0093207221731], [-2.35228494459096, 54.0105532688523], [-2.35217648678239, 53.9946124330005], [-2.33999932342476, 53.9894768964455], [-2.31917729442185, 53.9938205133544], [-2.29687754801523, 53.980582684894], [-2.298948683376, 53.9765461302173], [-2.29455000222391, 53.9744666761166], [-2.23037833998678, 53.9815591886436], [-2.22111218452458, 53.9779017069844], [-2.23209923454447, 53.9712160499507], [-2.22592212346691, 53.9672774375262], [-2.22567381467208, 53.9611195231592], [-2.1960183674942, 53.9695758446194], [-2.17946680971232, 53.9459857686744], [-2.18548776350961, 53.9418871632753], [-2.18226279072402, 53.935410922771], [-2.16426598029046, 53.9347042728721], [-2.16287677864059, 53.9272699363196], [-2.13222410689956, 53.9265088503224], [-2.11309296486617, 53.9154393014045], [-2.10746665577796, 53.9080429752116], [-2.11317599133283, 53.9046115598385], [-2.10301894796253, 53.8909412962507], [-2.08144705819635, 53.8756803205624], [-2.08991499194819, 53.8681819720455], [-2.0811910243705, 53.8699714222988], [-2.07484949406931, 53.862367340437], [-2.04613032171259, 53.8501412455596], [-2.04692463706631, 53.8295102810523], [-2.08497916890501, 53.8185205738097], [-2.12835851818789, 53.7990313029985], [-2.12972165227787, 53.7916317792142], [-2.12481550058915, 53.7880553415977], [-2.13636274882185, 53.7801044586254], [-2.13046429043648, 53.7723894159137], [-2.13130283040007, 53.7513761872271], [-2.1417235451508, 53.7457368210486], [-2.14530609129354, 53.7360581182258], [-2.1559976185174, 53.7353253598666], [-2.17329132180093, 53.7230096460328], [-2.16332582461035, 53.7083861234468], [-2.16260484052451, 53.6992002008284], [-2.14525470704119, 53.6922949155996], [-2.14817676236075, 53.6861201417199], [-2.14353550696343, 53.6784976749911], [-2.13412727234523, 53.6857340281759], [-2.1180850077117, 53.6712452232624], [-2.08726453572912, 53.6707514015823], [-2.08307752388252, 53.6781042613117], [-2.05124217318775, 53.6836917577465], [-2.04890190037474, 53.6802268832221], [-2.05439247390986, 53.6730322438821], [-2.03709511574414, 53.6623427412206], [-2.0411427931605, 53.6408453604088], [-2.02999663899538, 53.6361692639832], [-2.02458619597981, 53.6173950200065], [-2.00947078713106, 53.6167795102388], [-1.97824393720057, 53.5867882658331], [-1.94640023378514, 53.5715055484044], [-1.94272585126694, 53.5616412932109], [-1.9128846428011, 53.5516436140542], [-1.90962083195551, 53.5383909856456], [-1.92244468164089, 53.5308150611647], [-1.92678065561025, 53.5209487487883], [-1.91676643607638, 53.5144957591151], [-1.92197284577495, 53.5099546839903], [-1.95133267475833, 53.504198837989], [-1.96338598926022, 53.5098272597675], [-1.97131927206, 53.5045594777605], [-1.97427777091406, 53.4883844180113], [-1.98909835183174, 53.476820353176], [-1.98853068333571, 53.470024930647], [-1.98059469945358, 53.4632087671093], [-1.98816121383736, 53.4605976895607], [-1.98556173246593, 53.4557588974317], [-2.00830558547645, 53.4414522450963], [-2.00421605197447, 53.4359217849539], [-2.01365546338078, 53.4398832337553], [-2.02732262238544, 53.4324005859086], [-2.01972433303058, 53.4251186784672], [-2.02370962953136, 53.4205517125975], [-1.99232947055908, 53.415193132135], [-2.00464286724195, 53.3863272765984], [-2.01971446141798, 53.3805954637866], [-2.01708408317754, 53.377832755443], [-2.02147206970737, 53.3750591148941], [-2.03377543264394, 53.3755415688756], [-2.02862403739649, 53.3707340469026], [-2.03410654547034, 53.3677953642894], [-2.00904863149536, 53.3620077507348], [-2.01090349385077, 53.3566847838829], [-2.00465983481896, 53.3460096593325], [-2.01431920100564, 53.3400585117504], [-2.01364994432454, 53.3324201557635], [-2.00928300059074, 53.3313885877341], [-2.01026597066413, 53.3228970354063], [-2.00155104700482, 53.3189218118205], [-2.00932914808122, 53.3023141537925], [-2.00519729687241, 53.2690399512811], [-2.0094248420728, 53.2606147227429], [-2.00035518473734, 53.2554017561729], [-1.9997102595907, 53.2450201354016], [-1.98190271551104, 53.238560507728], [-1.97482743779671, 53.2308201510558], [-1.99024867768893, 53.223022290227], [-1.98708474891824, 53.2119707688459], [-2.00007336700403, 53.193901820602], [-2.01823167804833, 53.189084530687], [-2.04610965363786, 53.1927771374014], [-2.05931749425628, 53.1808356257999], [-2.05805625849155, 53.1763887883322], [-2.07810071954617, 53.1704155959834], [-2.09277251910984, 53.172953496202], [-2.11172855178585, 53.168622688186], [-2.14021103357332, 53.1838954422146], [-2.14486585803342, 53.1737677937403], [-2.14142291774514, 53.156612488773], [-2.15554543171792, 53.1596534942826], [-2.22307361962197, 53.1037952179052], [-2.23795141548438, 53.1010471437667], [-2.24643157183402, 53.0903076293465], [-2.25324848942767, 53.0939769935256], [-2.29337580822217, 53.0783263863886], [-2.30340297891906, 53.0829962791221], [-2.31783036789581, 53.0814406602195], [-2.32900939016106, 53.0765798955192], [-2.34758567133388, 53.0561702915254], [-2.35373525835257, 53.0588488358145], [-2.35757896496723, 53.0547185107058], [-2.38148099775442, 53.0524751031714], [-2.38612466841185, 53.0336026718231], [-2.37978504906041, 53.0275914168375], [-2.38422739107302, 53.0261675763594], [-2.37042155075988, 53.0145296481573], [-2.38304468514478, 53.0077867854542], [-2.38094934526535, 52.9981615398105], [-2.40698671538335, 52.9959166235157], [-2.40447509904863, 52.9916535761207], [-2.41086210522397, 52.9879253157336], [-2.435367782209, 52.9867088273521], [-2.43849118004978, 52.9846145677927], [-2.4340904413294, 52.979660552552], [-2.43466847192472, 52.9695572514768], [-2.44299126881095, 52.9707813194992], [-2.48113332913399, 52.9588365842155], [-2.4917008089993, 52.9676840784677], [-2.50689718718958, 52.964912612579], [-2.52133205918769, 52.9743455397525], [-2.52328068180159, 52.9543552864447], [-2.52951582206291, 52.9471648765937], [-2.56126288258472, 52.9649521042076], [-2.58620298549954, 52.9553144340219], [-2.59769347128031, 52.9630059890586], [-2.59844664203957, 52.9717182394102], [-2.59275619461528, 52.9741694704706], [-2.59962988507348, 52.9754329316325], [-2.59488906784906, 52.9796071465965], [-2.60567940537261, 52.979395099135], [-2.60773406479019, 52.9883621463089], [-2.62194000405297, 52.9867422315979], [-2.63265093996284, 52.9966707862961], [-2.65235683870577, 52.9949944619321], [-2.67466228547344, 52.9856628094808], [-2.6870784850997, 52.9868304768235], [-2.69929243706707, 52.9954387977652], [-2.7251043413946, 52.9829437202385], [-2.7599401790776, 52.9864196655643], [-2.76685668046785, 52.9946754298834], [-2.78932352003626, 52.9957763791321], [-2.792364835516, 52.9909144444371], [-2.80331096693005, 52.9895941835749], [-2.83599558996295, 52.9971501459187], [-2.84085639766335, 53.0084418336125], [-2.83776963886619, 53.0106642417668], [-2.84406201373811, 53.0176683661674], [-2.86104429459502, 53.0228486540914], [-2.85571506741516, 53.0372559033468], [-2.87011791101549, 53.045360592318], [-2.86311870843391, 53.0486225771201], [-2.86342001402353, 53.0521244389242], [-2.86834048155913, 53.0500624758705], [-2.8660908449665, 53.052736080711], [-2.85923562405487, 53.0541647951744], [-2.8674947071112, 53.0559998222277], [-2.862408222905, 53.0585249565584], [-2.87256273722493, 53.0587080446341], [-2.86151314240195, 53.0607743450991], [-2.88175073390281, 53.0745944781085], [-2.87572225442175, 53.081522027628], [-2.90185425626104, 53.0916716495502], [-2.8993999877082, 53.0979251298912], [-2.89395408834484, 53.0981081430788], [-2.89679118375693, 53.0952147728736], [-2.89035115919822, 53.0996678120749], [-2.8872441850017, 53.1053739535913], [-2.89337950720479, 53.1041766141599], [-2.89171593461695, 53.1093946601088], [-2.88387882843162, 53.1113435253937], [-2.88094231782242, 53.1213747331969], [-2.90339163799315, 53.1117975323344], [-2.94367033475339, 53.1216257321628], [-2.94690567901902, 53.1272704111146], [-2.96381312518341, 53.1327575241621], [-2.97949802680966, 53.1506216451438], [-2.98456488845346, 53.1477796892233], [-2.99508831009331, 53.1541959610598], [-2.92784144988753, 53.1714104879846], [-2.90538012543454, 53.1930466352655], [-2.90504501651962, 53.1858225709795], [-2.9024787241521, 53.1835160680247], [-2.89274579076039, 53.1833997314872], [-2.88797056871768, 53.185467389189], [-2.90295612913212, 53.1846581314932], [-2.90201250801757, 53.1925767178178], [-2.90579083819069, 53.1936372436921], [-2.92049198678193, 53.1829144898475], [-2.92229929317117, 53.1892926708204], [-2.949510091719, 53.21127971505], [-3.02590523620471, 53.2484562322812], [-3.07442455878248, 53.253707521531], [-3.09313916871167, 53.2605052749585], [-3.09434635095858, 53.26138425999], [-3.09119875863936, 53.2622355527935], [-3.09103965593208, 53.2626127845054], [-3.09112534342585, 53.2628514729647], [-3.09444652039079, 53.2614571942008], [-3.10722184846667, 53.2719572966029], [-3.10165708319826, 53.2683337891588], [-3.09761236737309, 53.2678270335202], [-3.10161323804605, 53.2706091375615], [-3.09094407060335, 53.2677876750923], [-3.09334943123915, 53.2711614428844], [-3.0841843501928, 53.2712446472077], [-3.10277247355013, 53.2715221051748], [-3.0991321080862, 53.2733734065766], [-3.11010041112887, 53.2767251620089], [-3.08952604812242, 53.2747744557186], [-3.0940286494564, 53.2773247892499], [-3.09020470918366, 53.2780548118232], [-3.08802102409032, 53.2796765865214], [-3.08408344831551, 53.2777739937478], [-3.07754938947303, 53.2795778629972], [-3.0879236056559, 53.2798965779988], [-3.09204095082353, 53.2779383101482], [-3.10827238316399, 53.2784361798296], [-3.09490875647853, 53.2792697759333], [-3.09162516234817, 53.2818196871818], [-3.09511903918249, 53.2797639315824], [-3.09515145555686, 53.283084511114], [-3.08725254963046, 53.2827800581179], [-3.08920538430642, 53.2861150868365], [-3.08919690269973, 53.2833898939154], [-3.09458930586091, 53.2836888021901], [-3.09769228637185, 53.2805247401032], [-3.09743369533753, 53.2800846092613], [-3.10700304153083, 53.2815337472127], [-3.09439614206726, 53.2861651008448], [-3.09779799185972, 53.2893684978668], [-3.10870247005643, 53.2854354802908], [-3.10264724968133, 53.2881586005538], [-3.10424530195986, 53.289654334269], [-3.10894285008142, 53.2878888115532], [-3.10855888478033, 53.2830906015443], [-3.11470472419526, 53.2839523809294], [-3.11263076462855, 53.284656608976], [-3.11161112966758, 53.2872408399443], [-3.11611636857534, 53.283448049788], [-3.11960192506888, 53.2857560694552], [-3.11770787679209, 53.2858078933707], [-3.11621921498943, 53.2865542873723], [-3.11559500113711, 53.2863603416858], [-3.11241921375214, 53.2881816029002], [-3.1202681364413, 53.2885766350216], [-3.11668306365172, 53.2902124507612], [-3.11436718658123, 53.2891525377028], [-3.11328370576075, 53.2893506891738], [-3.1126818878233, 53.2913322139972], [-3.11063309340517, 53.290507905321], [-3.10520696776839, 53.2916362889116], [-3.11322696059971, 53.2916928712674], [-3.11402522485331, 53.2898993339373], [-3.1175849869004, 53.2909215115082], [-3.1225382881006, 53.2882561618927], [-3.12576998575117, 53.2908695906384], [-3.10960679841426, 53.2932429641926], [-3.1169132574119, 53.2930964849422], [-3.1197186757152, 53.2943546827706], [-3.11846558758974, 53.2953525083527], [-3.10505826864915, 53.2932380994808], [-3.10117432926744, 53.2930655284974], [-3.09968343018111, 53.2932202827326], [-3.09757870677382, 53.2939795378918], [-3.09631673017228, 53.2939504443545], [-3.0976383973448, 53.293997973582], [-3.10113234848495, 53.2931313214396], [-3.10689019315652, 53.2939438995878], [-3.10369505977435, 53.2961316869922], [-3.1026189285886, 53.294279683653], [-3.10102021744294, 53.2937507134154], [-3.09661946118487, 53.2944854560124], [-3.10349770615393, 53.2962287080628], [-3.10079063319468, 53.2956853171112], [-3.09587754963455, 53.2974322036505], [-3.12391555496401, 53.2960719072813], [-3.1154691840032, 53.299499840967], [-3.11615687187497, 53.3008191820187], [-3.13009471109101, 53.2944976057889], [-3.13798001157518, 53.2976396931723], [-3.14078005300621, 53.3061236699959], [-3.13538712573914, 53.303598426119], [-3.132091010943, 53.3069092970635], [-3.13504981014139, 53.301643874429], [-3.13303182967529, 53.2997083710649], [-3.13037843441463, 53.3037584398111], [-3.12973285254561, 53.3012914793643], [-3.1289322511791, 53.3009481894204], [-3.12971230575833, 53.3006802215032], [-3.12959581680132, 53.3001026552007], [-3.12938370971993, 53.2998285331687], [-3.12822777780735, 53.3010000303141], [-3.12722924924158, 53.3001268453658], [-3.12607670709245, 53.2999434330501], [-3.12393526131734, 53.3002384166372], [-3.12724044542077, 53.30019756527], [-3.12791146484694, 53.301005159359], [-3.12910847911684, 53.301276829455], [-3.13074919596589, 53.307269978388], [-3.1293830126037, 53.3066007982115], [-3.12948687429792, 53.3054690146431], [-3.12826418515638, 53.302392980423], [-3.12744598986417, 53.301968324109], [-3.12710055469587, 53.3009779328491], [-3.12673908790272, 53.3007373796664], [-3.12872579173274, 53.3061915362855], [-3.1250548145181, 53.3022442385068], [-3.10713362347341, 53.3017319343808], [-3.11569072110824, 53.3051356917839], [-3.11199803815293, 53.3069247123855], [-3.12682089951784, 53.3063367233247], [-3.12166688337263, 53.3085945554002], [-3.12830397962197, 53.3090724965879], [-3.11263398227093, 53.3090949149515], [-3.11981705926065, 53.311688738229], [-3.11729649887265, 53.3143304715042], [-3.11967317644707, 53.312725618477], [-3.12645390337778, 53.313595310806], [-3.11906723698709, 53.31621676544], [-3.12931293760442, 53.3143702329182], [-3.12268920116551, 53.3174212122078], [-3.1356468481557, 53.315781766262], [-3.13195441298446, 53.3184260495165], [-3.13617088259475, 53.3178346657111], [-3.13218214358213, 53.3188365361283], [-3.13542154651447, 53.3292507109259], [-3.10376049446538, 53.3112088102112], [-3.1861872656698, 53.3643873956412], [-3.20391700329625, 53.3811874541218], [-3.17774176172407, 53.3996625232077], [-3.04031440312169, 53.4428408691905], [-3.01683232598146, 53.4115815563304], [-3.00681286032272, 53.3824718814722], [-2.99929670912929, 53.3756768535036], [-3.00254547537506, 53.3747021315247], [-2.97360551034883, 53.3534233137493], [-2.94947138169974, 53.3230912949236], [-2.89036630641127, 53.2900234466419], [-2.8881342235039, 53.2892795068758], [-2.88484264909007, 53.2887871859569], [-2.9008656792399, 53.2969238485915], [-2.87919371076437, 53.2909252234571], [-2.85556828280237, 53.2920219569187], [-2.85853645904773, 53.2889946610591], [-2.85718555130031, 53.2869306557861], [-2.85396189644525, 53.2952784754761], [-2.83960110742911, 53.2987369249412], [-2.84811880179651, 53.3018974253083], [-2.84638345444798, 53.3069444902632], [-2.81547359054546, 53.306047833115], [-2.78895975289752, 53.2954509555713], [-2.75465246113933, 53.3118089467915], [-2.75243783014721, 53.3155137232455], [-2.76337765108546, 53.3275497104738], [-2.75143696320745, 53.3410392361114], [-2.75953085337553, 53.3359889214281], [-2.75377300448915, 53.343446978762], [-2.71866278366483, 53.3449311941839], [-2.6995157370485, 53.3566828463273], [-2.6690476480849, 53.3559817368837], [-2.6593310330085, 53.3728197340432], [-2.64232730909826, 53.3724620698287], [-2.63819423329051, 53.377616816903], [-2.62312075638063, 53.3743967084575], [-2.60940930271231, 53.3863894432007], [-2.60662195933786, 53.3862939429472], [-2.60950172759653, 53.3810711629779], [-2.60695770099555, 53.3751272301201], [-2.60443567543851, 53.3739840449292], [-2.59779155250214, 53.3726557727271], [-2.59729073261205, 53.3729531250913], [-2.59507660094924, 53.3727241838738], [-2.59229755454299, 53.3730499499368], [-2.60052883219401, 53.3737412958574], [-2.59847391823945, 53.374582241185], [-2.59127776208683, 53.385671780037], [-2.57797086163867, 53.3834782179827], [-2.57705253256522, 53.3840498866872], [-2.59145866715382, 53.3860322207682], [-2.60200492283318, 53.3740646339862], [-2.60733575603269, 53.3769761189275], [-2.60567704139509, 53.3852866233248], [-2.60613423895873, 53.3865696979012], [-2.60781093506596, 53.3871130947579], [-2.61177482186058, 53.3854757283801], [-2.62319468322687, 53.3753437404902], [-2.63937624690584, 53.3788464629369], [-2.63634886358073, 53.3810855592409], [-2.63382895758351, 53.379247257196], [-2.6271360375647, 53.3808709290713], [-2.61692579648486, 53.3862104908576], [-2.61583813105807, 53.3880372753145], [-2.61580920389823, 53.3900931241689], [-2.61711630990099, 53.3861834439403], [-2.63637013505727, 53.3811986726089], [-2.64000855256656, 53.379014803958], [-2.64557419108101, 53.3739654836123], [-2.66017296906672, 53.3739072793379], [-2.67448838732609, 53.3567628041123], [-2.70011763758102, 53.3623270409098], [-2.72846507934717, 53.354520503724], [-2.73430922778042, 53.3477745650582], [-2.75863820395341, 53.3495476359862], [-2.75845049344242, 53.3511551514529], [-2.76454825115325, 53.3551890365818], [-2.75913359064553, 53.3496073895287], [-2.76897961169971, 53.3455583658424], [-2.77827881161369, 53.3326130814351], [-2.78041359442094, 53.3349677760505], [-2.78428782985774, 53.3364309764935], [-2.777708227471, 53.3292343340091], [-2.78980650564814, 53.3223565214875], [-2.82152584428546, 53.3333166226132], [-2.83641023579066, 53.3270180341967], [-2.86492744109482, 53.3301451479312], [-2.98306710190276, 53.3847194286111], [-3.00313046599549, 53.4125781409277], [-3.00874434372729, 53.4391896993486], [-3.04141429360734, 53.4655004450344], [-3.03770250721364, 53.4682510448212], [-3.05588131123202, 53.4902785396653], [-3.06373684924024, 53.505468676246], [-3.06603043779345, 53.5224498220934], [-3.06314072350217, 53.5238381249568], [-3.0620598454907, 53.5289927546446], [-3.06451934399876, 53.5312120425462], [-3.06766329370763, 53.5200807226737], [-3.07275954768904, 53.5204508308646], [-3.09674444390012, 53.532260382876], [-3.10394979647862, 53.5428582693443], [-3.09835262139363, 53.5690767682075], [-3.05879085847591, 53.6211142853868], [-3.0056632016861, 53.6646918024689], [-3.00350782243069, 53.6718755447622], [-3.01106718072903, 53.6670758384278], [-3.01406936407839, 53.6791489557712], [-3.00233718649628, 53.6769512777038], [-2.9879389066892, 53.6846438543502], [-2.98508673052594, 53.6816787131901], [-2.98225363194541, 53.6829657460748], [-2.98810402437168, 53.6881389942504], [-2.97764390936288, 53.6857412933135], [-2.98201937016991, 53.6894258437907], [-2.96939427786158, 53.6983227274347], [-2.96458031100315, 53.6934673941609], [-2.9697948883245, 53.6930163764386], [-2.97156486543916, 53.692274000512], [-2.95998353705903, 53.6917875056345], [-2.96073416226787, 53.6858162977867], [-2.95771561263755, 53.6898546306683], [-2.95361745057244, 53.6915416784908], [-2.95734730621867, 53.6861013463018], [-2.95209701545772, 53.6902001157282], [-2.95125228470257, 53.6863822832012], [-2.95266489476753, 53.6855702093167], [-2.95361456753918, 53.6843087887308], [-2.95407565280794, 53.6847455502629], [-2.95588551316896, 53.6848318083438], [-2.95612265220834, 53.6847391358339], [-2.95636423199272, 53.6844414933047], [-2.95617818107341, 53.6839818749385], [-2.9574948267835, 53.6832855600037], [-2.95406580878049, 53.6846449591748], [-2.95440876271292, 53.6823340240665], [-2.95267301827084, 53.6806962156546], [-2.94665437586095, 53.678683770048], [-2.94446596324775, 53.6790609220966], [-2.95384546866469, 53.6821973883581], [-2.94932869342215, 53.6879843376395], [-2.95127375356866, 53.690425964109], [-2.9476073838464, 53.6900163753564], [-2.95250469586563, 53.6913617662262], [-2.94514819119371, 53.690706200725], [-2.94782211526987, 53.6917494247197], [-2.94329318485702, 53.6917177390152], [-2.93809003339669, 53.6929898644515], [-2.93841227700501, 53.6932849643737], [-2.95631350958647, 53.69256285773], [-2.957460004563, 53.6910301880111], [-2.96268312281592, 53.694947735882], [-2.94485542945711, 53.6935165829978], [-2.95824958477019, 53.6974595271908], [-2.95313901890043, 53.6995271208761], [-2.95152951931334, 53.6973377611461], [-2.94552825867404, 53.6948190794523], [-2.95278124036087, 53.699781637004], [-2.93709841824804, 53.6950963225584], [-2.95112233540029, 53.6997678407952], [-2.93524078337138, 53.698339252986], [-2.94645131945217, 53.7005238751993], [-2.94349370658223, 53.7013651251296], [-2.94084602302054, 53.7011657201618], [-2.9391687079227, 53.7012795412322], [-2.93668038869624, 53.701912011582], [-2.95496765519585, 53.7040292024283], [-2.94379682703275, 53.7081444148925], [-2.93706159468794, 53.7044805860828], [-2.93250789980038, 53.7049592175131], [-2.93183958041707, 53.7000091629318], [-2.92873381199983, 53.7012579884635], [-2.93205121428873, 53.7050643370101], [-2.9277198719433, 53.7027812614919], [-2.9298032685898, 53.7051393193594], [-2.92518493750656, 53.7066149777337], [-2.93589436104005, 53.7049229399623], [-2.92790960844089, 53.7084428104435], [-2.93648087557662, 53.7049345388074], [-2.94206101782213, 53.7091108271366], [-2.93530244537868, 53.7124639767356], [-2.94815308683206, 53.7115435740455], [-2.93828425373907, 53.7249193837035], [-2.93298475722837, 53.7251495033564], [-2.93653105823225, 53.7216876930489], [-2.93480523618423, 53.719254640906], [-2.9322437523103, 53.7248811301721], [-2.92784453901984, 53.7212570490437], [-2.93005722490298, 53.7205747585676], [-2.92652757623162, 53.7185662539929], [-2.92918973170987, 53.7142177710842], [-2.92875744188351, 53.713164995663], [-2.92576135878838, 53.7167969839574], [-2.92719570164483, 53.7206958089658], [-2.91426891678604, 53.7109080018608], [-2.91948539693149, 53.7170250702966], [-2.91543487702612, 53.716462878756], [-2.91590572216701, 53.7175603487211], [-2.92930810363245, 53.7240590419938], [-2.91442206673062, 53.7256612156587], [-2.91182895455667, 53.713681546377], [-2.91031312803146, 53.7183145447033], [-2.90916239532431, 53.7155743792777], [-2.90831879323665, 53.7150545824388], [-2.91058580017358, 53.7199666897977], [-2.90699479139213, 53.7154678660587], [-2.90374216052557, 53.7149386985597], [-2.90714457510952, 53.7134843437146], [-2.90850030473248, 53.7123662386606], [-2.904869368717, 53.7087299883483], [-2.90320399414759, 53.7140845494439], [-2.90358632395231, 53.7151193734571], [-2.90625408126756, 53.7166010698737], [-2.90261707457904, 53.7148882255413], [-2.90241096851025, 53.7151558363865], [-2.90128876592284, 53.7136305127363], [-2.90167056361207, 53.715672107415], [-2.91324610269561, 53.7234995106852], [-2.9016600185422, 53.719374361492], [-2.90038456954839, 53.7120009853574], [-2.89602094341089, 53.7101589604099], [-2.90053690048106, 53.7194570673865], [-2.89900451789225, 53.7187814332973], [-2.89643132843688, 53.7228851692205], [-2.89739714345395, 53.7230752796044], [-2.89723305800937, 53.7246881618612], [-2.89626660948314, 53.722985905364], [-2.89498043909933, 53.7250313191566], [-2.89417923880523, 53.7241354167649], [-2.89404396650509, 53.7254111620535], [-2.89171724043109, 53.7249477440833], [-2.88357581884583, 53.7278090409883], [-2.88583942400278, 53.7282950160582], [-2.88486908051306, 53.7281443633186], [-2.88246264832619, 53.7286183042494], [-2.88457367545885, 53.7294741319616], [-2.88208720889562, 53.7290606055258], [-2.88228214106781, 53.7281916994382], [-2.88193246084133, 53.728648011865], [-2.88140977633505, 53.7284928608335], [-2.88145991108285, 53.7288174211023], [-2.88045278509938, 53.7288503667921], [-2.87899388369667, 53.7296500078328], [-2.87874882843905, 53.7302848596894], [-2.88160059210434, 53.7288908977729], [-2.88413591891996, 53.730962967611], [-2.85970709924307, 53.7334397492491], [-2.83463977683964, 53.7221011871283], [-2.82653213635828, 53.7136364581981], [-2.82434216834311, 53.7027687236271], [-2.82550344726449, 53.7009817290518], [-2.83043636576519, 53.7021073408227], [-2.83303550429078, 53.7000318187613], [-2.83390616529626, 53.6978049815227], [-2.83316788216872, 53.6950744278815], [-2.83020969068193, 53.6936109263978], [-2.82937462396683, 53.6905056522275], [-2.8253569786425, 53.6870665191212], [-2.81897884367734, 53.686460405337], [-2.82299552326446, 53.6841709865454], [-2.8244480225134, 53.6809527400528], [-2.82356864925854, 53.6798498926149], [-2.8186782965352, 53.6788204862154], [-2.81882612271167, 53.6766386065614], [-2.80924937260679, 53.6601273472929], [-2.81093293956677, 53.6482030950439], [-2.80600595280242, 53.6327421741052], [-2.80804110038788, 53.6304066702385], [-2.80821301726223, 53.6289746111685], [-2.80769866642702, 53.6281826153781], [-2.8028746091366, 53.6266385356401], [-2.80106040566413, 53.6250214928378], [-2.80254469391216, 53.6266236727322], [-2.8079103054111, 53.6287778332263], [-2.80574932828209, 53.6329254697152], [-2.80620429372823, 53.6413125144535], [-2.81075037663681, 53.6483076997936], [-2.80859049127681, 53.6537944906444], [-2.80871777415314, 53.6587434828268], [-2.80986873612283, 53.6621567957866], [-2.80834794982605, 53.6616888973194], [-2.80609281870429, 53.6616753543792], [-2.79375374234955, 53.6626940263288], [-2.79256264430874, 53.6625122685417], [-2.79198537047064, 53.6620231655189], [-2.79062640968121, 53.6616681239148], [-2.78740953761184, 53.6617341076951], [-2.78647873355453, 53.662176261765], [-2.78477053354098, 53.661788394839], [-2.78338161021035, 53.6619997565617], [-2.78147973357844, 53.6607613499427], [-2.77912105615301, 53.6604626823751], [-2.77552312753069, 53.6607467319104], [-2.77364877252375, 53.6602674732148], [-2.77545143683032, 53.6607984308897], [-2.78129776856308, 53.6608233007127], [-2.78347247045355, 53.6620539747617], [-2.78641001339726, 53.6622243524163], [-2.79086614446288, 53.6617368628314], [-2.79256803422896, 53.6625576245248], [-2.79379351895879, 53.6627813997948], [-2.77968581432196, 53.6706848816204], [-2.76335659964571, 53.6708971400723], [-2.7777601598639, 53.670809234065], [-2.77634738343863, 53.6718519914443], [-2.7735976805583, 53.6769271425851], [-2.77366746508322, 53.6779107432127], [-2.77640647658067, 53.6718552032734], [-2.7870937610824, 53.6683086291414], [-2.79381280722997, 53.6628414944364], [-2.81022038857421, 53.6626595659435], [-2.81816321789763, 53.6787799667], [-2.82397998491364, 53.680686581032], [-2.81844473055946, 53.6847717167406], [-2.81905066216686, 53.687541973632], [-2.8256639218369, 53.6876241101752], [-2.82971962747434, 53.6938278020397], [-2.83330270907525, 53.6968637966135], [-2.82437988311741, 53.7011169365798], [-2.82224376371588, 53.7080411105059], [-2.82371093452281, 53.7160180028659], [-2.829901810683, 53.7194701086286], [-2.8287603320917, 53.7207308224318], [-2.82651911164285, 53.7198705113469], [-2.82658497620836, 53.7203935374851], [-2.83546013208471, 53.7243438942228], [-2.82119432472963, 53.7303343929569], [-2.83609940243751, 53.7247874055579], [-2.84301770206392, 53.7292425356421], [-2.83641310191181, 53.728148291242], [-2.83362219799149, 53.7305964954863], [-2.84011960041785, 53.728786548203], [-2.84154946180384, 53.7345466500333], [-2.8449776459918, 53.733724222226], [-2.83877892374204, 53.7359633515585], [-2.83668910793495, 53.7338488946209], [-2.83595981411729, 53.7369506852649], [-2.84664557506085, 53.735904413651], [-2.84624365472338, 53.7341658563074], [-2.84265942214475, 53.7318537471731], [-2.84466909306176, 53.7301118305573], [-2.85538755133208, 53.7351288026932], [-2.82074212438822, 53.7443164077158], [-2.81808873366295, 53.7397136058175], [-2.82361220891103, 53.7384302709229], [-2.82056135350731, 53.7385364527351], [-2.81709397967329, 53.7394619919704], [-2.81983378586935, 53.7448578015553], [-2.7825827555911, 53.7527681330002], [-2.77493286885256, 53.7533479456961], [-2.77394935542987, 53.7480605565027], [-2.774390447275, 53.7533554606705], [-2.75242361460961, 53.7570332533654], [-2.72117204458675, 53.7562089203978], [-2.7167880728604, 53.7495157369492], [-2.71067571074795, 53.7476255090963], [-2.69626806027236, 53.751580776989], [-2.6903432295712, 53.748915433174], [-2.68491356118296, 53.7488162350006], [-2.68153114894392, 53.7464933700726], [-2.67987456286284, 53.7457718555281], [-2.67862204878746, 53.7456283975832], [-2.67329941015633, 53.7460056671291], [-2.6846726337176, 53.7489672633528], [-2.67944172434268, 53.7524784790544], [-2.67320657833407, 53.7493719215536], [-2.66827591013316, 53.7482292390358], [-2.66493736104302, 53.7484567695441], [-2.66170110316846, 53.7500517246427], [-2.67772537136212, 53.7533587809121], [-2.68550941813549, 53.7496010917645], [-2.69670554458688, 53.7523176435387], [-2.71116705671741, 53.7483901866423], [-2.71927804564432, 53.7567089055814], [-2.73035712281971, 53.7585564365058], [-2.75013143630038, 53.7585450405499], [-2.78789035090172, 53.7532681023803], [-2.78470191927235, 53.7563338422388], [-2.78889123172896, 53.7569239606113], [-2.78735609541255, 53.7568324179157], [-2.78470200518006, 53.7573355827005], [-2.78339394727064, 53.7568997741859], [-2.78440493120915, 53.7574234212484], [-2.7851324782518, 53.7574789999387], [-2.78881583982369, 53.7570368112982], [-2.78952653255922, 53.756572731522], [-2.79005093521451, 53.7583634191978], [-2.78226453667522, 53.757289882725], [-2.79530600333924, 53.762098006496], [-2.78766485273511, 53.7652804382319], [-2.78986782944096, 53.7658185999053], [-2.79558601462917, 53.7622746730561], [-2.78842902608128, 53.7530642041378], [-2.85554551862048, 53.7383858588427], [-2.85871618152537, 53.7506384183243], [-2.85664591091469, 53.738386970681], [-2.92913164287171, 53.7314521983741], [-2.92451052012309, 53.7337685356943], [-2.93679990900674, 53.7321234321843], [-2.9338813960652, 53.7336751228837], [-2.9257787008959, 53.7338081705281], [-2.9216301433363, 53.7352882114056], [-2.93456061895193, 53.7342261993999], [-2.93268284779843, 53.737775955343], [-2.93812088563094, 53.7320852387827], [-2.93638783811145, 53.7364255032426], [-2.94068981956479, 53.7321334197996], [-2.95306608161454, 53.7329731518291], [-2.93995202394919, 53.7346676156797], [-2.93738780171314, 53.736474122147], [-2.94283881974951, 53.7359743138554], [-2.93279378961119, 53.7411102085761], [-2.92819612838561, 53.7382616039079], [-2.92524148942516, 53.7373043035899], [-2.90882404831154, 53.7360815208085], [-2.90684065534537, 53.7361659644098], [-2.90598897656234, 53.7365828277461], [-2.90545398205544, 53.7371479333536], [-2.91637107141658, 53.7377222081329], [-2.91335888829475, 53.7393424820405], [-2.91655230109501, 53.7428215491626], [-2.91661096332963, 53.737599026858], [-2.92465998605225, 53.7376108068797], [-2.9280176563127, 53.7386252184562], [-2.92834943649267, 53.7390958814623], [-2.92594533275871, 53.7382884782473], [-2.91960334037539, 53.7402941527554], [-2.92589754131557, 53.7383904164604], [-2.93677880274273, 53.7446186229155], [-2.93547207995819, 53.7412785121018], [-2.94168499576592, 53.7421075593931], [-2.94484487661243, 53.7414687855976], [-2.93596138336066, 53.7411911002105], [-2.9402868379405, 53.7376819137138], [-2.95712154737953, 53.7334608297042], [-3.00690038539798, 53.7370779280844], [-3.03804065142528, 53.7469560154929], [-3.05501612871695, 53.7620179306041], [-3.05895146321406, 53.7844214816633], [-3.05665545921897, 53.8384353770658], [-3.04696536278579, 53.8848790074278], [-3.05078165162203, 53.9180643266796], [-3.044804224354, 53.9232231197393], [-3.00589946708118, 53.9278145403142], [-3.0056764489281, 53.9214604506072], [-3.01260597927298, 53.919796965085], [-3.00567230544563, 53.9178396218012], [-3.00567461446538, 53.9025876982125], [-3.00945606329603, 53.9007432357498], [-3.00569505252106, 53.9020032029594], [-3.00670488250263, 53.8971201019496], [-2.99268547926736, 53.8850572610995], [-2.96882615638939, 53.8739631905255], [-2.97899674672315, 53.8719016095196], [-2.9762613342264, 53.8623351842559], [-2.97853146425457, 53.8617955390832], [-2.98190686124742, 53.8581597822177], [-2.97782385216134, 53.8619314631979], [-2.96006313059187, 53.8610217322714], [-2.94392478031197, 53.8500744829175], [-2.93412080041906, 53.8537606737947], [-2.93343314634252, 53.8561733495343], [-2.92184716257156, 53.8561603212119], [-2.91272779338942, 53.8596426475687], [-2.91095597259576, 53.8636814636693], [-2.90557046272748, 53.864451781913], [-2.89631431557913, 53.8604897903539], [-2.87906897644278, 53.8603969903956], [-2.86896231873668, 53.8658534490834], [-2.86507149927183, 53.8591949293655], [-2.84802737806901, 53.8570218678163], [-2.84922000329184, 53.8574304682888], [-2.84689533453588, 53.8575346410485], [-2.84541500841723, 53.8587900239559], [-2.84701378337949, 53.8631751345806], [-2.84397102593847, 53.8617271442278], [-2.83858056544267, 53.8636623356282], [-2.8366210686337, 53.8650304227221], [-2.83261313807728, 53.8627793300763], [-2.82496167495116, 53.8632621946279], [-2.83664524202641, 53.8651749603951], [-2.84747909209646, 53.8632435706723], [-2.84794578387033, 53.857513282162], [-2.86501095378875, 53.8594810072287], [-2.86849368759286, 53.8661053635458], [-2.87918516853725, 53.8605941467185], [-2.89618258698236, 53.860743521219], [-2.90121836512512, 53.8645926618963], [-2.90959890698224, 53.8649053378283], [-2.92493249462635, 53.856601275623], [-2.93630477116302, 53.8580661760206], [-2.94492845033216, 53.8523066297943], [-2.94917310059133, 53.853893803517], [-2.94618855350462, 53.8543842165653], [-2.95183689399278, 53.8599929592317], [-2.97233538320762, 53.8646173764018], [-2.96241937887208, 53.8724388857038], [-2.96642726067148, 53.8773982710614], [-2.96331091438808, 53.8775539095819], [-2.98521726809363, 53.8898021176682], [-2.98685083067767, 53.892167988849], [-2.98426493870597, 53.8928852649116], [-2.98222448593741, 53.8961132722436], [-2.98366454857985, 53.8975862221884], [-2.98617224543494, 53.892558434976], [-2.98966630009515, 53.8945323518208], [-2.98819717041474, 53.8944649224947], [-2.98601808817762, 53.8952862917184], [-2.98399808171773, 53.8974609810581], [-2.98859400495012, 53.8947088209266], [-2.99274631445024, 53.8972902836473], [-2.99482136009203, 53.9021310635291], [-2.99098459178813, 53.9003364888509], [-2.99414739343517, 53.9023991004606], [-2.99197957029752, 53.9023136934621], [-2.99083642022988, 53.9032731684897], [-2.99467366710079, 53.9025771905897], [-2.99167523145443, 53.903537669026], [-2.99490491269684, 53.9039827792863], [-2.99482945639203, 53.9063938731227], [-2.99160863403702, 53.9038105537199], [-2.98912289472269, 53.9070951740691], [-2.9870073200424, 53.9016332651785], [-2.98485507752477, 53.9042645196739], [-2.98817895366187, 53.9078724674271], [-2.99425354879154, 53.9096280982654], [-2.99024562348256, 53.9115152038818], [-2.99666497160099, 53.9087398422328], [-2.99415470871628, 53.9131975470707], [-2.99953903178006, 53.9286819644367], [-2.9239838310349, 53.9500735939612], [-2.91057544224336, 53.9464042241887], [-2.9228590783288, 53.9466383760291], [-2.93009524140352, 53.9447259895042], [-2.91953463391764, 53.9460378884991], [-2.91517358633439, 53.944097486528], [-2.92174567872614, 53.9433779614686], [-2.91209101381192, 53.9439969169108], [-2.9101643707273, 53.9404889332244], [-2.91552080420567, 53.9413474651404], [-2.90591305009922, 53.9384617990686], [-2.89053671955827, 53.9395856667581], [-2.89213482869304, 53.9421607672704], [-2.87986621606457, 53.9430773106708], [-2.88242771247016, 53.9467093608831], [-2.87649552500679, 53.9447870085756], [-2.87094782142528, 53.9486126099695], [-2.87471304562844, 53.9482856672271], [-2.87437822145777, 53.9511444335645], [-2.87274149584431, 53.9498519440508], [-2.86409215990748, 53.953331949438], [-2.87448712544424, 53.951761102586], [-2.88678401888098, 53.9583551234483], [-2.87118982036885, 53.9565225485219], [-2.86982575062487, 53.959738386514], [-2.86609309205155, 53.9554683097738], [-2.86103551128866, 53.955036697038], [-2.86937633898592, 53.9597479334059], [-2.86299111561325, 53.9626920247143], [-2.85969321416776, 53.9572058132782], [-2.85507613864513, 53.9591747565676], [-2.85920109875558, 53.9618588080378], [-2.86479587271162, 53.963263333961], [-2.86187625568654, 53.9646248568304], [-2.85687909648779, 53.9618109611439], [-2.85428099383059, 53.9651128923459], [-2.85322798886707, 53.964417985746], [-2.85382348269292, 53.9635958643123], [-2.85290116439734, 53.9623717235331], [-2.85281197959618, 53.9641848326422], [-2.84061628199992, 53.9561225307927], [-2.83633255172164, 53.9546298335786], [-2.85396325469742, 53.965213568998], [-2.84732290875792, 53.9641223153321], [-2.84202682922628, 53.9646042002495], [-2.84618807013121, 53.9634212738137], [-2.84659489263059, 53.9625416485537], [-2.84610924333672, 53.9619979864513], [-2.83587079118478, 53.9637463738577], [-2.84641753460261, 53.9657186380304], [-2.84435612038153, 53.9669135158248], [-2.844058722797, 53.9681083630404], [-2.87194774031199, 53.9703106043191], [-2.87924947637028, 53.9790690603215], [-2.86999143674467, 53.9826213182499], [-2.8679870412303, 53.9932594325223], [-2.86301157787579, 53.9953683090064], [-2.86102208483294, 53.992600614779], [-2.86047348760002, 53.9933058594505], [-2.85945505668471, 53.9929370151773], [-2.85706136685746, 53.9933668375102], [-2.85603460345397, 53.9941442287325], [-2.86235194125842, 53.9953361972456], [-2.85847872410487, 53.9961404838277], [-2.85604609108331, 53.9995731805096], [-2.84028838931383, 53.9969903582803], [-2.84046857764382, 53.9978246844167], [-2.83685159809179, 53.997144935584], [-2.83403234963817, 53.9986602692073], [-2.83239217434196, 53.9948030704031], [-2.83044624154164, 53.997222988823], [-2.83062685075233, 53.9954610521335], [-2.8290288676653, 53.9951626416295], [-2.82654753573713, 53.996001929258], [-2.82780590252936, 53.9954052023818], [-2.82546065827821, 53.9945595069399], [-2.8229701795703, 53.9948597021358], [-2.83274799469676, 53.998437294296], [-2.8306219202289, 54.0010576282105], [-2.82900920289165, 54.0270746060557], [-2.826742228985, 54.0288468649447], [-2.82646593642346, 54.0295472000556], [-2.83167137959566, 54.0319181508073], [-2.82789857074172, 54.0350650813599], [-2.82854558874576, 54.0351990400444], [-2.82868100854664, 54.0365609487474], [-2.8300586780522, 54.037639582186], [-2.82958168353455, 54.0337907053583], [-2.83304627306916, 54.0330396583078], [-2.8369842721979, 54.0363366617504], [-2.83540615876524, 54.0374120436331], [-2.83339258143021, 54.0366530084226], [-2.83289808056893, 54.0370681142848], [-2.83241441575733, 54.0369348462651], [-2.83189272472975, 54.0370373193656], [-2.83149771898071, 54.0368324312525], [-2.83123104069077, 54.0367830431288], [-2.83090221912599, 54.0368329491899], [-2.83116101951648, 54.0384714335806], [-2.83281018642868, 54.0394603742712], [-2.83759459880743, 54.036821625513], [-2.83664625466613, 54.0383309780215], [-2.83607240142126, 54.0381183563028], [-2.83574700571178, 54.0388692983101], [-2.83393368025194, 54.0390598284176], [-2.83324495867294, 54.0396667806541], [-2.83773329912764, 54.0389274038174], [-2.83837377699424, 54.0374555976317], [-2.83889187037603, 54.0389058594322], [-2.83564746342425, 54.0399925651419], [-2.83563457944597, 54.0405660760916], [-2.83997766053405, 54.0386834842437], [-2.84007053033057, 54.0392733363222], [-2.83844092061646, 54.0395624129176], [-2.83694920826778, 54.0408598394628], [-2.84125660198171, 54.0399301581555], [-2.83770327349781, 54.0419789732641], [-2.84210135889197, 54.0410737989053], [-2.84232556603314, 54.0449881374837], [-2.80948117490905, 54.05474268245], [-2.79972603042507, 54.0519678853646], [-2.79251057423988, 54.0578156128097], [-2.79165071951429, 54.0622756370304], [-2.79329534739816, 54.0629533651648], [-2.79576485697984, 54.0611789136714], [-2.79978769633403, 54.0531873009056], [-2.81167271932137, 54.0554704868657], [-2.84716639067185, 54.0452623959285], [-2.85021952920586, 54.0411026151403], [-2.84560501842045, 54.0429726558368], [-2.84417883171777, 54.0395275534279], [-2.84840086621772, 54.0412056273623], [-2.84871386327154, 54.0389387105012], [-2.84053355948312, 54.0359645649643], [-2.84245087052021, 54.0315905450447], [-2.84050569564412, 54.0355763056067], [-2.83654211249633, 54.032406042205], [-2.84052631672152, 54.0308246634811], [-2.84138504176812, 54.0286662633456], [-2.83618456950573, 54.0317856725453], [-2.83293986772792, 54.0269331193336], [-2.83396872178567, 54.023047784197], [-2.84208654402393, 54.0260836504046], [-2.83959680060359, 54.0232283828043], [-2.84248925124249, 54.0252062757228], [-2.84376572690837, 54.0213803637992], [-2.83829462516134, 54.0201984472394], [-2.83717391011953, 54.0165732419273], [-2.83858695263774, 54.0185108519065], [-2.8397601658119, 54.018933625605], [-2.84221381720699, 54.0191834910051], [-2.83529251017719, 54.0109266142593], [-2.85331147228836, 54.0055793512645], [-2.85276695255603, 54.009392206002], [-2.85025684241522, 54.0071486811345], [-2.84473193805569, 54.0129577414348], [-2.84494047151227, 54.0148578017486], [-2.84998091665331, 54.0132873473379], [-2.84712718333879, 54.0108924978513], [-2.85321324973535, 54.0095768836356], [-2.86049227437598, 54.0038672159435], [-2.86576463973106, 54.0088031877441], [-2.86259369946961, 54.0086860397749], [-2.86738162143632, 54.0114906012899], [-2.86904440583288, 54.011098417738], [-2.86997198038644, 54.0129126728742], [-2.86889757628207, 54.0123982317137], [-2.86773182297682, 54.0125513451359], [-2.86726071734739, 54.0140445767194], [-2.87098374393434, 54.0144287235735], [-2.87087591945262, 54.0100051944501], [-2.86647814795024, 54.0096536953773], [-2.87091904155682, 54.0082150286416], [-2.86473280578499, 54.0050357442493], [-2.87070125052215, 54.0039763247577], [-2.86937013464382, 54.0066722325778], [-2.87309068173466, 54.0082077448739], [-2.87791602419586, 54.0062837460424], [-2.87811767044088, 54.005802948637], [-2.87697099612611, 54.0040976772472], [-2.87189308788179, 54.0027703291691], [-2.87639027757554, 54.0015794540452], [-2.88101480954441, 53.9894728415991], [-2.88259169727962, 53.9899714063702], [-2.88449783411018, 53.9980258452948], [-2.88732228538449, 54.0017918514432], [-2.88463405748462, 53.9976374660176], [-2.89100660629338, 53.9993526849943], [-2.88488644769523, 53.9972312459849], [-2.88907953724274, 53.9960365855735], [-2.88427853900734, 53.9943606851032], [-2.88606306361496, 53.9910508055331], [-2.90019598678181, 53.9920414268721], [-2.90374340170505, 53.9984170346145], [-2.89930395522161, 53.9991171886237], [-2.89700467692898, 54.0006715088614], [-2.90698356531409, 54.0071659120986], [-2.90402701085848, 54.0221887089389], [-2.92443097153999, 54.0312570757368], [-2.90627169415, 54.0393945641043], [-2.90590898597497, 54.0478674301844], [-2.89712901200016, 54.049275542083], [-2.88948778097697, 54.0664523956188], [-2.87743305123808, 54.0690948482746], [-2.8800794872474, 54.075491715653], [-2.86757990423094, 54.073276873634], [-2.85747154099595, 54.079353691582], [-2.84663256080158, 54.0776378992431], [-2.8194971771231, 54.0888405753629], [-2.81708793877741, 54.0909954073202], [-2.81698729686193, 54.0921898462878], [-2.81529646952167, 54.0929397433024], [-2.81638195865466, 54.0946217173579], [-2.81427341689511, 54.0949109368782], [-2.8157992998827, 54.0953389187556], [-2.82149624594291, 54.0889703223666], [-2.82120314901698, 54.0941946503521], [-2.82768018627795, 54.0945514517788], [-2.82660007395096, 54.1004332082321], [-2.80657099705256, 54.1089954554921], [-2.79383012610252, 54.1225784208391], [-2.79249653563845, 54.1306193823487], [-2.78035150414802, 54.1355283600809], [-2.78323336295294, 54.1360491547596], [-2.79807893570807, 54.127434149486], [-2.80721319536181, 54.1354312501443], [-2.8063567584303, 54.1355365783392], [-2.80446378741067, 54.1334454000841], [-2.80313404361644, 54.1328725088525], [-2.80442522451035, 54.1391295090074], [-2.79882541487449, 54.1376444823398], [-2.80048641337769, 54.136809893167], [-2.80118486966074, 54.1354490820773], [-2.80080880649801, 54.1344493629544], [-2.79881783110294, 54.1369405230796], [-2.79860976416607, 54.138360888871], [-2.80349758645257, 54.140597204986], [-2.80095538492483, 54.1412100448118], [-2.80168520457016, 54.1429581519017], [-2.80228089002929, 54.1433481134631], [-2.80540563023293, 54.1413293498629], [-2.80268802325488, 54.1397213614887], [-2.81162529896122, 54.1392905998551], [-2.80848643091244, 54.1327278121076], [-2.81678107718005, 54.1354373997646], [-2.82905652167253, 54.1445279529701], [-2.81807293047325, 54.1488767209878], [-2.81878857729734, 54.1544384393477], [-2.81356019458052, 54.1539953468653], [-2.81059365073664, 54.1550007777702], [-2.81593816061224, 54.1553699990732], [-2.82835962852033, 54.1533276076122], [-2.83519214168806, 54.1615127504769], [-2.83397313182594, 54.1719090685521], [-2.86494883488967, 54.1851758315888], [-2.86141320528479, 54.1935073115373], [-2.85334039090774, 54.1927218515104], [-2.83535530834869, 54.2052276412931], [-2.82758652485944, 54.2029828861829], [-2.83284365913494, 54.2050178335621], [-2.82759348091728, 54.203162051518], [-2.82516259722029, 54.2028351395318], [-2.82349934543649, 54.2028552452342], [-2.82225236013545, 54.2030474747093], [-2.82162978088823, 54.2032090980629], [-2.82126745075651, 54.2033291281218], [-2.81925843462765, 54.2041678779558], [-2.82800847217109, 54.2039892049772], [-2.80760041695022, 54.2186899507524], [-2.8022607608892, 54.219816726193], [-2.79378794966578, 54.2241300961536], [-2.79120106398379, 54.2270403862848], [-2.78579273294482, 54.2264706452987], [-2.79168351644197, 54.2274425523138], [-2.78855655815356, 54.2295706441319], [-2.80533910176748, 54.2201466946964], [-2.79890070435196, 54.2274443149344], [-2.7967260072225, 54.2413875734182], [-2.80293517627892, 54.2468736489296], [-2.81378021667646, 54.2452954402009], [-2.81304930578211, 54.2497159397054], [-2.80198868569654, 54.2495016095239], [-2.79373389800053, 54.2524171934863], [-2.80475613290341, 54.2502246157738], [-2.810385562274, 54.2550643796523], [-2.81297908370788, 54.2559708144916], [-2.81487845814628, 54.2558447354773], [-2.81178783823144, 54.2576055861785], [-2.81264734370944, 54.2605620666835], [-2.81492733823691, 54.2564546556975], [-2.81507519501233, 54.2558577841498], [-2.81472903521254, 54.2556624014876], [-2.81068381571487, 54.255110527334], [-2.8076128159715, 54.2513460051901], [-2.81461615135355, 54.2493970794964], [-2.81444535470105, 54.24439488845], [-2.80352586131741, 54.2463133825357], [-2.79922768520048, 54.2415732156997], [-2.81216485414755, 54.2177730846733], [-2.83746624088389, 54.2108634970836], [-2.82957948075499, 54.2198006151185], [-2.82814813654181, 54.2192424524709], [-2.82677344316263, 54.2192914424854], [-2.82121757499639, 54.2204753657811], [-2.83012737197325, 54.2198193088853], [-2.84152349418901, 54.2071334774558], [-2.8357917495295, 54.2162803740536], [-2.83604296275715, 54.2191648093584], [-2.84251014251282, 54.2055914908603], [-2.87004971646012, 54.2031748874201], [-2.86402528064278, 54.205892364225], [-2.87035409374002, 54.2037979590881], [-2.8685001784352, 54.1992319537722], [-2.87161089299412, 54.2041104465173], [-2.8691092560101, 54.1996871874345], [-2.88723999541488, 54.1990695262626], [-2.88675720045994, 54.1948495938772], [-2.90198273112386, 54.1894593645195], [-2.89609019775481, 54.1811799548657], [-2.90837941886858, 54.1814239830452], [-2.91069879167993, 54.1794662807635], [-2.89881797983015, 54.1767862898717], [-2.92227404774213, 54.1650415468968], [-2.90885968137595, 54.1667522188228], [-2.91099963762629, 54.1613398042938], [-2.91802248569238, 54.1602305562186], [-2.9253595496205, 54.1502924520923], [-2.95010656484032, 54.1492096678409], [-2.99311902944413, 54.1558763508963], [-2.99292250891235, 54.1563787681052], [-2.99171789118995, 54.1562924445611], [-2.99059505568667, 54.1566294997448], [-2.98919314388027, 54.1564504698416], [-2.98774321854134, 54.1571285486216], [-2.99710845463576, 54.1558534217137], [-2.99986531098492, 54.1547641474484], [-3.00205586567109, 54.1666987577876], [-2.99639803036256, 54.1651973234585], [-3.00015714847537, 54.1688188672964], [-2.99729239319018, 54.1731548955018], [-2.99482043821345, 54.1726130784356], [-2.99486666918761, 54.1719288152244], [-2.99389786992131, 54.1706760125752], [-2.99304644097913, 54.1702724788753], [-2.99478412793038, 54.1720257567876], [-2.99338977378686, 54.1722173897531], [-2.99253235718046, 54.1733497353938], [-2.99338350039239, 54.1770818150064], [-2.9941100134151, 54.1775220603471], [-2.99589137100222, 54.177488458622], [-2.99609247682493, 54.1778237469352], [-2.99443909183257, 54.177917051774], [-2.9894185372414, 54.1794552582654], [-2.9967946183405, 54.1788542268149], [-2.99377177484758, 54.1784316326919], [-2.99595659997297, 54.1780542400823], [-2.99627356474684, 54.1776703542057], [-2.99564798269683, 54.1773508918555], [-2.99405924153966, 54.1774174123476], [-2.99352506554555, 54.177062580957], [-2.99368789079603, 54.172255912935], [-2.99603452773266, 54.1732898833286], [-2.99576229578852, 54.1735193474292], [-2.99635149052247, 54.1739652985216], [-2.99497957346495, 54.1752534539766], [-2.99627210003394, 54.1759157732167], [-3.00648866080173, 54.1722494747379], [-3.00973412573148, 54.1768105560888], [-3.00822807383706, 54.1765460905466], [-3.00520085445763, 54.178278111226], [-3.00503103449878, 54.1802783266858], [-3.0102819385971, 54.1769084188959], [-3.00979407992307, 54.1827662683276], [-3.01261406891395, 54.1796654178489], [-3.02111447686506, 54.185293020854], [-3.01998690529923, 54.1856966081657], [-3.01939865855583, 54.1864584550668], [-3.0200623609091, 54.1895449929], [-3.02211386959114, 54.1857383309742], [-3.02576823629769, 54.192370736569], [-3.03866105294493, 54.1972507783639], [-3.02280904570412, 54.1916615844114], [-3.03474478216628, 54.1962947751059], [-3.02281551358359, 54.2010221335769], [-3.01848135615585, 54.2003093981031], [-3.01640021786366, 54.2010538333293], [-3.02016441429002, 54.200720265548], [-3.01456091564228, 54.2067659827807], [-3.02232867030355, 54.2120072637716], [-3.02782490693877, 54.2250248920248], [-3.02906669994801, 54.2211194381085], [-3.03366983115547, 54.2292802545423], [-3.04627332107265, 54.2267520578418], [-3.04871555881942, 54.2332757010205], [-3.03415655448483, 54.2396226642988], [-3.03308176931787, 54.2438065786289], [-3.02870240390493, 54.2413672459365], [-3.03209933466402, 54.2392106106285], [-3.0302294316233, 54.2368867614363], [-3.01428495382841, 54.23985584506], [-3.01337417931706, 54.2433059586719], [-3.0315420048769, 54.2387912557949], [-3.02730542024241, 54.2416088962616], [-3.03099330600007, 54.2455264640839], [-3.02883551526228, 54.2457698751699], [-3.02799509513694, 54.2466931602099], [-3.0285231890663, 54.2483698785402], [-3.02988750506363, 54.2498009167425], [-3.02930845906723, 54.2519139948292], [-3.03028042686189, 54.2528581900801], [-3.02866470254148, 54.2533296445835], [-3.02540471003098, 54.2551731960165], [-3.02455276300971, 54.2562669517787], [-3.02379720186084, 54.2560312497753], [-3.02303737252741, 54.2560812941411], [-3.02136268831119, 54.2567652569843], [-3.01885589121103, 54.2590456868826], [-3.01561286148154, 54.2600485790555], [-3.01378698605311, 54.2613325508825], [-3.00991875149069, 54.2654322640381], [-3.00820895443401, 54.2689761713177], [-3.03053170722208, 54.2529878886396], [-3.03013250883582, 54.249249048368], [-3.02858495942774, 54.2463513579828], [-3.03563818998302, 54.2443434757208], [-3.03787164299837, 54.2397967007193], [-3.04807929792476, 54.2422821072876], [-3.05217301105974, 54.2357795227642], [-3.05157295439352, 54.2187721010196], [-3.03278759964741, 54.2126524597941], [-3.03301645415299, 54.2126673930107], [-3.03337407060802, 54.2125821751338], [-3.03378480345653, 54.2122169800882], [-3.03402772576, 54.2123838637796], [-3.03395465228488, 54.2117421348793], [-3.03674205862934, 54.2100703392475], [-3.03681911799366, 54.2099941781194], [-3.03668777834827, 54.2098315519181], [-3.03875941150371, 54.2101717654564], [-3.04461797647122, 54.1994290957738], [-3.05319000640623, 54.1988564708281], [-3.05339992765659, 54.1884206070924], [-3.0598664660451, 54.1871954226835], [-3.05594224747978, 54.1870933000183], [-3.06196574753868, 54.1804351516608], [-3.06224725652611, 54.1840925116391], [-3.06351928095241, 54.1861631267789], [-3.06269910401365, 54.1784777786805], [-3.05868455600198, 54.1717906936767], [-3.06085394204944, 54.1620429859937], [-3.07773681716666, 54.1541717460159], [-3.08735448643741, 54.1365622090619], [-3.10489952979512, 54.1197430792209], [-3.17245176634143, 54.0817613741837], [-3.15180438621279, 54.0702296643763], [-3.15074352127841, 54.0648101775256], [-3.17142736225561, 54.0796335710093], [-3.17314973099047, 54.0736591602422], [-3.17803439975689, 54.0749170584761], [-3.17368927448801, 54.0833230005279], [-3.1868589938477, 54.0904686105069], [-3.18430810842331, 54.0947075217911], [-3.19105094884335, 54.1026338933932], [-3.21478539668759, 54.0980541474245], [-3.22033114285314, 54.089870008277], [-3.23925421517756, 54.1040704782619], [-3.24487005330765, 54.1168911223868], [-3.24423393375876, 54.1367146234851], [-3.23699281436007, 54.1547888151567], [-3.24011077628457, 54.1588927030897], [-3.24962004499596, 54.1548522643908], [-3.25653478603088, 54.1687370703226], [-3.22559136837395, 54.1724240920772], [-3.21715649699402, 54.1774901732398], [-3.21517365518713, 54.1847970068867], [-3.22307462414529, 54.1877780320715], [-3.21484519355637, 54.1856352203531], [-3.21901715961567, 54.1875196228074], [-3.21223448206506, 54.2082632143737], [-3.20349866884426, 54.2107235576195], [-3.18576042439839, 54.2345899683769], [-3.18573913670281, 54.2350937710121], [-3.18769264468927, 54.2360501134602], [-3.18362398297504, 54.2370433784477], [-3.18325400584393, 54.2381774225819], [-3.18218086362462, 54.2374916659957], [-3.17969580556747, 54.2388180783211], [-3.18076269213731, 54.240607398125], [-3.18800378658226, 54.236065965349], [-3.18784721637195, 54.2333604818536], [-3.19171172938881, 54.2345287742328], [-3.19044788798473, 54.2319748877929], [-3.19285278734726, 54.2339896831521], [-3.19590838402172, 54.2288851851189], [-3.20237929739896, 54.2407778360013], [-3.21281195855215, 54.2476416002217], [-3.21085316174506, 54.2508562965089], [-3.21065709755532, 54.2539255221002], [-3.21193822503579, 54.2502658746312], [-3.21633357549538, 54.25652804248], [-3.22883074153367, 54.2581578059284], [-3.22391098758841, 54.2647912772264], [-3.22191841289323, 54.2806276251479], [-3.22524116235536, 54.2764511904307], [-3.22800229760502, 54.2788629434846], [-3.22501910055193, 54.2656242911664], [-3.23330496330317, 54.2598239675155], [-3.22294835847883, 54.2515259659469], [-3.22911435087149, 54.2517952917471], [-3.2263950274257, 54.2503280326367], [-3.23154904327599, 54.2506220270727], [-3.2383927392477, 54.2472681965025], [-3.23895312570875, 54.2483546643349], [-3.23846374852445, 54.2471795644578], [-3.23407351217845, 54.2477087567054], [-3.23064524257504, 54.2504788448313], [-3.22588835285445, 54.246461851245], [-3.22647606877618, 54.2488941634235], [-3.22498860472767, 54.2437162667518], [-3.22643598059701, 54.2438299181308], [-3.22646582657074, 54.2433581401493], [-3.22295011644482, 54.2436007851623], [-3.22606144214203, 54.2400050302572], [-3.22244863742847, 54.2433684354477], [-3.21626172077292, 54.2367662747244], [-3.22544783398309, 54.2381232872311], [-3.22627872344758, 54.2350880920369], [-3.22453170961472, 54.2374764467161], [-3.21872566596071, 54.2354734194265], [-3.21891688843198, 54.2317709455326], [-3.22092312822063, 54.235045291772], [-3.22222438441624, 54.2358085132924], [-3.22395665273287, 54.2356172962498], [-3.21954446025428, 54.2315668971859], [-3.22538091919994, 54.230435949826], [-3.22382525260946, 54.2329132709251], [-3.22749396934737, 54.2350322110135], [-3.2300896331111, 54.2341289317345], [-3.2258151956351, 54.2334121135314], [-3.22582884653106, 54.2309580280915], [-3.23130076510393, 54.2296096990054], [-3.23039009791429, 54.2377026175079], [-3.2321475285029, 54.2382013418741], [-3.23285463003874, 54.2317388736303], [-3.23648555421265, 54.2351027867711], [-3.23716560633166, 54.2313350868581], [-3.24023628540751, 54.2335049386411], [-3.24215770805283, 54.2326820779933], [-3.22579598300017, 54.2278874696551], [-3.22852710434317, 54.228445828436], [-3.22764634885381, 54.2277808656852], [-3.22925529501368, 54.2281970747185], [-3.23201859229626, 54.2279450810724], [-3.23279582039957, 54.2275819440656], [-3.22577844411035, 54.2265097158612], [-3.23299655603568, 54.2257416699716], [-3.22661820558543, 54.2257175696403], [-3.23289007226287, 54.2251257769326], [-3.22840515873542, 54.2245398952071], [-3.22910639830266, 54.2228895379616], [-3.23937682263372, 54.2220152987951], [-3.23538885197547, 54.224076217074], [-3.2386722320988, 54.2244731838184], [-3.23653955536978, 54.2249334441651], [-3.23501436298395, 54.2264174354478], [-3.23445838000511, 54.2277953321632], [-3.23697584627373, 54.2249965489084], [-3.23561550640912, 54.2273670976006], [-3.23713442553944, 54.2294937611948], [-3.2417920018977, 54.2316773883479], [-3.23941276492338, 54.2293002432952], [-3.23991936752701, 54.2290187868664], [-3.24083495401518, 54.2294898486893], [-3.24165747838343, 54.2292508998713], [-3.24163104788994, 54.2309266580636], [-3.24211218289253, 54.2312247873886], [-3.24337197761233, 54.2313468646438], [-3.2416457229884, 54.2291981623223], [-3.239860794812, 54.2289593941795], [-3.23746635991474, 54.2295841534962], [-3.23628712605843, 54.2276154806704], [-3.24223379650185, 54.2277295889517], [-3.23778315330606, 54.2261155047355], [-3.24261943524072, 54.2248644608276], [-3.24089839766237, 54.2217889552086], [-3.24537486504118, 54.2213378985084], [-3.2451041188431, 54.2237316289293], [-3.24078360607766, 54.2259499998284], [-3.24907790107045, 54.2284659416942], [-3.24429120298792, 54.2244123830546], [-3.24939819190694, 54.22604688574], [-3.24612324524857, 54.2230309230237], [-3.24688613171893, 54.2198127154213], [-3.24728237577668, 54.2230327489514], [-3.24918165758791, 54.2231659407822], [-3.24958332837915, 54.2181263761263], [-3.25240535240123, 54.2172966720256], [-3.25023658246858, 54.2186667501514], [-3.25028811698387, 54.2212963666093], [-3.25340953706977, 54.2210792104862], [-3.25305504455477, 54.2216633451396], [-3.25312383920771, 54.2222716884777], [-3.25158199400437, 54.2219929689711], [-3.25133094068378, 54.2224327367042], [-3.25047671299982, 54.2223120927612], [-3.25035327860412, 54.2225014664571], [-3.25112483138405, 54.2279146629574], [-3.2542194346362, 54.2242644451746], [-3.25059067845711, 54.2226544252056], [-3.25341699920333, 54.2223117745433], [-3.25376586705816, 54.2211927095564], [-3.25131790349137, 54.2193989947128], [-3.25562483207047, 54.2173257833348], [-3.25472068893041, 54.2222910403659], [-3.25603826145499, 54.2191708069638], [-3.25609050969284, 54.2162679785908], [-3.25363645203893, 54.216795436713], [-3.25339335604522, 54.2158062830105], [-3.2658365468468, 54.2134211571093], [-3.2541228942307, 54.2103008739541], [-3.25634298640815, 54.2149906667418], [-3.2504991854757, 54.2155759223692], [-3.24985163154145, 54.2095121391435], [-3.2392232698619, 54.2031157613051], [-3.26260721815735, 54.1903821795057], [-3.28720913939857, 54.1986288300343], [-3.2884079363146, 54.193585830844], [-3.29799162930846, 54.1899755237035], [-3.27658782777154, 54.1905747924684], [-3.30100938279372, 54.1877209395078], [-3.32417057522514, 54.1915239018364], [-3.40373047658439, 54.2643186533341], [-3.42050661868781, 54.2839203682171], [-3.42269265222857, 54.2939428347692], [-3.41580237052629, 54.3052849530343], [-3.42491296018582, 54.3286838018338], [-3.4214069021559, 54.3410809136325], [-3.41000335570621, 54.3503476088419], [-3.4119081221627, 54.3381482829236], [-3.40019985499492, 54.3351490762546], [-3.40175769991782, 54.3328119480759], [-3.40091593217229, 54.3322629370762], [-3.40013308129293, 54.3326538448243], [-3.40072936597289, 54.3317831614418], [-3.3990602140464, 54.3311276209445], [-3.39918629110094, 54.3352381388263], [-3.38694874324547, 54.3404231776654], [-3.38350838107288, 54.3497828809201], [-3.38103885613125, 54.350937301831], [-3.37707093436398, 54.3494600193928], [-3.37446551887346, 54.3497199525998], [-3.37384875904372, 54.3554595891888], [-3.37258812389166, 54.3555871788543], [-3.37217239625204, 54.3538870524324], [-3.3712239672982, 54.3533070451661], [-3.37004101082617, 54.3533304535309], [-3.36065257061708, 54.3578015874832], [-3.36046617182482, 54.3585725242989], [-3.36238624348202, 54.3589710617427], [-3.35858043222951, 54.3599758487296], [-3.3552278509996, 54.3617004012869], [-3.35528265817989, 54.3621211442782], [-3.35671553591256, 54.3632413157313], [-3.35408762255871, 54.3631081353401], [-3.3533058168315, 54.3657279186827], [-3.36251821989983, 54.3590713167929], [-3.36246065073936, 54.3584764197306], [-3.36063164323161, 54.3584574103128], [-3.36077450514961, 54.3579241580739], [-3.37369389282571, 54.3559368192409], [-3.37430591405438, 54.3552332796117], [-3.37487959063837, 54.3499047683519], [-3.38041028493669, 54.3513129661465], [-3.38204182100405, 54.3510552150162], [-3.38389202967367, 54.3503005912945], [-3.38940077843896, 54.3446141524161], [-3.3898317760317, 54.3418253550061], [-3.40448259573955, 54.3379302787373], [-3.41134406411646, 54.3573869936287], [-3.40273054309624, 54.3617456893505], [-3.39790817789778, 54.3665447668057], [-3.40421458480395, 54.3620259287462], [-3.41615317245512, 54.3637118495103], [-3.41184664086665, 54.3578172162837], [-3.43138104819913, 54.3561148203117], [-3.43269188576774, 54.3566219185188], [-3.4357717506072, 54.3594289888431], [-3.43791800112912, 54.3604996985772], [-3.43763608509951, 54.3617236471537], [-3.43532867339425, 54.3633411196028], [-3.43521400841484, 54.3636274077537], [-3.43543993516292, 54.363706512239], [-3.43480252035295, 54.3638758804376], [-3.43458756550858, 54.3643314391699], [-3.44244312578148, 54.3695613642585], [-3.43202057523716, 54.3730863521761], [-3.43065248295769, 54.3768841043776], [-3.44300323027152, 54.3716161162993], [-3.44205461573569, 54.3615280374772], [-3.43300033359049, 54.3544844447208], [-3.41745156530345, 54.3532939819078], [-3.41677201405304, 54.3498992038091], [-3.4293415666181, 54.3422484619199], [-3.43472124520094, 54.3439160403421], [-3.47332601373204, 54.3755010063634], [-3.47638520955756, 54.3863426764189], [-3.50286554041014, 54.4107380422092], [-3.56355603089825, 54.4519267189517], [-3.59329332720736, 54.4822883046111], [-3.6081317518501, 54.4909738465953], [-3.61960564742707, 54.490929413358], [-3.6397898299266, 54.5144382378371], [-3.60725101151944, 54.5308251993896], [-3.59898827395405, 54.5527884193991], [-3.59110971856104, 54.5521726003442], [-3.58034840422578, 54.5720349791645], [-3.58293781835838, 54.5907841297741], [-3.57073314498515, 54.602776401303], [-3.57136573412515, 54.6126594065074], [-3.56804779323789, 54.6118086971684], [-3.56587887249883, 54.6122861571757], [-3.57992389218566, 54.6523060920189], [-3.56191814537916, 54.6463042502378], [-3.55707099883451, 54.6462604917346], [-3.56340092516026, 54.647020771459], [-3.56442015727901, 54.6480146896082], [-3.55996182879619, 54.6475666110347], [-3.5532730021675, 54.6499524924351], [-3.54433497279801, 54.6471808933761], [-3.55124590708251, 54.6502840417929], [-3.57171229927862, 54.6509051428349], [-3.51920505141286, 54.6926894917627], [-3.51065962525692, 54.7177729832673], [-3.50163196220668, 54.7149246811832], [-3.50427905284079, 54.7116109740859], [-3.50324706665425, 54.7104755379936], [-3.50132426623323, 54.709901132212], [-3.49513201444523, 54.7119299977959], [-3.50307082606978, 54.7106563796329], [-3.50105186020528, 54.7153162595026], [-3.50769142255913, 54.7175576259305], [-3.50112599982385, 54.7171500564868], [-3.4940497091559, 54.7254712596015], [-3.46105697996662, 54.7405742094507], [-3.43661685088213, 54.7588661822154], [-3.43139114954917, 54.7812142204783], [-3.43771381739837, 54.8019983231573], [-3.40903000047585, 54.8440649326103], [-3.39985761369859, 54.8674151087279], [-3.36746156706288, 54.8910734577315], [-3.33836762615173, 54.9003150370542], [-3.33517961604429, 54.898630577848], [-3.35043972587724, 54.8936964096465], [-3.35102496441087, 54.8933624185048], [-3.35081576219382, 54.8926209009058], [-3.35344208320716, 54.8924462548747], [-3.35457409078733, 54.8920424327265], [-3.35503452787162, 54.8911941250139], [-3.35543780187159, 54.891896038134], [-3.35577801941597, 54.8919677408958], [-3.35765541144521, 54.8919737539682], [-3.35901767569415, 54.891304478562], [-3.35960385598137, 54.8907859119638], [-3.35911843760609, 54.8901512207308], [-3.36001324100942, 54.8901861109223], [-3.36062998450597, 54.8895700640438], [-3.36028540415675, 54.8892044012822], [-3.35872243604109, 54.8882738221257], [-3.35840982703442, 54.8881693394615], [-3.35816002818205, 54.8881935140505], [-3.3577700942449, 54.8884830953173], [-3.35733898131153, 54.8882382566346], [-3.35930422206645, 54.8875607075948], [-3.35972152612987, 54.8863569288428], [-3.35729137511156, 54.8882139699555], [-3.35897059464817, 54.8912523140166], [-3.34970562017974, 54.8884284485832], [-3.35483912358006, 54.8910544168547], [-3.34948990363209, 54.8920487857916], [-3.34784954823187, 54.8938332395958], [-3.34884587637548, 54.8891000643306], [-3.34573798386422, 54.8877924150777], [-3.34212956761346, 54.8888097730411], [-3.34255591986027, 54.8860245856667], [-3.34078572666051, 54.8856657532476], [-3.33829161599781, 54.8859695505972], [-3.34297868925789, 54.8852445749196], [-3.34279384830566, 54.8837145695625], [-3.34104876669727, 54.8824968268346], [-3.32685472613193, 54.8852272787401], [-3.33951627061313, 54.8863657230746], [-3.34139219372884, 54.8858205798969], [-3.34182472671858, 54.8889902508953], [-3.34871388899372, 54.8894360035205], [-3.34521995659635, 54.8924263951093], [-3.34668999040584, 54.8910913693629], [-3.34586724794753, 54.8911748954829], [-3.34232738552409, 54.8894240113572], [-3.33887084995195, 54.8884784860024], [-3.34708802136101, 54.893789465917], [-3.3374927793424, 54.8901980000402], [-3.34458347362258, 54.894604655795], [-3.34086603041137, 54.8958058148535], [-3.33446157510524, 54.8876537638158], [-3.31434803342572, 54.8887658042685], [-3.29611997054528, 54.8824176047288], [-3.29816777869235, 54.8826896303221], [-3.29981916956889, 54.8815884194164], [-3.3000425273744, 54.8817477950752], [-3.30190329205556, 54.8823156102163], [-3.30011089598555, 54.8816936331117], [-3.30032905076954, 54.8812549318734], [-3.29975184621074, 54.8804705205944], [-3.29814406352606, 54.8797926627694], [-3.29817333546153, 54.8826035827468], [-3.29379590819965, 54.8807855215078], [-3.2964005669759, 54.880191606647], [-3.29684805427041, 54.8784593529232], [-3.29440905876228, 54.8760901504795], [-3.29014442226046, 54.8751776965312], [-3.29331363258283, 54.8803726810111], [-3.28544997823544, 54.8782201902228], [-3.28222674993608, 54.8750465478492], [-3.28818300002129, 54.8669245172665], [-3.2826421251352, 54.8622487902587], [-3.28548072495801, 54.8591718130186], [-3.29249576563955, 54.8603375865932], [-3.296300799681, 54.8582766382755], [-3.29742524690958, 54.8574752924213], [-3.29572797167816, 54.8553757076178], [-3.29205932817624, 54.8542742665219], [-3.28906983905949, 54.8541879808217], [-3.28837910420032, 54.8535458916702], [-3.28728051327779, 54.8534001846555], [-3.28576465692487, 54.854018925801], [-3.2835861505956, 54.8531274986201], [-3.28494082434546, 54.8540932559558], [-3.29450013416417, 54.8550733626457], [-3.29693596850375, 54.8574305047768], [-3.28428510061192, 54.859122449922], [-3.28010708901472, 54.8621943177617], [-3.28437615238218, 54.868521837031], [-3.27701646124266, 54.8679649266395], [-3.28377685213098, 54.8692145630487], [-3.27672502819521, 54.8778511229663], [-3.28779026635378, 54.8901950787967], [-3.28394282386383, 54.8929034304607], [-3.27270461581123, 54.8914569112867], [-3.27820690357985, 54.8912812515106], [-3.27505288374688, 54.8906048329059], [-3.27593836525622, 54.8884185891794], [-3.27504591743596, 54.887843128532], [-3.26245923201949, 54.8951146594896], [-3.26656324285399, 54.8912262253154], [-3.26643802725698, 54.8895672367003], [-3.26592386078793, 54.8889293355908], [-3.26381188530612, 54.8890849277589], [-3.26629572509966, 54.8914735247142], [-3.255002281087, 54.8961336939577], [-3.25689500450662, 54.8974236095782], [-3.25164935207637, 54.9039898829604], [-3.25054192705581, 54.9023359886207], [-3.25201174885478, 54.9021580905924], [-3.25303344279672, 54.9008972320397], [-3.25264617764747, 54.8976011208432], [-3.24953878046652, 54.9007207876476], [-3.25047947706563, 54.9044170510848], [-3.25587234074331, 54.9042686673086], [-3.25234173601837, 54.9112340541836], [-3.24761899717721, 54.9114333872861], [-3.24684336766358, 54.9100287383785], [-3.24478765455057, 54.9091322300829], [-3.24444216901814, 54.9080336558341], [-3.24325787059134, 54.9086402354845], [-3.2437283691168, 54.9075701591769], [-3.24213013060929, 54.907123975086], [-3.24325998907408, 54.9087155334156], [-3.24434232481492, 54.9080925269316], [-3.24446833021148, 54.9091165219827], [-3.24628027166072, 54.9103115853812], [-3.23336643991589, 54.9092707581428], [-3.22982112013372, 54.9058125347185], [-3.22001382586646, 54.9018226301621], [-3.20954114920711, 54.903621026415], [-3.20084023820456, 54.9078626223427], [-3.20236477334773, 54.9094567666168], [-3.19828451098903, 54.9082024097313], [-3.19218636461526, 54.9113359531309], [-3.19168746422452, 54.9092864431563], [-3.18998290803671, 54.9089805285633], [-3.1880538464302, 54.909683320473], [-3.18692433447458, 54.9088819491485], [-3.19084078742688, 54.9084781085138], [-3.19267278210791, 54.906880590596], [-3.19195509077242, 54.9003975576186], [-3.18515898728709, 54.898755657331], [-3.1864270096452, 54.8983388643616], [-3.18927342398885, 54.8988322646263], [-3.19003899589171, 54.898670189913], [-3.189597367154, 54.8980777848962], [-3.18547717974222, 54.8964761631012], [-3.1874666630563, 54.8957800104196], [-3.18608458192402, 54.8934678076005], [-3.18998931387583, 54.8927563787632], [-3.18722310489343, 54.8904171916767], [-3.18460465832548, 54.8909765860614], [-3.18287427722112, 54.8920485253531], [-3.18988191585763, 54.8927098003379], [-3.18604994343143, 54.8934003655521], [-3.18534242825535, 54.8965071352882], [-3.18986138021097, 54.8986755250511], [-3.18661186401472, 54.8982615681108], [-3.18505062487287, 54.8987827768813], [-3.19181761136753, 54.9004420441151], [-3.19251600415128, 54.9068533721558], [-3.19078659097791, 54.9083330520506], [-3.18898382075268, 54.9075775726544], [-3.18675566022625, 54.9089806562992], [-3.19137980401092, 54.9117130509129], [-3.202545202972, 54.9096457432158], [-3.20990420696674, 54.9038907931663], [-3.22079400203447, 54.9023053148193], [-3.23347491506251, 54.9113868346881], [-3.24875248199762, 54.9137793211999], [-3.26056237419658, 54.9104884267129], [-3.27232111816497, 54.8995686342475], [-3.31413817816331, 54.9154720928127], [-3.31391419475483, 54.9207841829254], [-3.28514248532819, 54.9415560731519], [-3.26528062149076, 54.9430441773097], [-3.26884482456821, 54.937078057575], [-3.26510814685449, 54.9431196660041], [-3.24329438985596, 54.9451550593421], [-3.2320871627843, 54.9530850761517], [-3.18749158031237, 54.9502738989488], [-3.17881891372994, 54.9419798411345], [-3.15655161098716, 54.9375873217679], [-3.15501872810013, 54.9325423225225], [-3.15339599617139, 54.9318759180822], [-3.15535263439511, 54.9344126398725], [-3.11892229695237, 54.9253730997704], [-3.08519806527871, 54.934051085357], [-3.08408551861442, 54.9298446602259], [-3.08471402680445, 54.9343861624673], [-3.05414593815007, 54.9462788674577], [-3.04717653375412, 54.946087064274], [-3.04795517321772, 54.9456904047411], [-3.04861419606944, 54.9448445758115], [-3.0504200723812, 54.9447289804073], [-3.05126847600849, 54.9435728615381], [-3.0527788772529, 54.9437051043518], [-3.05307859027856, 54.9431070510318], [-3.03579742425865, 54.9442310193816], [-3.03728159972987, 54.9426849880472], [-3.03715957012955, 54.9422320232907], [-3.03653651954652, 54.942097458761], [-3.03808812704133, 54.9414701158917], [-3.03819608124557, 54.9406496102714], [-3.03642020644394, 54.9421331857936], [-3.03558341461004, 54.9442525415318], [-3.00943270059292, 54.9464721180576], [-3.00275191567046, 54.9380398286569], [-3.00597112389584, 54.930587833111], [-2.99614484172355, 54.9359256839692], [-3.00835720428337, 54.9470894480349], [-3.04022904271497, 54.9458946746085], [-3.05184061579003, 54.9560444164377], [-3.04650239662462, 54.949024768753], [-3.05120381386832, 54.9499165903942], [-3.05176025386154, 54.9508176963931], [-3.05293231487555, 54.951276906158], [-3.05220208776558, 54.9521691699248], [-3.05256096419954, 54.9526701432328], [-3.05374045515598, 54.9529060252817], [-3.05492409182112, 54.9523536395443], [-3.05409456494312, 54.9535705028223], [-3.05472530419748, 54.9537154151745], [-3.05508288753791, 54.9523433377367], [-3.05219964033594, 54.950265231281], [-3.06682450196479, 54.9522838240427], [-3.06408846290498, 54.9488363398586], [-3.0759317656394, 54.9466916838426], [-3.08196047705219, 54.9494400283771], [-3.08099652541626, 54.9496026809722], [-3.07955510466072, 54.9506322084398], [-3.07702658533221, 54.9506860180564], [-3.07595157968302, 54.9514358696051], [-3.0824986992229, 54.950183972328], [-3.08498463485263, 54.9494717847271], [-3.08565461884589, 54.9486107725439], [-3.07231953590003, 54.9447697248126], [-3.08998543588394, 54.9388281839471], [-3.10149669283469, 54.9416527356363], [-3.09869845386005, 54.9378095810063], [-3.10539132322457, 54.937950317631], [-3.10322547497748, 54.9350252215368], [-3.10836100969141, 54.9322164401583], [-3.11789297952639, 54.9335600210961], [-3.12433750855234, 54.9416230863363], [-3.11389274181655, 54.9407055166228], [-3.12194805883777, 54.9445392641299], [-3.11419408923445, 54.9471963820299], [-3.12673136868852, 54.949385703058], [-3.11957762535683, 54.9543206880085], [-3.11648712183804, 54.9515609113121], [-3.10959053922925, 54.9480817318599], [-3.10889097690628, 54.9458408132513], [-3.09570457133573, 54.9462220083055], [-3.11231936354801, 54.9495645956443], [-3.11727194238696, 54.9559112512268], [-3.1038154099739, 54.9486017433685], [-3.10731120900476, 54.9527924228893], [-3.10459346102527, 54.9523653763282], [-3.1036028158647, 54.9528205008092], [-3.10385500808622, 54.953337651976], [-3.11160806177241, 54.957627537699], [-3.08541802549692, 54.9651669538808], [-3.0854311332034, 54.9703378914744], [-3.07005413344159, 54.9743210991503], [-3.06157872992162, 54.9847909936617], [-3.0482305813629, 54.9833892955741], [-3.04787882147786, 54.9780805974103], [-3.05038639943535, 54.977915878709], [-3.05026624068161, 54.9769582305128], [-3.04194758661104, 54.9744915953203], [-3.04257143979335, 54.9694837017774], [-3.0371611663886, 54.9663842106167], [-3.00895415779855, 54.9742892092818], [-3.04034942030808, 54.9688008419082], [-3.03706411969831, 54.9726042387856], [-3.04646993736182, 54.9845451378689], [-3.05727815752837, 54.9887173675456], [-3.04420114416705, 54.9984388847624], [-3.04493795581135, 55.0076591429264], [-3.04945669761314, 55.0093950273282], [-3.03931661651865, 55.0164206192952], [-3.04012667253781, 55.0226350980751], [-3.03023775618077, 55.0246459602743], [-3.03431528889211, 55.0299080300797], [-3.02587564330566, 55.0364866601826], [-3.04014757774642, 55.0411363925257], [-3.04338793407138, 55.0473740645956], [-3.05341969195431, 55.0472840372094], [-3.05092854160806, 55.0528035971603], [-3.02755216657826, 55.0552803962246], [-2.95859356798911, 55.0492945911909], [-2.95542335448401, 55.054620706727], [-2.93640742375778, 55.0595859273082], [-2.94300747231507, 55.0641585084298], [-2.93912291459847, 55.0698535294242], [-2.92208230617258, 55.0721134062738], [-2.91500061230375, 55.0789638244845], [-2.89687924721878, 55.0779496469859], [-2.89330774432024, 55.0878517921194], [-2.88379126701884, 55.0875474020667], [-2.88231522618223, 55.0929489562113], [-2.88629245338616, 55.0948098947344], [-2.87687252839058, 55.0951988807508], [-2.87073547004113, 55.1063400976324], [-2.8445398090267, 55.1118650311117], [-2.84646418468295, 55.1143570328239], [-2.83788316558402, 55.117612726956], [-2.84125018648715, 55.1224977172754], [-2.82760794396969, 55.1248368687166], [-2.83305590616224, 55.1324505141119], [-2.82550257520544, 55.1383140714092], [-2.81277624638232, 55.136165666067], [-2.7848482544576, 55.1417914399875], [-2.73260733440504, 55.1672346126599], [-2.70347661666498, 55.1731731598941], [-2.68978916257996, 55.1889832482806], [-2.67455532373979, 55.1758914662266]]]]}}, {"type": "Feature", "properties": {"Region": "Yorkshire and the Humber", "LabelPoint": [53.9306099034706, -1.2600084298049916]}, "geometry": {"type": "MultiPolygon", "coordinates": [[[[-0.558599802283928, 53.6894870633902], [-0.52294982654732, 53.6871576398093], [-0.520604412180701, 53.6856770308193], [-0.535830519071125, 53.6812718136408], [-0.558599802283928, 53.6894870633902]]], [[[-0.299800125754555, 53.7143968855611], [-0.275586617038633, 53.7051249441846], [-0.263958703405599, 53.6917638890602], [-0.26828148559231, 53.6902108863356], [-0.263150794849677, 53.6905211008941], [-0.234865795240866, 53.6648139279698], [-0.237893590109347, 53.6635957853089], [-0.21091033277969, 53.6432089750862], [-0.203165574706919, 53.6420259816304], [-0.20184336728152, 53.6371160635573], [-0.152794506854815, 53.6154151929805], [-0.0932749667501785, 53.5810510026382], [-0.0792728736743649, 53.5769564425907], [-0.0722340631355748, 53.5838039091947], [-0.0641071758057531, 53.5837385808123], [-0.0035200292353848, 53.5467196070987], [-0.0084479129506987, 53.5556117525106], [0.00338543094138491, 53.5432782239148], [-0.000841580946305934, 53.5425376564044], [0.00125659204530537, 53.5396103400238], [0.0176185147802517, 53.5255124499773], [-0.00743499495268536, 53.5167977892657], [-0.0396002030266638, 53.5131165541705], [-0.0466135381137528, 53.5200987293707], [-0.0650454106098383, 53.5187396568689], [-0.0752620038904992, 53.4893357390255], [-0.0954884503108306, 53.4859889956556], [-0.0898037355375292, 53.4776824143987], [-0.10782063241139, 53.4698627568227], [-0.0822093450711558, 53.4511510054798], [-0.120343715760136, 53.4335649224696], [-0.122786056566, 53.4373458388718], [-0.131844979439125, 53.4359255434669], [-0.149227746736442, 53.446699664488], [-0.158507673042806, 53.4615836690514], [-0.153680016923717, 53.4656777570993], [-0.181804717740498, 53.4686494113505], [-0.188565229273785, 53.4845380575922], [-0.210604976147154, 53.4862884742396], [-0.204086448790055, 53.5117673419101], [-0.213624092361678, 53.5263590353292], [-0.210589579218055, 53.5317064641017], [-0.219882527217496, 53.5326064907721], [-0.187529353437806, 53.5636127656222], [-0.191692269491797, 53.568465288675], [-0.20463979721541, 53.5716149411682], [-0.222558901329779, 53.5680169273626], [-0.234668675193634, 53.5862504184973], [-0.251395553409818, 53.5846530760873], [-0.24847604907361, 53.593663691688], [-0.269812309014152, 53.5986179737601], [-0.300930360808404, 53.6163880593414], [-0.308555246775199, 53.6143287569587], [-0.300753915339974, 53.5955399989843], [-0.303423841813591, 53.5907900989405], [-0.310867879373955, 53.5901545793183], [-0.335938821094677, 53.5586265913365], [-0.356323829301515, 53.5560532539898], [-0.419669109582517, 53.5637727865167], [-0.429001046046789, 53.5745247142208], [-0.450776025259325, 53.5579662827286], [-0.465671732127895, 53.5560233219709], [-0.467018371437879, 53.5489606914837], [-0.490908801668391, 53.5458737952132], [-0.500564640973326, 53.5384183127289], [-0.430664749921137, 53.5463371555556], [-0.421862353506164, 53.5344480790828], [-0.408145080459695, 53.5321088676971], [-0.405074524830151, 53.5176169024623], [-0.48836488690652, 53.5048357225888], [-0.480686587797683, 53.4962453858493], [-0.487771884719746, 53.4878143766387], [-0.486630004727343, 53.4804701668812], [-0.471749465254693, 53.4748729008679], [-0.551793099765091, 53.4595200405489], [-0.629752674978015, 53.4582189915595], [-0.62664950589938, 53.4620613693688], [-0.634806791242606, 53.4695518669221], [-0.634058429571641, 53.4853992669682], [-0.625726537074686, 53.4955809544153], [-0.628193216650824, 53.5068231529788], [-0.624491104429227, 53.5128392139564], [-0.675706725168171, 53.5125254719015], [-0.738567467566684, 53.5198809348824], [-0.736910654822491, 53.5271617786872], [-0.741803333214618, 53.536468484493], [-0.73692600359741, 53.54541410692], [-0.745128612205813, 53.5571034208915], [-0.745118381265393, 53.5711791428335], [-0.730174445271461, 53.5816509462356], [-0.730298419255085, 53.5869449846557], [-0.737111146585174, 53.5930019156438], [-0.729362979062728, 53.6053605806936], [-0.70575670500438, 53.6068857096868], [-0.699231650109618, 53.6104555658897], [-0.698531590371295, 53.6158727633626], [-0.710306716091013, 53.6256470401974], [-0.711642795817127, 53.6408685915839], [-0.69503572800242, 53.6530744584639], [-0.685113137155885, 53.6722395913195], [-0.685232135152154, 53.6797986131675], [-0.694941995673697, 53.6923245830239], [-0.691396223651412, 53.6967767005427], [-0.611423107613855, 53.7146028578698], [-0.584326401944821, 53.6961816108113], [-0.586254456949993, 53.6933387517975], [-0.548710347458416, 53.6796245937401], [-0.523512658257057, 53.676993729995], [-0.503401752904439, 53.6808563882579], [-0.470575723188397, 53.6982254605016], [-0.443415969655919, 53.6973541770956], [-0.443449782046468, 53.6900397433064], [-0.442844430384238, 53.689281217897], [-0.442570645390069, 53.6973313235513], [-0.394361370855053, 53.7003132558651], [-0.39343043174931, 53.6943884178913], [-0.392048306185094, 53.6906886255192], [-0.390534179105818, 53.6892543815183], [-0.393870963433835, 53.6984289070778], [-0.38763950386853, 53.7021885942283], [-0.299800125754555, 53.7143968855611]]], [[[-0.860701792182636, 53.7237602086964], [-0.864309234758433, 53.7235202752331], [-0.861736188704246, 53.7262607885506], [-0.860701792182636, 53.7237602086964]]], [[[-0.793380773993254, 54.5591242422132], [-0.793938887724111, 54.5586872687198], [-0.793878056961802, 54.5589086618881], [-0.793380773993254, 54.5591242422132]]], [[[-0.792206920001774, 54.559472309679], [-0.774488309772522, 54.557392498484], [-0.767227663643602, 54.546298734009], [-0.751080067745377, 54.5419703704716], [-0.74458085171422, 54.5285844392643], [-0.730710149996465, 54.5281090870296], [-0.715771715153099, 54.5343277313754], [-0.693885562694581, 54.5205804105976], [-0.682348074894209, 54.5197336429391], [-0.672632007922588, 54.5125140393243], [-0.675032614667706, 54.5060414563086], [-0.670416084425388, 54.5007706776705], [-0.62561569234976, 54.4917460305339], [-0.612845913945165, 54.4930976943167], [-0.614642101325255, 54.4886710420016], [-0.611765731531492, 54.483709660093], [-0.614864686985321, 54.4785629117406], [-0.614694343602422, 54.4752802757479], [-0.623036881192954, 54.4747051092683], [-0.63360775550328, 54.4682413031027], [-0.620530237546599, 54.4705986654651], [-0.622831550585381, 54.4743764273229], [-0.615474398843294, 54.4738238594295], [-0.613182386925797, 54.4759742248015], [-0.61309020903778, 54.4799512057882], [-0.607957479680184, 54.4804864764218], [-0.611384339517835, 54.4811604186977], [-0.611973787306738, 54.4930556255161], [-0.588591023974318, 54.489283325001], [-0.585120692704479, 54.4838652389218], [-0.568963191979802, 54.4797698022808], [-0.556869279411011, 54.465041773886], [-0.520827386937012, 54.4461925729186], [-0.532695587846162, 54.4335300749686], [-0.52291443293, 54.4162242687501], [-0.504196060875456, 54.4076177719165], [-0.491555457625071, 54.4079267314388], [-0.463215231697273, 54.3885547839968], [-0.449811872300649, 54.3724176268938], [-0.446259094944171, 54.3584793601348], [-0.433262176678632, 54.3505447236556], [-0.432625474866031, 54.3400879646638], [-0.423359372462459, 54.3390639153904], [-0.417081352345487, 54.3314439992184], [-0.42119697979031, 54.3237009085178], [-0.4171715569933, 54.3204635015644], [-0.417632688424157, 54.3105949475597], [-0.407703096355899, 54.3052451151253], [-0.407486436082363, 54.2935491626012], [-0.384694187003921, 54.2881302438973], [-0.384351045448313, 54.2858352814317], [-0.387086562544335, 54.282310577412], [-0.395734646630913, 54.2816530123869], [-0.396675906697167, 54.2744964645004], [-0.366283978913944, 54.2540520124278], [-0.369946930700814, 54.2505076701582], [-0.365539944817009, 54.2459663791441], [-0.351047131120499, 54.2408767756097], [-0.339207749556333, 54.2425800430069], [-0.312902414898615, 54.2285569722077], [-0.265423774465367, 54.2164881607337], [-0.281052797217384, 54.2141474348266], [-0.285449151299091, 54.2028422795168], [-0.283137323141012, 54.1950115486509], [-0.271532999848067, 54.1811523131025], [-0.245364059137479, 54.1665515385657], [-0.102890382528356, 54.131215148637], [-0.0769343403439783, 54.117149890043], [-0.0818195227589717, 54.1107773121652], [-0.104780654478466, 54.1040892027631], [-0.164906689679793, 54.0995664729866], [-0.186461615564146, 54.0797297671147], [-0.197343914472553, 54.0784724211625], [-0.213079249317722, 54.0542914294382], [-0.216429320586535, 54.0278229917147], [-0.210884333699243, 54.0020061475482], [-0.157089989429622, 53.90356159382], [-0.130388195042262, 53.8721294058922], [0.11760141575381, 53.6611908726297], [0.146607287661192, 53.6085912418918], [0.146682230874139, 53.600446552456], [0.140299211900174, 53.592550945165], [0.106436890722087, 53.5719019531337], [0.141775055680119, 53.5955075714585], [0.145639402472557, 53.6077671959009], [0.105534437154064, 53.6321747242529], [0.0646849277830855, 53.6442270952077], [0.0300421049941083, 53.6492639978789], [-0.0538960680098832, 53.6290786126983], [-0.103431308926768, 53.6352852216838], [-0.147137030834594, 53.6597637392943], [-0.170250325628867, 53.6804024427288], [-0.169593329312568, 53.6765763902629], [-0.201487712328848, 53.6952552390362], [-0.197382202420064, 53.6970340406234], [-0.214019080189804, 53.7088674203552], [-0.223292238063866, 53.7129630620464], [-0.227346809611951, 53.7095061213715], [-0.222369505142267, 53.7070160736986], [-0.227145797843287, 53.7084958058231], [-0.236929765137098, 53.7265966906135], [-0.231906147769289, 53.7288059634625], [-0.230224209345142, 53.7335530878086], [-0.234516054072117, 53.7281473185546], [-0.243074244918635, 53.7294645897748], [-0.242972236582807, 53.7390892259126], [-0.247304680963925, 53.741171379243], [-0.243002089728686, 53.7388243013354], [-0.25200487051675, 53.7327717749386], [-0.286639848236336, 53.7425452088414], [-0.331215339638069, 53.7383128269093], [-0.326985366666534, 53.7446157033597], [-0.332695649029197, 53.7514470635471], [-0.329147645347185, 53.7528543699051], [-0.328552146700958, 53.7537948808032], [-0.329621566375684, 53.7563532855967], [-0.336121266928758, 53.7598842774893], [-0.332819884854967, 53.7640902386309], [-0.328817772440611, 53.7643175805381], [-0.327804967828054, 53.7649856843253], [-0.328009933741564, 53.7660745667071], [-0.330443165148853, 53.7694874542108], [-0.332153070855982, 53.7707544288205], [-0.333354359034674, 53.7709598473763], [-0.336431270612176, 53.7705073435127], [-0.339043096001131, 53.7708032618426], [-0.341801411135043, 53.775277555499], [-0.343677608242101, 53.7756495534442], [-0.347080161026026, 53.7752200537234], [-0.348117593937633, 53.7755822133387], [-0.347309981117594, 53.7805762182034], [-0.348036574272782, 53.781861644595], [-0.351678013579254, 53.7836358739382], [-0.348068782097686, 53.7855268913893], [-0.347794319112233, 53.7869467664633], [-0.364942238181976, 53.7984836415482], [-0.36519125077437, 53.8033662246527], [-0.356751845380631, 53.8056023332945], [-0.354923450609017, 53.8067656144086], [-0.35366392468583, 53.8085269705943], [-0.353522167899397, 53.811565369381], [-0.354157338775274, 53.8144280370301], [-0.357976242443638, 53.8174538419626], [-0.363897594384968, 53.8187006304239], [-0.36896368616401, 53.824378652525], [-0.381360517039559, 53.8273160238607], [-0.380283189514611, 53.8315756001224], [-0.380932913426547, 53.834785259764], [-0.3846106505038, 53.8390515181199], [-0.399588325807527, 53.8436624535729], [-0.399252023716884, 53.8457303759308], [-0.396134176531094, 53.8482829601459], [-0.393020793319471, 53.8538853633405], [-0.393000864819438, 53.8556765009329], [-0.399861624779501, 53.8665047160432], [-0.398248584518174, 53.8736961379476], [-0.399165054021641, 53.8778191332503], [-0.407878525862191, 53.8824296603309], [-0.407058793454367, 53.8845806902421], [-0.401052491196995, 53.8830921414729], [-0.394997213476319, 53.8853170731342], [-0.394109051128542, 53.8881251024127], [-0.395453562838399, 53.8960895028791], [-0.38254694903719, 53.9014759831232], [-0.381429356873284, 53.9039266286072], [-0.383759889124799, 53.9098036059403], [-0.376065887255737, 53.9134535345339], [-0.371077731740253, 53.9120914795182], [-0.366936927142798, 53.9133340913632], [-0.365909125880546, 53.9212179058619], [-0.363826700238591, 53.9220551946294], [-0.361512394144144, 53.9235248083622], [-0.358176302914722, 53.9243637438255], [-0.356289252672986, 53.9254938424155], [-0.35649412286488, 53.9338520538384], [-0.356549650228328, 53.9256098310883], [-0.362563451032009, 53.9233233921471], [-0.366351436779234, 53.9212410036211], [-0.36697660407157, 53.9135656749666], [-0.376108137209034, 53.9136977307303], [-0.38238911804166, 53.910962720017], [-0.393431553699955, 53.9190124743199], [-0.411820128848973, 53.924829297966], [-0.421510864803966, 53.9273677531028], [-0.393462951045957, 53.9188682140874], [-0.382640768017818, 53.9107943815316], [-0.384846645512835, 53.9092959494814], [-0.382600846252154, 53.9018515382776], [-0.392450863236325, 53.8994984477153], [-0.395861929417363, 53.8957965191137], [-0.397549145378467, 53.8962882584517], [-0.399400494204353, 53.8963508070978], [-0.403724323889756, 53.8956272037583], [-0.417642583379621, 53.9022172352968], [-0.434853811159603, 53.9067241556367], [-0.436538776835297, 53.9059155635964], [-0.403728705285694, 53.8955122329759], [-0.395864442311968, 53.8955735952346], [-0.395416519106995, 53.8852533951101], [-0.407297623019093, 53.884703382924], [-0.408098897080497, 53.8821530106955], [-0.407005360021177, 53.8810661218765], [-0.407671851864173, 53.880820558219], [-0.413944520097394, 53.8826663709533], [-0.399434799435412, 53.8777678247371], [-0.400098070600516, 53.8664862126105], [-0.393198183493223, 53.8542158265965], [-0.396298228826718, 53.8484442077294], [-0.399709388500157, 53.8455785236585], [-0.400064830076276, 53.8440648461189], [-0.399725521435978, 53.8433951648164], [-0.39470561977758, 53.8397991452911], [-0.383887150968561, 53.838024267843], [-0.381728879154754, 53.827298438665], [-0.369171677679487, 53.8243032101675], [-0.364024899333439, 53.8185513077442], [-0.354537037045455, 53.8145437777199], [-0.355094577277179, 53.8069747356808], [-0.365671234936801, 53.8033610843489], [-0.365343372599038, 53.7986311830529], [-0.348103344793138, 53.7869674251083], [-0.351957974060678, 53.7835813104962], [-0.348405072392847, 53.7754495809865], [-0.346984417744694, 53.774991290022], [-0.342402940626668, 53.7753011499981], [-0.340221025743516, 53.7709832167359], [-0.328344746801655, 53.7660100398515], [-0.332510774919424, 53.7644841909271], [-0.336616918287898, 53.7593185549661], [-0.3290180310477, 53.7532916759583], [-0.333196140256364, 53.7517731325986], [-0.328634626127295, 53.7447650053148], [-0.332631986128692, 53.7382922651965], [-0.447638864102486, 53.7139095100309], [-0.473387289981287, 53.7172761755957], [-0.54255251540347, 53.7084426891874], [-0.568300549715258, 53.7150359295917], [-0.583251229919701, 53.7265688856585], [-0.630217952702746, 53.7339935228058], [-0.628774702167022, 53.7309640136544], [-0.637248965621267, 53.7288934512949], [-0.618395566864741, 53.7305868173585], [-0.672996267829389, 53.7213403736793], [-0.695979861644625, 53.7043619824422], [-0.742598590885512, 53.7069815202673], [-0.779052069246564, 53.6974662847325], [-0.809671626300764, 53.7071971517506], [-0.824968230479429, 53.7035620666903], [-0.851692842344334, 53.6864523479343], [-0.863769836604052, 53.7005807035281], [-0.841777819827079, 53.7094927651792], [-0.84173639167955, 53.7235209634828], [-0.848844693051334, 53.7308944614627], [-0.858250791131485, 53.7321143231966], [-0.872278666213517, 53.7240108470262], [-0.887158273874778, 53.7282801701402], [-0.909615174691553, 53.7279444891681], [-0.911199408954733, 53.7333933709652], [-0.961065762820991, 53.7367149255706], [-0.962550552510868, 53.7467373495921], [-0.980032006706416, 53.7527981389141], [-0.987597899572093, 53.7608997378112], [-0.986183167652733, 53.7652274371469], [-1.00093803478855, 53.7695864659695], [-1.02585471514757, 53.7605565903864], [-1.03328113115398, 53.7655305398474], [-1.02157605146082, 53.7708584833707], [-1.02133507999736, 53.7735898318918], [-1.02404878308733, 53.776111603431], [-1.02677984269679, 53.7775063591214], [-1.04474650373606, 53.7796101010062], [-1.06583005045258, 53.7865180862973], [-1.04670004734571, 53.7897078457697], [-1.04579394749158, 53.7908439975811], [-1.04754684476587, 53.8038675470065], [-1.04226403825392, 53.810607243942], [-1.08386329825182, 53.8225694551787], [-1.07529529329698, 53.8328672475604], [-1.07637344127793, 53.8361471916285], [-1.07870265576852, 53.8362324560705], [-1.08360535139006, 53.8348902771799], [-1.08847289213083, 53.8319298008943], [-1.09872067249418, 53.8367169753525], [-1.10480484080373, 53.8375911483867], [-1.11814117682555, 53.8369483601188], [-1.12774247199646, 53.8337844971532], [-1.13347434902223, 53.843273557237], [-1.12707341841958, 53.8435309895466], [-1.12415739423866, 53.8449603863181], [-1.12356118080705, 53.8497863303227], [-1.11959603966841, 53.8527278662595], [-1.11786193347373, 53.8562483583159], [-1.12706500161479, 53.864561404339], [-1.11932476134459, 53.8666709497036], [-1.10635684840535, 53.8750707370044], [-1.100436793389, 53.8763595489067], [-1.09972119111525, 53.8803628262881], [-1.09561318344707, 53.8830095707003], [-1.09301118638399, 53.8902092144182], [-1.09727982823814, 53.8932874694392], [-1.09900669121131, 53.8937731495687], [-1.09361966473933, 53.8894417690874], [-1.10023390784021, 53.8803576828895], [-1.10063345829329, 53.8767681582508], [-1.10534592591327, 53.8758383032409], [-1.1271748073254, 53.8651292819859], [-1.12820224126185, 53.8633203131493], [-1.1183726041439, 53.8560400496403], [-1.1241084085203, 53.8498631069539], [-1.12655074598905, 53.8440367613374], [-1.12933556448265, 53.8440938299603], [-1.12939158902338, 53.8447584505836], [-1.13045836212067, 53.8452875253281], [-1.13247146766567, 53.8456885584463], [-1.13396939824376, 53.8455070818911], [-1.14132457211147, 53.839472176396], [-1.14295984195181, 53.83991624829], [-1.14152247206029, 53.8432468195905], [-1.1441796485959, 53.8500096436333], [-1.15780401281447, 53.8517678605265], [-1.16593391678227, 53.8470159863154], [-1.17127044410872, 53.8555709715133], [-1.17301150964502, 53.8561708095858], [-1.17772114997736, 53.8562687471219], [-1.18122333545983, 53.8547386293638], [-1.18295844373552, 53.8526031735502], [-1.18322467708158, 53.8499346604498], [-1.19174188608324, 53.854270579255], [-1.20040441664233, 53.8553793409079], [-1.20640353849266, 53.8547314751717], [-1.1831798651129, 53.8496611051103], [-1.17963835472871, 53.8554046027539], [-1.17294578847839, 53.8559627008937], [-1.16623567709793, 53.846821208812], [-1.15777217112797, 53.8513056893126], [-1.14436833415159, 53.8497790709382], [-1.14321599881884, 53.8397238982181], [-1.14148648716596, 53.8392072712701], [-1.13774275844872, 53.839762888176], [-1.1345335867028, 53.8449718348503], [-1.12992733181072, 53.8448001636858], [-1.13357978942077, 53.8439088803725], [-1.13446060643869, 53.8426874433235], [-1.12867534768349, 53.833349089489], [-1.1265215717564, 53.8327240329658], [-1.10411486610874, 53.8370961951667], [-1.08870078806786, 53.8313688508619], [-1.07663255651629, 53.8356279275113], [-1.08469351643323, 53.8244893526228], [-1.08359065913936, 53.8213494681311], [-1.0432080162688, 53.8102345817755], [-1.04840185187045, 53.8035947779212], [-1.04709895825697, 53.7900597489349], [-1.06645417474104, 53.7878766404913], [-1.06804994564711, 53.7861751896116], [-1.03759166876051, 53.7773238522911], [-1.02472288949137, 53.7759014219662], [-1.02178914112239, 53.7716754152527], [-1.02968648252319, 53.7708262770968], [-1.03406064857646, 53.7647449823175], [-1.02454530100784, 53.759522197952], [-1.00148785056249, 53.7685987324203], [-0.986996215327432, 53.7642230312409], [-0.988746656309084, 53.7609471631093], [-0.982067157258491, 53.7532424342548], [-0.963906818474332, 53.7465253241679], [-0.961532789704846, 53.735662758821], [-0.911676713937412, 53.7323433734663], [-0.91234709849629, 53.7281572017575], [-0.90392763705293, 53.7186280940655], [-0.9235577951623, 53.7188778535171], [-0.935268315516168, 53.7164332744097], [-0.944164123375658, 53.7127088955251], [-0.949715776202719, 53.7130695657538], [-0.954197396905857, 53.7148551743744], [-0.957833177143808, 53.7150082372584], [-0.959256015589041, 53.7136578714431], [-0.959366398686958, 53.7099231692069], [-0.961650893380465, 53.7076563128809], [-0.958084786197899, 53.7050744335413], [-0.962919620971306, 53.7035649295214], [-0.962781999236259, 53.7009705660762], [-0.969599674528433, 53.7022805695958], [-0.966032905966263, 53.7046021152574], [-0.966254167749981, 53.7059594676333], [-0.967993668052412, 53.7069929238476], [-0.980925621973554, 53.7051674362297], [-0.982907587621062, 53.704267430798], [-0.983725736284188, 53.7025664984736], [-0.982717772985377, 53.6991423001984], [-0.980291689033913, 53.6971199791867], [-1.00105414751627, 53.6990898487083], [-1.00314305365201, 53.698632607013], [-1.00689179486392, 53.6955474232971], [-1.01101049515977, 53.6970672975615], [-1.02136119035728, 53.6982487985223], [-1.03405141653483, 53.6966349539449], [-1.03887463249616, 53.6940733768661], [-1.04098666789916, 53.6962403558137], [-1.04557604800173, 53.6987092234525], [-1.04801061704533, 53.6986845588067], [-1.0534785338504, 53.6969994083519], [-1.05391320398068, 53.7015932393862], [-1.06148057622537, 53.7069289342328], [-1.06350432973882, 53.7068009885771], [-1.06864094904164, 53.7042882323804], [-1.07188844081404, 53.7089963717718], [-1.0754353907591, 53.7092601987657], [-1.0805997178001, 53.7083067202231], [-1.08093041803979, 53.7110696016867], [-1.08438102267027, 53.7149501900993], [-1.08402024182805, 53.7173320807404], [-1.09004628275597, 53.7154526785098], [-1.09378469670955, 53.7130442339063], [-1.09496493760827, 53.7162287216037], [-1.10386105850573, 53.7146641842311], [-1.09885965494414, 53.7178409031129], [-1.09836163110502, 53.7193732763463], [-1.10938091021744, 53.7233619293877], [-1.1119776470097, 53.722899463696], [-1.11635216016472, 53.7200456506565], [-1.11670483502572, 53.7228894535135], [-1.12086953245872, 53.726666398584], [-1.11740019858301, 53.7200767338262], [-1.11477689071032, 53.7193571335364], [-1.10913675991105, 53.723005986253], [-1.09888437025583, 53.7190940647484], [-1.10490222238988, 53.7147240805612], [-1.09409067553381, 53.7127634046203], [-1.08476532929028, 53.7169314341502], [-1.0847524001169, 53.7145953021557], [-1.08138967108523, 53.7109931479583], [-1.08131858730673, 53.7082726946941], [-1.07979925934004, 53.707843111653], [-1.07231838455612, 53.7088038091405], [-1.06895063791237, 53.7039881866155], [-1.06145772135908, 53.7065243032279], [-1.05394171845245, 53.6968097758711], [-1.04596952933199, 53.6985227529921], [-1.03902272115034, 53.6936897867354], [-1.02212263472426, 53.6978757170316], [-1.0068309558117, 53.6951083183331], [-1.00094843848011, 53.6986916119703], [-0.980578692339886, 53.6967107746663], [-0.979622997755153, 53.6974639316638], [-0.982322870396651, 53.7040161630402], [-0.974726269154444, 53.7059315809933], [-0.967951854003712, 53.7065376944228], [-0.970415805571879, 53.7021706742029], [-0.96253342432444, 53.7005458947038], [-0.957271940183847, 53.7049873912438], [-0.960888509926657, 53.7077898878761], [-0.958554323255632, 53.7100438080276], [-0.958205792797888, 53.7144038423419], [-0.954291879086241, 53.7144659162176], [-0.949284899205083, 53.7126684286937], [-0.944215624157767, 53.7123434394725], [-0.92361849079543, 53.7184576719223], [-0.905441766052509, 53.7166904269232], [-0.90299699840399, 53.7195669819732], [-0.905141807820477, 53.7270857218458], [-0.86607928085291, 53.7217223006277], [-0.857590972316105, 53.724352617712], [-0.854220213259367, 53.7307132193832], [-0.846984152463789, 53.7253180773921], [-0.844042500136995, 53.7133186100737], [-0.864081494297704, 53.7037998565891], [-0.866385527845539, 53.696648731467], [-0.86959859454563, 53.6970808463375], [-0.885916637641701, 53.6946880714208], [-0.946110169886751, 53.6798422292914], [-0.991611998442768, 53.673986813776], [-0.99253775177535, 53.6553659451419], [-0.989242933996756, 53.645156824839], [-0.984565193200962, 53.6376774964466], [-0.983263619046294, 53.6207966834168], [-0.99562100064069, 53.6121649638593], [-1.02917305685408, 53.6041884658274], [-1.03315727828481, 53.6017838885575], [-1.03983709085334, 53.6020965269423], [-1.05157030055334, 53.6017450472562], [-1.07159602070753, 53.5946625396777], [-1.07564441654365, 53.5958812482581], [-1.08717745618976, 53.5947678943255], [-1.09113209351384, 53.5922047954638], [-1.0911814602512, 53.5908218734858], [-1.08833159453903, 53.5882509951097], [-1.08634188743532, 53.5871383811104], [-1.08536127272666, 53.5851893911326], [-1.08297411203976, 53.5834614714505], [-1.08135202529514, 53.5718925313111], [-1.09144983946124, 53.5635939853892], [-1.09294600557969, 53.5535623611686], [-1.09119468929438, 53.5634526773692], [-1.08243377374932, 53.5670672751439], [-1.08088961086382, 53.5724659738752], [-1.08265576421235, 53.583513937807], [-1.08606342678728, 53.5872288127986], [-1.09035674538249, 53.5901828231482], [-1.09106480953496, 53.591538246434], [-1.08729155527582, 53.5943813791232], [-1.07120980114239, 53.5944313029026], [-1.05162960910839, 53.6014614701243], [-1.03346551077361, 53.6014520092551], [-0.995448648854608, 53.6119756205415], [-0.988509303614634, 53.6153813941161], [-0.982211519916329, 53.6217971423477], [-0.984158391175604, 53.6379895436955], [-0.99192275640329, 53.65571400916], [-0.991011558795041, 53.6735835913055], [-0.946080308246351, 53.6793385719276], [-0.868543881770783, 53.6965351456719], [-0.85642814885703, 53.685771285507], [-0.848103894874568, 53.6850767285297], [-0.811885120280041, 53.7043454484476], [-0.775042794721447, 53.6947026561153], [-0.738019257536633, 53.7040820746765], [-0.698497076279123, 53.6976539849046], [-0.699897331660204, 53.6961573398697], [-0.705591089632011, 53.6967896921732], [-0.70997840572146, 53.6958644211927], [-0.699725310049221, 53.6956934020534], [-0.701447490298624, 53.6863933515608], [-0.689746030840721, 53.6730444513243], [-0.698852134544602, 53.654041733422], [-0.712907356395086, 53.6450933822562], [-0.715044101640046, 53.6332179877208], [-0.712540054521684, 53.6237096465673], [-0.700835070074304, 53.6130788470761], [-0.708534006915921, 53.6081624936163], [-0.728513769596369, 53.6081758934135], [-0.738021699336858, 53.5990116402109], [-0.739756498783479, 53.5926549761247], [-0.731614271801064, 53.5841166266902], [-0.746330628755508, 53.5727756998898], [-0.748980464660014, 53.5632212611663], [-0.73884888219369, 53.5462200794804], [-0.743625195849945, 53.5353801495805], [-0.739190138050453, 53.5230976334545], [-0.75289491918213, 53.5008380937993], [-0.768334462409376, 53.4994403296714], [-0.77624394040914, 53.4887346919511], [-0.772077117152982, 53.4794261466294], [-0.785735833141874, 53.4752994442344], [-0.785107380321196, 53.4633295813772], [-0.798111998204267, 53.4552331292671], [-0.871919281432214, 53.466310803053], [-0.873735876464382, 53.4614784385629], [-0.916249020723134, 53.4602956888135], [-0.920246794246959, 53.4655076496685], [-0.9004706270826, 53.4751558663774], [-0.935564625288195, 53.5025165284893], [-0.953259205587141, 53.4844235283874], [-0.985978085087804, 53.4716733710931], [-0.985547613494418, 53.4613539670894], [-0.997518157485324, 53.4436550467849], [-0.995669798894032, 53.4369266834287], [-1.01245806584945, 53.4327958706793], [-1.01435810855506, 53.426297357497], [-1.03051529485536, 53.425195309492], [-1.0309498187762, 53.4309795254991], [-1.05488903653977, 53.425461431792], [-1.08043943279743, 53.426867859038], [-1.07912295943339, 53.4228091307237], [-1.08704609824437, 53.4255440491046], [-1.09873738770383, 53.4187347510545], [-1.10822686375117, 53.4058817747945], [-1.11604100602787, 53.4073493528943], [-1.11557938044441, 53.3971857489981], [-1.12281104249626, 53.3983123988667], [-1.13469257364267, 53.3897705866995], [-1.13131073411345, 53.3895564278894], [-1.13053708984926, 53.3755712186089], [-1.14603291441165, 53.3690411448824], [-1.13853968203233, 53.3559075133134], [-1.16262283265144, 53.3567360048752], [-1.15684339220656, 53.3449694993649], [-1.14155178271676, 53.3467974269081], [-1.13871810210376, 53.3413828108768], [-1.17511085119313, 53.3256773764623], [-1.17448181183083, 53.3213908671433], [-1.1924158097994, 53.3189898132092], [-1.2032390468772, 53.3042232396806], [-1.23044035253652, 53.3085581386891], [-1.24332977849925, 53.3016490537986], [-1.25429413883004, 53.3017548273463], [-1.2735976013037, 53.3104401014425], [-1.28201141324174, 53.3094625893165], [-1.29567816421914, 53.3150369715531], [-1.29515875672233, 53.3217915202234], [-1.28858902654107, 53.3262280540006], [-1.30597310643514, 53.3337698474376], [-1.31229934658408, 53.3341648261918], [-1.30878911719545, 53.3321707744687], [-1.31495818392184, 53.3265214837728], [-1.32830019566931, 53.3289742087432], [-1.33766816519733, 53.315870058865], [-1.38673871273592, 53.3176321345653], [-1.39200397141391, 53.3226487135994], [-1.38657329018515, 53.334884542305], [-1.40874684512064, 53.3419650577052], [-1.42086649613, 53.3345679515529], [-1.44213573422471, 53.3373845190291], [-1.45988027916359, 53.3306893682185], [-1.45522358182387, 53.3218691402976], [-1.46786581929666, 53.3171584863968], [-1.50213193956548, 53.3175820754971], [-1.53121491084347, 53.310651522755], [-1.5367688622067, 53.3047486735244], [-1.56182692570391, 53.3066022688792], [-1.55575188364951, 53.3115488450082], [-1.56136488528553, 53.3158211879588], [-1.58053389587991, 53.3117380883258], [-1.58300458734422, 53.3157224724702], [-1.57892430901633, 53.3166951246412], [-1.58490201019108, 53.3215879514643], [-1.59909327897252, 53.3113181987842], [-1.6092015844932, 53.3226639601595], [-1.62759442860749, 53.3162405746947], [-1.63272698677736, 53.320839212062], [-1.61230306160512, 53.3432186688852], [-1.59054795436381, 53.3459209843409], [-1.62560375202567, 53.3520618974478], [-1.66395050906038, 53.366892925436], [-1.66329148162487, 53.3742482318557], [-1.6535305185542, 53.3848521072128], [-1.65471696830255, 53.3930270614854], [-1.66808924679528, 53.3930711909017], [-1.68182866242726, 53.4017807007349], [-1.69452121635221, 53.4011611620031], [-1.70496532088341, 53.405055973056], [-1.70323415116834, 53.4137221106404], [-1.70853223310302, 53.4173394733109], [-1.72995113840574, 53.4159856385031], [-1.74671906273467, 53.4261649295363], [-1.74427301019628, 53.4312966588394], [-1.74972822931623, 53.4391192589743], [-1.74367441569702, 53.4450137315161], [-1.74816658827345, 53.4573303128506], [-1.7452637110049, 53.4619918690272], [-1.76843734147339, 53.4647669318847], [-1.77906318250375, 53.4742211926421], [-1.80147063244941, 53.4809917598487], [-1.79628821898355, 53.5031529896704], [-1.81039889127308, 53.5063401484474], [-1.80077865319122, 53.5113785283363], [-1.81952377656311, 53.5134280910315], [-1.82715106039428, 53.5235079165748], [-1.84182082823365, 53.5199087793644], [-1.87349262570415, 53.5404296499177], [-1.89410949217379, 53.5336117783992], [-1.90962083195551, 53.5383909856456], [-1.9128846428011, 53.5516436140542], [-1.94272585126694, 53.5616412932109], [-1.94640023378514, 53.5715055484044], [-1.97824393720057, 53.5867882658331], [-2.00947078713106, 53.6167795102388], [-2.02303595762586, 53.6158394760088], [-2.0308867011242, 53.6292400378947], [-2.02999663899538, 53.6361692639832], [-2.0411427931605, 53.6408453604088], [-2.03570938831999, 53.659327666018], [-2.05291768111001, 53.6703167293935], [-2.05124217318775, 53.6836917577465], [-2.08307752388252, 53.6781042613117], [-2.08726453572912, 53.6707514015823], [-2.1180850077117, 53.6712452232624], [-2.13412727234523, 53.6857340281759], [-2.14353550696343, 53.6784976749911], [-2.14817676236075, 53.6861201417199], [-2.14525470704119, 53.6922949155996], [-2.16260484052451, 53.6992002008284], [-2.16332582461035, 53.7083861234468], [-2.17329132180093, 53.7230096460328], [-2.1559976185174, 53.7353253598666], [-2.14530609129354, 53.7360581182258], [-2.1417235451508, 53.7457368210486], [-2.13130283040007, 53.7513761872271], [-2.13046429043648, 53.7723894159137], [-2.13636274882185, 53.7801044586254], [-2.12481550058915, 53.7880553415977], [-2.12972165227787, 53.7916317792142], [-2.12835851818789, 53.7990313029985], [-2.08497916890501, 53.8185205738097], [-2.04692463706631, 53.8295102810523], [-2.04613032171259, 53.8501412455596], [-2.07484949406931, 53.862367340437], [-2.0811910243705, 53.8699714222988], [-2.08991499194819, 53.8681819720455], [-2.08144705819635, 53.8756803205624], [-2.10301894796253, 53.8909412962507], [-2.11317599133283, 53.9046115598385], [-2.10746665577796, 53.9080429752116], [-2.11309296486617, 53.9154393014045], [-2.13222410689956, 53.9265088503224], [-2.16287677864059, 53.9272699363196], [-2.16426598029046, 53.9347042728721], [-2.18226279072402, 53.935410922771], [-2.18548776350961, 53.9418871632753], [-2.17946680971232, 53.9459857686744], [-2.1960183674942, 53.9695758446194], [-2.22567381467208, 53.9611195231592], [-2.22592212346691, 53.9672774375262], [-2.23209923454447, 53.9712160499507], [-2.22111218452458, 53.9779017069844], [-2.23037833998678, 53.9815591886436], [-2.29455000222391, 53.9744666761166], [-2.298948683376, 53.9765461302173], [-2.29687754801523, 53.980582684894], [-2.31917729442185, 53.9938205133544], [-2.33999932342476, 53.9894768964455], [-2.35217648678239, 53.9946124330005], [-2.35228494459096, 54.0105532688523], [-2.33956433043647, 54.0093207221731], [-2.34360354182356, 54.0173271034288], [-2.35732329416741, 54.0191170938826], [-2.36199948040014, 54.0406696815782], [-2.37407297715162, 54.0490890605674], [-2.42582648982368, 54.0380949093938], [-2.46467647946736, 54.0432023281427], [-2.47054614196681, 54.050854961416], [-2.46399017083704, 54.0610840427484], [-2.46434741774283, 54.0752794321098], [-2.50952601849528, 54.0954253298731], [-2.52400965394563, 54.0946224792898], [-2.52410884993147, 54.1021293833822], [-2.53676628071926, 54.1040992590531], [-2.5447643187028, 54.1171303315146], [-2.56332935822042, 54.1227060135958], [-2.56473208038447, 54.1269053231688], [-2.56138864281344, 54.1298997562016], [-2.56341030273354, 54.1404056820742], [-2.55787385630655, 54.1433641928547], [-2.56050449737639, 54.1530521175321], [-2.53397895530311, 54.1576927128776], [-2.52875904200962, 54.1694841194201], [-2.47994013195092, 54.2023289897773], [-2.47369902061277, 54.2152819802746], [-2.46086273483392, 54.2267161351685], [-2.43542759127717, 54.2228770156123], [-2.40563193679838, 54.2249151681045], [-2.39677965225249, 54.2393810797039], [-2.37302060410132, 54.2400989034835], [-2.37232524199247, 54.2482345937254], [-2.36231711509247, 54.2497526288087], [-2.34805240648407, 54.2378066814487], [-2.32564664212512, 54.2414383475156], [-2.31551421488285, 54.2702849265903], [-2.32589176655811, 54.2796929160037], [-2.31719184100725, 54.2871656647743], [-2.32417201077219, 54.2936051520333], [-2.32039028854724, 54.2990444642984], [-2.32434525002445, 54.3007755238199], [-2.32040123114123, 54.3067705958745], [-2.3230323098134, 54.3110827863686], [-2.31497755786942, 54.3135863704028], [-2.30984140863991, 54.3243149774976], [-2.33474923494826, 54.3349447249861], [-2.33576762127958, 54.3404348262277], [-2.35967411360357, 54.3502667635445], [-2.36771223910638, 54.356070614351], [-2.34464790841351, 54.3596285098932], [-2.31704255658246, 54.3763105176709], [-2.2974404079712, 54.3768987644415], [-2.29170338915819, 54.39062970169], [-2.30544502560032, 54.3970864171865], [-2.30787928897234, 54.4208234357992], [-2.29185352910439, 54.4314625386177], [-2.29286520125281, 54.4393074909511], [-2.27134782102503, 54.4409161654299], [-2.26537837452071, 54.4429263064175], [-2.26790292597675, 54.4472335738128], [-2.24953922329874, 54.4519434353475], [-2.23561740343055, 54.4482310567187], [-2.18931554536681, 54.4489784731566], [-2.17750847989225, 54.4616256747416], [-2.15926758918667, 54.4554834833023], [-2.11659617374357, 54.4622634779758], [-2.04319843418637, 54.4835994475386], [-2.04472952149334, 54.4751862733078], [-1.99676437249469, 54.4669034483454], [-1.97612526417875, 54.4597287832746], [-1.97005959181258, 54.4515215410208], [-1.94254323627035, 54.4533953541015], [-1.89343027732002, 54.4668982622119], [-1.87760324451019, 54.4780495566969], [-1.85912998438283, 54.4818579024252], [-1.85780051144888, 54.503539794396], [-1.83943329269054, 54.5084372355978], [-1.82244344250921, 54.495177706224], [-1.79297648414091, 54.4844924287088], [-1.78717719757631, 54.5010389912324], [-1.7821752755751, 54.5070126931078], [-1.77613231485782, 54.5067285041672], [-1.77969652861129, 54.5318729939184], [-1.73309136190533, 54.5277364123393], [-1.7213108898176, 54.5423017243929], [-1.6836302852876, 54.5334795569249], [-1.65793716561516, 54.5345889222004], [-1.65467519937522, 54.5246500961671], [-1.63377378148266, 54.525364378957], [-1.6329311189945, 54.5187043442705], [-1.64049845249066, 54.5171891225], [-1.63344443619249, 54.5141122913593], [-1.61210728790275, 54.5199920002828], [-1.6006232763505, 54.517097764642], [-1.60269996416242, 54.5105369289187], [-1.58106853741621, 54.5128456586148], [-1.59162276644808, 54.5040043151316], [-1.57921485380734, 54.5051876844863], [-1.58298032825201, 54.4971007328169], [-1.55519520906131, 54.4849781907925], [-1.54567271781715, 54.4712384758728], [-1.51969374190879, 54.4711152244878], [-1.53015082479877, 54.475750924493], [-1.52883695102378, 54.4848137377239], [-1.51413191899894, 54.4837750912496], [-1.51134080604103, 54.4750122607667], [-1.50524707362159, 54.4824197964342], [-1.49152217227962, 54.4860915234414], [-1.49905229173469, 54.4756782303405], [-1.47537275452127, 54.4738451780048], [-1.46761924250396, 54.4621505168892], [-1.47205221947318, 54.4555996004691], [-1.46173157505671, 54.4511495549161], [-1.45472458308537, 54.4536016929835], [-1.46274624066678, 54.4611150918875], [-1.45391325690221, 54.4661553701339], [-1.46385281919771, 54.4737580498127], [-1.45759718214836, 54.481362259061], [-1.46182748612818, 54.4859514024196], [-1.45847354349528, 54.4928394148308], [-1.47555932906158, 54.4981083114132], [-1.46211390493, 54.5042450175754], [-1.4269858515425, 54.48523430756], [-1.43211777207151, 54.479454565172], [-1.41788675584371, 54.477086193671], [-1.40997366388243, 54.4783329917471], [-1.4070888004288, 54.4935296381495], [-1.39921534726528, 54.4928922201641], [-1.39505004776972, 54.4856799721371], [-1.38306509657495, 54.4872864918278], [-1.38101055095849, 54.4940289306676], [-1.37029868291013, 54.486138546545], [-1.37477999807413, 54.4824672452689], [-1.37256157635986, 54.4723074609222], [-1.36441713758622, 54.465952408782], [-1.35649046557565, 54.472925854554], [-1.34491503450455, 54.4724080083617], [-1.3436289617262, 54.4641554121316], [-1.31311599747899, 54.4772771960172], [-1.30043052365099, 54.4758220047871], [-1.28671008771693, 54.482734589345], [-1.28959195192554, 54.4879864635201], [-1.28109315435744, 54.490567247829], [-1.25740307371, 54.4873218291368], [-1.25326239446654, 54.4977824793089], [-1.25667466779605, 54.5011079127846], [-1.24232075677082, 54.501658038144], [-1.23060453308383, 54.5118815655952], [-1.11838000658732, 54.498198569694], [-1.11178282493089, 54.5043740280769], [-1.09473696863192, 54.506695609022], [-1.0368514550928, 54.4940440596311], [-1.02380033989238, 54.5020450645543], [-1.00340105305077, 54.5030120993885], [-0.967828726003033, 54.4972684814954], [-0.952951598811726, 54.4880355481098], [-0.880825023321814, 54.4970468603547], [-0.875781199914727, 54.4911646103066], [-0.848530740694743, 54.4879729367657], [-0.843942119060198, 54.4912249205592], [-0.853321110841555, 54.5027138369866], [-0.848647297024731, 54.5300038288166], [-0.827081463556422, 54.5485187051945], [-0.80041918962436, 54.5510109253916], [-0.792206920001774, 54.559472309679]]], [[[-0.788285284520945, 54.5601937885029], [-0.78796006052408, 54.5590619936355], [-0.788978345776028, 54.5599952714013], [-0.788285284520945, 54.5601937885029]]]]}}, {"type": "Feature", "properties": {"Region": "East Midlands", "LabelPoint": [52.7939905791726, -0.6971650998173927]}, "geometry": {"type": "MultiPolygon", "coordinates": [[[[0.268771684223276, 52.8158617725552], [0.267466840608631, 52.8132600992814], [0.26448231403563, 52.8158185698973], [0.268771684223276, 52.8158617725552]]], [[[0.222557627782616, 52.8229871805086], [0.240175744500973, 52.8220402461294], [0.238882444621792, 52.8207834035502], [0.238615488209368, 52.8192137996033], [0.245184337176073, 52.822233461423], [0.242765447444411, 52.8174119202714], [0.245262601393749, 52.8220003851091], [0.252590216650377, 52.8193467903913], [0.250532654739366, 52.8125660119093], [0.257156679950643, 52.8167483951202], [0.253016453475256, 52.8112995956275], [0.257510385975279, 52.8169860017708], [0.259403516361092, 52.8160360795628], [0.258747902760805, 52.81329876149], [0.260334589098502, 52.8099294179207], [0.263484161464763, 52.8101830482394], [0.260372136212271, 52.8099618646003], [0.259749719009178, 52.8144601322601], [0.262601141379026, 52.8112095922352], [0.263845214821297, 52.81014876562], [0.264197212886991, 52.8100567117868], [0.265875210693079, 52.8104027861172], [0.261245579383009, 52.815574516222], [0.267445573607382, 52.8132179018251], [0.262782544599451, 52.8037524313304], [0.253117286064436, 52.7974055299988], [0.260960642472351, 52.7960760413384], [0.245037550842594, 52.7844699906207], [0.272228339358099, 52.7728129916084], [0.233163265720472, 52.7602653219246], [0.186323197484379, 52.7353486304287], [0.172107673666903, 52.737943815139], [0.195399165250582, 52.7656286736273], [0.201062334622115, 52.775593996453], [0.207583132448116, 52.7879114495339], [0.207305527822508, 52.788170527303], [0.215794669382202, 52.8177121911204], [0.216182842083593, 52.8184891931675], [0.21554079956005, 52.8163742865913], [0.21744765062353, 52.8161441248897], [0.216812867823063, 52.8208836091732], [0.222134180574353, 52.8221539811785], [0.220453793955164, 52.8185656765257], [0.225769450522273, 52.8180522809905], [0.221387210359158, 52.8170836229002], [0.229448177672316, 52.8165447766887], [0.222557627782616, 52.8229871805086]]], [[[0.209830282632945, 52.8269590574776], [0.205580040823211, 52.8249087304343], [0.204553566284242, 52.8259721326921], [0.207564263269232, 52.8269019643984], [0.206326128752264, 52.8264356214972], [0.209830282632945, 52.8269590574776]]], [[[0.213459748602507, 52.8266427541148], [0.213222046722516, 52.8263483074303], [0.211180685218018, 52.8262239368867], [0.210354572359782, 52.8260696578398], [0.209882098641621, 52.8260776972445], [0.213459748602507, 52.8266427541148]]], [[[0.21526021101135, 52.8276889819384], [0.214290645845987, 52.8258708947162], [0.213388788435381, 52.8263756156617], [0.21526021101135, 52.8276889819384]]], [[[0.213414746651215, 52.828699069822], [0.213773855667513, 52.8272236208292], [0.208659513632464, 52.8271665080926], [0.209512059111093, 52.8272606840156], [0.213414746651215, 52.828699069822]]], [[[0.213375152872589, 52.8287533964398], [0.211901182620466, 52.8282582710934], [0.211361891028015, 52.8284989851504], [0.210064571633561, 52.8285180790631], [0.208970362982849, 52.8283425889225], [0.208005863063131, 52.8283897702468], [0.213375152872589, 52.8287533964398]]], [[[0.116727204056643, 52.8915851394127], [0.114560328006406, 52.8889251686893], [0.114314993377889, 52.8869804481681], [0.114311493577502, 52.8850248490568], [0.11487644022526, 52.8831915876123], [0.113617995247314, 52.8828535336854], [0.114079596475377, 52.8839498114056], [0.113339379713031, 52.8899104842302], [0.116727204056643, 52.8915851394127]]], [[[0.116467062557948, 52.8935484588959], [0.110739717484521, 52.8892250670568], [0.110995157064841, 52.8833956078572], [0.109280876803191, 52.8835686946256], [0.109092306477888, 52.8833398557824], [0.101874661246471, 52.8838407890203], [0.101515997073884, 52.8840630049202], [0.102757692525813, 52.8843513017939], [0.102067969022675, 52.884699340544], [0.102285915197242, 52.8850106855704], [0.101092690369606, 52.8881059566145], [0.100281375189721, 52.8887078062882], [0.10076133871896, 52.8944409549629], [0.101440931543758, 52.8938720664187], [0.101004218575558, 52.8919176091567], [0.100954365118739, 52.8906283699319], [0.101243200180085, 52.8895376514503], [0.10150775368998, 52.8939346943089], [0.102910889775499, 52.8940168276183], [0.102961020626094, 52.8928558926597], [0.103811865219972, 52.8925007522743], [0.102388329309988, 52.8911112468336], [0.101779985450546, 52.8891887286247], [0.102033564290355, 52.8881746607915], [0.103814738702161, 52.8920457399418], [0.103893124728547, 52.8925382176178], [0.103046188431821, 52.892883803715], [0.103066909876219, 52.8943100358682], [0.104388950471819, 52.8943928504542], [0.103378357319506, 52.8888260961179], [0.103325408857926, 52.8879681721161], [0.103850506200474, 52.8872268028476], [0.104549423088087, 52.89402690841], [0.106777854092379, 52.8893174131366], [0.105762857953446, 52.8925644425157], [0.106260541996008, 52.8917188467593], [0.10881535125218, 52.8907032407642], [0.108737329215643, 52.8887067185211], [0.109270462447246, 52.8900608597714], [0.108872240216075, 52.8907102417729], [0.106203857387783, 52.89183074076], [0.105897093945016, 52.8944147625128], [0.116467062557948, 52.8935484588959]]], [[[0.0322792678237853, 52.9001060995758], [0.0293656392796499, 52.8975637263885], [0.0283051701020698, 52.8977886863208], [0.0322792678237853, 52.9001060995758]]], [[[0.0441644009486563, 52.9148463114277], [0.0487597691020954, 52.9134360788642], [0.0432378695617383, 52.910822211883], [0.0441644009486563, 52.9148463114277]]], [[[0.0531038259809326, 52.9162211729203], [0.0494171282941999, 52.9137622797075], [0.046853117213114, 52.9150270457948], [0.0473646891074185, 52.9161036931102], [0.0531038259809326, 52.9162211729203]]], [[[0.0316993401631291, 52.8983664714575], [0.0631347274952919, 52.9164466875444], [0.0640598973493051, 52.91655826624], [0.0643350192334481, 52.9160784051384], [0.0628562628086167, 52.9156132427144], [0.0625377358037024, 52.9147890290148], [0.0606703323882578, 52.914134615332], [0.0678988703585419, 52.9146877798524], [0.0541929929931841, 52.911297462762], [0.0668033884292553, 52.9119888526054], [0.0613149690506293, 52.9091032341775], [0.0678956430094858, 52.9075994257244], [0.0628815143239947, 52.9074981176546], [0.0606755266134571, 52.9086419489882], [0.0591455845601676, 52.9085661406032], [0.0535000339448432, 52.9069621042714], [0.0483241231613787, 52.9047094581772], [0.0599452739097853, 52.9085963825755], [0.0625867782522214, 52.907399776539], [0.0653569571222874, 52.9071102693711], [0.0316993401631291, 52.8983664714575]]], [[[0.0628382718769167, 52.91739612375], [0.0684832146274104, 52.915675606183], [0.0627379514935777, 52.914901496793], [0.0631302168581562, 52.9155434692698], [0.0643642045016164, 52.9160349564719], [0.0644556756079945, 52.916215030883], [0.0642172184113733, 52.9165334137648], [0.0637074913810158, 52.9167719306669], [0.0632233502816264, 52.9164673648056], [0.0628382718769167, 52.91739612375]]], [[[0.0594805432335222, 52.924238948643], [0.0611098386119505, 52.9237175052385], [0.064012791597331, 52.9240459922127], [0.0645774303250219, 52.9236720782856], [0.0630723813718157, 52.9227850872886], [0.0628070897129585, 52.9233508797529], [0.060709003808818, 52.9235901604383], [0.0594805432335222, 52.924238948643]]], [[[0.0607680662104055, 52.9247493744401], [0.0616586922876877, 52.9244288461399], [0.0636456799749051, 52.9241270320053], [0.0583774814093585, 52.9243911702366], [0.0616239031477787, 52.9230992799163], [0.0579429098436338, 52.9243420201518], [0.0560308175977674, 52.9243265062946], [0.0607680662104055, 52.9247493744401]]], [[[0.0965398783027543, 52.963707825166], [0.0973513224364796, 52.9606242621172], [0.0936940034759688, 52.961073106703], [0.0965398783027543, 52.963707825166]]], [[[0.0969066354389204, 52.9641482254027], [0.100682254637463, 52.9649051663834], [0.0982870357035649, 52.9624941621035], [0.0969066354389204, 52.9641482254027]]], [[[-0.775652542125689, 53.3793792868423], [-0.775766502990178, 53.3790748205622], [-0.780565444101726, 53.3825416076613], [-0.775652542125689, 53.3793792868423]]], [[[0.0355688365402143, 53.5201822068156], [0.0313830353342258, 53.5174339881111], [0.0309213792073376, 53.5180544169792], [0.0313027373686867, 53.5189004267922], [0.0330652212402269, 53.5194873279789], [0.0341032577629198, 53.5208675371677], [0.0355688365402143, 53.5201822068156]]], [[[-0.300930360808404, 53.6163880593414], [-0.269812309014152, 53.5986179737601], [-0.24847604907361, 53.593663691688], [-0.251395553409818, 53.5846530760873], [-0.234668675193634, 53.5862504184973], [-0.222558901329779, 53.5680169273626], [-0.20463979721541, 53.5716149411682], [-0.191692269491797, 53.568465288675], [-0.187529353437806, 53.5636127656222], [-0.219882527217496, 53.5326064907721], [-0.210589579218055, 53.5317064641017], [-0.213624092361678, 53.5263590353292], [-0.204086448790055, 53.5117673419101], [-0.210604976147154, 53.4862884742396], [-0.188565229273785, 53.4845380575922], [-0.181804717740498, 53.4686494113505], [-0.153680016923717, 53.4656777570993], [-0.158507673042806, 53.4615836690514], [-0.149227746736442, 53.446699664488], [-0.131844979439125, 53.4359255434669], [-0.122786056566, 53.4373458388718], [-0.120343715760136, 53.4335649224696], [-0.0822093450711558, 53.4511510054798], [-0.10782063241139, 53.4698627568227], [-0.0898037355375292, 53.4776824143987], [-0.0954884503108306, 53.4859889956556], [-0.0752620038904992, 53.4893357390255], [-0.0676261519015191, 53.515960364891], [-0.0605448943121237, 53.5197491172312], [-0.0466135381137528, 53.5200987293707], [-0.0396002030266638, 53.5131165541705], [-0.00743499495268536, 53.5167977892657], [0.0176185147802517, 53.5255124499773], [0.0284795961582238, 53.5223068273421], [0.0271387569990136, 53.5206925047302], [0.0237549953469169, 53.5206658147785], [0.0230854546419557, 53.5203211913967], [0.0274795201192602, 53.5205241327265], [0.0288171146856797, 53.5224199908619], [0.0284241574647779, 53.5231935569518], [0.0322238034577489, 53.5223265508257], [0.0295492362183477, 53.5197390568233], [0.0335151632718601, 53.5221441126089], [0.0298265619850929, 53.5191561139887], [0.0308034216112916, 53.5181503660724], [0.024135478965115, 53.5190998382105], [0.0205627591001263, 53.5184029341275], [0.0241492764924712, 53.5190294558692], [0.0314781841512394, 53.5172642590185], [0.032409184917128, 53.5177148366262], [0.0305410147178675, 53.5163925670255], [0.0258289486681082, 53.5163072901708], [0.0298001569654597, 53.5152147950944], [0.0353211870879786, 53.5191807823143], [0.0337808709554296, 53.5145975841278], [0.0355958585217882, 53.5180984243963], [0.036844944098155, 53.5167925116389], [0.0348864851842485, 53.5157277346364], [0.0344520601479865, 53.5151354374156], [0.0348039704495298, 53.5147723908761], [0.039218843758406, 53.5156198639173], [0.0379286607572262, 53.5150763685991], [0.0373578843673465, 53.5145970917427], [0.0384919517068058, 53.5108596684207], [0.036920843518465, 53.5105095093688], [0.0398361391139741, 53.5104062906413], [0.0375329607332079, 53.5145569870888], [0.0420168190928075, 53.514452149337], [0.0363998181614624, 53.5176030629801], [0.0357368895037338, 53.5189050186593], [0.0360476813350366, 53.5216065794844], [0.0370701238069255, 53.517230242119], [0.0441194026270601, 53.5139818148214], [0.03881792088955, 53.5131461646729], [0.0406089408314818, 53.5105735073295], [0.0406982824205343, 53.5079741624764], [0.0410526687064455, 53.510585671213], [0.03922176736775, 53.5130103305677], [0.0437225698018461, 53.5132493029369], [0.0444252157090361, 53.514235242701], [0.0445901772212089, 53.513125422107], [0.0426767684453693, 53.5130885894078], [0.0412687153618851, 53.5122995068712], [0.0610893460666, 53.5123733072305], [0.0406217853720963, 53.5165358879401], [0.0387826800069635, 53.5190920099909], [0.0427299360268249, 53.5188697034014], [0.0268254714690165, 53.5297075696453], [0.0725068127356218, 53.5179699550235], [0.0706602042177858, 53.5151839805994], [0.0765574144517849, 53.5131733856876], [0.0810392420772653, 53.5154387242125], [0.0777589845076917, 53.5178202743801], [0.0884180341824354, 53.5149068022458], [0.0905749717940466, 53.510573049831], [0.0817222965718563, 53.5102724685777], [0.0844941024960737, 53.4994310964174], [0.0941548403586652, 53.4947300170871], [0.0905081256708952, 53.4926137699087], [0.0907336824378426, 53.4919116717881], [0.101288391976023, 53.4945705281688], [0.0945421936567102, 53.4889593563769], [0.101837480705074, 53.492574320503], [0.103856257740724, 53.4884873715438], [0.10289342106949, 53.4922100230578], [0.105127191882671, 53.4879712804283], [0.100740280053326, 53.4846745109833], [0.105351193715216, 53.4827286025238], [0.101926944662873, 53.4849138625913], [0.106907437819768, 53.4866222594127], [0.105477835493259, 53.4888535019686], [0.10788336990493, 53.4862003521047], [0.108476970863036, 53.4876582025041], [0.109347179044136, 53.4864287252361], [0.112593835694551, 53.4846198772198], [0.113860793065401, 53.4841376451768], [0.115120908825807, 53.4843515626365], [0.103865542357906, 53.4919569613534], [0.121294177169869, 53.4837575577288], [0.116545914952688, 53.486891130223], [0.103974351912594, 53.4920939868263], [0.103047317857898, 53.4930334040557], [0.106851572961701, 53.4910504912955], [0.109835315964958, 53.4904236949075], [0.105040925236985, 53.4920985261524], [0.102680786234288, 53.4943737692325], [0.107661782815556, 53.4913763931993], [0.104099108131296, 53.4953725335531], [0.112879630545523, 53.4946206515456], [0.1062111682871, 53.5050640419829], [0.129231863446954, 53.4992785523279], [0.124021509222351, 53.4954163953782], [0.134575660153346, 53.4849188895039], [0.143210086871728, 53.4854186420326], [0.138647967656849, 53.4948981144945], [0.147901262785818, 53.4922182917187], [0.17363292641706, 53.4710219342405], [0.165327314429521, 53.4738142421213], [0.17941719064281, 53.4513180070027], [0.179382144359134, 53.4434414939819], [0.190209833272348, 53.4392979144876], [0.185354513821525, 53.4384779307063], [0.188975047447615, 53.4378396030266], [0.186853089278821, 53.4379878708306], [0.180429244670845, 53.4341280470273], [0.175379257183409, 53.4371263149203], [0.179429942593472, 53.4339728686897], [0.180532602592306, 53.4341157837975], [0.181729168377949, 53.4347225625728], [0.18686744651536, 53.4379088528425], [0.184586663049936, 53.4356671403719], [0.191214073255705, 53.4374270995008], [0.187701818192966, 53.4345108852935], [0.194211732016855, 53.4326649096301], [0.191026644471809, 53.4333863109266], [0.188444364347133, 53.4327643164203], [0.197432705451606, 53.4305371793913], [0.193812865848792, 53.427091496674], [0.199711593439013, 53.4292390601974], [0.211050013199773, 53.4173962760247], [0.192075009311346, 53.4182865043561], [0.189482788016447, 53.4173260105809], [0.208311277634613, 53.4171050482242], [0.20050650427819, 53.4158822310331], [0.201252973482306, 53.4156349625181], [0.207417198735549, 53.4169177455177], [0.213084786958964, 53.4166096923621], [0.210651896563903, 53.4166864337887], [0.203864234895676, 53.4153006565464], [0.203589713262318, 53.4142717165072], [0.208412295867812, 53.4154982830615], [0.206382924850026, 53.4101857061722], [0.208616818806192, 53.4153410967328], [0.212144840361191, 53.4160877007758], [0.210356449565524, 53.4142728307258], [0.211687671692348, 53.4110644587325], [0.210122796948564, 53.411053776719], [0.209585408219265, 53.4089513922629], [0.214375603613943, 53.4086334436565], [0.210861050471479, 53.4143013718379], [0.214267398977153, 53.4159598840386], [0.214171910860975, 53.41111199505], [0.228693095424028, 53.4059854129113], [0.223808064780905, 53.4066091148687], [0.23409233447565, 53.3974354753748], [0.228004010819035, 53.3956783761173], [0.235482876550202, 53.3913554108283], [0.28911503235729, 53.3055700751496], [0.319465917102811, 53.2716134008898], [0.336480999303681, 53.2416586065233], [0.340241011245959, 53.2210353808181], [0.355628207639265, 53.1919927634598], [0.346813187759538, 53.1266510216139], [0.349234252655536, 53.1121680928846], [0.344911729824046, 53.1051492599347], [0.337605952200263, 53.1014263789223], [0.343417661890768, 53.1054176391466], [0.345336279084929, 53.1075424834132], [0.342557773041098, 53.1050396989409], [0.340323777480574, 53.104354819736], [0.343361216110883, 53.1115641547207], [0.342592192492494, 53.1193764328753], [0.343014018940255, 53.1123381219797], [0.339721825002173, 53.1128561412974], [0.343155828891466, 53.1116710670068], [0.336950926709863, 53.1011980711832], [0.333967738611151, 53.0866300657235], [0.328249838459935, 53.0911123479548], [0.331459087409215, 53.0920373697137], [0.333974057711584, 53.0932913768622], [0.334949187234994, 53.0943998304107], [0.319389687258316, 53.0916837985616], [0.318423192203102, 53.0923179756141], [0.319967397189319, 53.0933393002702], [0.320548409390303, 53.0924497658194], [0.320775665805693, 53.092387744833], [0.321035722267872, 53.0924987404912], [0.322088063706395, 53.0936499477944], [0.323193699306155, 53.0967443612822], [0.320926641196667, 53.0924886139772], [0.320654752931342, 53.0938110698771], [0.317838410513252, 53.0926623406093], [0.320566659228486, 53.0956094714], [0.319419675174443, 53.1009316733766], [0.318429384852995, 53.101946715857], [0.316610099318136, 53.1022127114054], [0.314927033627583, 53.1015158728835], [0.313698884945561, 53.1032947572946], [0.308720712961113, 53.1054625699788], [0.308547235531092, 53.1078407872343], [0.307293145264372, 53.1099412770798], [0.304176658098125, 53.1112319971282], [0.308728900475427, 53.1053855541245], [0.314639604412846, 53.1015234621556], [0.319273206671275, 53.1009350857625], [0.315747730528077, 53.0923884784813], [0.318864473382667, 53.0910713560927], [0.314146596450032, 53.0917730653518], [0.315322700720495, 53.0934179028501], [0.31111066733298, 53.0946164814078], [0.313977535318451, 53.0941926694059], [0.314850876029953, 53.0943340928127], [0.314628946530174, 53.0947097679227], [0.311678751568807, 53.0953518676399], [0.311251786429366, 53.0951470904697], [0.311519821743332, 53.0948767214493], [0.311091697938067, 53.0946649890531], [0.311134830428111, 53.0944134303935], [0.3146135838257, 53.0928513846901], [0.313853726298903, 53.0918027606357], [0.30799243824272, 53.0935277952682], [0.300469583178371, 53.0913229638374], [0.293957621202796, 53.0880798837365], [0.301535484692059, 53.0915078469749], [0.316969223583927, 53.0905245100043], [0.309159230454544, 53.0902488046011], [0.314201880971541, 53.0883409278233], [0.303385497691487, 53.0873377794657], [0.306322237249046, 53.0853750992355], [0.296016799721842, 53.0799957113462], [0.2916125246486, 53.0828247670466], [0.295221423047372, 53.0796509021203], [0.288436246155754, 53.0757361182837], [0.285632083843853, 53.0800886979385], [0.282788531012696, 53.0803031658032], [0.281788474293144, 53.0801043289981], [0.287476037263318, 53.0748854549543], [0.281698466692341, 53.0778992457902], [0.286859890017831, 53.0749060081827], [0.282350254606251, 53.0762306217826], [0.280928328185159, 53.0761412318349], [0.286454653505176, 53.0748020570651], [0.272239721270126, 53.0673988763238], [0.271094645738374, 53.0703957686149], [0.271731742941638, 53.0670329110231], [0.267939694490187, 53.0671559754779], [0.268978293206746, 53.0688170590166], [0.268980942732434, 53.0696962127881], [0.267055100562847, 53.0694210375161], [0.266333956361462, 53.0673963082946], [0.27205800200707, 53.0663933105425], [0.268566989395338, 53.0641621510279], [0.268451887628758, 53.0656683857254], [0.263411333810389, 53.0668160248813], [0.267260743625655, 53.0642927461921], [0.258801406685991, 53.0642983130258], [0.258317583651926, 53.064268390759], [0.257194075523941, 53.0637750491081], [0.26879512843549, 53.062855422877], [0.248824995771355, 53.0521942986738], [0.249408187316799, 53.0556452402346], [0.242867852092857, 53.0571768592261], [0.247322379566285, 53.0512722511773], [0.237850677321239, 53.054374140223], [0.241421011428887, 53.0519462321199], [0.239561090117164, 53.0515467448739], [0.240953879971247, 53.0505315998185], [0.240315091314857, 53.0507876939469], [0.240060631904377, 53.0507548781215], [0.238691646421217, 53.0503360303909], [0.238483133650334, 53.0498850030126], [0.248151559720075, 53.0510400503979], [0.237558897659457, 53.0452942540623], [0.227692240449103, 53.0431032715092], [0.227656147691936, 53.0443154971444], [0.226175406494822, 53.045618070138], [0.227194470999282, 53.046408664737], [0.226851012270716, 53.0467080298745], [0.224556994669533, 53.0453554041953], [0.227992698437668, 53.0422756156049], [0.225128300601702, 53.0408978870752], [0.224577345212214, 53.0435251446134], [0.223581972527993, 53.0444044968136], [0.22268476608235, 53.0444879519916], [0.225197653544624, 53.0407469402274], [0.221484536572243, 53.0386124518504], [0.218697906294729, 53.0411845381914], [0.220982985494849, 53.0385460094573], [0.196485971380715, 53.0304144314737], [0.194390605584694, 53.0328615438075], [0.193314561735575, 53.0327510845892], [0.193153386102992, 53.0332187547984], [0.19147909432806, 53.034290109664], [0.188544812874095, 53.0352239357019], [0.194754380153668, 53.0286415007519], [0.183230150472969, 53.0290946753545], [0.186904236260145, 53.027234691479], [0.182141280078105, 53.0226858860641], [0.182602088708228, 53.0243291374418], [0.181175703200143, 53.026578486267], [0.182538381058632, 53.0243364121593], [0.181233898337056, 53.0222178923638], [0.180520753381429, 53.025302302349], [0.17841501471447, 53.026493883459], [0.179688805206335, 53.0217687440848], [0.178409584474517, 53.0242914335456], [0.173525235011844, 53.0249898369048], [0.174823406188497, 53.0257138824884], [0.175331995819824, 53.0262624917549], [0.175540561895804, 53.0273429824855], [0.173473227363441, 53.0249946719872], [0.178612857609494, 53.0207733101061], [0.169552293062538, 53.0211085103457], [0.171574666581606, 53.0173294678982], [0.170437022031152, 53.0174654136687], [0.170675162682462, 53.0183120545159], [0.167843366722564, 53.0195598464883], [0.169107430367423, 53.0181319274866], [0.16980796951312, 53.0180910893246], [0.170182913140319, 53.0174850685417], [0.170983854369802, 53.017207713494], [0.164394381697074, 53.0138588449146], [0.163414281217127, 53.0163139290861], [0.160972465048332, 53.0166877098523], [0.161071852328601, 53.0160018165965], [0.162587496713369, 53.0160136486704], [0.164246666391426, 53.0138956379471], [0.164441193026366, 53.01380073721], [0.164749145958309, 53.0138806520338], [0.160424975862799, 53.0114712818142], [0.158968303093418, 53.0141068008432], [0.158797586046151, 53.0104777209075], [0.157780099819735, 53.0112224614412], [0.157852418787359, 53.0115580352505], [0.157384778003573, 53.0124119647277], [0.157592879110383, 53.0133591465322], [0.157342388673735, 53.0139100451781], [0.15724037562663, 53.0140445573804], [0.156584419583216, 53.0142386050094], [0.157953097612482, 53.0100349973158], [0.154275076298651, 53.0128852946535], [0.157719204938315, 53.0096045249922], [0.154942150678067, 53.0107816891609], [0.155066444392376, 53.0092827268465], [0.153817237598604, 53.0106578630379], [0.151102848425667, 53.0116029455659], [0.150872242063071, 53.0114998645715], [0.155096298733408, 53.0091961498796], [0.155941897750637, 53.0094298756723], [0.150752098794727, 53.007007203522], [0.148378705334807, 53.0090748120617], [0.147042134810734, 53.0095626063959], [0.150829514686948, 53.0064704916113], [0.144252398613605, 53.0049963965316], [0.144502930577022, 53.000343282959], [0.143470067353123, 52.9998964842208], [0.141991123862755, 53.0016878903445], [0.13989466888111, 53.002185433229], [0.137728817803816, 53.0041091268826], [0.137475299672641, 53.0039758176694], [0.139963519522783, 53.001467110701], [0.143314022373578, 52.9997854715667], [0.13942440435789, 52.9961910945343], [0.138243116222909, 52.9972325087421], [0.135911739935893, 52.9981062416904], [0.138886595205477, 53.0000902832047], [0.133947725071741, 52.9969935919946], [0.135674632820969, 52.9976521964477], [0.139095266279139, 52.9961050229883], [0.134343424382436, 52.9958935511827], [0.136029839052667, 52.9932885789805], [0.134479349903328, 52.9934569787444], [0.134133466780757, 52.9941157081319], [0.13180919531888, 52.9947539745955], [0.131640428765409, 52.9947819072536], [0.131425219400768, 52.9946431151071], [0.131146498425512, 52.9943276994221], [0.131140701732721, 52.9942553265088], [0.131699919294365, 52.993991911353], [0.135651134563587, 52.9931854610045], [0.127818666199106, 52.9911466444739], [0.126959292526985, 52.9867250623156], [0.127011973662482, 52.9878522041766], [0.123671197351381, 52.9899443722519], [0.125028579980317, 52.9901172663254], [0.123623151178438, 52.9899748564115], [0.126969478571895, 52.9864088163339], [0.122179865741528, 52.9869509919045], [0.118077415344406, 52.9785578550671], [0.112744068145819, 52.9797592909065], [0.116024553809241, 52.977913951473], [0.113023993594342, 52.9733068020362], [0.112085263675881, 52.9794079686312], [0.108526674933968, 52.9763481202944], [0.112485916166578, 52.9736975593769], [0.108485121418276, 52.975732111586], [0.106660113935855, 52.9748571553487], [0.11146168176268, 52.9712876074442], [0.107803980047518, 52.970516058536], [0.105496099532387, 52.9725749765841], [0.103486071452718, 52.9720285653295], [0.106023835680766, 52.97427905862], [0.103417412311843, 52.9723074703842], [0.10348372466555, 52.9719811427637], [0.104442477069971, 52.9719214346992], [0.105495699494865, 52.9725286146883], [0.10674273585315, 52.9708158747363], [0.104407051213437, 52.9701382603947], [0.109205668367337, 52.9699813340535], [0.103503452804325, 52.9695980587231], [0.10669623441699, 52.9664313415205], [0.103723743117987, 52.9654192251507], [0.102928949350126, 52.9682937116366], [0.102808905974797, 52.9675830270935], [0.10189792234775, 52.9685295981107], [0.101242190110438, 52.9688173230329], [0.100708252400029, 52.96889268035], [0.102934665717753, 52.9650233326948], [0.0996347658567825, 52.9696884639643], [0.0977036046768215, 52.9701507313876], [0.09732637187333, 52.9647973539126], [0.0913413541993041, 52.9644135618816], [0.0962894096934991, 52.9639878906784], [0.0940479791675381, 52.9616534803164], [0.0862664961156111, 52.9617872283296], [0.0958189057188093, 52.9599723638883], [0.0924643133627507, 52.9570605765749], [0.0908901618740961, 52.9587302530727], [0.0865940289350932, 52.9583259235116], [0.0857215978874415, 52.9574742279705], [0.086740718065722, 52.9581069962269], [0.0932526581971343, 52.9564974865917], [0.0889503685678803, 52.9573264286599], [0.0900771908289661, 52.9569560444306], [0.0871570264949047, 52.9564308051833], [0.086630239482643, 52.9559569683696], [0.0852680227312388, 52.9568159521449], [0.0844262875764731, 52.9551283996164], [0.089619403090153, 52.9568658900679], [0.0926104226551687, 52.9560826220501], [0.0828386818483576, 52.9535893161596], [0.0866549381032256, 52.9507835634213], [0.0815303327557896, 52.9518207609887], [0.0845544944446881, 52.9472685797876], [0.080649388005906, 52.9483477569648], [0.0785825822482157, 52.9402972403241], [0.0781150927568033, 52.9402526358092], [0.0778582317825168, 52.9407684398483], [0.0763537180862922, 52.9413927683976], [0.0755420435136015, 52.9412555565192], [0.0753927497436032, 52.9419129939839], [0.0754828918075279, 52.9412567897148], [0.0755774294605466, 52.9412017412665], [0.0763988672578755, 52.9413466198699], [0.0780331929488286, 52.9403066923237], [0.0773931882088646, 52.9402553451808], [0.0771251631581472, 52.9406755514466], [0.0766550627069311, 52.9408858118233], [0.0758611048694881, 52.9410040286666], [0.0737815690128025, 52.940320929928], [0.0783146809389447, 52.9401077886857], [0.0778897696212689, 52.9382512381783], [0.0764408926414468, 52.9388617503299], [0.0755002432010007, 52.9387792223028], [0.0754704516721978, 52.9393865408421], [0.0752360646134735, 52.9395989559656], [0.0750651411269734, 52.9396322845775], [0.0723587375512465, 52.9388973832188], [0.0783476583643151, 52.9349549827593], [0.0752402079180046, 52.9343628700122], [0.0752478897418354, 52.934963150868], [0.0739284289281263, 52.9359686995278], [0.0727188641287734, 52.9359657753536], [0.0745296148402051, 52.9338368907511], [0.0783374001502734, 52.9348619784184], [0.0741404808367738, 52.9324727959874], [0.0513821164045833, 52.9314905050264], [0.0255265826609521, 52.939472762353], [-0.00867622152860594, 52.9668599051313], [-0.0129034990418284, 52.968425632729], [-0.024635386777288, 52.9670433281803], [-0.0216948293308058, 52.9730504290236], [-0.0233831917250122, 52.9765241983635], [-0.0296926030839132, 52.9814999106939], [-0.0221628063048051, 52.9730109191329], [-0.0261032279948881, 52.9665633028475], [-0.00989368998572453, 52.9667025314241], [0.0189613870295583, 52.9434435797899], [0.0228597562892683, 52.9399513391616], [0.0219254386386652, 52.9390702737775], [0.0221095511054394, 52.9386089593118], [0.0233254832818132, 52.9377108946704], [0.0344611801006169, 52.9349272842002], [0.0275482968788058, 52.9355558024884], [0.0299189446342715, 52.9336619198807], [0.0554295101506026, 52.9300824854016], [0.0781187758188121, 52.9318807417561], [0.065033997755519, 52.9290049115682], [0.0688629009756989, 52.9277747582184], [0.0679474568157215, 52.9261425667682], [0.0655968921525326, 52.9281842548393], [0.0630439541930688, 52.9276819124748], [0.064883712651105, 52.9285603014985], [0.0634797884993298, 52.9291885809706], [0.0560140593441938, 52.9276518327142], [0.061690878194017, 52.9263604199197], [0.0553237285454975, 52.9255875901792], [0.0572491783635701, 52.9251787184836], [0.0645543021551789, 52.9271133394598], [0.0669903280752166, 52.9256736800315], [0.0553508446126648, 52.9243903310419], [0.0605422199010388, 52.9229896745639], [0.0629069253423498, 52.9229472911959], [0.0541896188438502, 52.9230107085728], [0.0559514052946088, 52.9194462513398], [0.054589691708096, 52.9197046694218], [0.054998708428219, 52.9208998516451], [0.0525044477573627, 52.922853707293], [0.0543479860563248, 52.9250328127751], [0.0545197688596353, 52.9281784400995], [0.0526894462873801, 52.9247954034145], [0.0518987018284148, 52.925800981247], [0.0531910154291747, 52.9267058510649], [0.0524674833506194, 52.9270682879502], [0.0529579390553529, 52.9278528307001], [0.0524751986261964, 52.928757177782], [0.0506491642180039, 52.9228432230769], [0.0548233302022801, 52.9204933368797], [0.0517223447558967, 52.9171801007979], [0.0484984306378553, 52.9194919735539], [0.0512657159882918, 52.9202977523286], [0.0484596967179142, 52.9197385713158], [0.049055622013266, 52.9216592985174], [0.0486802960645342, 52.9227525994737], [0.0502687692633431, 52.9239031978713], [0.0503777234605091, 52.9251831591445], [0.0473946344817948, 52.9210643876664], [0.0448725543335589, 52.925487926908], [0.0505788427737275, 52.9271570568183], [0.0448220734956235, 52.9256789793735], [0.0428073231055665, 52.9276944622876], [0.0442363403536069, 52.927545409509], [0.0454192232740369, 52.9282963090235], [0.0463160048590415, 52.9279742992959], [0.0471866800310534, 52.9278577241344], [0.0493693845546401, 52.9288451736358], [0.0450827353236176, 52.9290950133511], [0.0441857765405301, 52.9276059067137], [0.0425360977207337, 52.9308392691186], [0.0418359117404926, 52.9283284422733], [0.0389986083032772, 52.9316374525854], [0.0345356776995819, 52.9309384076187], [0.042219776321191, 52.9280370868818], [0.0490688171133922, 52.9179736753674], [0.0440582989171235, 52.918651220851], [0.0497932437595296, 52.9172414380694], [0.0431445634880976, 52.9182358794759], [0.0441034053640456, 52.9225288342245], [0.0433390048814899, 52.9255700241367], [0.037551051314828, 52.9273207503279], [0.0424463858806758, 52.9219625014481], [0.0356278663431314, 52.9256346640682], [0.0331161625285059, 52.9238637880056], [0.0382481055168168, 52.9232104556554], [0.0345876256987178, 52.9213216470342], [0.0314030233292439, 52.9225007065569], [0.0290902827078001, 52.9212338535181], [0.0287749524585371, 52.922892085548], [0.0292406682745236, 52.9231709768445], [0.0288506672812971, 52.9235416570879], [0.0293609255211526, 52.9240568667168], [0.029140654671177, 52.9244155323339], [0.0286342231792618, 52.9245670882755], [0.0267251953197107, 52.9240686110958], [0.0291296715981748, 52.9190448113443], [0.0298041763925061, 52.9213269342803], [0.0357554176065954, 52.9199127955605], [0.0385552167870007, 52.9230773094188], [0.0413500067430621, 52.9223452721522], [0.0421197133587289, 52.9190334285382], [0.0406948090476272, 52.9200057274404], [0.0410312220320026, 52.9215752807491], [0.0401718295503057, 52.9222263590667], [0.040836614580372, 52.9211094964629], [0.0405886822247331, 52.9202332131455], [0.0405934794984448, 52.919993136533], [0.040854069793704, 52.9197775985206], [0.0402900373598227, 52.9199612879131], [0.0398449398786245, 52.9208379377868], [0.0389958639754662, 52.9213386600546], [0.0376104483245219, 52.9210440711689], [0.0368478748166764, 52.9200916002601], [0.0466278858918277, 52.9152187056765], [0.0392906408840347, 52.9144669252475], [0.0398189900033532, 52.9151386331006], [0.0398406626469245, 52.9152311200226], [0.0397207381919355, 52.9154047460756], [0.0383414352308327, 52.9150022525329], [0.0377620889908548, 52.9169761413535], [0.0362431898745435, 52.9187198700599], [0.0348957860407073, 52.9192674949499], [0.0347473462523074, 52.9197782642048], [0.0345369400784695, 52.9199038379009], [0.0342160976265383, 52.9199643563173], [0.0319153540919366, 52.9174447106458], [0.0347620669538663, 52.9192343883942], [0.0348492629001583, 52.915006310287], [0.0375626237506619, 52.9159817971209], [0.0365468011507536, 52.9144984263848], [0.0402344914994474, 52.914139760446], [0.0440278452752973, 52.9148731982703], [0.0381978397732682, 52.9125645600304], [0.0403074046214857, 52.9102677040201], [0.0448672568999918, 52.9108248043358], [0.0423951437178508, 52.9090943100511], [0.042209166348501, 52.9096123088881], [0.041824000524052, 52.9098262843249], [0.038589585652783, 52.9106698686577], [0.0422606794755387, 52.9089243008103], [0.0370660829162386, 52.9058324621481], [0.0356844611931251, 52.9068647884107], [0.038218146336705, 52.9093058364194], [0.0373082311523163, 52.9131579462341], [0.0291458792152556, 52.9178026300261], [0.0126720388498559, 52.9164766156833], [0.0190246425681857, 52.9114957010773], [0.0283248997330377, 52.9163975103248], [0.036597952800952, 52.9122203034367], [0.0330184958622929, 52.9128131383742], [0.0368615216755075, 52.9102358498758], [0.0333035795826585, 52.9076843227012], [0.0378191180962824, 52.9093949263925], [0.0350177233944806, 52.9071039715978], [0.0358680318810824, 52.9049179220768], [0.0309597397706189, 52.9065814565518], [0.0319136101342374, 52.9091892479241], [0.0282599019578395, 52.9136463914558], [0.0306126217894686, 52.9066317364462], [0.0298283885982019, 52.9087741795564], [0.0256307612208807, 52.9116977423219], [0.0273971681507806, 52.9093409547121], [0.0263567217441009, 52.9082407109959], [0.0219646698479368, 52.9114362789806], [0.0217823926765309, 52.9094346216004], [0.0360738388306806, 52.9038160600391], [0.0240009235061381, 52.9078941452501], [0.0218263825898087, 52.9068354166725], [0.0188438554971076, 52.9109061052095], [0.0160036136908549, 52.9082124912008], [0.0280348524973688, 52.9040717824781], [0.0195831692695366, 52.906932006409], [0.0175234724979009, 52.9024738398425], [0.0149749919330905, 52.9079469753974], [0.0100802206967517, 52.9040045806858], [0.0127541959983035, 52.9058961493891], [0.0177153320446315, 52.9023037792104], [0.0221907889899355, 52.9042448924197], [0.036444233297087, 52.903247539595], [0.0300809799424479, 52.9003218620498], [0.0285507496727362, 52.9025094612568], [0.0272582539213344, 52.900555872123], [0.0276871711294453, 52.9019349390537], [0.0252402936655021, 52.9024622101333], [0.0177644451763391, 52.9008783807975], [0.0151380721826115, 52.9020677252581], [0.0086760041118516, 52.9029781726985], [0.0118272539463476, 52.9021166349786], [0.0105259785487314, 52.9014298002224], [0.00913036433721473, 52.8999260568214], [0.00904102283104491, 52.8993280302206], [0.0125464272968184, 52.9021352265614], [0.0161398934826355, 52.9005742661117], [0.0297295612010055, 52.9000473305017], [0.0169193733712432, 52.899463288856], [0.0137659662410776, 52.8977845626325], [0.0196959537588152, 52.8991391622761], [0.0242890415986676, 52.8980581247292], [0.0109887459205983, 52.8934343176459], [0.00913114435605068, 52.8969215462944], [0.00173957334826967, 52.8957750865718], [0.00576856440739322, 52.8977068640044], [0.00261771816706105, 52.8979317461697], [0.00615685306990443, 52.9009085227866], [0.000605937930505157, 52.8965948279335], [0.00106965412271464, 52.8967275061313], [0.00166748201286317, 52.8956562998172], [0.00288100153308539, 52.8953772906181], [-0.00455098003007112, 52.8953736401808], [0.00972181379404464, 52.8929508011514], [-0.000184324989608015, 52.8924965958844], [-0.00163895818144023, 52.8898472708837], [0.00350020624602309, 52.8901156857002], [-0.0698319763242506, 52.8643767983059], [-0.0909074463954032, 52.8532978651972], [-0.101156989699939, 52.8458503046269], [-0.0971156163217086, 52.8442604913493], [-0.124390482856666, 52.8142680053146], [-0.135173250058966, 52.799707111659], [-0.0970288103179826, 52.8433644355977], [-0.0954210603751692, 52.8486873408638], [-0.069005620938264, 52.8641817515611], [-0.037677654436392, 52.8717953089966], [-0.0274747621452728, 52.8748786823023], [-0.0316683128039872, 52.8743157904051], [0.0296316668787404, 52.8989928636807], [0.0234487968244236, 52.8964724502818], [0.0277476565990153, 52.8964557268694], [0.0217301190323398, 52.8937582317359], [0.0586620802591702, 52.904395026924], [0.0570753376498852, 52.9023276596209], [0.0601149341797872, 52.9012044419125], [0.0605220075455142, 52.9000362896904], [0.0621622836750541, 52.8993482272309], [0.0563751420220115, 52.9004682438663], [0.0560343566440864, 52.9003179774613], [0.0557161294426459, 52.8999150572107], [0.0619671058129489, 52.8986443057161], [0.063067582672213, 52.9002821700254], [0.0573195457760484, 52.9024282388125], [0.0649496925614925, 52.9045267160032], [0.0642257696914573, 52.8992592266452], [0.0668156415251433, 52.8990487170326], [0.06517989535551, 52.9044465324594], [0.0733850490282566, 52.9060546266554], [0.0713277750626577, 52.9009238453662], [0.076494440834355, 52.9036986201866], [0.0733299164703712, 52.9000158617461], [0.0825605317398548, 52.8995628162177], [0.0650639588994205, 52.89786662935], [0.0738253458585946, 52.8953896733905], [0.0859338563417623, 52.8997551949983], [0.0743630724303974, 52.8954038489343], [0.0855997448828685, 52.8967389680086], [0.0872903152348738, 52.8921960325569], [0.0791391235709874, 52.8940469374492], [0.0907267499619724, 52.8912553141083], [0.0857906750561701, 52.896851061247], [0.0890255560371472, 52.8974375700589], [0.0926862036006296, 52.8942720717175], [0.0911768137092323, 52.8904263928392], [0.0924375799085286, 52.889753598357], [0.0918846698265005, 52.8878456558292], [0.092358826155135, 52.8864132146248], [0.0915197111940767, 52.88565081134], [0.0914771176694633, 52.8854402607868], [0.0916115966503118, 52.8852553364422], [0.0994214399006932, 52.8844615307873], [0.0920289679364858, 52.887766725464], [0.0925831546622544, 52.8897634412977], [0.0920665893840903, 52.8912242853119], [0.0930159838357487, 52.8943208908859], [0.0994666330799765, 52.8944932931943], [0.095152627544173, 52.890955132678], [0.0943920626262756, 52.8885270496732], [0.0948092556336143, 52.8867913885242], [0.100207223682377, 52.8939867752056], [0.100079094971192, 52.8890010599482], [0.10197700259385, 52.8846845687343], [0.102671055441659, 52.8843719419541], [0.10154993244343, 52.884307781975], [0.101439366584265, 52.8840870995357], [0.101592381502033, 52.8839348240239], [0.101914684075217, 52.8837999711275], [0.109105403458708, 52.8833120292929], [0.111804803222704, 52.8832655957047], [0.111834840416197, 52.8830024474023], [0.114443104545357, 52.8823456885987], [0.112087546001742, 52.8832564225912], [0.115098193230368, 52.8823473570611], [0.114662441097795, 52.8887731081], [0.116635037296122, 52.8909875558714], [0.115793444993439, 52.8892649059864], [0.115435025712661, 52.8852332897293], [0.115479895757853, 52.8841217651568], [0.116406680796911, 52.8824820843355], [0.11523565551088, 52.8823090789948], [0.115915644539947, 52.8818720427264], [0.117207963550421, 52.8814985885537], [0.115487592405517, 52.8852869029184], [0.117605003785055, 52.8926773970928], [0.118717659046745, 52.8923533940517], [0.116190840831, 52.8860732501846], [0.11646385925146, 52.8846080735212], [0.118197839466025, 52.8900654889854], [0.119776687266301, 52.8890714360488], [0.118677288478186, 52.8879352520654], [0.118684001614782, 52.8864125105083], [0.119131437466459, 52.8840704235588], [0.117513455206549, 52.8831656643638], [0.117744590512655, 52.8816593316639], [0.117785243932079, 52.8815947333296], [0.118634428602021, 52.8813100404184], [0.117126676185158, 52.8813309584307], [0.118940071961889, 52.8812756349252], [0.117603697259254, 52.8830897557914], [0.119041291446561, 52.8833630496005], [0.120086408095568, 52.8887033924201], [0.118882338960062, 52.8908552134154], [0.119939439671745, 52.8915693947178], [0.120982851374781, 52.8905433236658], [0.120641105271199, 52.8899337444752], [0.120776780951708, 52.8884342613975], [0.120224906124713, 52.8878638761809], [0.120463138788231, 52.8868826490856], [0.119478468351055, 52.8839905121711], [0.122698025398081, 52.8912104114093], [0.137984744860455, 52.8868072174038], [0.135204504036847, 52.8831173200335], [0.137415776446077, 52.8836139329498], [0.139410697537194, 52.885961398296], [0.140449238129991, 52.8860255715666], [0.140052033871488, 52.8859113996832], [0.13954874017884, 52.8855754525641], [0.138875192681499, 52.8849426653619], [0.138415627310606, 52.8840340279595], [0.138485428889694, 52.8812435683428], [0.145002775353892, 52.8850792034297], [0.146893515429583, 52.8821165217262], [0.140524934879449, 52.8796229856547], [0.136907262414602, 52.8754800331885], [0.133987028130735, 52.880234580451], [0.126900878873392, 52.8840316793647], [0.135986435953563, 52.8747025846313], [0.150187897611572, 52.8823846596019], [0.146152622796943, 52.8798567751553], [0.150127883922407, 52.8815090678208], [0.150079602052096, 52.8806889700461], [0.146913142249498, 52.8791561909922], [0.146679502922509, 52.8784218517084], [0.15208629338459, 52.8778497153858], [0.151100326531922, 52.877792973395], [0.149808594294949, 52.8772163688585], [0.149096277404787, 52.8779856960592], [0.144368087507741, 52.8775184606874], [0.147925045051491, 52.8768034864978], [0.150270039132743, 52.8772044201596], [0.151363862368399, 52.8777004276871], [0.150284580841636, 52.8765678156715], [0.146887175970042, 52.8761960986862], [0.145496545354335, 52.8755495796792], [0.149911915266645, 52.8763863642953], [0.146222656670183, 52.8743998728555], [0.148858450205683, 52.8746479526402], [0.145072018831255, 52.8722719996059], [0.145117342150041, 52.8721202084588], [0.146581469553569, 52.871621862696], [0.146462421651472, 52.8712977210707], [0.153796840373836, 52.8759790283782], [0.15147282652853, 52.8815583557521], [0.168143909695539, 52.8776869806915], [0.161244662680008, 52.8768996731846], [0.165232469039859, 52.8764486653975], [0.162388733931313, 52.8751626321774], [0.162380217566288, 52.8742915364012], [0.169122513072589, 52.8772485919565], [0.168143479257441, 52.8743629749697], [0.169885152414285, 52.8731846661399], [0.170816309305301, 52.8771215558167], [0.171485805228295, 52.8726342223437], [0.172726197423363, 52.8754917690111], [0.175444068467057, 52.8742138084874], [0.175096719881765, 52.8738850202006], [0.174886922749617, 52.8741624780973], [0.173961985420717, 52.8740254036258], [0.173262581721874, 52.8734722745714], [0.172783267623327, 52.8709947548364], [0.176418407244541, 52.8740396393726], [0.179620022759211, 52.8660027152911], [0.178646164675211, 52.8660308725782], [0.177235418409303, 52.8667500139205], [0.175113327767997, 52.8672927685602], [0.17710806082101, 52.8667553970136], [0.17830364235668, 52.866051938021], [0.177319090161024, 52.8664655048519], [0.176561468051943, 52.866007466334], [0.175407028654155, 52.8664128830038], [0.175150656523933, 52.8664210859713], [0.172642300448664, 52.8661029292313], [0.180102626694373, 52.8641260886232], [0.177673326945709, 52.8633146529102], [0.174234830679419, 52.8636340383897], [0.170289212757536, 52.863163336186], [0.177863714097454, 52.8619826747153], [0.18078212843036, 52.8642149709272], [0.183359297407372, 52.8590840447948], [0.172425349045131, 52.8577836667761], [0.183416909772614, 52.8588792772969], [0.180926786751542, 52.8558302382815], [0.186174699623365, 52.8551152771039], [0.174335422559727, 52.8554508630816], [0.172828846599488, 52.8563067673246], [0.171551689936197, 52.8564422067288], [0.163884653753144, 52.8626444910114], [0.163359617404185, 52.8623714328923], [0.172115928593001, 52.8531969295667], [0.177774942354513, 52.8547740377018], [0.173582944860124, 52.8510648508695], [0.188839130157065, 52.8536079135844], [0.179317657697622, 52.8500744072378], [0.183767130986199, 52.8477037607062], [0.192625300917654, 52.8525093258989], [0.195657172113516, 52.848477180463], [0.192394420466897, 52.8486190281448], [0.191012674376289, 52.8484167293514], [0.1907795083968, 52.8488159701113], [0.18992420712416, 52.8487505264347], [0.191052332424155, 52.8482422732943], [0.193565602876295, 52.8483541990502], [0.189716723153662, 52.8473683084728], [0.196163563507768, 52.8467294487493], [0.193508156986506, 52.8467377774146], [0.190628213098382, 52.8462430150193], [0.193939541070921, 52.8463932933914], [0.190889477216602, 52.8460717750189], [0.189941344730571, 52.8443010295657], [0.184688796713295, 52.8444458407335], [0.192660230976398, 52.8416357091955], [0.191480682196513, 52.8458737286], [0.197047499431558, 52.8465091565177], [0.193576209953272, 52.8438057659072], [0.200527450032636, 52.8410194703066], [0.198825810775042, 52.8413447075351], [0.196497731916978, 52.8409216529663], [0.195193545267504, 52.8412721423397], [0.193613119600763, 52.8409721322501], [0.201568777996023, 52.8386235798102], [0.193446364321156, 52.8390621114281], [0.193424558099592, 52.837099724711], [0.202235483145147, 52.8381962417599], [0.195049479232356, 52.8354383263977], [0.203803037431004, 52.8366755218049], [0.200199576060498, 52.8343437568484], [0.206120270248752, 52.8337370702954], [0.205398438347443, 52.8335550245293], [0.20502252004497, 52.8338191367449], [0.202162176961096, 52.8338442932715], [0.201686801087937, 52.8326897868656], [0.198878922612023, 52.8330031575512], [0.21309217111308, 52.8292748299973], [0.212882590535644, 52.8289939664176], [0.204989682459981, 52.8294504125585], [0.203586987777725, 52.8291264983573], [0.202240109890708, 52.8294080915056], [0.208067837470515, 52.8275364728328], [0.211363463978606, 52.8283699905682], [0.209655255470434, 52.8273978372741], [0.204773024689872, 52.8272099330291], [0.208568895272107, 52.8271701359322], [0.205989985267551, 52.826567533027], [0.204491121551571, 52.8260032968683], [0.205534979795126, 52.824715859522], [0.203594276448335, 52.8265460940213], [0.205347481341427, 52.8246432006539], [0.21369504756252, 52.826051165133], [0.212416740733771, 52.8251493039877], [0.208917868056462, 52.824997524568], [0.207978114893851, 52.8247767603108], [0.207151897885389, 52.8240626728436], [0.212400628561875, 52.825104151202], [0.214087634368571, 52.8259824024159], [0.207564901281616, 52.8222381763791], [0.215417776869834, 52.8260719946614], [0.208606254801493, 52.8211450036765], [0.214777543532975, 52.8229929425942], [0.205608409724484, 52.7867399606559], [0.195655686740168, 52.7677686972221], [0.171259298032927, 52.7382621514286], [0.132975309366633, 52.7393044762982], [0.113685341276425, 52.7299901116879], [0.0987889898991489, 52.7303403150946], [0.0890116953988098, 52.7236301650923], [0.0639041998676963, 52.7274361157372], [0.0480184239266773, 52.7187851060247], [0.0441494759872833, 52.7143823487219], [0.0445628839644501, 52.6925857623172], [0.0491993576809562, 52.6893677438783], [0.0489981020639991, 52.6819966201385], [0.0215003524278174, 52.6648872875554], [-0.0312706832650579, 52.6615327430761], [-0.0321028836949381, 52.6653607078577], [-0.0637851804858538, 52.6752243722347], [-0.0878370168241101, 52.6667802654775], [-0.102195958212229, 52.6722061944761], [-0.14106199482318, 52.6515074238731], [-0.180020104975691, 52.6605611576378], [-0.192867813968712, 52.6524385101436], [-0.206037616936727, 52.6680733115502], [-0.26024423307657, 52.6514437569221], [-0.289502402513413, 52.6703446824793], [-0.335037147761973, 52.674865972717], [-0.33624390442085, 52.6686388554294], [-0.350076984266874, 52.6616700383308], [-0.405694618313302, 52.6480559470603], [-0.432074276475512, 52.6482974841255], [-0.452832300952799, 52.6542749147338], [-0.453115493227297, 52.6492722499548], [-0.484320104749261, 52.6461290838499], [-0.494688679013636, 52.6402652600307], [-0.488823841117811, 52.6328308990305], [-0.473503473924115, 52.6282344990877], [-0.470961263649924, 52.6179533103126], [-0.479636967183359, 52.6144498261008], [-0.481024270619405, 52.6027868885095], [-0.497651443767072, 52.5868509757882], [-0.478834287538596, 52.5774385731288], [-0.478814868225147, 52.5736451461549], [-0.425027614243866, 52.5824127238353], [-0.415381402678347, 52.5787426388379], [-0.41569532371087, 52.5701041446215], [-0.407290921113568, 52.5640548539069], [-0.419593787330186, 52.5589619541331], [-0.415338798339301, 52.5515533440422], [-0.402060473161994, 52.5483216257755], [-0.401283297186851, 52.5386846816118], [-0.413602640818525, 52.5256796127912], [-0.390749004399196, 52.5194399057537], [-0.377926602923271, 52.5106578542283], [-0.354345203263394, 52.506495071408], [-0.352147715665635, 52.5033528184876], [-0.35934356589595, 52.4971080968872], [-0.359404306001708, 52.4898300882408], [-0.341590492473876, 52.4669426264393], [-0.363481864661057, 52.4506103668086], [-0.371866772917785, 52.4368429669913], [-0.362408041008102, 52.4335312771171], [-0.417072832141305, 52.4115991100394], [-0.420279139683104, 52.4050659105276], [-0.415936175780047, 52.4038048871222], [-0.432934869499542, 52.3962773071092], [-0.439254920466606, 52.3863135250793], [-0.495946267815481, 52.3795155293678], [-0.488518815845791, 52.3740235410232], [-0.499486806912858, 52.3669929177166], [-0.498699838187518, 52.3600958379159], [-0.477338735545641, 52.3484094142989], [-0.483264192761938, 52.3409032965452], [-0.466656737619639, 52.3389275754879], [-0.465365756545097, 52.3229532803249], [-0.476261345982474, 52.3180638519816], [-0.487140256860804, 52.3210826545514], [-0.519829880170178, 52.3176925671775], [-0.514051195755829, 52.3146970752555], [-0.541969414284238, 52.289942445996], [-0.531190184929433, 52.2704024294568], [-0.539324957851375, 52.2660949032487], [-0.539899303218607, 52.2573059162569], [-0.554738089361645, 52.258179816902], [-0.565693055132987, 52.2534682255308], [-0.586335338989988, 52.2728313332385], [-0.602893317060384, 52.278751342294], [-0.626978099135445, 52.2748773871587], [-0.631412540233443, 52.2700475935476], [-0.646899599243979, 52.2711799782802], [-0.653655470981071, 52.2682893062583], [-0.63733162156624, 52.2273176308065], [-0.66146038898971, 52.2081261888908], [-0.668135637658982, 52.1950341108626], [-0.701671512157467, 52.1933084337914], [-0.73894986975631, 52.17117769604], [-0.762047571674838, 52.1634464282375], [-0.76533176234871, 52.1710991317795], [-0.777975100575612, 52.1687324920773], [-0.792091270533438, 52.1513294595377], [-0.80195676837323, 52.1586788059723], [-0.807587882658753, 52.1569790134712], [-0.814018926401135, 52.1424745134984], [-0.831966629471785, 52.1436835078038], [-0.828204674516664, 52.1326105518988], [-0.832110376853693, 52.1312529599653], [-0.869005114170011, 52.1306481135211], [-0.880758452631504, 52.1262921514354], [-0.887033141552335, 52.1142149331636], [-0.871472753510848, 52.1117797310542], [-0.865270163728431, 52.1029376742696], [-0.869530890831007, 52.1000376594131], [-0.846712543491745, 52.0915087025577], [-0.831313005313099, 52.0720063376628], [-0.839594622604854, 52.063795932375], [-0.862678645822757, 52.0609340378429], [-0.852901031825707, 52.0499974306262], [-0.859422789604718, 52.0446022383552], [-0.867734173262596, 52.0462209348997], [-0.880729644397971, 52.0285909658999], [-0.890117418394569, 52.0315336010724], [-0.908376568151801, 52.0222399663316], [-0.930207238809054, 52.0431269416399], [-0.9378800409838, 52.0612019000316], [-0.933744232825951, 52.0626364573007], [-0.939316084838664, 52.0621597882973], [-0.94439062513629, 52.0700320748176], [-0.940055794165603, 52.0758419446064], [-0.951872932630787, 52.0815336213379], [-0.967805300661276, 52.0709109272462], [-1.04206410377149, 52.0739350792693], [-1.02980217712759, 52.0701882492239], [-1.02640491077933, 52.0644170276332], [-1.04004871367694, 52.0659243082123], [-1.05295894974226, 52.059660412825], [-1.06206502018462, 52.0627354070484], [-1.08327537226131, 52.0523610918057], [-1.12220272555819, 52.04495379494], [-1.1366628007224, 52.0222925580059], [-1.11808639729751, 52.0154261711703], [-1.13432869833779, 51.9972963869661], [-1.16382348465592, 51.9934122258321], [-1.17605459021517, 51.9820454247069], [-1.19625975033443, 51.9774314422917], [-1.24161223468245, 51.9862933629289], [-1.28355543481929, 51.9796561529016], [-1.28882904917296, 51.9897442604017], [-1.28299500012452, 51.9915127669271], [-1.2834150014834, 51.9994590088566], [-1.27706599557563, 52.0053594549642], [-1.28452102411918, 52.0108219634969], [-1.27816401885651, 52.0142726684525], [-1.28531659980946, 52.0264773074783], [-1.29431272330077, 52.0280357029498], [-1.29206888687489, 52.032788312558], [-1.29750731518557, 52.0427802538749], [-1.31292004347286, 52.0514526625255], [-1.30770457510563, 52.0642603216393], [-1.30006694932791, 52.0693633731008], [-1.30690320754818, 52.0703135403279], [-1.29750881413832, 52.078056693896], [-1.31815993117564, 52.0799212567645], [-1.32126112703333, 52.0865430075576], [-1.27166878436765, 52.0979399002611], [-1.24795234966775, 52.0957548064752], [-1.25292760020494, 52.1038744790221], [-1.27682955803015, 52.1170764121788], [-1.3084327474021, 52.1435085998079], [-1.3323324978671, 52.1723239037702], [-1.3181909212033, 52.1814171402792], [-1.31313453207951, 52.1904676293781], [-1.25498199738882, 52.1978310701825], [-1.26092950780405, 52.2160027140175], [-1.27505353190974, 52.2218347082181], [-1.27691485457444, 52.2251204512719], [-1.27257894003583, 52.2275350919314], [-1.27836308556458, 52.2287159769472], [-1.28468313165692, 52.2385190524601], [-1.26685236231198, 52.2352486382326], [-1.26479886136403, 52.2418807313176], [-1.25174566834144, 52.2486408369302], [-1.23515934086819, 52.2492711233242], [-1.21584198475109, 52.2639487490629], [-1.22360577660675, 52.2868895463059], [-1.23378294833003, 52.2903281059315], [-1.20923383158981, 52.315204078762], [-1.24763573290374, 52.3219558962716], [-1.26526665785692, 52.3283772112106], [-1.26228669833728, 52.3341934733366], [-1.22132041060212, 52.3495866997479], [-1.17923433173735, 52.354376583942], [-1.17212636579044, 52.3613009280645], [-1.24074319604152, 52.4401350768609], [-1.30782656509794, 52.4945399691799], [-1.42697626438531, 52.5406460747557], [-1.52268732942375, 52.5704270757305], [-1.5271552279268, 52.5827378307652], [-1.56069803676403, 52.5961193274393], [-1.55445233721977, 52.6147620835865], [-1.56686847258916, 52.6206203617972], [-1.56461026146334, 52.631242092923], [-1.57135993877814, 52.6351305520706], [-1.54699296423898, 52.6422701897984], [-1.54242198174715, 52.6536264362545], [-1.55280663728848, 52.6684622512213], [-1.5896451852037, 52.6872608072693], [-1.58639414261275, 52.6944919428565], [-1.59088169677235, 52.6980643954556], [-1.5987027060469, 52.7003845633425], [-1.60574579653471, 52.6965009696517], [-1.61549287520878, 52.700701215048], [-1.62526257606105, 52.6974058844649], [-1.63529626395961, 52.7024973561121], [-1.6550635927941, 52.6987757757077], [-1.65430141943156, 52.7082086771178], [-1.65929092215423, 52.7140834317401], [-1.65660772699026, 52.7217484720003], [-1.70316477897247, 52.7294806317117], [-1.69755616173096, 52.7437850385369], [-1.69228823806625, 52.7441636366866], [-1.69688659062422, 52.7529893871616], [-1.6861764914816, 52.7588625382215], [-1.68207990691529, 52.7702198962198], [-1.67017911692501, 52.7733955266483], [-1.67073946776933, 52.7810705555407], [-1.66560381957049, 52.7851627501463], [-1.64992983448513, 52.7794820123588], [-1.63824276096365, 52.7867285149923], [-1.62695771616391, 52.7797724656211], [-1.61928932345148, 52.7851679186915], [-1.61112950153712, 52.7814035599527], [-1.61434537917712, 52.7882740466862], [-1.58894635200613, 52.7998222122932], [-1.59169224196469, 52.8092878382377], [-1.61024853986339, 52.8171140853755], [-1.60300638681138, 52.8261928081803], [-1.58538036585949, 52.8315965572984], [-1.61757872720405, 52.8447643876906], [-1.62653104160056, 52.8543845562605], [-1.68999906430802, 52.8645242498849], [-1.70060876646215, 52.8605835227016], [-1.70578197334284, 52.8667503785749], [-1.72529467619722, 52.8596659326497], [-1.7399802204546, 52.8677109225297], [-1.74955798221329, 52.8667738067235], [-1.7456692317983, 52.8691814246245], [-1.75226722347909, 52.8688078899074], [-1.75070306479113, 52.8737102152893], [-1.77423194761186, 52.8792595090782], [-1.77722065071375, 52.8838147399446], [-1.79115169079323, 52.8802828657212], [-1.80142008346297, 52.886126233502], [-1.81230682410362, 52.8806830252568], [-1.83259191571471, 52.8868612681913], [-1.8342494149755, 52.8955136167311], [-1.82991189797525, 52.8964314353908], [-1.84813743448784, 52.909984689071], [-1.84265316543599, 52.9130410785164], [-1.84780331471008, 52.9128760570403], [-1.84787449811748, 52.9203097707386], [-1.85522668344107, 52.920309434573], [-1.85421521986239, 52.9306688076428], [-1.82999753623698, 52.9454818627341], [-1.83448877600202, 52.9548711603136], [-1.82555860409286, 52.9618012735728], [-1.83023263982861, 52.9714678411779], [-1.82678096538971, 52.9770857580258], [-1.80590426563623, 52.9804149958514], [-1.80152906115049, 52.9830799257186], [-1.80478504602351, 52.9855286561639], [-1.78752146310807, 52.9894264282825], [-1.79000191514869, 52.9924718969195], [-1.76240468835541, 52.9998576821585], [-1.76606719939933, 53.0092361570103], [-1.75771862889042, 53.0171443966994], [-1.76373080887802, 53.0214280589325], [-1.7571882102809, 53.0287959418896], [-1.76158173439912, 53.033331435378], [-1.75885937454528, 53.0368769039442], [-1.7681938448564, 53.0440381999147], [-1.77873412098345, 53.0430137155168], [-1.78469559133653, 53.0499309616973], [-1.77565273133757, 53.0593546407422], [-1.7855519527458, 53.0631100451418], [-1.79423901989599, 53.0883940561095], [-1.78297133879583, 53.0933342314566], [-1.78368614765435, 53.1029579088886], [-1.80965058999502, 53.1238004024925], [-1.8127663395017, 53.1328113677679], [-1.82143858639862, 53.135819071942], [-1.81208260717667, 53.1527318553228], [-1.83206171523539, 53.1728369012282], [-1.87404306112304, 53.195383700146], [-1.90918436147004, 53.1988105356101], [-1.93673167174513, 53.2115000968818], [-1.95670722983203, 53.2137476084528], [-1.96236461007117, 53.2262417347362], [-1.98384497293472, 53.2145462922736], [-1.98963440106241, 53.2158060943585], [-1.99024867768893, 53.223022290227], [-1.97482743779671, 53.2308201510558], [-1.98190271551104, 53.238560507728], [-1.9997102595907, 53.2450201354016], [-2.00035518473734, 53.2554017561729], [-2.0094248420728, 53.2606147227429], [-2.00519729687241, 53.2690399512811], [-2.00932914808122, 53.3023141537925], [-2.00155104700482, 53.3189218118205], [-2.01026597066413, 53.3228970354063], [-2.01431920100564, 53.3400585117504], [-2.00465983481896, 53.3460096593325], [-2.00678505242821, 53.3545721116505], [-2.01090349385077, 53.3566847838829], [-2.00904863149536, 53.3620077507348], [-2.03410654547034, 53.3677953642894], [-2.02862403739649, 53.3707340469026], [-2.03377543264394, 53.3755415688756], [-2.02147206970737, 53.3750591148941], [-2.01708408317754, 53.377832755443], [-2.01971446141798, 53.3805954637866], [-2.00464286724195, 53.3863272765984], [-1.99232947055908, 53.415193132135], [-2.02370962953136, 53.4205517125975], [-2.01972433303058, 53.4251186784672], [-2.02732262238544, 53.4324005859086], [-2.01365546338078, 53.4398832337553], [-2.00421605197447, 53.4359217849539], [-2.00830558547645, 53.4414522450963], [-1.98556173246593, 53.4557588974317], [-1.98816121383736, 53.4605976895607], [-1.98059469945358, 53.4632087671093], [-1.98853068333571, 53.470024930647], [-1.98909835183174, 53.476820353176], [-1.97427777091406, 53.4883844180113], [-1.97131927206, 53.5045594777605], [-1.96338598926022, 53.5098272597675], [-1.95133267475833, 53.504198837989], [-1.92197284577495, 53.5099546839903], [-1.91676643607638, 53.5144957591151], [-1.92678065561025, 53.5209487487883], [-1.91425336723401, 53.5367082127961], [-1.90211356700863, 53.5386447905954], [-1.89410949217379, 53.5336117783992], [-1.87349262570415, 53.5404296499177], [-1.84182082823365, 53.5199087793644], [-1.82715106039428, 53.5235079165748], [-1.81952377656311, 53.5134280910315], [-1.80077865319122, 53.5113785283363], [-1.81039889127308, 53.5063401484474], [-1.79628821898355, 53.5031529896704], [-1.79500092224839, 53.4959187300478], [-1.80185615978979, 53.4865463518981], [-1.7983278066268, 53.4786747405807], [-1.77906318250375, 53.4742211926421], [-1.76843734147339, 53.4647669318847], [-1.74682471239449, 53.4634099974418], [-1.74367441569702, 53.4450137315161], [-1.74972822931623, 53.4391192589743], [-1.74427301019628, 53.4312966588394], [-1.74671906273467, 53.4261649295363], [-1.73976196210261, 53.4209879155366], [-1.72995113840574, 53.4159856385031], [-1.70853223310302, 53.4173394733109], [-1.70323415116834, 53.4137221106404], [-1.70496532088341, 53.405055973056], [-1.68182866242726, 53.4017807007349], [-1.66808924679528, 53.3930711909017], [-1.65471696830255, 53.3930270614854], [-1.6535305185542, 53.3848521072128], [-1.66329148162487, 53.3742482318557], [-1.66395050906038, 53.366892925436], [-1.62560375202567, 53.3520618974478], [-1.59054795436381, 53.3459209843409], [-1.61230306160512, 53.3432186688852], [-1.63272698677736, 53.320839212062], [-1.62827741422933, 53.3163771707698], [-1.6092015844932, 53.3226639601595], [-1.59909327897252, 53.3113181987842], [-1.58490201019108, 53.3215879514643], [-1.57892430901633, 53.3166951246412], [-1.58300458734422, 53.3157224724702], [-1.58053389587991, 53.3117380883258], [-1.56136488528553, 53.3158211879588], [-1.55575188364951, 53.3115488450082], [-1.56182692570391, 53.3066022688792], [-1.5367688622067, 53.3047486735244], [-1.53121491084347, 53.310651522755], [-1.50213193956548, 53.3175820754971], [-1.46786581929666, 53.3171584863968], [-1.45522358182387, 53.3218691402976], [-1.45988027916359, 53.3306893682185], [-1.44213573422471, 53.3373845190291], [-1.42086649613, 53.3345679515529], [-1.40874684512064, 53.3419650577052], [-1.38657329018515, 53.334884542305], [-1.39200397141391, 53.3226487135994], [-1.38673871273592, 53.3176321345653], [-1.33766816519733, 53.315870058865], [-1.32830019566931, 53.3289742087432], [-1.31495818392184, 53.3265214837728], [-1.30878911719545, 53.3321707744687], [-1.31229934658408, 53.3341648261918], [-1.30597310643514, 53.3337698474376], [-1.28858902654107, 53.3262280540006], [-1.29515875672233, 53.3217915202234], [-1.29567816421914, 53.3150369715531], [-1.28201141324174, 53.3094625893165], [-1.2735976013037, 53.3104401014425], [-1.25429413883004, 53.3017548273463], [-1.24332977849925, 53.3016490537986], [-1.23044035253652, 53.3085581386891], [-1.2032390468772, 53.3042232396806], [-1.1924158097994, 53.3189898132092], [-1.17448181183083, 53.3213908671433], [-1.17511085119313, 53.3256773764623], [-1.13871810210376, 53.3413828108768], [-1.14155178271676, 53.3467974269081], [-1.15684339220656, 53.3449694993649], [-1.16262283265144, 53.3567360048752], [-1.13853968203233, 53.3559075133134], [-1.14603291441165, 53.3690411448824], [-1.13053708984926, 53.3755712186089], [-1.13131073411345, 53.3895564278894], [-1.13469257364267, 53.3897705866995], [-1.12281104249626, 53.3983123988667], [-1.11557938044441, 53.3971857489981], [-1.11604100602787, 53.4073493528943], [-1.10822686375117, 53.4058817747945], [-1.09873738770383, 53.4187347510545], [-1.08704609824437, 53.4255440491046], [-1.07912295943339, 53.4228091307237], [-1.08043943279743, 53.426867859038], [-1.05488903653977, 53.425461431792], [-1.0309498187762, 53.4309795254991], [-1.03051529485536, 53.425195309492], [-1.01435810855506, 53.426297357497], [-1.01245806584945, 53.4327958706793], [-0.995669798894032, 53.4369266834287], [-0.997518157485324, 53.4436550467849], [-0.985547613494418, 53.4613539670894], [-0.985978085087804, 53.4716733710931], [-0.953259205587141, 53.4844235283874], [-0.935564625288195, 53.5025165284893], [-0.9004706270826, 53.4751558663774], [-0.920246794246959, 53.4655076496685], [-0.916249020723134, 53.4602956888135], [-0.873735876464382, 53.4614784385629], [-0.871919281432214, 53.466310803053], [-0.798111998204267, 53.4552331292671], [-0.809865378392377, 53.4438198989935], [-0.820294495440693, 53.441548458826], [-0.818300580337324, 53.4259794984688], [-0.804127404907439, 53.416981580267], [-0.794673553213645, 53.4140055869685], [-0.789056033356477, 53.4148422985245], [-0.792463498986923, 53.411549904858], [-0.790774797202062, 53.4072684588968], [-0.786765189287213, 53.4023053494876], [-0.777650164722898, 53.3968935529848], [-0.778217039899379, 53.3896361470287], [-0.790740060719631, 53.3861265468396], [-0.782245527943159, 53.3824095719312], [-0.77585611236099, 53.3778379247658], [-0.783088209862915, 53.382065796583], [-0.776158022137344, 53.3776873480932], [-0.786533649735599, 53.3746685803584], [-0.79122677040297, 53.3689262057966], [-0.791502457007125, 53.3635337172185], [-0.780916513508874, 53.3609154354262], [-0.77440968482749, 53.3641164394263], [-0.766349317528135, 53.355973650504], [-0.759148840218862, 53.3536606947476], [-0.763685817210913, 53.3497758454054], [-0.765212594391521, 53.3459110280401], [-0.75721579574933, 53.3396856101635], [-0.766953540308091, 53.3300756130678], [-0.760769817347071, 53.3243257483121], [-0.750468758911353, 53.3241679798072], [-0.754363062274332, 53.3202058373673], [-0.754828337814495, 53.3146876317388], [-0.753131088677901, 53.3087962610461], [-0.747871111830831, 53.3044667961079], [-0.751491490277397, 53.2937354708493], [-0.757673234175655, 53.2931024678902], [-0.758898663511079, 53.2986050519319], [-0.763737244687136, 53.2999209936549], [-0.781043168326142, 53.2816170732877], [-0.764909096788295, 53.2728086653602], [-0.774303810514618, 53.2611161471273], [-0.772931210868868, 53.2554810076949], [-0.770789520159006, 53.2533257677715], [-0.778788146576575, 53.252362528477], [-0.778990880709454, 53.241811117127], [-0.782063388324533, 53.2414200728048], [-0.783197091710907, 53.2408104801685], [-0.777804014791942, 53.238917873844], [-0.784333788042696, 53.2242213037033], [-0.776108053110349, 53.2147809029271], [-0.779059418234661, 53.2129485545758], [-0.775939438477024, 53.2073466664878], [-0.780927278580431, 53.2037957635262], [-0.777561856911163, 53.1997825280443], [-0.78138047975571, 53.1966750105866], [-0.781749698387459, 53.1914094655601], [-0.79100761610533, 53.1903828185975], [-0.793190630433273, 53.186565561279], [-0.791194881513921, 53.183235365466], [-0.79580337820477, 53.1811748581017], [-0.784920512834315, 53.1758073965335], [-0.794720861252968, 53.1811963577132], [-0.790016661402936, 53.1829375344084], [-0.790328893801186, 53.1897682360476], [-0.779892560724014, 53.1912430794803], [-0.776343241875636, 53.1995732078576], [-0.77952990739386, 53.2038650386346], [-0.775089095258148, 53.2069217469499], [-0.778202731482257, 53.212476862217], [-0.775132009770367, 53.2146109099155], [-0.775211492795432, 53.2180222457631], [-0.782516126711451, 53.2275216050505], [-0.777554534889296, 53.2347856039431], [-0.777910666314978, 53.2521206919791], [-0.769804651015004, 53.2527007386458], [-0.772414447292818, 53.2611290638679], [-0.76372153290659, 53.2718686543799], [-0.77722339544133, 53.2838639268079], [-0.762553615195244, 53.2991841181141], [-0.758154100479956, 53.2925591032531], [-0.745220126894251, 53.2929658109162], [-0.750092648810562, 53.293756765543], [-0.746225938625977, 53.3035074333809], [-0.753297092962369, 53.3135074972609], [-0.748512539795307, 53.3226759887658], [-0.751498569274132, 53.3255091546197], [-0.759907243651149, 53.3250261064585], [-0.765932650192642, 53.3301216745285], [-0.756180992324027, 53.3394267951344], [-0.764291221595248, 53.3463446236038], [-0.758092297454242, 53.3538780557445], [-0.774570739284216, 53.3649468389721], [-0.790408473926921, 53.363482202383], [-0.785155884551691, 53.3745970585638], [-0.774674045784584, 53.3777467207357], [-0.774644185143947, 53.3791550643296], [-0.78093391725412, 53.3835341637903], [-0.789713890827557, 53.3858311890079], [-0.777229378484671, 53.3893123187556], [-0.776492552349909, 53.3965104658088], [-0.787656514396732, 53.4044529198832], [-0.790976711103713, 53.4108750775596], [-0.788039347508918, 53.415252645141], [-0.804260792394279, 53.4178099413892], [-0.817223242205244, 53.4263526492951], [-0.819968884384623, 53.4406391398381], [-0.809023135717545, 53.4435211560839], [-0.78522408095014, 53.4619348118568], [-0.784008844424459, 53.4762050660562], [-0.770623396115755, 53.4796737003113], [-0.774998226485022, 53.4887615646468], [-0.76723587906192, 53.4989049196944], [-0.751058304925423, 53.5005375594853], [-0.738567467566684, 53.5198809348824], [-0.675706725168171, 53.5125254719015], [-0.624491104429227, 53.5128392139564], [-0.628193216650824, 53.5068231529788], [-0.625726537074686, 53.4955809544153], [-0.634058429571641, 53.4853992669682], [-0.634806791242606, 53.4695518669221], [-0.62664950589938, 53.4620613693688], [-0.629752674978015, 53.4582189915595], [-0.551793099765091, 53.4595200405489], [-0.471749465254693, 53.4748729008679], [-0.486630004727343, 53.4804701668812], [-0.487771884719746, 53.4878143766387], [-0.480686587797683, 53.4962453858493], [-0.48836488690652, 53.5048357225888], [-0.405074524830151, 53.5176169024623], [-0.408145080459695, 53.5321088676971], [-0.421862353506164, 53.5344480790828], [-0.430664749921137, 53.5463371555556], [-0.500564640973326, 53.5384183127289], [-0.490908801668391, 53.5458737952132], [-0.467018371437879, 53.5489606914837], [-0.465671732127895, 53.5560233219709], [-0.450776025259325, 53.5579662827286], [-0.429001046046789, 53.5745247142208], [-0.419669109582517, 53.5637727865167], [-0.356323829301515, 53.5560532539898], [-0.335938821094677, 53.5586265913365], [-0.310867879373955, 53.5901545793183], [-0.303423841813591, 53.5907900989405], [-0.300753915339974, 53.5955399989843], [-0.308555246775199, 53.6143287569587], [-0.300930360808404, 53.6163880593414]]]]}}, {"type": "Feature", "properties": {"Region": "West Midlands", "LabelPoint": [52.525792314867104, -2.195403173697671]}, "geometry": {"type": "Polygon", "coordinates": [[[-1.95670722983203, 53.2137476084528], [-1.93673167174513, 53.2115000968818], [-1.90918436147004, 53.1988105356101], [-1.87404306112304, 53.195383700146], [-1.83206171523539, 53.1728369012282], [-1.81617867494217, 53.1587289233678], [-1.81208260717667, 53.1527318553228], [-1.82143858639862, 53.135819071942], [-1.8127663395017, 53.1328113677679], [-1.80965058999502, 53.1238004024925], [-1.78368614765435, 53.1029579088886], [-1.78297133879583, 53.0933342314566], [-1.79423901989599, 53.0883940561095], [-1.7855519527458, 53.0631100451418], [-1.77565273133757, 53.0593546407422], [-1.78469559133653, 53.0499309616973], [-1.77873412098345, 53.0430137155168], [-1.7681938448564, 53.0440381999147], [-1.75885937454528, 53.0368769039442], [-1.76158173439912, 53.033331435378], [-1.7571882102809, 53.0287959418896], [-1.76373080887802, 53.0214280589325], [-1.75771862889042, 53.0171443966994], [-1.76606719939933, 53.0092361570103], [-1.76240468835541, 52.9998576821585], [-1.79000191514869, 52.9924718969195], [-1.78752146310807, 52.9894264282825], [-1.80478504602351, 52.9855286561639], [-1.80152906115049, 52.9830799257186], [-1.80590426563623, 52.9804149958514], [-1.82678096538971, 52.9770857580258], [-1.83023263982861, 52.9714678411779], [-1.82555860409286, 52.9618012735728], [-1.83448877600202, 52.9548711603136], [-1.82999753623698, 52.9454818627341], [-1.85421521986239, 52.9306688076428], [-1.85522668344107, 52.920309434573], [-1.84787449811748, 52.9203097707386], [-1.84780331471008, 52.9128760570403], [-1.84265316543599, 52.9130410785164], [-1.84813743448784, 52.909984689071], [-1.82991189797525, 52.8964314353908], [-1.8342494149755, 52.8955136167311], [-1.83259191571471, 52.8868612681913], [-1.81230682410362, 52.8806830252568], [-1.80142008346297, 52.886126233502], [-1.79115169079323, 52.8802828657212], [-1.77722065071375, 52.8838147399446], [-1.77423194761186, 52.8792595090782], [-1.75070306479113, 52.8737102152893], [-1.75226722347909, 52.8688078899074], [-1.7456692317983, 52.8691814246245], [-1.74955798221329, 52.8667738067235], [-1.7399802204546, 52.8677109225297], [-1.72529467619722, 52.8596659326497], [-1.70578197334284, 52.8667503785749], [-1.70060876646215, 52.8605835227016], [-1.68999906430802, 52.8645242498849], [-1.62653104160056, 52.8543845562605], [-1.61757872720405, 52.8447643876906], [-1.58538036585949, 52.8315965572984], [-1.60300638681138, 52.8261928081803], [-1.61024853986339, 52.8171140853755], [-1.59169224196469, 52.8092878382377], [-1.58894635200613, 52.7998222122932], [-1.61434537917712, 52.7882740466862], [-1.61112950153712, 52.7814035599527], [-1.61928932345148, 52.7851679186915], [-1.62695771616391, 52.7797724656211], [-1.63824276096365, 52.7867285149923], [-1.64992983448513, 52.7794820123588], [-1.66560381957049, 52.7851627501463], [-1.67073946776933, 52.7810705555407], [-1.67017911692501, 52.7733955266483], [-1.68207990691529, 52.7702198962198], [-1.6861764914816, 52.7588625382215], [-1.69688659062422, 52.7529893871616], [-1.69228823806625, 52.7441636366866], [-1.69755616173096, 52.7437850385369], [-1.70316477897247, 52.7294806317117], [-1.65660772699026, 52.7217484720003], [-1.65929092215423, 52.7140834317401], [-1.65430141943156, 52.7082086771178], [-1.6550635927941, 52.6987757757077], [-1.63529626395961, 52.7024973561121], [-1.62526257606105, 52.6974058844649], [-1.61549287520878, 52.700701215048], [-1.60574579653471, 52.6965009696517], [-1.5987027060469, 52.7003845633425], [-1.59088169677235, 52.6980643954556], [-1.58639414261275, 52.6944919428565], [-1.5896451852037, 52.6872608072693], [-1.55280663728848, 52.6684622512213], [-1.54242198174715, 52.6536264362545], [-1.54699296423898, 52.6422701897984], [-1.57135993877814, 52.6351305520706], [-1.56461026146334, 52.631242092923], [-1.56686847258916, 52.6206203617972], [-1.55445233721977, 52.6147620835865], [-1.56069803676403, 52.5961193274393], [-1.5271552279268, 52.5827378307652], [-1.52268732942375, 52.5704270757305], [-1.42697626438531, 52.5406460747557], [-1.30782656509794, 52.4945399691799], [-1.24074319604152, 52.4401350768609], [-1.17212636579044, 52.3613009280645], [-1.17923433173735, 52.354376583942], [-1.23371073986318, 52.3464365142519], [-1.26309137570933, 52.3329099745842], [-1.26526665785692, 52.3283772112106], [-1.24763573290374, 52.3219558962716], [-1.20923383158981, 52.315204078762], [-1.23378294833003, 52.2903281059315], [-1.22360577660675, 52.2868895463059], [-1.21564957232666, 52.2664014963538], [-1.21785526454163, 52.2618007957161], [-1.23515934086819, 52.2492711233242], [-1.25447946475006, 52.2475675684728], [-1.26615184417816, 52.2408300584278], [-1.26685236231198, 52.2352486382326], [-1.28468313165692, 52.2385190524601], [-1.27836308556458, 52.2287159769472], [-1.27257894003583, 52.2275350919314], [-1.27691485457444, 52.2251204512719], [-1.27505353190974, 52.2218347082181], [-1.26092950780405, 52.2160027140175], [-1.25498199738882, 52.1978310701825], [-1.31313453207951, 52.1904676293781], [-1.3181909212033, 52.1814171402792], [-1.33148214745376, 52.1741370496518], [-1.33400533044645, 52.1590808603135], [-1.34345868249695, 52.1532350087389], [-1.34104036067521, 52.1448563441117], [-1.34993649836799, 52.141591801212], [-1.34870798028103, 52.1351321985152], [-1.36614709694777, 52.1360752375012], [-1.38546286731994, 52.1284031599991], [-1.39330253064253, 52.1189629040259], [-1.37084214071868, 52.1175341825775], [-1.35776965526573, 52.10131042365], [-1.38539981246728, 52.0941455721548], [-1.40389417532836, 52.1100898588922], [-1.42496248099698, 52.1182774974294], [-1.4534689049737, 52.112990888413], [-1.44718785165916, 52.097625032042], [-1.46755929874001, 52.0970564711678], [-1.47730164801721, 52.1013509440553], [-1.48006671913531, 52.0935584784034], [-1.48780444309778, 52.093957432128], [-1.48560745557967, 52.0877334385848], [-1.49435496612554, 52.0822274591345], [-1.4906652806865, 52.0771353198176], [-1.50185527404318, 52.0716266297433], [-1.49735329861192, 52.058954541848], [-1.52492803849043, 51.993206917413], [-1.54174159477537, 51.9964320593799], [-1.55722360987893, 51.9916576647463], [-1.54954673594339, 51.9808463142775], [-1.58057305586184, 51.9729959908424], [-1.60030155963125, 51.9769415553217], [-1.5916338243768, 51.9704499705292], [-1.61234247849955, 51.955403416263], [-1.66993446038091, 51.9931648127938], [-1.64287860261692, 52.009223003306], [-1.63862773951566, 52.0205312919744], [-1.62011034658381, 52.0277381883698], [-1.61749567282119, 52.0333661924932], [-1.62446030247049, 52.0389532635568], [-1.66382433788403, 52.0312666546422], [-1.66745219060359, 52.0362441741677], [-1.69398075504565, 52.0395278979871], [-1.6886364810542, 52.0518332037271], [-1.70505254003613, 52.0596336077601], [-1.70169911871026, 52.0728344030857], [-1.70985855869454, 52.0733064029702], [-1.71311213593006, 52.0665529393768], [-1.73065604717972, 52.0732913537538], [-1.72856052811281, 52.1001203046394], [-1.73855957362033, 52.0913584304027], [-1.74703544664309, 52.0932874351993], [-1.7676920738422, 52.1125783274844], [-1.78941728675708, 52.1063748328607], [-1.79013499514956, 52.100591533347], [-1.80228873762243, 52.0969414685877], [-1.81273665650818, 52.0787440005564], [-1.81894341276327, 52.085404114207], [-1.83175334172358, 52.0727693533542], [-1.84661960637666, 52.0794210947487], [-1.85338863530379, 52.0723674194912], [-1.86904499487076, 52.0738565358953], [-1.87440607681162, 52.0699909106809], [-1.86287745945827, 52.0634319519335], [-1.86344917989937, 52.0534177221476], [-1.8345888140813, 52.0437330158037], [-1.82975128600407, 52.0390716041666], [-1.83056034585543, 52.0321390313493], [-1.8250228816679, 52.0309334126422], [-1.83565953282706, 52.0225025850846], [-1.8353091289734, 52.0091624202505], [-1.83905030714283, 52.0067831275768], [-1.86154357558555, 52.0126276651864], [-1.86226882816264, 52.0174853374754], [-1.91344602070409, 52.0444612397009], [-1.93169767686998, 52.0298892728558], [-1.94746507634291, 52.0318013694595], [-1.95137076201915, 52.0376994827586], [-1.98413574037062, 52.0358792735091], [-1.9951896393208, 52.0265631408397], [-1.99856512357771, 52.0296677469089], [-2.02365946276158, 52.0169532954999], [-2.02927127218363, 52.0128396662462], [-2.02699699485911, 52.0105880389455], [-2.03825256733375, 52.0095626837447], [-2.03835621126119, 52.0046006226081], [-2.04951417600198, 52.0037962176657], [-2.06077974233804, 52.0146632884129], [-2.08487319407292, 52.0104785837075], [-2.11165413411503, 52.0153533420755], [-2.13932047934156, 51.9994154023888], [-2.13906369390974, 52.003949819417], [-2.15078195954122, 52.0066280407731], [-2.14003952472973, 52.0272716178706], [-2.11792249826337, 52.0330716460537], [-2.11608955278632, 52.0378700166115], [-2.11838638193208, 52.0421167569588], [-2.16183573315993, 52.0505948860808], [-2.18040902921034, 52.0423012658518], [-2.17690606521531, 52.0225592291], [-2.18768330302322, 52.0190801567564], [-2.16412790281408, 52.0034004426575], [-2.16472740060025, 51.9960730088621], [-2.18110637903987, 51.9994833903341], [-2.17942583356144, 51.9948475683839], [-2.18508403441562, 51.9905609779425], [-2.20288600060755, 51.9963629904356], [-2.2206132435217, 51.9954966439335], [-2.25135998124032, 51.9665649333006], [-2.28829064497739, 51.9706681633801], [-2.30043302609069, 51.9667752636857], [-2.31261970069138, 51.9765049736609], [-2.32653883120796, 51.9757909459813], [-2.32065696637927, 51.9921284113593], [-2.32470967818414, 52.0035672774164], [-2.35254266829771, 52.0135353093701], [-2.35137852244174, 52.0213590281247], [-2.39289223171328, 52.0129587691277], [-2.3990184898963, 51.9961459469645], [-2.41319627507641, 51.9940903068968], [-2.43729372314514, 51.9971670425139], [-2.4361213982017, 52.0145914684016], [-2.46337278472343, 52.0140424468424], [-2.4640393485931, 52.0232480069878], [-2.47893230092191, 52.0225304101253], [-2.48036569317797, 52.0160607832299], [-2.49211125940808, 52.0082952117368], [-2.4854967162393, 52.0003323090956], [-2.47097993694179, 51.9947774688723], [-2.49491293332375, 51.9810752059117], [-2.49224484623915, 51.964128776399], [-2.50090645407367, 51.9606091433712], [-2.46557353500141, 51.9517045843731], [-2.4660430006938, 51.9279745026219], [-2.44825796764534, 51.9187209833163], [-2.44008129841439, 51.9024199624109], [-2.44531994517423, 51.9005581660893], [-2.43927491603518, 51.8973822852407], [-2.46521347137183, 51.8929913173463], [-2.47340817682411, 51.8855536333177], [-2.48672835462937, 51.8847160378116], [-2.48779469274655, 51.8804175449928], [-2.50862440109418, 51.8851690560296], [-2.52223340432222, 51.8646959983026], [-2.53162394037576, 51.8607715459858], [-2.58054991966013, 51.8616315676941], [-2.58520409059383, 51.8599145479902], [-2.57880574092719, 51.8532098251181], [-2.58211032079641, 51.8497282725024], [-2.60121663304725, 51.8562162634927], [-2.62546695815918, 51.8389640015383], [-2.63671005341688, 51.8430952603725], [-2.65040070567432, 51.8261246880221], [-2.66619753963782, 51.8356235561264], [-2.68286242110727, 51.8384562153713], [-2.68700248327029, 51.8330561769206], [-2.69336566959471, 51.8338729566316], [-2.69733677490444, 51.8447981340223], [-2.71512837058452, 51.8402439267929], [-2.71966531119947, 51.8488696891103], [-2.72758042926545, 51.8401422458282], [-2.73884858634764, 51.8366165094632], [-2.74114504457348, 51.8424725090093], [-2.75687958883666, 51.8459057514401], [-2.76950813830688, 51.8623588450437], [-2.77879887552431, 51.865859065782], [-2.76845708326348, 51.8805382700943], [-2.80197354130219, 51.890471593267], [-2.82113323494379, 51.9054321366506], [-2.83614469601679, 51.9060748456053], [-2.84201407836682, 51.9177501581602], [-2.86187161480982, 51.9139790704284], [-2.86333336574936, 51.9171762759246], [-2.84515682480003, 51.9222658623175], [-2.86990040075651, 51.9267875260882], [-2.87795776898154, 51.9338377295735], [-2.88865716334539, 51.9334624609877], [-2.88704864911808, 51.9281634657987], [-2.89243685795967, 51.925371347529], [-2.968426678534, 51.9045387106715], [-2.97536795318841, 51.9095174220662], [-2.97117237544611, 51.9134201490423], [-2.97666533447377, 51.9274901982694], [-2.99924292508892, 51.92345778151], [-3.00812331564277, 51.9271305457581], [-3.01308987163877, 51.9448843148724], [-3.06737674091607, 51.9831362965463], [-3.08689696098424, 52.0139113856829], [-3.09919890693024, 52.0226858076554], [-3.08628664345927, 52.0401943735748], [-3.09281242205453, 52.0474787910002], [-3.09078087745997, 52.0508252935815], [-3.11641315616635, 52.0658331787804], [-3.12589457339956, 52.0783105771297], [-3.1187976106969, 52.0888160009659], [-3.12267991084996, 52.103148785592], [-3.10534931223889, 52.105417821816], [-3.10492212967307, 52.1167418928952], [-3.14192072484887, 52.1278671845105], [-3.13413719876664, 52.1335779159902], [-3.13587330508285, 52.137908391339], [-3.09369007605061, 52.1443059955093], [-3.0725382658941, 52.1557732338737], [-3.08403442129639, 52.1631673849594], [-3.09889603996449, 52.1547338851738], [-3.12243047087079, 52.1634196046664], [-3.09465104889233, 52.1837422721208], [-3.10208187078616, 52.2027204247282], [-3.07209180392951, 52.2130872867319], [-3.0780119276322, 52.2160480113776], [-3.07037315222626, 52.2292379024779], [-3.0731210046206, 52.2357924709548], [-3.04421511696905, 52.2379274553372], [-3.04285645321936, 52.2441315279527], [-3.04993576413974, 52.2450361292998], [-3.04528493675853, 52.2468226108122], [-3.04831809735968, 52.2502329083463], [-3.03617063655197, 52.2566599202132], [-3.00550225677038, 52.2642717226502], [-2.97750294290696, 52.2597733676699], [-2.96489669428117, 52.2623990461108], [-2.96503838029795, 52.2681249998257], [-2.94962136496068, 52.2695258649155], [-2.96509455336909, 52.2743290643018], [-2.99270576274024, 52.2728132973985], [-3.01261128212472, 52.2794137726788], [-3.01196233390466, 52.2880888885765], [-3.00560327992807, 52.2906480881234], [-3.00132035214736, 52.2999441509363], [-3.00086604665785, 52.3217658044471], [-2.96680116367831, 52.3294490737256], [-2.95465135625057, 52.3491547619378], [-2.97450325778266, 52.3547007710804], [-3.04017440612675, 52.344326448647], [-3.05992921784213, 52.3480087494251], [-3.09174115548789, 52.3625025169696], [-3.11060650812059, 52.3771928577085], [-3.15444662965246, 52.3877151712535], [-3.16152977033761, 52.3921555563547], [-3.16058150132304, 52.3999292606892], [-3.17885189317182, 52.4094453010763], [-3.21954231380943, 52.4212465653009], [-3.23066768403844, 52.4305072783284], [-3.22834594121455, 52.4395219151629], [-3.23555343310675, 52.4425111831888], [-3.23195848904329, 52.4530510436591], [-3.19724017301225, 52.4759894035959], [-3.18059181517014, 52.4738363444172], [-3.14038621743404, 52.491667080533], [-3.11154689263472, 52.498850757676], [-3.02920219998827, 52.5012680249874], [-3.03671093415921, 52.5132773592118], [-3.03079603663291, 52.5195215604688], [-3.03237893922629, 52.5237313424194], [-3.00387364775971, 52.5198330362371], [-3.000905364938, 52.5241105167978], [-3.00507490611383, 52.5294612084802], [-2.99430716764492, 52.5530480800461], [-2.99972006074677, 52.5546693366534], [-3.00056565855423, 52.567981100155], [-3.01443998659297, 52.5754974436957], [-3.03645140455456, 52.571804211269], [-3.05981644852868, 52.5555605876821], [-3.08727582526502, 52.551331507343], [-3.09394324649299, 52.5449022869698], [-3.0807509267608, 52.539143834134], [-3.08541228712571, 52.534502701906], [-3.13308143025898, 52.5274741129364], [-3.13716870599689, 52.5339366641134], [-3.11149542440582, 52.5413637639296], [-3.12736020564463, 52.5660502524095], [-3.13770789110085, 52.5738340070736], [-3.13858558515981, 52.5829318218794], [-3.13497843262842, 52.5836748664779], [-3.13950076571608, 52.5857198071629], [-3.11741414899447, 52.5857631466243], [-3.10042113203173, 52.5976338414433], [-3.08955816271373, 52.5995062971115], [-3.09362257365342, 52.6093390867467], [-3.08260092033823, 52.6156327768547], [-3.07318689672821, 52.6289626614398], [-3.05980887011232, 52.6307546624332], [-3.08356627752097, 52.6412925192923], [-3.05112433418108, 52.6473703190466], [-3.05086901030178, 52.6534124802857], [-3.04493214125485, 52.6559693668366], [-3.049109580426, 52.6623438871931], [-3.03858027691564, 52.6753731659248], [-3.0456565899251, 52.6754637097909], [-3.0420819552301, 52.6814970321144], [-3.04704782420661, 52.6912658400172], [-3.03422412874811, 52.6934407099899], [-3.0224859512498, 52.7066679412475], [-3.02533813131382, 52.7165116393287], [-3.02147728971123, 52.7242448164798], [-3.00055465557069, 52.7202753098192], [-2.97759195389928, 52.7265916751035], [-2.97810302517224, 52.715357324982], [-2.96741010134095, 52.7142817539625], [-2.96109991405064, 52.716387247975], [-2.96172224613079, 52.7255645497863], [-2.96669784921881, 52.725646296741], [-2.96506569361931, 52.7322680639285], [-2.97112157804068, 52.7354783994125], [-2.99103015995307, 52.7337178766621], [-2.99738295007643, 52.7383546448533], [-2.99253721979029, 52.7385796374964], [-2.99199278312435, 52.7437560376404], [-3.02112963379419, 52.7515556004522], [-3.01081997604641, 52.7584601569855], [-3.01719151424293, 52.7676407153281], [-3.03553234089734, 52.7640491157192], [-3.03263394728735, 52.7672500656626], [-3.03898545182156, 52.7703947262685], [-3.05316313186733, 52.769352624763], [-3.04779141568697, 52.7726355733758], [-3.05792568495652, 52.7736853966648], [-3.06261034088793, 52.7690748103203], [-3.06955621698082, 52.7742220675038], [-3.07269921180081, 52.7696555255178], [-3.07951607132088, 52.771513911764], [-3.08064859414838, 52.777440547284], [-3.08881964933085, 52.7775393640165], [-3.09169361801942, 52.786751850201], [-3.085738068899, 52.7903035723121], [-3.08663218442715, 52.7955931558439], [-3.10610108099855, 52.7929553760174], [-3.11828683786622, 52.7835824200664], [-3.11890970948157, 52.7872237200157], [-3.15842528976348, 52.7934881029228], [-3.1619145375707, 52.7992533761367], [-3.15319003437988, 52.8063686249265], [-3.16141222613193, 52.8035763651799], [-3.16820515656899, 52.807328442099], [-3.16788753046969, 52.819266678782], [-3.15406573628651, 52.8321262933936], [-3.15647859472833, 52.8370140528747], [-3.15126038171278, 52.8425648873842], [-3.16301475130881, 52.8474909443465], [-3.12771287514737, 52.8671030319031], [-3.15241672487316, 52.878747886248], [-3.14704141058896, 52.8846972505021], [-3.13552413220342, 52.8850136660634], [-3.14750393983102, 52.8901693448939], [-3.13751787901147, 52.894916686259], [-3.11416217688046, 52.8939782156026], [-3.11689429004674, 52.8996934187183], [-3.11201631526458, 52.9135673027962], [-3.0960462651718, 52.930315461165], [-3.07651316772971, 52.92547934312], [-3.03500585010775, 52.9295082828756], [-3.02386813203466, 52.9364414080422], [-3.02402686328743, 52.9423358860188], [-3.00985556127818, 52.9560359513288], [-2.98202234589558, 52.9591982537615], [-2.97532287564151, 52.9689003355131], [-2.96848677225909, 52.9641755888793], [-2.97282828144283, 52.9604623920952], [-2.9598133204483, 52.9511695547838], [-2.9288886576968, 52.9386788293684], [-2.92027801788374, 52.9433953625795], [-2.90818770231576, 52.9420852038531], [-2.88743132915924, 52.9525298899764], [-2.88366209558834, 52.9466688604705], [-2.84101496067848, 52.9426237140995], [-2.83849605180922, 52.9321838564903], [-2.8130262985268, 52.9149406341665], [-2.80047694829725, 52.8955151282304], [-2.75532645758129, 52.9246280363585], [-2.72854141965598, 52.9251781184273], [-2.72787443214956, 52.9536264964268], [-2.72417751071701, 52.9571216546992], [-2.72748124602623, 52.9663551682854], [-2.73529356518204, 52.9699461891475], [-2.72733591835057, 52.983230381601], [-2.71187868342735, 52.9860844160473], [-2.69929243706707, 52.9954387977652], [-2.6870784850997, 52.9868304768235], [-2.67466228547344, 52.9856628094808], [-2.65235683870577, 52.9949944619321], [-2.63265093996284, 52.9966707862961], [-2.62194000405297, 52.9867422315979], [-2.60773406479019, 52.9883621463089], [-2.60567940537261, 52.979395099135], [-2.59488906784906, 52.9796071465965], [-2.59962988507348, 52.9754329316325], [-2.59275619461528, 52.9741694704706], [-2.59844664203957, 52.9717182394102], [-2.59769347128031, 52.9630059890586], [-2.58620298549954, 52.9553144340219], [-2.56126288258472, 52.9649521042076], [-2.53203388037061, 52.9472857299315], [-2.52328068180159, 52.9543552864447], [-2.52133205918769, 52.9743455397525], [-2.50689718718958, 52.964912612579], [-2.4917008089993, 52.9676840784677], [-2.48113332913399, 52.9588365842155], [-2.44299126881095, 52.9707813194992], [-2.43466847192472, 52.9695572514768], [-2.43816862955627, 52.9855677220219], [-2.41086210522397, 52.9879253157336], [-2.40447509904863, 52.9916535761207], [-2.40698671538335, 52.9959166235157], [-2.38024460638441, 52.9990061253472], [-2.38304468514478, 53.0077867854542], [-2.37042155075988, 53.0145296481573], [-2.38422739107302, 53.0261675763594], [-2.37978504906041, 53.0275914168375], [-2.38612466841185, 53.0336026718231], [-2.38148099775442, 53.0524751031714], [-2.35757896496723, 53.0547185107058], [-2.35373525835257, 53.0588488358145], [-2.34758567133388, 53.0561702915254], [-2.32900939016106, 53.0765798955192], [-2.31783036789581, 53.0814406602195], [-2.30340297891906, 53.0829962791221], [-2.29337580822217, 53.0783263863886], [-2.25324848942767, 53.0939769935256], [-2.24643157183402, 53.0903076293465], [-2.23795141548438, 53.1010471437667], [-2.22307361962197, 53.1037952179052], [-2.15554543171792, 53.1596534942826], [-2.14142291774514, 53.156612488773], [-2.14486585803342, 53.1737677937403], [-2.14021103357332, 53.1838954422146], [-2.11172855178585, 53.168622688186], [-2.09277251910984, 53.172953496202], [-2.07810071954617, 53.1704155959834], [-2.05805625849155, 53.1763887883322], [-2.05931749425628, 53.1808356257999], [-2.04610965363786, 53.1927771374014], [-2.01823167804833, 53.189084530687], [-2.00174927099309, 53.1929557232904], [-1.98737982955689, 53.2136037465838], [-1.96236461007117, 53.2262417347362], [-1.95670722983203, 53.2137476084528]]]}}, {"type": "Feature", "properties": {"Region": "East of England", "LabelPoint": [52.21772190984865, 0.48826814255008577]}, "geometry": {"type": "MultiPolygon", "coordinates": [[[[0.456906017230241, 51.505732485012], [0.456189221310073, 51.5054387984169], [0.456199589854737, 51.5062167368565], [0.456906017230241, 51.505732485012]]], [[[0.537407007118561, 51.5185442585879], [0.536815829370777, 51.5164659933187], [0.531943316118631, 51.5162501960804], [0.537407007118561, 51.5185442585879]]], [[[0.52136338160078, 51.521388630284], [0.522900846755975, 51.5175692679819], [0.521730823698412, 51.5187248704445], [0.52136338160078, 51.521388630284]]], [[[0.629811150636646, 51.5203860946679], [0.630951370076699, 51.5195591888721], [0.628431892649436, 51.5203675517672], [0.629811150636646, 51.5203860946679]]], [[[0.628027699917062, 51.5234119520145], [0.626073201220497, 51.5224682377307], [0.625925129198958, 51.5227260723463], [0.625166401069896, 51.5233733117415], [0.628027699917062, 51.5234119520145]]], [[[0.63218017711949, 51.5236425927642], [0.634312373639417, 51.5232160843984], [0.633937151383017, 51.5223854088189], [0.631491788149293, 51.5227308009839], [0.630649824166785, 51.5218053622615], [0.63218017711949, 51.5236425927642]]], [[[0.622792905707395, 51.5245670055922], [0.623966185180449, 51.5244112518139], [0.625555118679892, 51.5245888372969], [0.62562596809514, 51.5238407823044], [0.624836435011301, 51.5230481331694], [0.622792905707395, 51.5245670055922]]], [[[0.627975878882192, 51.5247900337695], [0.629362387880719, 51.5239063617244], [0.625660644019242, 51.5242429192147], [0.627975878882192, 51.5247900337695]]], [[[0.623310039120625, 51.5254116292779], [0.622765232866708, 51.5247627855248], [0.622469585726511, 51.5254385206514], [0.623310039120625, 51.5254116292779]]], [[[0.629210713150014, 51.5259027444865], [0.631969543754493, 51.5245898502373], [0.628886436528449, 51.5242785748644], [0.629210713150014, 51.5259027444865]]], [[[0.625909848318839, 51.5266188438932], [0.624429705087385, 51.5247667797802], [0.625508495434158, 51.5246555343772], [0.624099488632593, 51.5244478409335], [0.623469453314869, 51.5251751290806], [0.62499706724554, 51.5257399192056], [0.625167750452506, 51.526626464322], [0.625909848318839, 51.5266188438932]]], [[[0.621836882154605, 51.526847573035], [0.619200839967611, 51.5261878879678], [0.618287556897747, 51.5266543632781], [0.620566401136083, 51.526542307288], [0.621836882154605, 51.526847573035]]], [[[0.624927891328422, 51.5264420684628], [0.62343155679056, 51.5251930646699], [0.623348198310834, 51.5256239238595], [0.622379438083167, 51.5254504294421], [0.622165811299106, 51.5266000901352], [0.624927891328422, 51.5264420684628]]], [[[0.621068218554397, 51.5269951619621], [0.620986539649503, 51.5266777150997], [0.620402389876294, 51.5267744091692], [0.621068218554397, 51.5269951619621]]], [[[0.628254612083792, 51.5265501301329], [0.627865256697143, 51.5249220205029], [0.625851758131326, 51.5243069915119], [0.627394706796333, 51.5265900836836], [0.625614155864098, 51.5270175850434], [0.628254612083792, 51.5265501301329]]], [[[0.625483392904639, 51.5276014986072], [0.624779023681729, 51.5268618037402], [0.622308860634865, 51.5269566351361], [0.62106237199835, 51.5268181189707], [0.625483392904639, 51.5276014986072]]], [[[0.618346645919424, 51.5273824236322], [0.617433988597288, 51.5273326464628], [0.617617906365273, 51.5278240878729], [0.618346645919424, 51.5273824236322]]], [[[0.611698335454633, 51.5285410977776], [0.613575293028513, 51.5277168412601], [0.61380664346394, 51.528281878017], [0.614433590956785, 51.5277112003733], [0.615012050290154, 51.5278921147129], [0.616786855996947, 51.5272616487389], [0.620386174463887, 51.5269690329421], [0.614048280376698, 51.5270385260118], [0.611698335454633, 51.5285410977776]]], [[[0.608964565503127, 51.5286927825593], [0.610699369590225, 51.528192805111], [0.608316460601384, 51.5284661710309], [0.608964565503127, 51.5286927825593]]], [[[0.611102977640332, 51.5287953829282], [0.611421749393733, 51.5281803189889], [0.610672052996882, 51.5284587238601], [0.611102977640332, 51.5287953829282]]], [[[0.618213734290913, 51.5287344282387], [0.618510606339655, 51.5274255295072], [0.617545215151283, 51.5280649395763], [0.618213734290913, 51.5287344282387]]], [[[0.619302504139362, 51.5283854480239], [0.62344905944392, 51.5277288658047], [0.618899619169662, 51.5274708045741], [0.619302504139362, 51.5283854480239]]], [[[0.622454067309267, 51.5288555319224], [0.62529545453391, 51.5284196258747], [0.62557200314786, 51.5281139482681], [0.624258060465451, 51.5276307227866], [0.622454067309267, 51.5288555319224]]], [[[0.604288794112529, 51.5295809510965], [0.605613786040327, 51.5290613691336], [0.608089028379067, 51.5285737560432], [0.606489370433274, 51.5286007765792], [0.604288794112529, 51.5295809510965]]], [[[0.61580609240918, 51.5282116658112], [0.61707902560199, 51.5273027951547], [0.614118894279874, 51.5281953249494], [0.61580609240918, 51.5282116658112]]], [[[0.61822171608326, 51.5295517664981], [0.62245557642448, 51.5289319436595], [0.617819142109938, 51.5293709887355], [0.61822171608326, 51.5295517664981]]], [[[0.617727583951571, 51.5296851096206], [0.614318837206265, 51.5284008679353], [0.611932958820709, 51.5287858939536], [0.616375868634489, 51.5296739026444], [0.617727583951571, 51.5296851096206]]], [[[0.60606716619326, 51.5293121088741], [0.606687906297083, 51.5297569893807], [0.607859576842864, 51.5292193222909], [0.61075587374447, 51.528839984397], [0.60606716619326, 51.5293121088741]]], [[[0.600959735272683, 51.5303954542391], [0.600003390998734, 51.5302502794087], [0.59884615014272, 51.5308560168106], [0.600959735272683, 51.5303954542391]]], [[[0.603166809660553, 51.5311190324028], [0.604285840208181, 51.5307920028637], [0.602528308978458, 51.5311745743326], [0.603166809660553, 51.5311190324028]]], [[[0.603090673284034, 51.5325390105742], [0.605719690840975, 51.5310794245873], [0.605720145518276, 51.5307592429505], [0.603090673284034, 51.5325390105742]]], [[[0.615586859925906, 51.5324601740567], [0.614023923747317, 51.5324383624453], [0.612513459965896, 51.5329549764636], [0.615586859925906, 51.5324601740567]]], [[[0.542431970945839, 51.5350821587118], [0.542245409517956, 51.5344510665446], [0.541674835577786, 51.5345861036943], [0.542431970945839, 51.5350821587118]]], [[[0.604915473886508, 51.5342171736626], [0.608763641973415, 51.531816924801], [0.613919517224424, 51.5308681632378], [0.60935643203058, 51.5306280265679], [0.604915473886508, 51.5342171736626]]], [[[0.612139093704672, 51.5333172129596], [0.612963749768029, 51.5330623103771], [0.608929234369506, 51.5343044954005], [0.612139093704672, 51.5333172129596]]], [[[0.542910508700114, 51.5350965196653], [0.542476077279559, 51.5352112517491], [0.542833701060017, 51.5358817156815], [0.542910508700114, 51.5350965196653]]], [[[0.602143775625965, 51.5348806637359], [0.604479222281029, 51.5333706650377], [0.603964036523166, 51.5334144825659], [0.602143775625965, 51.5348806637359]]], [[[0.602793396195309, 51.5340259566693], [0.603277121146696, 51.5331023668728], [0.605017951706754, 51.5323757007797], [0.605779205456035, 51.5314144621601], [0.601726420933327, 51.5334722408407], [0.597690002725805, 51.5337982501275], [0.602793396195309, 51.5340259566693]]], [[[0.582604623740057, 51.5359533064801], [0.582120214040865, 51.5359328524121], [0.582141149718776, 51.536091308855], [0.582604623740057, 51.5359533064801]]], [[[0.58193474697124, 51.5361544004892], [0.581760520968009, 51.5359170263024], [0.581585544185639, 51.5361455380618], [0.58193474697124, 51.5361544004892]]], [[[0.580293589543622, 51.5363290179552], [0.580444271089698, 51.5360864725081], [0.579752864918342, 51.5363180462879], [0.580293589543622, 51.5363290179552]]], [[[0.585856356014931, 51.5372825220503], [0.596099443573228, 51.5364335596114], [0.600614509140168, 51.5354683342035], [0.596701913644169, 51.5340971364505], [0.585856356014931, 51.5372825220503]]], [[[0.638634459926663, 51.5351407121759], [0.636590325478035, 51.5319732337969], [0.627293077848885, 51.5326612361837], [0.635954500789677, 51.534195465054], [0.637356420610174, 51.534985085665], [0.637125383533606, 51.5352915747762], [0.638634459926663, 51.5351407121759]]], [[[0.623502674858083, 51.5368337625602], [0.623389026987871, 51.5365628915432], [0.622668678471134, 51.5369891230442], [0.623502674858083, 51.5368337625602]]], [[[0.582437894404816, 51.5382106889685], [0.587525737036875, 51.5376195793932], [0.590560201787105, 51.5374111390843], [0.588086195750952, 51.5373964044902], [0.582437894404816, 51.5382106889685]]], [[[0.637408502074043, 51.5380301291697], [0.637572986149176, 51.5378568960915], [0.636768526716118, 51.5379240022334], [0.637408502074043, 51.5380301291697]]], [[[0.636373872116254, 51.5380075236282], [0.635358959737291, 51.5380141455483], [0.636299099230754, 51.538235849349], [0.636373872116254, 51.5380075236282]]], [[[0.637013647083447, 51.5381226510652], [0.636640201121377, 51.5380492036154], [0.636863834776531, 51.5382753173518], [0.637013647083447, 51.5381226510652]]], [[[0.64049601068253, 51.5386617235333], [0.639738124079984, 51.5383999761922], [0.639637248960063, 51.5387750412625], [0.64049601068253, 51.5386617235333]]], [[[0.638281474714676, 51.5388730029789], [0.637660241351262, 51.5379691554538], [0.637096457511283, 51.5383825097968], [0.638281474714676, 51.5388730029789]]], [[[0.639502970265918, 51.5388720491245], [0.639604689476334, 51.5383620576082], [0.638596076568169, 51.538938775223], [0.639502970265918, 51.5388720491245]]], [[[0.645635330495602, 51.5389605129397], [0.642404213313633, 51.5358149166004], [0.640666030054631, 51.5372643005149], [0.638620106318125, 51.5352664992191], [0.637792172016184, 51.5357995715593], [0.628664036001249, 51.5337052498696], [0.627417238875261, 51.533093131855], [0.626697489580456, 51.532127667081], [0.609032755817432, 51.5348259931939], [0.614139915503673, 51.5349049060315], [0.621223850781306, 51.5357757754887], [0.629619580513581, 51.5381978397072], [0.640031322374376, 51.5371822787725], [0.645635330495602, 51.5389605129397]]], [[[0.564582112124417, 51.5408817710073], [0.563330761984707, 51.539110918944], [0.560921652047727, 51.5401823410617], [0.563851982651462, 51.5408622050137], [0.56383276420718, 51.5413159076606], [0.564582112124417, 51.5408817710073]]], [[[0.640133323503884, 51.5392297903224], [0.640762931772616, 51.5388131055273], [0.639321613158441, 51.5391648329287], [0.640133323503884, 51.5392297903224]]], [[[0.55146656196674, 51.5423143627744], [0.563612044459188, 51.5416485516638], [0.561041984282943, 51.5403889077104], [0.561050927015331, 51.5409337308859], [0.55635060578813, 51.5419599020058], [0.557326030557314, 51.541376536373], [0.554872818749598, 51.5410388524434], [0.55146656196674, 51.5423143627744]]], [[[0.543526093011049, 51.5347495983461], [0.548253397825809, 51.5470947453327], [0.551001777948179, 51.5451431739838], [0.552252922505312, 51.545346677184], [0.55661020760324, 51.5444708726267], [0.550401285885143, 51.5422930081871], [0.554819071128327, 51.5409186079861], [0.564127032135411, 51.5385884308739], [0.565296855131272, 51.5412997279136], [0.585130757800249, 51.5374344079097], [0.577609192334262, 51.5371897366028], [0.579826846558276, 51.5357509222504], [0.603002080598293, 51.5326542961839], [0.595808894592369, 51.5306188392168], [0.614883711061437, 51.5265511558843], [0.619818271587372, 51.5258674154275], [0.619162560253018, 51.5260736250035], [0.621416868212882, 51.5263380322156], [0.621745474431704, 51.5265114576266], [0.622103793628072, 51.5268505991767], [0.622198590277816, 51.5257656515062], [0.620798751472622, 51.525742981318], [0.624536928874114, 51.5222274251954], [0.625809680004797, 51.522735772231], [0.622651109953751, 51.5211345322053], [0.616726927381355, 51.5220113706993], [0.61844616442781, 51.5202734656557], [0.636859412356845, 51.5219357093042], [0.625695831975091, 51.5202371004825], [0.617011781119288, 51.5143283160656], [0.586329477664428, 51.5132145563662], [0.572996663317735, 51.5078049308127], [0.553654417595966, 51.5098842008819], [0.539521067954859, 51.5206730508383], [0.525020804171348, 51.5204119149707], [0.518083618006388, 51.5300284450482], [0.535217592472962, 51.5305600438027], [0.538646252385943, 51.5334538104045], [0.539966457361124, 51.5339451588469], [0.539522461176999, 51.533729838842], [0.539110459586377, 51.5324697493162], [0.538692384249401, 51.5327019303193], [0.539376725024231, 51.5314632597379], [0.538065915536103, 51.5320157776787], [0.538967919894568, 51.5313046458231], [0.539755638499396, 51.531571795043], [0.543526093011049, 51.5347495983461]]], [[[0.832185192446322, 51.5742820551226], [0.834357474938053, 51.5670676598917], [0.840283360455631, 51.5608704454803], [0.825779682464893, 51.5644666807244], [0.828924482692235, 51.5722579105355], [0.832185192446322, 51.5742820551226]]], [[[0.746862293281068, 51.5780313401371], [0.745735237656268, 51.5776773017541], [0.745604515732997, 51.578023028365], [0.745143994521114, 51.5784772084887], [0.746862293281068, 51.5780313401371]]], [[[0.751018490216307, 51.5790653066873], [0.749519940042738, 51.578130029321], [0.749344749820174, 51.5786234027784], [0.749632370133447, 51.5785815808924], [0.751018490216307, 51.5790653066873]]], [[[0.750648533205485, 51.579154033121], [0.749090901534795, 51.57869860854], [0.749390674731251, 51.5781168722218], [0.748335031111865, 51.5780615809496], [0.748721433779849, 51.5783888906291], [0.748559883632834, 51.5785104977173], [0.748826697981887, 51.5786022743575], [0.748664888593503, 51.5787913414043], [0.749360984728783, 51.5789162209883], [0.749332027442522, 51.5792973392592], [0.750648533205485, 51.579154033121]]], [[[0.74208745512824, 51.5805066065352], [0.741953730719929, 51.5803235616723], [0.741583245033978, 51.5807396470042], [0.742106004629881, 51.5808146613792], [0.74208745512824, 51.5805066065352]]], [[[0.742989575539092, 51.5806725750257], [0.743025912908285, 51.5805089363637], [0.742115851903205, 51.5805500292575], [0.742994813713867, 51.5809512614495], [0.742989575539092, 51.5806725750257]]], [[[0.744703379205491, 51.5814437086767], [0.745648273412639, 51.5809539039698], [0.743015975311543, 51.5807340660975], [0.744703379205491, 51.5814437086767]]], [[[0.746366225121881, 51.5817519287553], [0.747458318400957, 51.5813333100025], [0.74517120323118, 51.5816369152163], [0.746263429072249, 51.5821059956103], [0.746366225121881, 51.5817519287553]]], [[[0.836353462788143, 51.594903398372], [0.836701572117811, 51.5834124204953], [0.820696295585894, 51.5654533625825], [0.819244793236877, 51.5730359925926], [0.81435319830616, 51.5778914543926], [0.809380940679739, 51.5791159374701], [0.808066070701758, 51.5856266823064], [0.822763496546556, 51.5955972612693], [0.836353462788143, 51.594903398372]]], [[[0.866155202549382, 51.5997172074642], [0.863160034842591, 51.5963213402617], [0.856165541673742, 51.5957011234471], [0.858527016360909, 51.5989474931688], [0.866155202549382, 51.5997172074642]]], [[[0.864215075222888, 51.607689211732], [0.86576072424979, 51.6024844189386], [0.860156553616513, 51.6046920469328], [0.864215075222888, 51.607689211732]]], [[[0.850526506515406, 51.6106351270892], [0.849597901492316, 51.6095614777931], [0.847650679215966, 51.6111336114602], [0.850526506515406, 51.6106351270892]]], [[[0.825442430479874, 51.6184151269117], [0.821891485579732, 51.6171137028177], [0.82107713036309, 51.6182986675064], [0.822101330351394, 51.618658309654], [0.825442430479874, 51.6184151269117]]], [[[0.821042834285116, 51.6183546714414], [0.820912719197193, 51.6182368309026], [0.820067441596981, 51.618843369758], [0.821895852433124, 51.6186065889847], [0.821042834285116, 51.6183546714414]]], [[[0.651309308856271, 51.6240139154804], [0.649297700028283, 51.623577555831], [0.649996669222289, 51.6239430995542], [0.651309308856271, 51.6240139154804]]], [[[0.649111229477445, 51.6236282601996], [0.648195565446715, 51.6235458565459], [0.648238683954359, 51.6246950523502], [0.649111229477445, 51.6236282601996]]], [[[0.648983391104268, 51.6256468405206], [0.648513876976459, 51.6247311126732], [0.648265067267477, 51.6254454076673], [0.648983391104268, 51.6256468405206]]], [[[0.644062163439693, 51.6258083348803], [0.644119132061737, 51.6248674289784], [0.643329179582599, 51.6258130693676], [0.644062163439693, 51.6258083348803]]], [[[0.647463680327972, 51.6255931785882], [0.644268667842458, 51.6254503609454], [0.647697482044807, 51.6251029712062], [0.644178953782072, 51.6249243318089], [0.644176655910689, 51.6258514424722], [0.647463680327972, 51.6255931785882]]], [[[0.650080381323675, 51.6240158551015], [0.649237271955968, 51.6255898485494], [0.651639769064692, 51.6250691138893], [0.651337964987941, 51.6241559039232], [0.650080381323675, 51.6240158551015]]], [[[0.651797892765908, 51.6256815913023], [0.651650853069099, 51.6242684489083], [0.651674896355537, 51.6251213815747], [0.650649261906836, 51.6260303976646], [0.651797892765908, 51.6256815913023]]], [[[0.873621624212784, 51.6137290478716], [0.958392391193906, 51.6198251713282], [0.929293567695897, 51.5928250345703], [0.894144405890181, 51.5731576135114], [0.873689391821332, 51.5682490999576], [0.877330424193199, 51.5662773083873], [0.868761595089873, 51.5652939220036], [0.867697908759882, 51.5601757620132], [0.853555036909077, 51.5569238526755], [0.835839891727871, 51.5668972618937], [0.832822377562337, 51.5757470390122], [0.843825121225694, 51.5824970536075], [0.847684632342202, 51.5777067642365], [0.86343005261153, 51.5718888013235], [0.846334896415172, 51.5827168024522], [0.843622055244802, 51.5832907492952], [0.840089709076225, 51.5819806260974], [0.837677211069532, 51.592615384501], [0.866848078815117, 51.5952029978887], [0.873621624212784, 51.6137290478716]]], [[[0.650190528183481, 51.6285064808185], [0.648386702777732, 51.6256234311674], [0.648596863778416, 51.6281881085422], [0.650190528183481, 51.6285064808185]]], [[[0.647964992469443, 51.6296197254985], [0.647687425083885, 51.6256248162905], [0.645260794765485, 51.6290981900082], [0.647964992469443, 51.6296197254985]]], [[[0.652821452029642, 51.6288193822587], [0.651114301093926, 51.6288102841612], [0.654670518088666, 51.6294494797273], [0.652821452029642, 51.6288193822587]]], [[[0.648678891699084, 51.6302151719009], [0.650412381755293, 51.6287424955467], [0.648648139871094, 51.6285224059725], [0.648678891699084, 51.6302151719009]]], [[[0.647112256965071, 51.6309122446137], [0.646578181769201, 51.6306499875945], [0.647041369562925, 51.6314318634256], [0.647112256965071, 51.6309122446137]]], [[[0.647737732016368, 51.6323460776798], [0.648225007983114, 51.6309123288293], [0.647166638510009, 51.6311511423489], [0.647737732016368, 51.6323460776798]]], [[[0.651222823713259, 51.632532726213], [0.650799303560961, 51.6307428881331], [0.650612354997986, 51.6329683027762], [0.651222823713259, 51.632532726213]]], [[[0.650513690839192, 51.6327584658314], [0.648900044437166, 51.6305184759804], [0.648692167505292, 51.6329145144773], [0.650513690839192, 51.6327584658314]]], [[[0.655177888841665, 51.6299713147196], [0.650913592322809, 51.628862481944], [0.653011378172051, 51.6304635838665], [0.650816693503612, 51.6330275420303], [0.655177888841665, 51.6299713147196]]], [[[0.656392894715796, 51.6339033605668], [0.658058296420928, 51.6310661904205], [0.656253429673959, 51.6305118594533], [0.655890234974876, 51.6303060336941], [0.655617748541333, 51.6300054326328], [0.656392894715796, 51.6339033605668]]], [[[0.654964457129547, 51.6344626890845], [0.649392851741897, 51.6329724489461], [0.648603402447411, 51.6333131265699], [0.650376437316426, 51.6354396216021], [0.65053465948662, 51.6351293742761], [0.650737234734387, 51.6350591484823], [0.654964457129547, 51.6344626890845]]], [[[0.922764190527717, 51.6291977424815], [0.922055267847236, 51.6288762892395], [0.92085618205461, 51.6290786606981], [0.922764190527717, 51.6291977424815]]], [[[0.651333251189178, 51.6359108546299], [0.654971490202418, 51.6344841142164], [0.650402494267874, 51.6354651141912], [0.649891770436365, 51.6352823861289], [0.64709852854773, 51.631544790831], [0.648171432492118, 51.6346941860617], [0.651333251189178, 51.6359108546299]]], [[[0.668767795532716, 51.6370177060182], [0.670107626977445, 51.6366883875806], [0.663918835566637, 51.6369704535366], [0.668767795532716, 51.6370177060182]]], [[[0.743301688289775, 51.6350430166787], [0.739310372448499, 51.6347534238331], [0.7390526905857, 51.6355738109275], [0.739998279246061, 51.6357186519338], [0.743301688289775, 51.6350430166787]]], [[[0.734312429703866, 51.6349532103148], [0.73533907384286, 51.6355975882031], [0.735613086981895, 51.6352346948075], [0.734938456168935, 51.6353434171075], [0.734312429703866, 51.6349532103148]]], [[[0.633869177201046, 51.6386385657632], [0.633977042603816, 51.6379562463114], [0.633490040172376, 51.6380822870917], [0.633869177201046, 51.6386385657632]]], [[[0.751584842054192, 51.6360141491117], [0.748546557835472, 51.634880588263], [0.745792158764067, 51.6345680749174], [0.739178350960937, 51.6346276281951], [0.746932049316145, 51.6347305265111], [0.751584842054192, 51.6360141491117]]], [[[0.635859880367301, 51.638471576806], [0.636424546721791, 51.6374174637394], [0.635850860676234, 51.6373197271794], [0.635614212360099, 51.6379491809287], [0.633914609022246, 51.638749064362], [0.635859880367301, 51.638471576806]]], [[[0.738142705460431, 51.6364444069837], [0.738971879467158, 51.6350770925135], [0.736613847928001, 51.6361136792813], [0.738142705460431, 51.6364444069837]]], [[[0.664857046987077, 51.6386983816261], [0.670354267553224, 51.6371075376735], [0.664476959548292, 51.6370729031668], [0.664857046987077, 51.6386983816261]]], [[[0.715467475372487, 51.6379883142024], [0.713962221707892, 51.6375231741857], [0.71607177756138, 51.6383821890147], [0.715467475372487, 51.6379883142024]]], [[[0.714396893050552, 51.638240155696], [0.713800510562573, 51.6378672245417], [0.713994114860627, 51.6384708862706], [0.714396893050552, 51.638240155696]]], [[[0.730869848457339, 51.63775733363], [0.731317582837451, 51.6364362960798], [0.729404857255652, 51.6383429712049], [0.730869848457339, 51.63775733363]]], [[[0.716407065734458, 51.6382557185184], [0.716059185430666, 51.6386478770706], [0.717231819116898, 51.638620834058], [0.716407065734458, 51.6382557185184]]], [[[0.736205718315811, 51.6383371426257], [0.737943531985082, 51.637473514051], [0.7356314523211, 51.6375759176968], [0.736205718315811, 51.6383371426257]]], [[[0.717298523625551, 51.6392987457555], [0.717391230673641, 51.638864644495], [0.716783328791925, 51.6390659563526], [0.717298523625551, 51.6392987457555]]], [[[0.747292714662759, 51.6381696389401], [0.746508612202229, 51.6351591874557], [0.738733729965846, 51.6374208967808], [0.73907770530767, 51.638679435559], [0.747292714662759, 51.6381696389401]]], [[[0.728562609080203, 51.63915640344], [0.728813953282395, 51.6380681956473], [0.728500710515138, 51.6381327643036], [0.728562609080203, 51.63915640344]]], [[[0.669561389508527, 51.6393559426487], [0.667157584947368, 51.6388619801783], [0.667759625001975, 51.6406657508812], [0.669561389508527, 51.6393559426487]]], [[[0.714845382557515, 51.6396211618348], [0.714458200823949, 51.6382187727432], [0.714089319586849, 51.6385910862138], [0.714845382557515, 51.6396211618348]]], [[[0.726742269836403, 51.6390124390568], [0.72531364344378, 51.6387261612236], [0.725349984198866, 51.6394091816856], [0.726742269836403, 51.6390124390568]]], [[[0.750004656214667, 51.6379798246197], [0.751809649780693, 51.6388053871023], [0.749337903029176, 51.6368236626159], [0.748925766497162, 51.6373458748367], [0.750004656214667, 51.6379798246197]]], [[[0.732878632179535, 51.6394659289745], [0.735130234159136, 51.6376294223049], [0.73225731922746, 51.6380273161451], [0.732878632179535, 51.6394659289745]]], [[[0.738969532970654, 51.6393979405091], [0.738684762658489, 51.6387908642745], [0.737370836877001, 51.6391141733488], [0.738969532970654, 51.6393979405091]]], [[[0.732817855588542, 51.6395056566922], [0.729338364145711, 51.6384223106706], [0.728899151055319, 51.6396481699192], [0.732817855588542, 51.6395056566922]]], [[[0.717703628368377, 51.6400397832527], [0.716320782244435, 51.6389811480805], [0.716052644404778, 51.6395660798454], [0.717703628368377, 51.6400397832527]]], [[[0.716590239692989, 51.6403354430866], [0.716547705898213, 51.6397715485392], [0.714921294993494, 51.6397435330075], [0.715584312140118, 51.6403252577354], [0.716135992334997, 51.6401599677913], [0.716590239692989, 51.6403354430866]]], [[[0.741907790749114, 51.6396416718672], [0.739509643907467, 51.6388480550908], [0.73940177039589, 51.6396769053398], [0.741907790749114, 51.6396416718672]]], [[[0.720967382408515, 51.6394664032173], [0.717805951289287, 51.6389279820793], [0.718096924634202, 51.6399332798187], [0.720967382408515, 51.6394664032173]]], [[[0.753357460734786, 51.6394694069527], [0.755105122703418, 51.6387514108807], [0.752734574480598, 51.638013190653], [0.752947449305824, 51.6396231102913], [0.753357460734786, 51.6394694069527]]], [[[0.725422334221543, 51.640412972926], [0.728371889874222, 51.6381538349145], [0.724764449383137, 51.6400649960181], [0.725422334221543, 51.640412972926]]], [[[0.724820464199504, 51.6403747803357], [0.724261821152122, 51.6401052588417], [0.724207451346717, 51.6404810085772], [0.724820464199504, 51.6403747803357]]], [[[0.723609005496666, 51.6405650415221], [0.723945097224686, 51.6403170289861], [0.723480039420643, 51.6403595644713], [0.723609005496666, 51.6405650415221]]], [[[0.726158750823068, 51.6405832104411], [0.726841057278342, 51.6404321939281], [0.725518540863788, 51.6405107471139], [0.726158750823068, 51.6405832104411]]], [[[0.751904833563208, 51.63864432465], [0.752464943595336, 51.6380216767525], [0.751574871947939, 51.6381291698817], [0.751904833563208, 51.63864432465]]], [[[0.753343329213032, 51.6395677704299], [0.755767860188435, 51.6402412160355], [0.756989938920427, 51.6397030320312], [0.753343329213032, 51.6395677704299]]], [[[0.719469069615404, 51.6412297499456], [0.719806317733645, 51.64039453993], [0.719308968053821, 51.641027867624], [0.719469069615404, 51.6412297499456]]], [[[0.717494260587927, 51.6413098282887], [0.717919201253714, 51.6400745442487], [0.716521951695859, 51.6403924227329], [0.71614368793864, 51.640211322231], [0.715746065166352, 51.6404051555301], [0.717494260587927, 51.6413098282887]]], [[[0.71907389158272, 51.6413266784291], [0.718005359816092, 51.6401278594922], [0.717644355038386, 51.641284170128], [0.71907389158272, 51.6413266784291]]], [[[0.745057076495185, 51.6409111604838], [0.744978219797573, 51.640275803257], [0.742669005385396, 51.6402290655553], [0.745057076495185, 51.6409111604838]]], [[[0.719437884144467, 51.6414404694918], [0.723035670879862, 51.6407738579485], [0.719166480513348, 51.6413980107307], [0.716878497918991, 51.6413439539326], [0.716130808771321, 51.6411709513931], [0.714961140119654, 51.6400803883386], [0.713665649215866, 51.6382615570051], [0.713487222527265, 51.6373649868471], [0.715347249167816, 51.6377150102723], [0.718288579832957, 51.6388893790173], [0.721038364819351, 51.639220405733], [0.721231254823477, 51.6403462338545], [0.725169036548209, 51.6396023347394], [0.724500491323773, 51.6387171538758], [0.729165649915069, 51.6378761938644], [0.731329478807636, 51.6363745038015], [0.733957417377629, 51.6374030476039], [0.738444118141416, 51.6344640885141], [0.734309410474753, 51.6362771290673], [0.733648076150318, 51.6349804741821], [0.724191832508292, 51.6387498575211], [0.720529422820012, 51.6388316308842], [0.713683279151413, 51.637356408225], [0.711666354246998, 51.6372801602928], [0.715822827402174, 51.6412032572543], [0.717154556641559, 51.641618970808], [0.719901692437962, 51.6416907162965], [0.722986223471213, 51.6413838625427], [0.719437884144467, 51.6414404694918]]], [[[0.757478276238094, 51.6404363861997], [0.757227893982647, 51.6398047046382], [0.755676927664647, 51.6403268143253], [0.758388050683115, 51.6409815124459], [0.757478276238094, 51.6404363861997]]], [[[0.747199193152699, 51.6417318959441], [0.746217988527608, 51.6405004196922], [0.749803992680939, 51.6409839363114], [0.746661702157912, 51.6392418004917], [0.746027513409676, 51.6410176968211], [0.747199193152699, 51.6417318959441]]], [[[0.657773009235593, 51.6441091469886], [0.657717902012871, 51.6436417475948], [0.657089066744136, 51.6441552057988], [0.657773009235593, 51.6441091469886]]], [[[0.751239846466826, 51.6423382684231], [0.761051691413368, 51.6416765699047], [0.762755983821843, 51.6403409778973], [0.749725058188019, 51.6364238094499], [0.75134475539457, 51.6377804846507], [0.752489229813583, 51.6373320965495], [0.755290570077482, 51.6385845377722], [0.755979230088461, 51.6394578408891], [0.761665872092568, 51.6403016235614], [0.761898190424955, 51.640704021312], [0.752445929727029, 51.6414732891136], [0.749469584469585, 51.6402685899651], [0.748581453467142, 51.6375390346481], [0.746920661304176, 51.6391929288346], [0.750651728878191, 51.6413580754538], [0.751239846466826, 51.6423382684231]]], [[[0.750520662606289, 51.6424117936582], [0.747479454876596, 51.6420016219813], [0.745949648840321, 51.6410687141674], [0.745498945491986, 51.639743427526], [0.735703350130425, 51.6397522094772], [0.736134303869867, 51.6406918816186], [0.735923865238586, 51.6408003034206], [0.731260015097916, 51.6412260417117], [0.736011932126408, 51.6406496768663], [0.728681456196446, 51.6401245781495], [0.728860939710939, 51.6392983120562], [0.727840080626235, 51.6404356081152], [0.725647959791896, 51.6408320475191], [0.724910189037392, 51.6405067007646], [0.723715993487343, 51.6407173372747], [0.731689728562585, 51.642170433867], [0.7393181156148, 51.639960447662], [0.745274091336872, 51.6398783768006], [0.745665328709313, 51.6409660031184], [0.744222767049259, 51.6408637594547], [0.747415329226534, 51.6422392072462], [0.750520662606289, 51.6424117936582]]], [[[0.656518526519429, 51.6455962710838], [0.656363954863106, 51.6451779774666], [0.654560962077131, 51.6458644849173], [0.656518526519429, 51.6455962710838]]], [[[0.653167149432118, 51.6463303730181], [0.654299941148955, 51.6459000646912], [0.650999781458236, 51.6468191098022], [0.653167149432118, 51.6463303730181]]], [[[0.656236200394604, 51.6487769730537], [0.656663131028758, 51.647647993491], [0.655760603027672, 51.6477394605186], [0.656236200394604, 51.6487769730537]]], [[[0.940203553911613, 51.678119893029], [0.940169484841281, 51.6770359679317], [0.940199005440192, 51.676534419349], [0.939874916680043, 51.6769201870651], [0.940203553911613, 51.678119893029]]], [[[0.772123677535401, 51.6955898420304], [0.771857270480051, 51.6955961295346], [0.772157303230824, 51.6956185768076], [0.772123677535401, 51.6955898420304]]], [[[0.851299288170741, 51.7172591826933], [0.851299739850907, 51.7162770362495], [0.850274228789245, 51.7166023258243], [0.848015944011566, 51.7158728415958], [0.851299288170741, 51.7172591826933]]], [[[0.700788633202304, 51.7228380889939], [0.701136435739126, 51.722502723924], [0.699676943188679, 51.7226504939288], [0.700788633202304, 51.7228380889939]]], [[[0.697919522243368, 51.7232178961819], [0.697540668743863, 51.7227692158064], [0.697292717051597, 51.7230873642465], [0.697919522243368, 51.7232178961819]]], [[[0.699848937962489, 51.7239083467058], [0.70027660896318, 51.723673676168], [0.69945737437843, 51.7237527619886], [0.699848937962489, 51.7239083467058]]], [[[0.698035261901411, 51.724066933588], [0.697847250213475, 51.723536131515], [0.697321861756619, 51.7239052437528], [0.698035261901411, 51.724066933588]]], [[[0.779468990677086, 51.7253035623215], [0.779374217553734, 51.7247266042619], [0.778335993977563, 51.7248932633409], [0.779468990677086, 51.7253035623215]]], [[[0.703181345598603, 51.7273994878486], [0.703209284900536, 51.7268969996423], [0.703019150313742, 51.7272053597435], [0.703181345598603, 51.7273994878486]]], [[[0.782790458590209, 51.7252231332253], [0.780690658962551, 51.7244921933694], [0.780213351552761, 51.725421755979], [0.779085377728547, 51.7256364136971], [0.782790458590209, 51.7252231332253]]], [[[0.702568226561973, 51.727924433088], [0.702830986627842, 51.7272555566103], [0.702282139947845, 51.7277169654773], [0.702568226561973, 51.727924433088]]], [[[0.777018805796803, 51.725659197994], [0.776303384626204, 51.7252569960305], [0.775637656146039, 51.7255947035771], [0.771991596634902, 51.7253408219367], [0.772092755777452, 51.7266389352152], [0.777018805796803, 51.725659197994]]], [[[0.692865394585077, 51.7285257028899], [0.693126455100256, 51.7279962898113], [0.692293723305273, 51.7281179050646], [0.692865394585077, 51.7285257028899]]], [[[0.769753859072292, 51.7268272061453], [0.765970386319412, 51.7265296087995], [0.784095276444748, 51.7212178559605], [0.787703225708633, 51.722314974478], [0.782532857745249, 51.7202017917969], [0.77226589590579, 51.7186771518015], [0.754635465091149, 51.7248622640503], [0.756246931200688, 51.7267234094975], [0.769753859072292, 51.7268272061453]]], [[[0.776885940971434, 51.7268935873376], [0.77881598241685, 51.7252344678812], [0.77577971687355, 51.726424171414], [0.776885940971434, 51.7268935873376]]], [[[0.691060280552194, 51.7296606910441], [0.690905458398478, 51.7294924596522], [0.690197786942714, 51.7297694822283], [0.691060280552194, 51.7296606910441]]], [[[0.690489544635942, 51.7285738457819], [0.690732448041938, 51.7287499531657], [0.691952254200384, 51.7286347689872], [0.690489544635942, 51.7285738457819]]], [[[0.693710387529923, 51.7301197843643], [0.694242990514981, 51.7291155746064], [0.693397476429645, 51.7299722688662], [0.693710387529923, 51.7301197843643]]], [[[0.692790650581233, 51.7311779237046], [0.692511336702733, 51.7307795233848], [0.692038029725996, 51.7309792362362], [0.692790650581233, 51.7311779237046]]], [[[0.723043282137535, 51.7297763183902], [0.729907539758761, 51.7245769515566], [0.724580581711904, 51.7220106010032], [0.731207950929985, 51.7219349547791], [0.729136095735695, 51.7184054094354], [0.7081312928497, 51.7196397994287], [0.723043282137535, 51.7297763183902]]], [[[0.692763617525113, 51.7312226120417], [0.692220759921247, 51.7312269597242], [0.69235352519389, 51.7315234042498], [0.692763617525113, 51.7312226120417]]], [[[0.745657170878624, 51.7356625411935], [0.745276592450515, 51.7349996032818], [0.745035698857555, 51.7353505902179], [0.745657170878624, 51.7356625411935]]], [[[0.712577197563907, 51.7363962876983], [0.713675948077829, 51.7356846981449], [0.712132944710946, 51.7358471382638], [0.712577197563907, 51.7363962876983]]], [[[0.746122164892152, 51.7359736493824], [0.746488280185623, 51.7357051735193], [0.745383622254735, 51.7359288515784], [0.746122164892152, 51.7359736493824]]], [[[0.747497196691781, 51.7362194101229], [0.745658429699517, 51.7360177636042], [0.745773447240939, 51.7365052333902], [0.747497196691781, 51.7362194101229]]], [[[0.887288753769894, 51.735460882059], [0.887242277181116, 51.7347593263148], [0.88661054449441, 51.7350314508013], [0.887288753769894, 51.735460882059]]], [[[0.801047221957823, 51.7392665278844], [0.801935155197449, 51.739078068385], [0.800691617536957, 51.7391383007359], [0.801047221957823, 51.7392665278844]]], [[[0.799615712705256, 51.7396370192468], [0.800628343945727, 51.7393565594611], [0.799511808332011, 51.7394326383575], [0.799615712705256, 51.7396370192468]]], [[[0.772838104874571, 51.7401857429405], [0.772694446663768, 51.7398033011753], [0.772520003694943, 51.7403137659863], [0.772838104874571, 51.7401857429405]]], [[[0.772256001423694, 51.7403316873049], [0.77171168633059, 51.7394622420145], [0.771210683072604, 51.7395603998595], [0.772256001423694, 51.7403316873049]]], [[[0.799476949116282, 51.739735660218], [0.798963223409118, 51.7396741522988], [0.799043934182791, 51.7398080353911], [0.799476949116282, 51.739735660218]]], [[[0.822946995751565, 51.7387683915008], [0.821791523144745, 51.7386048538158], [0.822590107197867, 51.739494044795], [0.822946995751565, 51.7387683915008]]], [[[0.791960300766966, 51.7402581048793], [0.79138282102671, 51.7396089869141], [0.791012609971717, 51.739854319181], [0.791960300766966, 51.7402581048793]]], [[[0.66288711468327, 51.7432445487988], [0.662633015065829, 51.743128815], [0.663082570600814, 51.7433335713009], [0.66288711468327, 51.7432445487988]]], [[[0.797975900365056, 51.7402705758718], [0.79706666912738, 51.739786777394], [0.797145525271707, 51.7403596023691], [0.797975900365056, 51.7402705758718]]], [[[0.663289963834082, 51.7435591054522], [0.663558220015201, 51.7432922092602], [0.663215635106931, 51.7433791200657], [0.663289963834082, 51.7435591054522]]], [[[0.776135615169457, 51.7410432257222], [0.775557274518549, 51.7403526784785], [0.775442081443234, 51.7410020505217], [0.776135615169457, 51.7410432257222]]], [[[0.884057216941617, 51.737669140924], [0.883141845776024, 51.7351739354968], [0.877934809203584, 51.7306454638305], [0.884057216941617, 51.737669140924]]], [[[0.773242069972019, 51.7407500100983], [0.772121977075593, 51.740485045204], [0.772274281614169, 51.7412216374404], [0.773242069972019, 51.7407500100983]]], [[[0.791238496190944, 51.7407923989034], [0.790875494295602, 51.7401444779815], [0.790484215491574, 51.7403066669522], [0.791238496190944, 51.7407923989034]]], [[[0.843829794083506, 51.7383447488724], [0.841803760974724, 51.7383308224132], [0.845458984037481, 51.7388898979458], [0.843829794083506, 51.7383447488724]]], [[[0.77310983821142, 51.7416893807196], [0.773271195366531, 51.7412727590147], [0.772373488639492, 51.7414459391314], [0.77310983821142, 51.7416893807196]]], [[[0.775239939221406, 51.7418873137518], [0.774217906076416, 51.7415211213076], [0.774882249087947, 51.7420549513969], [0.775239939221406, 51.7418873137518]]], [[[0.775850302963294, 51.7422020664338], [0.775940853423162, 51.7413635081376], [0.775367184450392, 51.7416234892865], [0.775850302963294, 51.7422020664338]]], [[[0.842409379104251, 51.740729312611], [0.842311875399276, 51.7400786276919], [0.841766956484845, 51.7403058649138], [0.842409379104251, 51.740729312611]]], [[[0.774445129180726, 51.7424394141109], [0.773813272291352, 51.7415846372147], [0.773545327363725, 51.7419875870578], [0.774445129180726, 51.7424394141109]]], [[[0.791770128314045, 51.7427179234471], [0.791703373495548, 51.7422698214992], [0.791061934211887, 51.7424163715542], [0.791770128314045, 51.7427179234471]]], [[[0.793417794780086, 51.7427956757338], [0.792463976104131, 51.7417301057768], [0.790547521071253, 51.7416155553478], [0.792572849849901, 51.7424146417919], [0.792335854382508, 51.7429643980275], [0.793417794780086, 51.7427956757338]]], [[[0.776614348778135, 51.7430618026131], [0.775974149082512, 51.7424734497162], [0.776389148579645, 51.7433819054561], [0.776614348778135, 51.7430618026131]]], [[[0.792536287083671, 51.7435361342418], [0.792020623958785, 51.7435142142972], [0.792234851016045, 51.7440982144075], [0.792536287083671, 51.7435361342418]]], [[[0.849905142796145, 51.7446928882442], [0.851445662155862, 51.7451825470964], [0.852911412506095, 51.7446235171895], [0.849905142796145, 51.7446928882442]]], [[[0.846913456803297, 51.7454156828154], [0.849885062590763, 51.7459615108662], [0.84945615362174, 51.7456616264982], [0.846913456803297, 51.7454156828154]]], [[[0.849773403346725, 51.7472944124686], [0.850014855000235, 51.7468721391419], [0.849494979103643, 51.7471986359717], [0.849773403346725, 51.7472944124686]]], [[[0.876981295940384, 51.7587625091283], [0.876479180110793, 51.7587064498614], [0.876333006380131, 51.7590059278761], [0.876981295940384, 51.7587625091283]]], [[[0.849896939997262, 51.7595741446266], [0.850747453896383, 51.7593416557581], [0.852131209162958, 51.7592633545783], [0.853004387731119, 51.7596090096304], [0.851668410223634, 51.7588172372036], [0.849896939997262, 51.7595741446266]]], [[[0.873980570524164, 51.7598459648285], [0.875343008223508, 51.7590265629909], [0.873864975921199, 51.7596005608909], [0.873980570524164, 51.7598459648285]]], [[[0.871858813922502, 51.7603943097222], [0.872634360988317, 51.7599175611244], [0.871651607510601, 51.7601439478589], [0.871858813922502, 51.7603943097222]]], [[[0.85121951009368, 51.7604315604999], [0.854195906504346, 51.7611864022442], [0.85454832010765, 51.7609347870992], [0.85121951009368, 51.7604315604999]]], [[[0.849700216366941, 51.7603561072057], [0.849909903358839, 51.7612495211956], [0.850470697251589, 51.761658468164], [0.85027314270513, 51.7612546405133], [0.850641617157813, 51.761046034032], [0.85102718604144, 51.7611086519559], [0.850598206241525, 51.7604759471398], [0.849700216366941, 51.7603561072057]]], [[[0.871774889228043, 51.7606927484448], [0.870409525057373, 51.7605490822308], [0.869640388830242, 51.7611047676256], [0.871774889228043, 51.7606927484448]]], [[[0.880157128348356, 51.761139225316], [0.880930419159019, 51.7607874918691], [0.879720501984559, 51.7610878699908], [0.880157128348356, 51.761139225316]]], [[[0.862779091988076, 51.7630917897348], [0.865750027223864, 51.7622967315561], [0.862105999145718, 51.7630240259437], [0.862779091988076, 51.7630917897348]]], [[[0.873812222848914, 51.7623971532723], [0.875005990914056, 51.761727582896], [0.869994295376876, 51.7633071205884], [0.873812222848914, 51.7623971532723]]], [[[0.872374290550895, 51.7637962387981], [0.883663766728937, 51.7611494459229], [0.881323749865401, 51.760682511102], [0.880440112312245, 51.7611448793959], [0.879506421875999, 51.7613449462229], [0.879455398042904, 51.7610898704904], [0.872374290550895, 51.7637962387981]]], [[[0.852078351875134, 51.7654609493868], [0.857381097329911, 51.7654295374367], [0.860674992867537, 51.7642647141456], [0.851161101928479, 51.7619272856684], [0.852529914538364, 51.7624856618651], [0.853536408240987, 51.7642614514533], [0.852078351875134, 51.7654609493868]]], [[[0.854922181263075, 51.7662092807922], [0.856213459677914, 51.7659186409482], [0.851242051252233, 51.7660006886477], [0.854922181263075, 51.7662092807922]]], [[[0.844781686495915, 51.7648184317402], [0.850917496104223, 51.7661943003348], [0.851477509976196, 51.7655809375691], [0.850287297833138, 51.7658922901799], [0.848747212136761, 51.7653027796501], [0.848484181214463, 51.7638000491065], [0.847055635376764, 51.7652779983295], [0.846083883812297, 51.7648991123419], [0.845771199622654, 51.764488779214], [0.844781686495915, 51.7648184317402]]], [[[0.889681226843327, 51.7648043186204], [0.888217061244385, 51.7646718638238], [0.889112195178714, 51.7656079781961], [0.889681226843327, 51.7648043186204]]], [[[0.845464994298374, 51.7684430883873], [0.847972654705319, 51.7669660962293], [0.844860434122586, 51.7660702450447], [0.846186003895822, 51.7670171273134], [0.845464994298374, 51.7684430883873]]], [[[0.861844625712509, 51.7682035307624], [0.864729682403231, 51.7677756605431], [0.867102676621378, 51.768071542842], [0.867332456812697, 51.7678512186364], [0.867466387881774, 51.768199607117], [0.868743017319254, 51.767738605053], [0.869250219099242, 51.7680990023433], [0.871702483007279, 51.7672288634424], [0.864467399349268, 51.7676032721049], [0.861844625712509, 51.7682035307624]]], [[[0.890474268213503, 51.7680184398914], [0.893605582104476, 51.7664562445076], [0.889133048540554, 51.7656848131044], [0.89166381181178, 51.7671988748313], [0.890474268213503, 51.7680184398914]]], [[[0.88927493314913, 51.7695315235357], [0.888578321948344, 51.7683596326675], [0.888068099214075, 51.7686739675082], [0.888503187508388, 51.7689582581848], [0.88803540712843, 51.7693645833114], [0.88927493314913, 51.7695315235357]]], [[[0.886660552304198, 51.7699707541941], [0.887379428528527, 51.7692723545622], [0.886352285333291, 51.7692238445276], [0.886660552304198, 51.7699707541941]]], [[[0.844648218217915, 51.7723555624622], [0.846462331216802, 51.7725455917956], [0.846576979108176, 51.7721943746028], [0.848236708167534, 51.7715782306727], [0.844648218217915, 51.7723555624622]]], [[[0.84961029744267, 51.7728213184516], [0.851801628332744, 51.7724121135457], [0.851507512855833, 51.7706056244028], [0.849015326485889, 51.7710051132587], [0.849455088785951, 51.7712242406176], [0.850010674196955, 51.7721695140006], [0.84961029744267, 51.7728213184516]]], [[[0.85787969793041, 51.7731472114331], [0.857547374883332, 51.7715052968474], [0.856992072218772, 51.7719379213914], [0.85787969793041, 51.7731472114331]]], [[[0.845025907339465, 51.7730472821793], [0.844378233794425, 51.7724010873039], [0.844575859573052, 51.7734956231235], [0.845025907339465, 51.7730472821793]]], [[[0.842277266978803, 51.7736830106935], [0.842132463743928, 51.7731898797802], [0.840664005802747, 51.7735516086812], [0.842277266978803, 51.7736830106935]]], [[[0.838019187582583, 51.7733655764956], [0.843481954080799, 51.7711033433082], [0.84680936559586, 51.7713920054888], [0.856198944009919, 51.7676552394875], [0.850094501041894, 51.7671705023508], [0.846842011943111, 51.7691060488059], [0.843052403442981, 51.7684739511704], [0.840068779390017, 51.7696828541331], [0.836538904632276, 51.7698061578447], [0.833491342489615, 51.7692608816333], [0.838019187582583, 51.7733655764956]]], [[[0.887146158996434, 51.7726513178908], [0.88684934396047, 51.7715038831906], [0.885910960462118, 51.7722556205605], [0.887146158996434, 51.7726513178908]]], [[[0.886736771683176, 51.7725516506977], [0.885863916507431, 51.7723680305645], [0.886890810591278, 51.7729660827455], [0.886736771683176, 51.7725516506977]]], [[[0.852813481222488, 51.7705063042894], [0.856188812034321, 51.7732976080548], [0.85688346296228, 51.7693475059616], [0.852813481222488, 51.7705063042894]]], [[[0.897198043705577, 51.7714442479962], [0.898897827985294, 51.7723376922259], [0.90265875163939, 51.7705818666102], [0.897198043705577, 51.7714442479962]]], [[[0.884870064966034, 51.7745365813871], [0.885853123354942, 51.772675887114], [0.884350337699432, 51.773707511434], [0.884870064966034, 51.7745365813871]]], [[[0.896067546436429, 51.7739598358024], [0.895357799093866, 51.7721146799757], [0.895583899313562, 51.7749655678728], [0.896067546436429, 51.7739598358024]]], [[[0.881781218941953, 51.7767299880541], [0.882070980983958, 51.7763856104809], [0.881358106961703, 51.7765973611184], [0.881781218941953, 51.7767299880541]]], [[[0.881643451549935, 51.7769114456846], [0.881439375124028, 51.7767122888723], [0.881059504629709, 51.7769851242667], [0.881643451549935, 51.7769114456846]]], [[[0.880620177786086, 51.7776218695904], [0.880862055259599, 51.7771401631749], [0.880265190121284, 51.7774434985786], [0.880620177786086, 51.7776218695904]]], [[[0.880417717734831, 51.777812106689], [0.880243521710579, 51.7775357673428], [0.879663697807447, 51.7778791543619], [0.880417717734831, 51.777812106689]]], [[[0.880037299775299, 51.7780993422285], [0.879629994125806, 51.7780328763487], [0.878827533340878, 51.7788646863069], [0.880037299775299, 51.7780993422285]]], [[[0.885220509276083, 51.7774824398482], [0.89069457332629, 51.7760437998075], [0.892224361818713, 51.7718105271893], [0.885220509276083, 51.7774824398482]]], [[[0.875991814070725, 51.7800003365922], [0.878657733957111, 51.7789525332678], [0.877012098946784, 51.7795351530709], [0.871653695367422, 51.7802380380716], [0.875991814070725, 51.7800003365922]]], [[[0.886882990564817, 51.7797326071082], [0.890055787091186, 51.77877020459], [0.892624958592015, 51.779040662204], [0.893464091368767, 51.7744367050955], [0.886882990564817, 51.7797326071082]]], [[[0.846931534930527, 51.7817795008889], [0.844581940866513, 51.7803975316882], [0.845089512109146, 51.7811209283902], [0.846931534930527, 51.7817795008889]]], [[[0.864817188224972, 51.7823937059763], [0.870389014432899, 51.7805426121361], [0.864317053038885, 51.782366010638], [0.864817188224972, 51.7823937059763]]], [[[0.853073464327759, 51.7835450971693], [0.850527602727175, 51.7831341494072], [0.852086200295126, 51.7836015620435], [0.853073464327759, 51.7835450971693]]], [[[0.859218272483913, 51.7834962064497], [0.863795696259498, 51.7825728323359], [0.860069538209174, 51.7825855778498], [0.859218272483913, 51.7834962064497]]], [[[0.871148531799575, 51.7843483298545], [0.87487108538641, 51.7858096611967], [0.876379784093545, 51.7856360361302], [0.871148531799575, 51.7843483298545]]], [[[0.876083937733348, 51.7864673851337], [0.8784935781094, 51.7839684391778], [0.880819380104853, 51.7827060855408], [0.876229859835752, 51.7836245394122], [0.877071121744088, 51.7853909379397], [0.876083937733348, 51.7864673851337]]], [[[0.870593159378639, 51.7866085634392], [0.870181459081094, 51.7862912430269], [0.869979235077637, 51.7868061335691], [0.870593159378639, 51.7866085634392]]], [[[0.869797116134781, 51.7868384620784], [0.869890736162801, 51.7862803555018], [0.86912608989232, 51.7871417508271], [0.869905945896488, 51.7870678458376], [0.869797116134781, 51.7868384620784]]], [[[1.03489108963722, 51.7851033950607], [1.03771382168604, 51.7841253090021], [1.03556540697959, 51.7840926759294], [1.03489108963722, 51.7851033950607]]], [[[1.04057626628079, 51.7870544171421], [1.03702615860744, 51.7856100143511], [1.03834670340053, 51.7875253511897], [1.0422458604627, 51.7879214163209], [1.0415639915852, 51.7876377612077], [1.04057626628079, 51.7870544171421]]], [[[1.02951534775022, 51.7895826157113], [1.03268880246303, 51.7842750459959], [1.03559914897609, 51.7874190704369], [1.03403633717315, 51.7855697698588], [1.0347200418603, 51.7840697074869], [1.03335513183018, 51.7835077452915], [1.03332161573158, 51.7832028117198], [1.03531431080527, 51.7800126076458], [1.03351790929249, 51.7809636161697], [1.03350963486771, 51.7802137234432], [1.03995755163266, 51.7761339482501], [1.03640656477151, 51.7764588852859], [1.03611407742348, 51.7759465837505], [1.04070674967048, 51.7722458094925], [1.04046605820936, 51.7733448314139], [1.04389285403685, 51.7710543323102], [1.04769261581691, 51.7703019576331], [1.04059158504486, 51.771007591759], [1.03463883233786, 51.7762814957205], [1.03292704420409, 51.7782950332009], [1.02951534775022, 51.7895826157113]]], [[[0.91227574328979, 51.7974008985853], [0.912835455238167, 51.7971504873654], [0.911877435651523, 51.7972299904217], [0.912036348236132, 51.7962816917341], [0.91302893386133, 51.7960457356363], [0.91241381596477, 51.7955985137147], [0.912560093558982, 51.7952126470521], [0.90973535741061, 51.7956972384136], [0.903297919126269, 51.7913690261818], [0.89602713927367, 51.7825197110183], [0.903551712410015, 51.7946230479293], [0.91227574328979, 51.7974008985853]]], [[[0.913079627222947, 51.7992520695871], [0.916885899200706, 51.7963815501144], [0.914317483684278, 51.7974612706816], [0.915644272779802, 51.795544134976], [0.911301275865132, 51.794855300591], [0.912755248343978, 51.7951124747895], [0.913175199650885, 51.7960083828543], [0.913079627222947, 51.7992520695871]]], [[[0.919920500947758, 51.797471133733], [0.92301792556368, 51.7973046458238], [0.92069124944629, 51.7967500051117], [0.919920500947758, 51.797471133733]]], [[[0.910419545483398, 51.7973452499431], [0.912285254156819, 51.7999130229608], [0.914509002676626, 51.8000496476705], [0.911212410062983, 51.7982771683954], [0.911494216932355, 51.7976307200918], [0.910419545483398, 51.7973452499431]]], [[[0.927433995339126, 51.8012161875303], [0.929746092059995, 51.8000181411113], [0.926588386175848, 51.800098615125], [0.927433995339126, 51.8012161875303]]], [[[0.927375934272476, 51.8013723294548], [0.924431971071387, 51.7990735612112], [0.923979253771519, 51.8001941376533], [0.927375934272476, 51.8013723294548]]], [[[1.03963077875296, 51.8042543307607], [1.03129707058444, 51.8020455846837], [1.02554569752773, 51.8033342453108], [1.02949882986876, 51.8040662062234], [1.03963077875296, 51.8042543307607]]], [[[0.97248661476197, 51.8110341938822], [0.977462399845401, 51.8079600492749], [0.969148561860466, 51.8111994947909], [0.97248661476197, 51.8110341938822]]], [[[1.0416625304728, 51.8089140453927], [1.04901890078096, 51.8083556302569], [1.03677668592574, 51.805805047555], [1.03714201042634, 51.8061195335636], [1.03741325900419, 51.8070245247885], [1.04178850229433, 51.8086301708891], [1.0416625304728, 51.8089140453927]]], [[[1.05533211277103, 51.8105023164401], [1.05404972637438, 51.8096488172693], [1.0538119121047, 51.8101658598082], [1.05533211277103, 51.8105023164401]]], [[[1.05354892074242, 51.8094954347475], [1.05233622418029, 51.8104874955757], [1.05280107774582, 51.8105167988548], [1.05354892074242, 51.8094954347475]]], [[[0.98023425697164, 51.8166310603388], [0.98456947480943, 51.8132822604269], [0.975486250423014, 51.8175373932854], [0.98023425697164, 51.8166310603388]]], [[[0.952973631616574, 51.8272252441819], [0.951102596593026, 51.8266029069399], [0.95098158047409, 51.8247190156042], [0.95233094502844, 51.8245124453472], [0.950543642673672, 51.8241921722503], [0.950158175714248, 51.824734289683], [0.950834251006662, 51.8246633544949], [0.950854643859994, 51.82662891889], [0.9513103192018, 51.8273821431973], [0.952575438564865, 51.8271956741632], [0.952703548006391, 51.82720144991], [0.953271663912979, 51.82745429702], [0.953614998691308, 51.8278432024154], [0.95317505850505, 51.828329137228], [0.953705744777245, 51.8278103426059], [0.953437961637779, 51.8275112773494], [0.952973631616574, 51.8272252441819]]], [[[0.953407525470636, 51.831326374857], [0.963188476765796, 51.8277945316587], [0.964040951394135, 51.8219759724167], [0.951986834038458, 51.8250652222755], [0.953880266934154, 51.8277644101428], [0.952774138070382, 51.8287682209138], [0.953018466101862, 51.8292189752399], [0.952619045993676, 51.8298585855227], [0.953066307263834, 51.8302826564385], [0.952283008634922, 51.830801496982], [0.952982841647912, 51.8314527519148], [0.952367243045096, 51.8317338518602], [0.953407525470636, 51.831326374857]]], [[[1.23364476400399, 51.8566679809059], [1.23378276761155, 51.856182091508], [1.23315877583396, 51.8575879717469], [1.23364476400399, 51.8566679809059]]], [[[1.23402119775771, 51.8581902473148], [1.23318364097168, 51.8576511470686], [1.23495834894804, 51.8590036268799], [1.23500182256417, 51.85841510215], [1.23402119775771, 51.8581902473148]]], [[[1.23536528513845, 51.8618193684231], [1.23481507970218, 51.8598206641984], [1.23313357019909, 51.8599505761674], [1.23536528513845, 51.8618193684231]]], [[[1.26331206458925, 51.8640104628879], [1.25949280512316, 51.8676458547719], [1.26270910636801, 51.8648322038319], [1.26789882615604, 51.8672019787089], [1.26834408237396, 51.8651082808675], [1.26331206458925, 51.8640104628879]]], [[[1.25352134169184, 51.8681743373393], [1.2555043733807, 51.8676412580533], [1.25284673383453, 51.8676563706501], [1.25352134169184, 51.8681743373393]]], [[[1.25179594729117, 51.870630235297], [1.25329743641875, 51.8695318377181], [1.25190313979097, 51.8694382007162], [1.25179594729117, 51.870630235297]]], [[[1.25026585300254, 51.8697020507275], [1.25159421821572, 51.8696068482787], [1.24562744905893, 51.868442370555], [1.25026585300254, 51.8697020507275]]], [[[1.22859371838379, 51.8725146298366], [1.22887993587562, 51.8714805045833], [1.22844676488702, 51.8705048144516], [1.22868873321167, 51.8715900917466], [1.22821334623745, 51.8722459002724], [1.22630185084865, 51.8722645490488], [1.22859371838379, 51.8725146298366]]], [[[1.22949972878494, 51.8726066697959], [1.2329650742453, 51.86991292239], [1.23021863903805, 51.869645053484], [1.22949972878494, 51.8726066697959]]], [[[1.20721866662216, 51.8747690090974], [1.20805811009362, 51.87277554223], [1.20312572849286, 51.8740435383755], [1.20721866662216, 51.8747690090974]]], [[[1.25178930402972, 51.8715244694314], [1.26459634323329, 51.8722722041284], [1.26756585572641, 51.867598899188], [1.25178930402972, 51.8715244694314]]], [[[1.28015807763866, 51.8759216235347], [1.28123006848818, 51.8757163128402], [1.28018907818155, 51.8758883780758], [1.2793328037935, 51.875803433405], [1.28015807763866, 51.8759216235347]]], [[[1.28152859791864, 51.8759643253062], [1.282253860788, 51.8755276275697], [1.2815524900529, 51.8756740330067], [1.28152859791864, 51.8759643253062]]], [[[1.28036297414206, 51.8761011943214], [1.28167210014091, 51.8765575591525], [1.28287121576719, 51.8764413270606], [1.2830268009465, 51.8759045025888], [1.28333855604148, 51.8757159034948], [1.28187625468106, 51.8763081065354], [1.28036297414206, 51.8761011943214]]], [[[1.21326757216698, 51.8790750378746], [1.2044903210699, 51.8746666890941], [1.19967301530997, 51.8763580744547], [1.20773527169166, 51.87697738087], [1.21326757216698, 51.8790750378746]]], [[[1.27520598155924, 51.8768835966232], [1.27802306641308, 51.8775138497754], [1.27855183232623, 51.8774712214491], [1.27882575801804, 51.8777406143122], [1.2788588031938, 51.8774959400265], [1.27944771601575, 51.8778401952712], [1.27924204620103, 51.8771911281485], [1.27520598155924, 51.8768835966232]]], [[[1.22466705621205, 51.8802991425783], [1.22450624236778, 51.8766122474617], [1.22179248136303, 51.8720351062146], [1.20839428259697, 51.8701921754202], [1.20816631739189, 51.8709972827967], [1.20775520535057, 51.8703175492809], [1.20649552956317, 51.8710525793982], [1.21466710898154, 51.8769590707377], [1.21261351503126, 51.8748327582817], [1.21527132195023, 51.8722528700281], [1.21657074884464, 51.8725033427136], [1.21870450478108, 51.8781258003934], [1.2227203818258, 51.8775876435415], [1.21959704516257, 51.8748570785172], [1.22119381372311, 51.8722028994269], [1.22416299560405, 51.8798353649057], [1.21523582611585, 51.8771294313997], [1.22466705621205, 51.8802991425783]]], [[[1.2726281700049, 51.8774051128995], [1.27522585995888, 51.8776763617448], [1.27050752480023, 51.8768587962754], [1.2726281700049, 51.8774051128995]]], [[[1.26290375352883, 51.8802172632041], [1.26374124768394, 51.8730442912216], [1.25504873490394, 51.8745256391288], [1.25966916764777, 51.8755848940739], [1.26290375352883, 51.8802172632041]]], [[[1.21060181821703, 51.882451481729], [1.21214631458218, 51.8815080425407], [1.2098629345866, 51.8822594513394], [1.21060181821703, 51.882451481729]]], [[[1.20639732120468, 51.8836950613975], [1.20782486134534, 51.8817825869642], [1.20511643210418, 51.8832604375399], [1.20639732120468, 51.8836950613975]]], [[[1.22969210008692, 51.8814698847169], [1.26028508911931, 51.8818648527703], [1.25888998428389, 51.876122781749], [1.25016309219759, 51.8769166545905], [1.24459264439798, 51.8688853134179], [1.22642247370622, 51.8753076473301], [1.22969210008692, 51.8814698847169]]], [[[1.22090848416453, 51.888276802459], [1.22780721101759, 51.8882611412716], [1.23012458625332, 51.8854128102051], [1.22975854310941, 51.8849291246462], [1.22190175235266, 51.8820892851862], [1.2191056987258, 51.881542567681], [1.2165302355562, 51.8821707349859], [1.21630087850241, 51.8810751522247], [1.21364176520526, 51.8807143771069], [1.21200031524243, 51.8809697351814], [1.21643152518237, 51.8823137077169], [1.22118547712706, 51.8821134088061], [1.2297897397936, 51.885181928156], [1.22090848416453, 51.888276802459]]], [[[1.23155886770935, 51.8874943155246], [1.23669677862555, 51.8914090922163], [1.24267369616314, 51.8865856421055], [1.23155886770935, 51.8874943155246]]], [[[1.22626987630258, 51.898978730724], [1.2286800460211, 51.895527167733], [1.21799112301044, 51.8978925160496], [1.22626987630258, 51.898978730724]]], [[[1.23069705287377, 51.9024081197088], [1.23831305780758, 51.8957758202449], [1.24488303454251, 51.8954993369834], [1.24534677777762, 51.8885032517494], [1.22986539025532, 51.8955143985196], [1.23069705287377, 51.9024081197088]]], [[[1.22880109372631, 51.902948721338], [1.23429980422836, 51.9037817748989], [1.2352704733628, 51.9023499539111], [1.23721879049883, 51.9025842402552], [1.23927585084593, 51.9012952607738], [1.24170703178342, 51.9009548256691], [1.24052511596437, 51.9006941876404], [1.24265926288434, 51.9005903770609], [1.24206130580823, 51.8982440298465], [1.24434673748843, 51.8969532472285], [1.23946923680498, 51.8967513455877], [1.23901947640784, 51.8993091591037], [1.23752229843112, 51.8987072932698], [1.2339131001209, 51.902055401076], [1.22880109372631, 51.902948721338]]], [[[1.25774614799325, 51.9162420179626], [1.25891909766381, 51.915267800836], [1.25544112106559, 51.9122484273569], [1.25439072184365, 51.9131035016305], [1.25171658994476, 51.9143918242564], [1.2498536854288, 51.9131351003195], [1.25047202120328, 51.916538608357], [1.25774614799325, 51.9162420179626]]], [[[1.26146750449792, 51.9207647575013], [1.25986386325784, 51.9199934113341], [1.25978859650539, 51.9202392480108], [1.26146750449792, 51.9207647575013]]], [[[1.23852104711701, 51.9597276403222], [1.23703465947504, 51.9577898353636], [1.23319731207032, 51.9570642735112], [1.23331904371539, 51.9578561500253], [1.23852104711701, 51.9597276403222]]], [[[1.23971791612141, 51.9604358087955], [1.2408594927104, 51.9587638520606], [1.23883387622128, 51.9591398107051], [1.23911789263485, 51.9606349067972], [1.23971791612141, 51.9604358087955]]], [[[1.23808948822981, 51.9603448192745], [1.23473261766817, 51.9592391281087], [1.23300927918252, 51.9576675476606], [1.23202750141471, 51.9580641741334], [1.23505391927959, 51.9601018248229], [1.23808948822981, 51.9603448192745]]], [[[1.15185802461654, 51.9640719214091], [1.15305554348284, 51.9638122554947], [1.14935593955008, 51.9633141135061], [1.15121945771662, 51.9646403245676], [1.15185802461654, 51.9640719214091]]], [[[1.24859556491844, 51.9908081385002], [1.24935499363601, 51.9898283810649], [1.24830987125405, 51.9899813498263], [1.24859556491844, 51.9908081385002]]], [[[1.39227326204543, 51.9964971546855], [1.39370929433663, 51.9971068850094], [1.39467362132764, 51.9963941736739], [1.39227326204543, 51.9964971546855]]], [[[1.36574863212998, 52.0148377957867], [1.36536081529911, 52.0137707435787], [1.36590831879137, 52.0113101629664], [1.36406962626617, 52.0106944681546], [1.36574863212998, 52.0148377957867]]], [[[1.36533641908264, 52.0197824935733], [1.36518970511032, 52.0184712473428], [1.36456484603739, 52.0195885765799], [1.36533641908264, 52.0197824935733]]], [[[1.33914158077653, 52.0352443590079], [1.3411430102235, 52.0353510947248], [1.33978707196028, 52.0343885525377], [1.33914158077653, 52.0352443590079]]], [[[1.33806829478991, 52.037804425924], [1.3373574353018, 52.0336990273628], [1.3366512437361, 52.0338949967727], [1.33751833890943, 52.0361571214905], [1.33699596718001, 52.0365653817788], [1.33738330312179, 52.0367631817116], [1.33781185733362, 52.0373610175113], [1.3377050632289, 52.0375814044698], [1.33802144011327, 52.0376108529074], [1.33806829478991, 52.037804425924]]], [[[1.33894712806931, 52.0393372824896], [1.33867261885369, 52.0378147104107], [1.33757268273235, 52.038148596413], [1.33656180897828, 52.0381013898196], [1.33643867541481, 52.0382697647371], [1.33572956410992, 52.0381286621637], [1.33894712806931, 52.0393372824896]]], [[[1.34013987723812, 52.0415248423001], [1.33893777011458, 52.0411091516143], [1.3391213741785, 52.0424014067264], [1.34013987723812, 52.0415248423001]]], [[[1.34141126982138, 52.0447128910619], [1.34725662195147, 52.0422024060534], [1.34767865075032, 52.039652831834], [1.34145247467535, 52.0407508626162], [1.34334183300233, 52.0416883435551], [1.34051373849476, 52.0443855521801], [1.34138344340162, 52.0440521848556], [1.34141126982138, 52.0447128910619]]], [[[1.45263296887562, 52.0440023652006], [1.4543524490593, 52.0435927774888], [1.45135025793309, 52.0440845907661], [1.45263296887562, 52.0440023652006]]], [[[1.34556592905315, 52.0495372777544], [1.34818778731839, 52.0485400671939], [1.3481111639119, 52.0480876102336], [1.34556592905315, 52.0495372777544]]], [[[1.34510717786749, 52.05128647498], [1.34374719137088, 52.0504271462042], [1.34416769064653, 52.0497566686357], [1.34307135032127, 52.0510121908201], [1.3443176749239, 52.0508695397221], [1.3443953417971, 52.0516566911472], [1.34510717786749, 52.05128647498]]], [[[1.33357267061754, 52.057344319985], [1.3319955721125, 52.0550817429592], [1.33196484387303, 52.056289350963], [1.33357267061754, 52.057344319985]]], [[[1.47567001956421, 52.0547957097073], [1.47368102254058, 52.0552684789495], [1.47555104845502, 52.0556664326958], [1.479720915355, 52.0589095596033], [1.48170000087638, 52.0592112164663], [1.48426261178652, 52.0608310728952], [1.48538445746212, 52.0605321888315], [1.47567001956421, 52.0547957097073]]], [[[1.52718538190528, 52.0805167658326], [1.53790859368136, 52.0774679862377], [1.51494061260077, 52.067678950263], [1.49931187374085, 52.0664855917165], [1.51420092331477, 52.0690343030242], [1.52718538190528, 52.0805167658326]]], [[[1.34902082424221, 52.1035594496197], [1.34859324441959, 52.102824162785], [1.34818201616576, 52.1029302910395], [1.34902082424221, 52.1035594496197]]], [[[1.51233588466469, 52.1550022892691], [1.51141205165662, 52.1541717043122], [1.51089305923786, 52.1544147299656], [1.51233588466469, 52.1550022892691]]], [[[1.57297507827376, 52.1527033843226], [1.56851525475745, 52.151683625706], [1.56803004770427, 52.1526733597677], [1.56854842282184, 52.1526423244802], [1.5693213721172, 52.1553039047048], [1.57297507827376, 52.1527033843226]]], [[[1.51194205392471, 52.1614326223943], [1.50914034787575, 52.1599167726447], [1.50878402507212, 52.1626168192388], [1.51194205392471, 52.1614326223943]]], [[[1.50898738203237, 52.1538913016083], [1.5070286842622, 52.1628165610159], [1.50981750821652, 52.1581733026906], [1.50898738203237, 52.1538913016083]]], [[[1.53088456335612, 52.1635296392898], [1.53100737384637, 52.1631598738588], [1.53048557889382, 52.1631757017813], [1.53088456335612, 52.1635296392898]]], [[[1.52911107449045, 52.1636861916674], [1.53044764012021, 52.1629625650464], [1.52870886274411, 52.16348325869], [1.52911107449045, 52.1636861916674]]], [[[1.61070088894269, 52.3192957619921], [1.6178995122345, 52.3197526808404], [1.61101785124974, 52.3177562441436], [1.61070088894269, 52.3192957619921]]], [[[1.63061949498255, 52.3247031010459], [1.62735743050317, 52.3239470694061], [1.6300523085973, 52.3247322349901], [1.62862027763221, 52.3259419789551], [1.62898847783462, 52.3266556403604], [1.63016121839232, 52.3273517617382], [1.62895637940061, 52.3258156159512], [1.63061949498255, 52.3247031010459]]], [[[1.63697763268122, 52.3285972436026], [1.63622880042618, 52.3312791669846], [1.63755154160771, 52.3315640329715], [1.63871461802166, 52.3304946926674], [1.63719674308508, 52.3302366996392], [1.63696208855345, 52.3280484108292], [1.636037544913, 52.3279381882144], [1.63351667720622, 52.3290996677025], [1.63032203458022, 52.3274331667638], [1.63369091635967, 52.3295862297042], [1.63697763268122, 52.3285972436026]]], [[[1.51612077071997, 52.4639627452325], [1.51644996211218, 52.4633080463285], [1.51464130109108, 52.4634697854186], [1.51612077071997, 52.4639627452325]]], [[[1.68200380638594, 52.4743797659631], [1.682159493766, 52.4747588177945], [1.68914883991965, 52.473557281611], [1.68200380638594, 52.4743797659631]]], [[[1.645133525485, 52.5877548630812], [1.64859275566607, 52.5767975488135], [1.64528597322783, 52.5750654198408], [1.63835551734984, 52.5751445505275], [1.63454664326965, 52.5733220648201], [1.63217752597957, 52.5695054828218], [1.63277228686071, 52.5608526811567], [1.62652209968219, 52.55684868321], [1.62380565917605, 52.5533380393277], [1.61001295124531, 52.5509775640042], [1.60749122802778, 52.5486693679114], [1.6061708503489, 52.5463372563311], [1.60528766592104, 52.5432287982587], [1.60786212896105, 52.5409345708217], [1.61295479759215, 52.5399866747601], [1.61884883251339, 52.5405994986203], [1.62099615881038, 52.5395359039063], [1.61975452816528, 52.5338486033126], [1.62051568601281, 52.5326239762116], [1.57923316052146, 52.5561966088126], [1.59228610416246, 52.5577601144826], [1.60859575006857, 52.5692637019206], [1.60767056874917, 52.573840939302], [1.61992557029417, 52.5731941387363], [1.62375702443883, 52.5742372390624], [1.63753681614248, 52.5821517573225], [1.63983633481168, 52.5876037849939], [1.645133525485, 52.5877548630812]]], [[[1.7143943471922, 52.6151795338249], [1.71498202954843, 52.612993494683], [1.71375090511632, 52.6147353713668], [1.71552274665644, 52.6167059280668], [1.7141923841292, 52.6177047633808], [1.71598580513776, 52.6166509187427], [1.7143943471922, 52.6151795338249]]], [[[1.54180094222319, 52.7038745848976], [1.54140961005537, 52.7037998525292], [1.54102864088042, 52.7042959828807], [1.53967744332188, 52.7046145336214], [1.54051641929111, 52.7048594635788], [1.54180094222319, 52.7038745848976]]], [[[1.53658053598245, 52.7072641298479], [1.53728061637817, 52.7070568607271], [1.53683175284951, 52.7071186555605], [1.53625094695105, 52.7070742983816], [1.53658053598245, 52.7072641298479]]], [[[0.269426016236633, 52.8146180926924], [0.267466840608631, 52.8132600992814], [0.268775187654056, 52.8158558915394], [0.269426016236633, 52.8146180926924]]], [[[0.269751712424444, 52.8159010610093], [0.271949479352361, 52.812537250535], [0.269189726346446, 52.8159083901303], [0.269751712424444, 52.8159010610093]]], [[[1.60309122443339, 52.7931930032434], [1.60448791122717, 52.7923229061796], [1.60225026749666, 52.7934912276746], [1.60309122443339, 52.7931930032434]]], [[[1.59797912878723, 52.7960935072208], [1.59902862164748, 52.7953549492119], [1.59683031151834, 52.7965586347048], [1.59797912878723, 52.7960935072208]]], [[[1.59262396436923, 52.79913544064], [1.59363902909584, 52.7984183513333], [1.59138893174528, 52.7996421525849], [1.59262396436923, 52.79913544064]]], [[[1.58585241841507, 52.8026088199527], [1.58804651236299, 52.801398404167], [1.58584543980136, 52.8026044502563], [1.58585241841507, 52.8026088199527]]], [[[0.867350034165535, 52.9594402266532], [0.867995046419858, 52.9578207579321], [0.866235960931594, 52.9585459202948], [0.867350034165535, 52.9594402266532]]], [[[0.871724177665366, 52.9591961540977], [0.871160127855719, 52.9590370862728], [0.871225710707897, 52.9593664824043], [0.871724177665366, 52.9591961540977]]], [[[0.857851292145994, 52.9590596791733], [0.861098388576521, 52.9577128681939], [0.856280355844411, 52.9576244027214], [0.857851292145994, 52.9590596791733]]], [[[0.875705044256076, 52.9586364509189], [0.879320257206006, 52.9596210723717], [0.86945105150649, 52.9567625867356], [0.875705044256076, 52.9586364509189]]], [[[0.734031231383766, 52.9635113776587], [0.734260915273098, 52.9634765977098], [0.734910937089551, 52.9634830375121], [0.73402039165434, 52.9633466214798], [0.733733731638622, 52.963507522769], [0.733650860458214, 52.9639928464759], [0.733711604951364, 52.9637328351511], [0.734031231383766, 52.9635113776587]]], [[[0.873288149535005, 52.9602112972681], [0.874081362677034, 52.9604705183714], [0.874313531235222, 52.9605872894585], [0.874156081346372, 52.9603531572377], [0.873288149535005, 52.9602112972681]]], [[[0.735803113888038, 52.9636664383356], [0.735369975805127, 52.9635026833081], [0.736487222055573, 52.9640805978011], [0.735803113888038, 52.9636664383356]]], [[[0.868176359323195, 52.9579750981437], [0.871394999464793, 52.9602962401176], [0.870681031147616, 52.9583815828967], [0.868176359323195, 52.9579750981437]]], [[[0.990485228146714, 52.9580093662209], [0.990781828152026, 52.9577390412581], [0.987932519162322, 52.9582149710095], [0.990485228146714, 52.9580093662209]]], [[[0.861414938781278, 52.9597355641349], [0.867314753769233, 52.959458316725], [0.866177872658095, 52.9585772666857], [0.866466700179949, 52.958024634289], [0.861414938781278, 52.9597355641349]]], [[[0.734160954685959, 52.9637180799117], [0.734736170622238, 52.9635243148609], [0.733899251988921, 52.9644998983016], [0.734160954685959, 52.9637180799117]]], [[[0.733477219955217, 52.9646541661591], [0.733535566118273, 52.9644363832577], [0.732854792022913, 52.9647716476638], [0.733477219955217, 52.9646541661591]]], [[[0.856541072025781, 52.9594179750756], [0.856243700173513, 52.9616551634883], [0.856654390628869, 52.9613546937807], [0.859795502911933, 52.9614017428325], [0.856541072025781, 52.9594179750756]]], [[[1.00004091695552, 52.9575832932704], [1.00134420565245, 52.958120111864], [1.00148649584408, 52.9581405274193], [1.0019157784971, 52.958470864702], [1.00256374195957, 52.9580757149658], [1.00004091695552, 52.9575832932704]]], [[[0.62045282421836, 52.9675793980521], [0.618722249407408, 52.9672428569933], [0.618372738957625, 52.9675886544509], [0.62045282421836, 52.9675793980521]]], [[[0.988864059348487, 52.9587231851407], [0.989474873157431, 52.9589123075512], [0.990575287300795, 52.9581771513559], [0.988371781859899, 52.9584583251158], [0.988864059348487, 52.9587231851407]]], [[[0.995783233538251, 52.9571667896505], [0.998487799181256, 52.9561766143551], [0.991963037259635, 52.9576808774876], [0.995783233538251, 52.9571667896505]]], [[[0.739187970759618, 52.9652153079287], [0.739455332786181, 52.9646126038323], [0.739401044110934, 52.9646773402152], [0.739286023699312, 52.9646836789492], [0.738926973693198, 52.9645850398622], [0.739302934475633, 52.9649205921195], [0.739187970759618, 52.9652153079287]]], [[[0.888215388324711, 52.958963218714], [0.893531542751795, 52.960794231494], [0.893239859057704, 52.9605697773715], [0.893232343376479, 52.9604125909775], [0.894045889172683, 52.960039998483], [0.89347784250449, 52.9592249024087], [0.893466892988255, 52.9584608930623], [0.893937712986181, 52.9569793242535], [0.890913426034159, 52.959616908523], [0.888215388324711, 52.958963218714]]], [[[0.954348892053242, 52.9592977391133], [0.95693110805951, 52.9594453603168], [0.958851617384708, 52.9576224780666], [0.96034320929024, 52.9577913394071], [0.958063193895718, 52.957455604803], [0.957480297338034, 52.9585241502787], [0.954348892053242, 52.9592977391133]]], [[[0.994000786587301, 52.9594305021287], [0.996404546318549, 52.9592238493981], [0.997138006533323, 52.9592951821334], [0.994987740771622, 52.9589594049215], [0.994000786587301, 52.9594305021287]]], [[[0.74421052197684, 52.9658025966469], [0.74277335397255, 52.9654598189445], [0.742844488465456, 52.9664872414143], [0.74421052197684, 52.9658025966469]]], [[[0.991398220696222, 52.9595512866793], [0.99028797508241, 52.96031466148], [0.991460148138554, 52.9603489058325], [0.991398220696222, 52.9595512866793]]], [[[0.737641656832112, 52.9658903793312], [0.734982082757863, 52.9636074695056], [0.734117888805582, 52.9643940293979], [0.733346848574428, 52.9649200953118], [0.731199260883289, 52.9645915447163], [0.737641656832112, 52.9658903793312]]], [[[0.734718424874572, 52.9663491256618], [0.734504506238317, 52.965704007889], [0.733937432817999, 52.9663849929699], [0.734916435065386, 52.9669497385906], [0.734718424874572, 52.9663491256618]]], [[[0.664015835927683, 52.968663943778], [0.663677875282545, 52.9674534681546], [0.662376685811387, 52.9685971127409], [0.664015835927683, 52.968663943778]]], [[[0.73506488929403, 52.9671001771043], [0.735811793528788, 52.966908714029], [0.734854594406722, 52.9666259165629], [0.73506488929403, 52.9671001771043]]], [[[0.617577096811424, 52.967903905787], [0.620448831332104, 52.9675971102211], [0.617892698949713, 52.9676401444293], [0.615997134080289, 52.9674592513835], [0.615431507411703, 52.9672493820801], [0.615618676968013, 52.9688212237722], [0.616646077408671, 52.9685820788921], [0.616899824932025, 52.9681299530645], [0.617127821478113, 52.9679987753169], [0.617577096811424, 52.967903905787]]], [[[0.64975834969708, 52.9692575052419], [0.650785031314431, 52.9685104662091], [0.649636783121948, 52.9686406488413], [0.64975834969708, 52.9692575052419]]], [[[0.966539026012437, 52.9618687333078], [0.968431007839852, 52.959329420159], [0.965237426365483, 52.9596781121114], [0.967093255580318, 52.9609408701968], [0.966539026012437, 52.9618687333078]]], [[[0.857164466597561, 52.9639879677376], [0.858828509011056, 52.964412669116], [0.859124873529729, 52.9639429656755], [0.858758422777909, 52.9641607682755], [0.857164466597561, 52.9639879677376]]], [[[0.966302194062767, 52.9619604640322], [0.96542187258501, 52.9602861591878], [0.964579550065147, 52.9606995588708], [0.966302194062767, 52.9619604640322]]], [[[0.875316747421181, 52.9642425627213], [0.881078402483694, 52.9622220220211], [0.874815014468479, 52.9587900553158], [0.87160439661663, 52.9594614682028], [0.87478730008941, 52.9601143584816], [0.875316747421181, 52.9642425627213]]], [[[0.663430700735428, 52.9691626364395], [0.665233573676004, 52.9685430147319], [0.663017444919584, 52.9688145622955], [0.663430700735428, 52.9691626364395]]], [[[0.653929374011374, 52.9694482542178], [0.652960049902375, 52.9685910283317], [0.651314189010114, 52.9692630940353], [0.653929374011374, 52.9694482542178]]], [[[0.859783116945299, 52.9643260288715], [0.859947283683832, 52.9646651394922], [0.860525841740995, 52.9648222479248], [0.860530972249944, 52.9644239383514], [0.859783116945299, 52.9643260288715]]], [[[0.676648705746841, 52.9691986029978], [0.676542609024826, 52.968871501789], [0.676231499154755, 52.9691971313137], [0.676648705746841, 52.9691986029978]]], [[[0.738612163670255, 52.9666193979787], [0.740231913509477, 52.9664436638947], [0.742706380725453, 52.9653217164989], [0.738612163670255, 52.9666193979787]]], [[[0.858920883963594, 52.9651242674266], [0.859223872230778, 52.9644276146956], [0.856802762515052, 52.9648065256436], [0.855179801943878, 52.964575764953], [0.858920883963594, 52.9651242674266]]], [[[0.874075980875823, 52.9645704152458], [0.875008128177227, 52.9636674975885], [0.872983086398776, 52.9638559568266], [0.873563364057871, 52.9639620631156], [0.873126889919157, 52.9643401419445], [0.873384253036685, 52.964250377773], [0.873709810976444, 52.9643413123699], [0.87381012802373, 52.9647971620039], [0.874075980875823, 52.9645704152458]]], [[[0.748072174419549, 52.9678892772031], [0.747228927517857, 52.9665347670982], [0.747010979816017, 52.9666678551288], [0.747212544179572, 52.9671009351532], [0.747127821366821, 52.9672446114224], [0.748072174419549, 52.9678892772031]]], [[[0.675246053842344, 52.9695956048721], [0.675731740262372, 52.9692208606573], [0.674993791968635, 52.969566521718], [0.675246053842344, 52.9695956048721]]], [[[0.861076275876518, 52.9616706254225], [0.862701816890171, 52.9653253929113], [0.863830223881961, 52.9624398181192], [0.858813561436136, 52.9603574304623], [0.861076275876518, 52.9616706254225]]], [[[0.676869676770792, 52.9699179068185], [0.67685371746335, 52.9692857553424], [0.676134808160252, 52.9693310504383], [0.676869676770792, 52.9699179068185]]], [[[0.67656960910911, 52.9699412760473], [0.676091964194555, 52.9695342425015], [0.675834236367317, 52.969790790001], [0.67656960910911, 52.9699412760473]]], [[[0.860184422133341, 52.9634258006183], [0.853903464868267, 52.9620880772552], [0.855854803142626, 52.9588791894834], [0.851733964268857, 52.9586013106232], [0.853706955909724, 52.9659160437023], [0.853578481137452, 52.9633577753556], [0.860184422133341, 52.9634258006183]]], [[[0.625675654914871, 52.9682000012825], [0.621647143037731, 52.9699182812069], [0.625688395692884, 52.9710283863451], [0.625675654914871, 52.9682000012825]]], [[[0.863435405280996, 52.9658829360578], [0.863567388420406, 52.9650203723958], [0.862861047836346, 52.9653811042973], [0.863435405280996, 52.9658829360578]]], [[[0.664902475411163, 52.9699839700319], [0.666811448266502, 52.9694857631117], [0.662076681308243, 52.9705986822886], [0.664902475411163, 52.9699839700319]]], [[[0.663854202830494, 52.970607079335], [0.666831790913689, 52.9698163529994], [0.664147385785808, 52.9703923150563], [0.663854202830494, 52.970607079335]]], [[[0.678502360687247, 52.9703326453469], [0.67926106310083, 52.9680059282244], [0.677454655343543, 52.9699141924282], [0.678502360687247, 52.9703326453469]]], [[[0.735636114573533, 52.9691203384566], [0.737222240228268, 52.9681819843295], [0.735546690450382, 52.9674325868833], [0.735636114573533, 52.9691203384566]]], [[[0.740764565796447, 52.9691148275133], [0.741110007404503, 52.9687033790695], [0.740339204000825, 52.9687714248209], [0.740764565796447, 52.9691148275133]]], [[[0.946444827385084, 52.9610366410968], [0.95128498716343, 52.9638397351271], [0.963304246880673, 52.9601223236399], [0.958844108464927, 52.9576760816466], [0.95902193630434, 52.9594730919307], [0.953985836204028, 52.9613076318718], [0.953713957547882, 52.9597355527616], [0.94623550440484, 52.9589764913892], [0.952136639328334, 52.9615419058331], [0.946444827385084, 52.9610366410968]]], [[[0.986100722099723, 52.9585310860897], [0.988486425384573, 52.9624605057913], [0.988762396914077, 52.9598248268527], [0.994992632844965, 52.9581490381383], [0.989251042120668, 52.959533848334], [0.986100722099723, 52.9585310860897]]], [[[0.858341031217429, 52.966459965469], [0.858080768368926, 52.9656170242544], [0.856594563626874, 52.9660720572095], [0.857642958769613, 52.9660810085065], [0.858341031217429, 52.966459965469]]], [[[0.748339446841769, 52.9691302267953], [0.747745853434897, 52.9679693013191], [0.747492833189197, 52.9689821909933], [0.748339446841769, 52.9691302267953]]], [[[0.865657087403441, 52.966064911303], [0.866296247460397, 52.9661626189163], [0.866114992105738, 52.9658609777667], [0.867230465862322, 52.9648761859574], [0.865657087403441, 52.966064911303]]], [[[0.743765313829266, 52.9690291178411], [0.741500311489161, 52.9688574928793], [0.742480365038704, 52.9694174812845], [0.743765313829266, 52.9690291178411]]], [[[0.8664546664709, 52.9668237001508], [0.86568743421761, 52.966084327885], [0.86506864071246, 52.9665066043896], [0.8664546664709, 52.9668237001508]]], [[[0.687720803438534, 52.9696788625117], [0.685863498632346, 52.9684391994899], [0.686471282867111, 52.9693604406451], [0.685905294837944, 52.9695546243925], [0.685173194906773, 52.9693357648761], [0.685147620938511, 52.9695968309643], [0.687720803438534, 52.9696788625117]]], [[[0.752530301433303, 52.9696053966644], [0.750980533947484, 52.9690898828461], [0.75334225171793, 52.9699575149588], [0.752530301433303, 52.9696053966644]]], [[[0.745596329694047, 52.9692998415854], [0.746606463837489, 52.9697036264481], [0.74620085725726, 52.9686645991489], [0.744664627301436, 52.968643174227], [0.744464160501419, 52.9683517811612], [0.746812339601045, 52.9679208362808], [0.744453695097284, 52.9656021192434], [0.742483510203065, 52.9684199936124], [0.738240280971263, 52.9674092085369], [0.738305929486419, 52.966718085996], [0.739747419847826, 52.9656803419852], [0.736090023623145, 52.9670740573792], [0.745596329694047, 52.9692998415854]]], [[[0.675479483327903, 52.9715335135308], [0.678480905584444, 52.9707383689771], [0.674951898905401, 52.9709763485585], [0.675479483327903, 52.9715335135308]]], [[[0.859897050403857, 52.9676543621671], [0.858740518358184, 52.9666479722817], [0.858351899284688, 52.9673699741212], [0.859897050403857, 52.9676543621671]]], [[[0.679329856536222, 52.9716712379953], [0.678538836483193, 52.9718787876747], [0.679705872150574, 52.971792663511], [0.679329856536222, 52.9716712379953]]], [[[0.860202870273707, 52.9666684771646], [0.860372083760999, 52.9662037290245], [0.859806489437928, 52.9664612914812], [0.859380601591842, 52.9657249971993], [0.858055215945179, 52.9654222419277], [0.858621957385678, 52.9662176404731], [0.860202870273707, 52.9666684771646]]], [[[0.860647740164943, 52.9678371820472], [0.861386434909779, 52.9677525804724], [0.86128602864036, 52.9675493408519], [0.860647740164943, 52.9678371820472]]], [[[0.859248754682172, 52.9649401254095], [0.863263159134661, 52.9673064844598], [0.8635257655412, 52.9671805558198], [0.862795807586573, 52.9656208686188], [0.860655447120135, 52.964459519029], [0.860889524293801, 52.9647317498031], [0.860503391302376, 52.9648860054241], [0.859248754682172, 52.9649401254095]]], [[[0.85988990311712, 52.9680086572916], [0.860166558696362, 52.9676215267966], [0.859425338694028, 52.9677400831218], [0.85988990311712, 52.9680086572916]]], [[[0.860691624567636, 52.9681905183797], [0.860102236787305, 52.9678565194609], [0.859900949915631, 52.9680789822045], [0.860691624567636, 52.9681905183797]]], [[[0.859880653415693, 52.9682762707294], [0.858891322607663, 52.9676016805776], [0.859056278445587, 52.9681761062342], [0.859880653415693, 52.9682762707294]]], [[[0.920961595480469, 52.9668101356278], [0.9293594860317, 52.9611792169975], [0.935882587971699, 52.9627005332457], [0.937218996026024, 52.9601286827521], [0.9366879363418, 52.9596194566796], [0.935807628263662, 52.959807029539], [0.935520761118492, 52.9595548563833], [0.935446598773449, 52.9601581203636], [0.934663027055993, 52.9605899709855], [0.934208094368913, 52.960735557922], [0.93411696952868, 52.9606940144677], [0.933812837852825, 52.9601084619093], [0.933447493287397, 52.9602772826306], [0.934068217732218, 52.9578540341035], [0.932697988419565, 52.9595074040257], [0.931450834793942, 52.959422270045], [0.930654955024774, 52.958967815432], [0.930437723470605, 52.9601554337968], [0.930049451131685, 52.9596857941057], [0.929115172365981, 52.9598693516035], [0.928759469772775, 52.9596786650709], [0.929038577173127, 52.9601594534366], [0.928601412853683, 52.9605152776467], [0.927410841726104, 52.9604611696076], [0.928672067427585, 52.9604472459292], [0.928550061933075, 52.9597598150227], [0.930639043145553, 52.9589307087383], [0.932769249844888, 52.9593853235256], [0.929178431201438, 52.9572778281671], [0.928464472553651, 52.9589031301475], [0.927446779933216, 52.9583962096624], [0.927349694299718, 52.9598205139599], [0.924166347021799, 52.9594648393973], [0.925431486643705, 52.9607056963635], [0.926095561509401, 52.9621992006211], [0.925757672518859, 52.9627863763424], [0.923560606314686, 52.9596489885738], [0.921925974689078, 52.9638750787015], [0.914490968162489, 52.9639467811916], [0.920961595480469, 52.9668101356278]]], [[[0.862985498563356, 52.9681400328408], [0.863337171122852, 52.9678607051835], [0.862137215848108, 52.9680268421968], [0.862958604952969, 52.9682830316287], [0.862985498563356, 52.9681400328408]]], [[[0.866437007452715, 52.9681461997096], [0.87543088433681, 52.9671340336718], [0.875130319945904, 52.9655562011586], [0.874534645772558, 52.9655596435813], [0.875058548490006, 52.9654711604082], [0.873660887369223, 52.96477010738], [0.873691904473523, 52.9643596126554], [0.873178170290938, 52.9644336601771], [0.873048178580715, 52.9642761304274], [0.873458429557976, 52.9639967042269], [0.87275093807585, 52.9638385495087], [0.873032991800735, 52.9602868000867], [0.864554635130812, 52.9618046975238], [0.871287191023007, 52.9633974213969], [0.866189986030645, 52.9658531437155], [0.868988369413923, 52.9676448790654], [0.864523689528088, 52.966682480767], [0.866437007452715, 52.9681461997096]]], [[[0.904670132104889, 52.9673068579551], [0.901032364682195, 52.9651636078159], [0.904973274035163, 52.9671967963665], [0.904227398858811, 52.9644172221367], [0.909603788606876, 52.966576702107], [0.912456339387194, 52.9639967393764], [0.896384819462819, 52.9634912603318], [0.897441129521605, 52.9595393939242], [0.895812080179759, 52.961066246338], [0.893273313689901, 52.9609950291066], [0.893719698031572, 52.9614330648914], [0.893592443919858, 52.9620230173651], [0.892786852660894, 52.9624105199781], [0.89168039512801, 52.9619050977526], [0.891717281247575, 52.9621989751943], [0.890899044762748, 52.9636339526786], [0.893680763911778, 52.963231891213], [0.893775878334004, 52.9632868570154], [0.893958255333575, 52.9637140565017], [0.893643163446212, 52.9645199086321], [0.897159935773578, 52.9646216983354], [0.898121047707242, 52.9662787842791], [0.904670132104889, 52.9673068579551]]], [[[0.99560789826087, 52.9649303810675], [0.996534929439591, 52.964850139342], [0.997581569732555, 52.9647601816079], [0.996323094535688, 52.9643677110285], [0.99560789826087, 52.9649303810675]]], [[[0.865029265357239, 52.9683820343058], [0.86358884292165, 52.9672042144869], [0.863412181174191, 52.96832632598], [0.8607127544064, 52.9682646470703], [0.865029265357239, 52.9683820343058]]], [[[0.721179008361981, 52.9719944840567], [0.721162414407537, 52.9717458726188], [0.720980958289904, 52.9718056892629], [0.721179008361981, 52.9719944840567]]], [[[0.679226472186938, 52.9731672795787], [0.67920111627588, 52.9725853291665], [0.67877950570177, 52.9724892461377], [0.679226472186938, 52.9731672795787]]], [[[0.905714952898452, 52.967670597223], [0.903546489976988, 52.9673380103736], [0.905365553226695, 52.9678620504044], [0.905714952898452, 52.967670597223]]], [[[0.680388332875334, 52.9731480623998], [0.682594217435714, 52.9731024899219], [0.683002737722203, 52.9726798867648], [0.681520773602405, 52.9722715448329], [0.680388332875334, 52.9731480623998]]], [[[0.966588786702926, 52.9621600124829], [0.985066594139994, 52.9649265423675], [0.98532344453144, 52.9642019704211], [0.980082098083577, 52.9604309435717], [0.974744858060482, 52.9626769071089], [0.966588786702926, 52.9621600124829]]], [[[0.734370051791314, 52.9707744558517], [0.735205489917397, 52.9701770312046], [0.7330931779367, 52.9716636629974], [0.73444013111337, 52.9717951632337], [0.734941039174981, 52.9720434830786], [0.734370051791314, 52.9707744558517]]], [[[0.758117697273191, 52.9712466323554], [0.756387063663195, 52.9706461380986], [0.754476476556548, 52.9705990811941], [0.754518031175004, 52.9709809172599], [0.755793066501785, 52.9709527925638], [0.756307900394631, 52.9713961284383], [0.757669631990593, 52.9712298301615], [0.758383779976511, 52.9716449178808], [0.758117697273191, 52.9712466323554]]], [[[0.870232502839351, 52.9690459032231], [0.870102871384672, 52.9678198524359], [0.865259660125789, 52.9686066138722], [0.870232502839351, 52.9690459032231]]], [[[0.90488316806152, 52.9667510749148], [0.906922500129909, 52.9677570354034], [0.913765396256757, 52.9667436890586], [0.90488316806152, 52.9667510749148]]], [[[0.874121449725439, 52.9689696095054], [0.872923531844717, 52.9682906113923], [0.871304801051927, 52.9687448249465], [0.874121449725439, 52.9689696095054]]], [[[1.00627679911814, 52.9647719647813], [1.00799895234418, 52.9645547182254], [1.00958631319323, 52.9651158010362], [1.00899259806445, 52.9642584677682], [1.00627679911814, 52.9647719647813]]], [[[0.861075069459345, 52.9693191018301], [0.862904103132803, 52.9688782973138], [0.863841046115003, 52.9690097586153], [0.8638374202576, 52.9685276788321], [0.860956567092164, 52.9684832283886], [0.861186569177147, 52.9685106922738], [0.861538978605617, 52.9688556991195], [0.860968151233179, 52.9693420892399], [0.861075069459345, 52.9693191018301]]], [[[1.00232346751376, 52.9655771368054], [1.00582914255512, 52.9644512887082], [1.00619706100698, 52.9638857262621], [1.01011899324893, 52.9634471385347], [1.01442440456658, 52.9651008836048], [1.01192541497114, 52.9620446383491], [1.0136547410692, 52.9597016034047], [1.01569480377517, 52.964332264583], [1.01578896333453, 52.9594556295665], [1.01531335375655, 52.9598029518384], [1.01457787658498, 52.9593157729045], [1.01450297995083, 52.9591083217608], [1.01452354880518, 52.9589437716628], [1.01715434159511, 52.9567213319542], [1.00685143767758, 52.9618766754549], [1.00346427151292, 52.9613584036415], [1.01307944812186, 52.958134099205], [1.01006032788656, 52.9574723323781], [1.01017353607263, 52.958896074568], [1.00594201234892, 52.9590816190552], [1.00697085660715, 52.956022886924], [1.0043710490142, 52.9589354096398], [1.00199138844785, 52.9584638281758], [1.00299230073341, 52.9593055600087], [0.997758988547912, 52.9581132479742], [1.0020172155372, 52.9621482966547], [0.99646891579213, 52.9592889513292], [0.986227055616816, 52.9639364656743], [1.00568703882182, 52.9637406100284], [1.00232346751376, 52.9655771368054]]], [[[0.709687077282368, 52.9731365447539], [0.709881703873768, 52.9726544483231], [0.708159163826752, 52.9728902900061], [0.709687077282368, 52.9731365447539]]], [[[1.01082212501074, 52.9659094491598], [1.00991738076692, 52.9640981231405], [1.00944606194646, 52.9646933765854], [1.01082212501074, 52.9659094491598]]], [[[0.748565108173177, 52.9723094222496], [0.748728896050979, 52.9718313138548], [0.748953490597053, 52.971674040097], [0.749987968084154, 52.9715658469357], [0.749641549338539, 52.971153567029], [0.748090510133488, 52.972055488302], [0.747297285780973, 52.9718553196287], [0.748565108173177, 52.9723094222496]]], [[[0.711120280103184, 52.9725211647793], [0.711257376572043, 52.972422091086], [0.709668214472103, 52.9725872012588], [0.710280809632797, 52.9727061300652], [0.710841023607484, 52.9731793877232], [0.711120280103184, 52.9725211647793]]], [[[1.00986870906055, 52.9652984572081], [1.00913940401778, 52.9652921014065], [1.01032385130162, 52.9660025237144], [1.00986870906055, 52.9652984572081]]], [[[0.70833747637848, 52.9733360971567], [0.708025353913396, 52.9729515184268], [0.706922805518759, 52.9731142211853], [0.70833747637848, 52.9733360971567]]], [[[1.00847140388684, 52.9661235524738], [1.00888795128095, 52.9653056997706], [1.00802170717167, 52.9657361915821], [1.00847140388684, 52.9661235524738]]], [[[1.00903212635036, 52.9662258811757], [1.00896149369569, 52.9653459323098], [1.0084794359012, 52.9662093825627], [1.00903212635036, 52.9662258811757]]], [[[1.00735717475603, 52.9662533060216], [1.00679275825352, 52.9654557824827], [1.00550638019888, 52.9660654902465], [1.00735717475603, 52.9662533060216]]], [[[0.717651719366623, 52.9729438479234], [0.716782133993688, 52.9720065061103], [0.715249994990622, 52.9728404935935], [0.717651719366623, 52.9729438479234]]], [[[0.906905635320222, 52.969049615229], [0.911086325399714, 52.9679854461707], [0.906196915034024, 52.9685241355128], [0.906905635320222, 52.969049615229]]], [[[0.708876508005855, 52.9741382178757], [0.706855388653527, 52.9732129609778], [0.706199175264355, 52.973815538231], [0.708433966684762, 52.9739574954857], [0.708876508005855, 52.9741382178757]]], [[[0.711776997726126, 52.973912184416], [0.713118525063682, 52.9724854414734], [0.716714437115616, 52.9719122181063], [0.711439647143545, 52.9723535969501], [0.711794109680889, 52.9731487189384], [0.709650708031063, 52.9732695572677], [0.710446058810151, 52.9733871957594], [0.708342848962909, 52.9731646763604], [0.711776997726126, 52.973912184416]]], [[[0.728387316101249, 52.9735898443069], [0.729441348199599, 52.9735044908014], [0.730636201876813, 52.9729693188388], [0.728446031747027, 52.9729563483819], [0.728387316101249, 52.9735898443069]]], [[[0.728714703811549, 52.9740009108581], [0.727606842377656, 52.973704697869], [0.727267114400913, 52.9738214805001], [0.728714703811549, 52.9740009108581]]], [[[1.02974446872912, 52.9665059995189], [1.02650466771372, 52.9664903804922], [1.03025128108218, 52.9666440562195], [1.02974446872912, 52.9665059995189]]], [[[0.705582636092861, 52.9743698289531], [0.705950321525972, 52.9732416520094], [0.705075202354754, 52.973598789193], [0.705582636092861, 52.9743698289531]]], [[[0.710674644316183, 52.9743504247007], [0.709169117149351, 52.9738697879926], [0.710139656081723, 52.9745613529433], [0.710674644316183, 52.9743504247007]]], [[[0.72155308848517, 52.9744778634069], [0.722084293832483, 52.9741462421424], [0.72856234250627, 52.9726035234252], [0.721416293886843, 52.9730213436356], [0.720671226332621, 52.9717597283176], [0.720865993491928, 52.9732245785279], [0.722444166213849, 52.9736623149023], [0.720281350887938, 52.9736875694604], [0.72155308848517, 52.9744778634069]]], [[[0.721656995260939, 52.9745292023968], [0.719377160263318, 52.9736289563167], [0.72062351666291, 52.971759022318], [0.717065860245705, 52.9718653368327], [0.719003163577041, 52.9739470218086], [0.72037113075923, 52.974287085662], [0.721220086852475, 52.9747118570403], [0.722365834073163, 52.9745255538442], [0.721656995260939, 52.9745292023968]]], [[[0.723297270695956, 52.9746220686569], [0.724569887261278, 52.9744921230868], [0.725351329160735, 52.974624371489], [0.725149920194205, 52.9741829695855], [0.726931957235081, 52.9736985195068], [0.723297270695956, 52.9746220686569]]], [[[0.710494298870163, 52.9751107702173], [0.712930869670699, 52.9733946878516], [0.710247488950341, 52.9746182408058], [0.710494298870163, 52.9751107702173]]], [[[1.04501176118777, 52.9647490631873], [1.04438157409384, 52.9634136747013], [1.04289885928012, 52.9640426668493], [1.04171081812526, 52.9643230428164], [1.03733877389827, 52.9647098415922], [1.03559097926383, 52.9655779815934], [1.02982884646538, 52.9668786329408], [1.04501176118777, 52.9647490631873]]], [[[0.728612787419155, 52.9744522289556], [0.729026104756464, 52.9740587726318], [0.727303284733365, 52.9742540713179], [0.727232264761294, 52.9736985485578], [0.725085066147282, 52.9747725535878], [0.727601805954387, 52.9744054809123], [0.728612787419155, 52.9744522289556]]], [[[0.70496046810009, 52.9750689976653], [0.704769489047945, 52.9738805541049], [0.70432401551187, 52.9755021539656], [0.70496046810009, 52.9750689976653]]], [[[0.894187439816898, 52.9707774131177], [0.905477825354635, 52.9683519348918], [0.89396078872006, 52.9677970547749], [0.892630719558726, 52.967065708866], [0.893009294219534, 52.9660746868371], [0.890225207811273, 52.9647962646944], [0.893083016392512, 52.9660902472868], [0.893994272136785, 52.9677542440906], [0.901286083965286, 52.9668730109525], [0.898595457333147, 52.966515225443], [0.893563548763758, 52.9645142040033], [0.893681688398114, 52.9632479653363], [0.891748613023378, 52.9646770039615], [0.886961963643657, 52.9589420311668], [0.883162978692279, 52.9622495075346], [0.88345402012576, 52.9591177068908], [0.87884574238387, 52.9602680271942], [0.884695420099842, 52.9644863362354], [0.874627812561653, 52.9648312459333], [0.879809149990434, 52.9676886275852], [0.880671913460476, 52.9659768166406], [0.87849643505136, 52.9666921907991], [0.878396772749908, 52.9666537793538], [0.878241820189231, 52.966300980681], [0.878624284263039, 52.9659263496287], [0.878453732781347, 52.9666401264482], [0.880316925931918, 52.9651121520701], [0.883550689797844, 52.9648934288916], [0.884968086447697, 52.965309005275], [0.886149431184195, 52.9640630866988], [0.897149311275652, 52.9694656086243], [0.894187439816898, 52.9707774131177]]], [[[0.735461743103167, 52.9753988224534], [0.738849210867894, 52.9750209981959], [0.742261956407952, 52.9751375132782], [0.739073035058322, 52.9742588772822], [0.738674463213475, 52.9746558425771], [0.738105781660674, 52.9747603618211], [0.735086734277224, 52.9748458032603], [0.733700578654162, 52.9743613689406], [0.735461743103167, 52.9753988224534]]], [[[0.704515978327745, 52.9762679314106], [0.704700329070931, 52.9756480993134], [0.704414498371669, 52.975711686984], [0.704515978327745, 52.9762679314106]]], [[[0.730129564148818, 52.9756557893105], [0.732226811000848, 52.9750617621821], [0.732002311028892, 52.9750687220885], [0.729777267435012, 52.9744148725996], [0.729437575023847, 52.9742248485461], [0.72953498280705, 52.9740922248941], [0.730376067333378, 52.9739416159743], [0.72927508761013, 52.9740811095646], [0.729242246103522, 52.9742455209613], [0.730343199701462, 52.9749800655712], [0.729962453756905, 52.9753773642256], [0.73052279996012, 52.9750406822143], [0.730919217418116, 52.9753741734629], [0.730129564148818, 52.9756557893105]]], [[[0.731639605776107, 52.9744431129676], [0.734335493978985, 52.9755135851719], [0.732586703132387, 52.9741523824804], [0.729492232292611, 52.9741939189652], [0.731639605776107, 52.9744431129676]]], [[[0.704152636939527, 52.9763974742108], [0.704157858283901, 52.9760262436951], [0.703841396733047, 52.9764201761886], [0.704152636939527, 52.9763974742108]]], [[[1.02552241028942, 52.9688251357586], [1.02497471287413, 52.9685961930435], [1.0246489450102, 52.9688471566893], [1.02552241028942, 52.9688251357586]]], [[[0.88892602929291, 52.9722255572629], [0.89250438246329, 52.9689191767587], [0.886744040866931, 52.9666706791542], [0.887537584137904, 52.9690794651579], [0.887520919170405, 52.970125609544], [0.889028122467112, 52.9709666408316], [0.88892602929291, 52.9722255572629]]], [[[1.01630227475556, 52.9691630898665], [1.02011728379106, 52.968331818739], [1.02002817007607, 52.9679541064377], [1.02067975125228, 52.9680241584341], [1.02326446849209, 52.9668332529886], [1.01630227475556, 52.9691630898665]]], [[[0.708029390676815, 52.9774536611258], [0.708713995469048, 52.9769425927417], [0.707741500166699, 52.9770187103175], [0.708029390676815, 52.9774536611258]]], [[[0.72738949035403, 52.9775824274666], [0.728583723668023, 52.9770700645086], [0.725315502460872, 52.9775593318361], [0.72738949035403, 52.9775824274666]]], [[[0.705329971444745, 52.9758697801427], [0.734663763278663, 52.9758619420821], [0.719416137034468, 52.9754239649869], [0.720241245903118, 52.9743679702606], [0.716631567399478, 52.9743726382038], [0.717320352496137, 52.9730755170499], [0.715869369678078, 52.9735250231128], [0.716217003701638, 52.9729776188028], [0.714943352440019, 52.9730102568645], [0.715633684541542, 52.9725598344679], [0.713116017209191, 52.9738370060029], [0.71436015393787, 52.9744245464883], [0.714396679507989, 52.9745082375089], [0.713649717326453, 52.9749020672785], [0.713834812050581, 52.975098362869], [0.71512936633847, 52.9751703988234], [0.714545466784978, 52.9755515163202], [0.705329971444745, 52.9758697801427]]], [[[0.710564241939088, 52.9777285725546], [0.711960358877219, 52.9777084069623], [0.713464688970665, 52.9766903264356], [0.710564241939088, 52.9777285725546]]], [[[0.710475445102704, 52.9780974757938], [0.709692339899297, 52.9772934583585], [0.710099330722227, 52.9780125366251], [0.709915401087925, 52.978096761053], [0.710475445102704, 52.9780974757938]]], [[[0.709802139801434, 52.9781247016925], [0.709750366895732, 52.9775780837904], [0.709150432552553, 52.9778168984782], [0.709802139801434, 52.9781247016925]]], [[[0.706181530044882, 52.9778734266623], [0.707386740467124, 52.9775159634068], [0.707520326132961, 52.9769599063676], [0.705611533274299, 52.9771193824331], [0.706181530044882, 52.9778734266623]]], [[[1.00755657931826, 52.9710246757945], [1.00748803460138, 52.9707240474396], [1.00686543288412, 52.9708852974938], [1.00755657931826, 52.9710246757945]]], [[[0.992135026712175, 52.9714533599083], [0.991379732173514, 52.9712111149572], [0.991569063950251, 52.971525703891], [0.991479487398451, 52.9718883036323], [0.992135026712175, 52.9714533599083]]], [[[0.712265452494429, 52.9783483358229], [0.714137325675763, 52.977430302179], [0.715307621185582, 52.977063663422], [0.714004887459616, 52.9771497157239], [0.712265452494429, 52.9783483358229]]], [[[0.718479519276115, 52.9784685520496], [0.718608915916084, 52.9775022733834], [0.717840555681197, 52.9774499710673], [0.718386280561933, 52.9773151955462], [0.720162508723959, 52.9773890200071], [0.717211169291959, 52.9772485528506], [0.718087450674369, 52.9778471717338], [0.718264916451935, 52.9780400402092], [0.718350624233219, 52.9783375177667], [0.718143358183425, 52.9784294824709], [0.718479519276115, 52.9784685520496]]], [[[0.738798951571182, 52.9780514910026], [0.73934666399955, 52.9774764770741], [0.738285040537977, 52.9778869879854], [0.738798951571182, 52.9780514910026]]], [[[0.739967032091565, 52.9774584613081], [0.739919605139259, 52.9777473050126], [0.740540311495432, 52.977512773403], [0.742138050329674, 52.9773618953397], [0.739967032091565, 52.9774584613081]]], [[[0.727075290014593, 52.9783228593315], [0.726852435404315, 52.9780195592295], [0.726802237473858, 52.9781268015189], [0.727075290014593, 52.9783228593315]]], [[[0.718517144355947, 52.9773589610027], [0.719948540155159, 52.9779008046234], [0.721395379172051, 52.9776160795786], [0.718517144355947, 52.9773589610027]]], [[[0.714927053141946, 52.9786927394802], [0.715859077459764, 52.9786597531325], [0.71554451566094, 52.9785374550253], [0.715076339372267, 52.9777469541659], [0.714688230311021, 52.9778772149014], [0.714676645245579, 52.9777399000874], [0.715084967857651, 52.9771344580291], [0.714180929681376, 52.9775318163676], [0.714927053141946, 52.9786927394802]]], [[[0.728196887932178, 52.9783906335935], [0.72762811174897, 52.9781591032721], [0.727195087901908, 52.9782616610353], [0.72764828560126, 52.9782665461873], [0.728196887932178, 52.9783906335935]]], [[[0.719163707593986, 52.9784034418816], [0.719045014922602, 52.9785536287559], [0.719678515023053, 52.9786065732012], [0.719163707593986, 52.9784034418816]]], [[[0.71557516097083, 52.9785034838759], [0.716337757623947, 52.977236958387], [0.714786372693311, 52.9776128522985], [0.715060193031282, 52.9777032616554], [0.715366006505119, 52.9779237750163], [0.71557516097083, 52.9785034838759]]], [[[0.720965084529062, 52.9787156008015], [0.721139245848884, 52.9784611898418], [0.720319384857789, 52.9786107880262], [0.720965084529062, 52.9787156008015]]], [[[0.716964968611672, 52.978809820739], [0.716857649171984, 52.9784284425867], [0.716395155760665, 52.9787509099911], [0.716964968611672, 52.978809820739]]], [[[0.740861678487823, 52.9780782545529], [0.742694905817024, 52.9775193568637], [0.740301331115696, 52.9783130145405], [0.740861678487823, 52.9780782545529]]], [[[0.718633356202141, 52.9786646581921], [0.719418935622458, 52.9787195200851], [0.72013315599789, 52.9785395169405], [0.719670243935301, 52.9786409326193], [0.71874674468086, 52.9785127731], [0.718633356202141, 52.9786646581921]]], [[[0.711960409810196, 52.9785991640533], [0.71492212147916, 52.9789230505045], [0.715194652210307, 52.978968978339], [0.715694785832496, 52.9787956919485], [0.716458230066181, 52.9788254516896], [0.711960409810196, 52.9785991640533]]], [[[0.987335582923132, 52.9711109008987], [0.988995220468752, 52.9704986056216], [0.987771134968621, 52.9699948554203], [0.987335582923132, 52.9711109008987]]], [[[0.721222081021223, 52.9787987383449], [0.723131462246512, 52.977960993337], [0.72095655275917, 52.9779045690754], [0.721341385034889, 52.978468692316], [0.721222081021223, 52.9787987383449]]], [[[0.991010718782582, 52.9726162341532], [0.990727914767406, 52.9715997115159], [0.989576606648388, 52.970484085736], [0.991010718782582, 52.9726162341532]]], [[[0.723751309564535, 52.9790762019434], [0.723366694539775, 52.9779349207295], [0.722752543163734, 52.9788529133909], [0.723751309564535, 52.9790762019434]]], [[[0.740512019541041, 52.9784407009723], [0.739727561166786, 52.9783874807078], [0.73971685285082, 52.9787127953388], [0.740512019541041, 52.9784407009723]]], [[[0.732346129557731, 52.9786774711493], [0.738240832656318, 52.9771207569481], [0.734736224667966, 52.9769259977616], [0.73969168808784, 52.9763821582972], [0.735614986284831, 52.9762449666277], [0.731704403883578, 52.9784943961704], [0.731072505419708, 52.9782544415786], [0.731658753152848, 52.9788335513547], [0.731540760564968, 52.9785925755609], [0.732346129557731, 52.9786774711493]]], [[[0.719484182295876, 52.9791509552397], [0.719552623584924, 52.9788081805345], [0.719254542436942, 52.9788536678909], [0.719044771548983, 52.9788108094276], [0.719484182295876, 52.9791509552397]]], [[[0.724655196677145, 52.9793063623389], [0.726005171850247, 52.9788599651092], [0.724783368683543, 52.979066929928], [0.723641512465151, 52.9780053253737], [0.724413200628474, 52.9791302690191], [0.723912145444489, 52.9790752130945], [0.724655196677145, 52.9793063623389]]], [[[0.731975052898232, 52.9791715799519], [0.733320026572302, 52.9790012740885], [0.731997341132075, 52.9791234090328], [0.731266454482492, 52.9791330156447], [0.730426539007059, 52.9780984342598], [0.732686618126938, 52.9769926006519], [0.727532147087785, 52.9779197764006], [0.73017471268977, 52.9782157230947], [0.731174327193381, 52.9794912231152], [0.731975052898232, 52.9791715799519]]], [[[0.740059885222652, 52.9789072108219], [0.739114048568862, 52.9787923340106], [0.738910289475024, 52.9796458930555], [0.740059885222652, 52.9789072108219]]], [[[0.733460984188213, 52.9797121908061], [0.732310306728327, 52.9793140417186], [0.731931540823193, 52.979568235985], [0.731135915637151, 52.979519981646], [0.730293073522781, 52.979242607436], [0.730092489726669, 52.9783057353946], [0.726963605633223, 52.9787732319166], [0.726794458777702, 52.9785711927833], [0.726949160420368, 52.9782834905841], [0.726765517221493, 52.9781114582139], [0.726808824902495, 52.9780421240416], [0.724220181505486, 52.9782642535721], [0.725053909553471, 52.9782793081085], [0.725178136152676, 52.9787620357773], [0.726042662264184, 52.9787691835166], [0.726152353126817, 52.9791130064869], [0.728253177777798, 52.9787166561176], [0.730039671661494, 52.9792617375557], [0.730337160276287, 52.9797174602275], [0.733460984188213, 52.9797121908061]]], [[[0.738167793503563, 52.9779816796827], [0.73906795477857, 52.9787466370323], [0.739548797472827, 52.9787409485312], [0.739662816273535, 52.9784002135873], [0.740290346690523, 52.9779839736861], [0.741491506660001, 52.9775220365455], [0.738902261019767, 52.9785058683683], [0.738167793503563, 52.9779816796827]]], [[[1.00677624100457, 52.9735565382615], [1.00748925009564, 52.9724575669078], [1.0058742279253, 52.973431994025], [1.00677624100457, 52.9735565382615]]], [[[0.878313600297443, 52.9756809297052], [0.875723721382923, 52.9721764090925], [0.888852455889561, 52.9719532542715], [0.885362367611927, 52.9690039157945], [0.886585555934798, 52.9663262495494], [0.883493303285831, 52.9650091164783], [0.882941767130548, 52.9675695388065], [0.881768901362959, 52.9665003668417], [0.879366396154417, 52.9685320185682], [0.874946995709765, 52.9674413265363], [0.878639328236573, 52.9691567195544], [0.871562243597346, 52.9694176256726], [0.873568459085923, 52.9715665411735], [0.867876195790764, 52.9756349077894], [0.868184881524446, 52.9739931906888], [0.869816678204298, 52.9729837717852], [0.870492074498791, 52.9706390349755], [0.871377741068847, 52.9708633995014], [0.871407360031033, 52.9693528460975], [0.872053130086781, 52.9691358964368], [0.86924816570176, 52.9694406174589], [0.869958531461137, 52.9697781243953], [0.86971418381914, 52.9715737990691], [0.868369755739448, 52.9730911892929], [0.86984840395242, 52.9698762845443], [0.869158068335222, 52.9696703028397], [0.869080847571496, 52.9691655313148], [0.865122685755403, 52.969103225947], [0.866385603041668, 52.9692738371225], [0.866267224666899, 52.9697989756982], [0.867990935056355, 52.9698556692292], [0.868105059965937, 52.970063068595], [0.865173805672119, 52.9712905806061], [0.866729964544778, 52.9719478037525], [0.867543576735176, 52.9726600557784], [0.867337941075046, 52.9731731055112], [0.865123542415633, 52.9713053712634], [0.866322554211957, 52.9693407334049], [0.863390826566366, 52.9718890792657], [0.864959132679826, 52.9687179755773], [0.862946158451336, 52.9698460423167], [0.860925170933855, 52.9696227896849], [0.859631870856795, 52.9684049607743], [0.85994425828113, 52.9698294010254], [0.859351903756738, 52.9683764482236], [0.859318987229887, 52.9697824917111], [0.854717377528776, 52.9670762554347], [0.866282987798781, 52.9785355864401], [0.878313600297443, 52.9756809297052]]], [[[0.995195806118894, 52.9777321434116], [1.12422372963958, 52.9513225110978], [1.25164291242662, 52.9416889761258], [1.34315051992852, 52.919968378789], [1.43654698438879, 52.8794838399603], [1.54189259733965, 52.8204646278419], [1.58654610491115, 52.801647521524], [1.64034975433583, 52.7679761216983], [1.69752017233994, 52.7236051665614], [1.70611714694478, 52.7011998701815], [1.72816980849211, 52.6669320026764], [1.74523039991327, 52.6262153121248], [1.73748151244664, 52.5873074803711], [1.73798840977865, 52.582473388932], [1.73899783766966, 52.5826431585682], [1.7448807614978, 52.5800162377254], [1.74542233796333, 52.5795596234128], [1.74577697580203, 52.5790418507076], [1.73882990716092, 52.5799821668868], [1.7380537728295, 52.5752016582932], [1.74429600847487, 52.5746285418963], [1.73372469150572, 52.5741378428985], [1.7256510523781, 52.6041317528854], [1.72001595365665, 52.6107499398758], [1.72322898454942, 52.6122289603871], [1.72382935613749, 52.6140086577603], [1.72233782749667, 52.6196617693945], [1.72543312126387, 52.6210180634131], [1.72672655689578, 52.6231617914873], [1.72543005092183, 52.6272180006707], [1.72137926227608, 52.630423081035], [1.71833652942831, 52.6313668055552], [1.71002305292757, 52.6310091697729], [1.70672914122154, 52.6301303870613], [1.70304269061146, 52.6261395312877], [1.6983234898339, 52.6257035024116], [1.69273952392975, 52.6216166892241], [1.68774606140207, 52.6277896193019], [1.67910585817782, 52.6296762113356], [1.65316561519212, 52.632058953871], [1.63891056297847, 52.6304107127578], [1.6335885222828, 52.6327835900991], [1.62228375655047, 52.6335044964689], [1.61633210830904, 52.6323561714352], [1.61137425277427, 52.6252042889633], [1.60459649451997, 52.6242731542143], [1.59807888435724, 52.6284960979151], [1.5934503541314, 52.6290802011557], [1.59390141785172, 52.6320402391999], [1.5917704258219, 52.6344899566985], [1.59295414480394, 52.6363862153305], [1.5898731853955, 52.6387123554276], [1.5831716603573, 52.6367067077318], [1.57483003112186, 52.6396281507247], [1.56844999304987, 52.6379612257303], [1.56988051915167, 52.6482249439445], [1.56837501595687, 52.6492222111493], [1.55777891961586, 52.6511389350403], [1.56243701139866, 52.6655100289661], [1.56163322465064, 52.6737584944033], [1.55347472400004, 52.6737512671311], [1.55099231010867, 52.6798624836033], [1.55463917788648, 52.6802739148703], [1.54967755352583, 52.6834618667866], [1.5541970108878, 52.6872512438869], [1.54577175953941, 52.6959156896507], [1.5568954029023, 52.7013794885527], [1.57057953467004, 52.701096218652], [1.57650947006601, 52.7041531865524], [1.58119059961513, 52.7097651653407], [1.58592344024272, 52.7115172537029], [1.62320351478774, 52.7155171854552], [1.61982424951065, 52.7176270910719], [1.63290936777932, 52.7260659032503], [1.61297242102255, 52.7158131807286], [1.61127615849109, 52.7186234215092], [1.60709095404065, 52.7208152679767], [1.61229282514673, 52.7157767058529], [1.59571379327888, 52.7142732951823], [1.58021437685142, 52.7101120927566], [1.57099126855821, 52.7017609903334], [1.55896278191948, 52.7020885515743], [1.54940575938082, 52.698885849471], [1.54886482022665, 52.7001355429854], [1.54519232729615, 52.7020730062778], [1.54533232535234, 52.7035013389996], [1.54230607839848, 52.7038590270994], [1.54322125233883, 52.7048538522505], [1.54209472003753, 52.7039132345202], [1.53833551442662, 52.7073857498844], [1.53465371342557, 52.7077621017184], [1.53898816165222, 52.7034813005579], [1.5488361669404, 52.699930341727], [1.54904642575652, 52.6987325625904], [1.54504384838431, 52.6956913086746], [1.54449011666288, 52.6937661014241], [1.54939950836265, 52.6879430855421], [1.54630620296842, 52.6802140319423], [1.53592078447041, 52.6837345263207], [1.52660013487625, 52.6823081773102], [1.52308253318569, 52.6858940363952], [1.51345546222074, 52.6894744060054], [1.51457196716889, 52.6904246130411], [1.51519114905372, 52.6971302356578], [1.50461238301639, 52.7055591561131], [1.49574581187251, 52.70555433975], [1.49674525057103, 52.7103226018914], [1.50382898894207, 52.7119753322929], [1.50805866305994, 52.7155381885671], [1.50606985422873, 52.7236057727855], [1.50510836148823, 52.725012855982], [1.50901787865466, 52.7270016595318], [1.50929059975143, 52.7285059518476], [1.49908680365342, 52.7348930614748], [1.50882424465471, 52.7283345779053], [1.50478241488943, 52.7251065059386], [1.50772268298358, 52.7157541017894], [1.49641342881447, 52.7103953570807], [1.49475683967474, 52.7071191019778], [1.49587885401544, 52.7051961320159], [1.49840053990772, 52.7042918685023], [1.50465420591689, 52.7052811669189], [1.51445512534142, 52.6972082951519], [1.51387128534422, 52.6899500947113], [1.50891224463174, 52.6919914208514], [1.50551818429745, 52.6890343605819], [1.50277571151969, 52.6904534055696], [1.50100790648943, 52.6903705017156], [1.49371233974841, 52.6875040141331], [1.48969086877516, 52.6930812475667], [1.48463312913217, 52.6942997628178], [1.47330706032461, 52.6898063674722], [1.47221185767953, 52.6933647246106], [1.46777742504355, 52.6948049035288], [1.46999472460565, 52.6976778104299], [1.46114912661627, 52.7059223021376], [1.44087965812862, 52.7013968651085], [1.44186638088126, 52.6950514922683], [1.43857572249605, 52.6935811951296], [1.43861507527329, 52.6913220942428], [1.43382917792757, 52.6896792137218], [1.42964926295949, 52.6916328358128], [1.42358377157647, 52.6907890607074], [1.41657788941701, 52.6939938450965], [1.42330336001998, 52.6987390574297], [1.42457202229603, 52.701312097752], [1.42394061007586, 52.7020074557082], [1.41567114427879, 52.6947529105695], [1.41864878790323, 52.6916362337018], [1.42605574063339, 52.6901589875264], [1.42935103884893, 52.6913049121821], [1.43395076127615, 52.6893496585492], [1.43950941814597, 52.6911658939048], [1.44293011563964, 52.6954439302566], [1.44170221159087, 52.7012703492818], [1.46072735332616, 52.7052482845637], [1.46709270302362, 52.6946230302127], [1.47376919779318, 52.6892029776715], [1.48802161504888, 52.6930859926087], [1.49132973921063, 52.6876422782355], [1.49830523699169, 52.6867263276257], [1.50991818633758, 52.6901487187687], [1.51858721904026, 52.6869220025262], [1.51347386009341, 52.6816544465419], [1.50959203159172, 52.6860867119611], [1.51278430202129, 52.6799657295516], [1.51138924944777, 52.6798627521304], [1.50969142481205, 52.6788154339799], [1.50749138466893, 52.6757109064875], [1.51639890794982, 52.6817405732056], [1.51896560447018, 52.6867039800959], [1.52766809009037, 52.6816533300823], [1.53545979157018, 52.6834364598434], [1.54298028222607, 52.679483068051], [1.54628996954072, 52.6797509503911], [1.54982782282886, 52.6812049996993], [1.55290380693507, 52.6736193651116], [1.56181320861577, 52.6660433682356], [1.55130006926935, 52.6596682194925], [1.56059197286771, 52.6620541290698], [1.55677842272453, 52.6513718269404], [1.56968815863735, 52.6470879187045], [1.56617991279156, 52.6398584611939], [1.55963942728916, 52.6404491139534], [1.569647431898, 52.6372376841321], [1.57447228387888, 52.6392827755026], [1.5817097233683, 52.6364508925485], [1.59084964487419, 52.637400142815], [1.58996565041781, 52.638162872555], [1.59213476619801, 52.6368202345324], [1.59124463502061, 52.6342490274187], [1.59352214004986, 52.6316479037966], [1.59255381831949, 52.6290820790623], [1.59957664837087, 52.6251827986105], [1.60605703873684, 52.6237734533652], [1.61117668422555, 52.6247564478884], [1.62246195270304, 52.6332477364125], [1.62686573401229, 52.6312280823641], [1.64308463238532, 52.6298864567101], [1.67911977073985, 52.6292926806492], [1.69234874591612, 52.6213236845261], [1.70307282936853, 52.6257983041039], [1.71007185977511, 52.6306393811582], [1.72481632995707, 52.6269625120335], [1.72185537594421, 52.6198419963024], [1.72250616314182, 52.6119040224803], [1.71536904353242, 52.61302677837], [1.71653058482095, 52.6164660611037], [1.71401431020514, 52.6180013458025], [1.70572783573982, 52.6195971681739], [1.69491819394567, 52.618140597402], [1.68176458499294, 52.6083753639684], [1.65799455936009, 52.6040207888993], [1.64452077449811, 52.5884028931738], [1.63878744738809, 52.5875459342598], [1.63606677327183, 52.5818317079621], [1.6203914781748, 52.5737096371307], [1.60720886327641, 52.5741875205947], [1.60802278018351, 52.5693921711287], [1.59183276423068, 52.5582332279035], [1.55471880369306, 52.5598082201084], [1.54187165193924, 52.5555292749241], [1.53855960230885, 52.5611663146246], [1.53602416470812, 52.5623781912473], [1.5226366761408, 52.5625906723686], [1.52493613896034, 52.5700178327011], [1.52290764592059, 52.5731037191475], [1.51844735857959, 52.5758415284318], [1.51498745710657, 52.5766535871969], [1.49790895824228, 52.5713239062801], [1.49190968613872, 52.5787192765844], [1.48819033607114, 52.5807965236952], [1.48859882325641, 52.5849929392173], [1.48413707341214, 52.5881974723693], [1.46929142663108, 52.587012401664], [1.46630160206125, 52.591674966346], [1.46226977938587, 52.5945807101036], [1.45458978915063, 52.5945821197144], [1.45370385618865, 52.6014541506267], [1.43552761949637, 52.6112924003133], [1.44280781526311, 52.61648992725], [1.43352642064576, 52.612444446716], [1.43857444663865, 52.6187455333919], [1.43294136509131, 52.6218142893916], [1.42942366794473, 52.6183203140355], [1.42206440444875, 52.622342089548], [1.41354482124159, 52.6211484240928], [1.38754120806984, 52.6046311348662], [1.38147446928914, 52.6063548766122], [1.37666265233416, 52.6206650283527], [1.37163900214449, 52.6246549051587], [1.36623547907049, 52.6254198046776], [1.35076746981704, 52.6213458662726], [1.34531600857578, 52.6252216560703], [1.32894764557051, 52.6261269157629], [1.31060193746174, 52.6202179243227], [1.3033390177761, 52.625700437828], [1.30541554316502, 52.6272670841993], [1.30775104408032, 52.6302804384814], [1.30914162078053, 52.6335188459042], [1.30842518221282, 52.6344521835602], [1.30246483342476, 52.635415896581], [1.29220142754496, 52.6317320853956], [1.28803270251034, 52.6332858703141], [1.29183461139549, 52.6315460461801], [1.30843195947254, 52.6342422616239], [1.30288734606417, 52.6261617371891], [1.30423186970103, 52.6226333944637], [1.30636394150581, 52.6211138849835], [1.31247041549908, 52.619776485572], [1.32296506043143, 52.6210181641403], [1.32082748285019, 52.6199258841255], [1.32022694113638, 52.6192160189015], [1.32029547304621, 52.6162362949367], [1.31482634248979, 52.6152644716521], [1.31242513193855, 52.6129569004619], [1.32035613915365, 52.6159252071643], [1.32886533135351, 52.623868221556], [1.34227749879345, 52.6247822475673], [1.34694710626175, 52.6208625204733], [1.36949471895461, 52.6235668072788], [1.37632418799944, 52.619448267892], [1.37084330264288, 52.6147984017674], [1.37630205519321, 52.6174947894535], [1.38056727038064, 52.6062664193617], [1.38753065461369, 52.6040258872108], [1.40182674401958, 52.6085638298524], [1.40180752272504, 52.6132408170925], [1.41435422694203, 52.6207796461685], [1.42926275552112, 52.6177455844183], [1.4342338627694, 52.619671807723], [1.43295901758042, 52.6116231058561], [1.45350687837768, 52.6005495237232], [1.45359818958926, 52.5943214533078], [1.46245693048578, 52.5934468150599], [1.46875267395129, 52.5864270444934], [1.4870259012685, 52.5851217204771], [1.48757681596425, 52.5799344693812], [1.4943072985268, 52.5731910584561], [1.48838129584349, 52.5707011367385], [1.50058871763096, 52.5706021921675], [1.51690866132607, 52.575789624625], [1.52384647224135, 52.5701867557287], [1.52085548615752, 52.5634745378784], [1.52591100202835, 52.5596579115984], [1.52174980510236, 52.5560272390821], [1.53499991668783, 52.5621398670755], [1.53800745553235, 52.560230433481], [1.53997580091716, 52.554124272066], [1.54116565823585, 52.5534264692113], [1.537824892458, 52.5529885760014], [1.5362240890924, 52.5518775038371], [1.53313320782977, 52.5531301404063], [1.53074157307723, 52.552556555666], [1.51916800229301, 52.5419548887598], [1.516727242176, 52.5425905342438], [1.51149336439724, 52.5409300787759], [1.50662798816607, 52.5415736290139], [1.49869458268078, 52.5391642518003], [1.48702052301622, 52.5390129188742], [1.48065512638194, 52.5376302083337], [1.49876792768724, 52.539047853628], [1.50674443366328, 52.5414244673961], [1.51135321500336, 52.5408191118244], [1.51413248793894, 52.5408570849099], [1.5191372017741, 52.5418280845406], [1.53087901613556, 52.5524784289576], [1.53625895803984, 52.5517658297915], [1.54081073812115, 52.5525750837012], [1.55452685524902, 52.5593363846935], [1.57419381054349, 52.5582830681423], [1.62710993155222, 52.5284104651682], [1.62826239033908, 52.5230433343635], [1.6309453980383, 52.5205324120503], [1.6400041214872, 52.5161014034985], [1.64600764947428, 52.5153704603525], [1.64492868922402, 52.5085371249697], [1.65410300275189, 52.5012588754114], [1.65907697881999, 52.5008288975305], [1.671035039222, 52.5037970740257], [1.67556557350122, 52.4977529965235], [1.68201015090382, 52.495326676494], [1.67565987553865, 52.4842363624302], [1.66885362555317, 52.4819257383992], [1.67104109423826, 52.4770626645907], [1.66270212290792, 52.4747416390837], [1.65872447098678, 52.4685945287245], [1.65357471888052, 52.4684947784611], [1.64866845169086, 52.4736534796216], [1.64772404570765, 52.4738163337447], [1.64908816235745, 52.471869714529], [1.64326106979462, 52.4726417515255], [1.64289364278302, 52.4688023407236], [1.63631611092366, 52.4670692091525], [1.63383517371969, 52.4629665374783], [1.60735098256698, 52.4667266775701], [1.60403941242168, 52.4718407168576], [1.58730432037125, 52.4789233519149], [1.58487142150963, 52.478533033762], [1.58308283687054, 52.4771346271667], [1.58007641781856, 52.4801999717426], [1.58296916140845, 52.4770409306831], [1.57390048930556, 52.477377611141], [1.56752050673822, 52.4745354598641], [1.55937931207724, 52.4654203038497], [1.56244540919395, 52.4618338017896], [1.55713579096213, 52.4578481097224], [1.55452736967588, 52.4592683066951], [1.54929100048057, 52.4589465271661], [1.54793819333134, 52.4611216444191], [1.54412397026625, 52.4631534189936], [1.54128506298484, 52.461992800576], [1.53587502432631, 52.4667197670137], [1.52976631797386, 52.4685033825545], [1.52532144726146, 52.468220313654], [1.52217738005943, 52.46575712465], [1.51925221301484, 52.4662858998276], [1.517367908932, 52.4708914027698], [1.51575042239974, 52.4715889315099], [1.51887696837443, 52.4662709897627], [1.52318774014646, 52.4652610925619], [1.52133741006781, 52.4619806358502], [1.51602880904088, 52.4641021973716], [1.50879530593912, 52.4626692274814], [1.5079986300791, 52.46184128451], [1.49613893720084, 52.4677736039976], [1.48118313955356, 52.4724387598387], [1.47973871621335, 52.4712650763029], [1.50792020558178, 52.4617068968146], [1.52169202196448, 52.4616693826268], [1.52921528864563, 52.4683165634346], [1.53358165358442, 52.4669588870036], [1.53132382160429, 52.4665975969165], [1.53127520387512, 52.4647400634901], [1.53371419063778, 52.4668669582655], [1.53966539787885, 52.46234263565], [1.54207045542102, 52.4616328695959], [1.54416116140316, 52.4628024480477], [1.54873013809793, 52.4588932105974], [1.5572621794247, 52.457444451343], [1.56306641153562, 52.4613914371715], [1.56213508594194, 52.4649904545186], [1.56646962784796, 52.4640348494271], [1.56211577284867, 52.4654842102814], [1.56830943749565, 52.4744738697684], [1.58240489701885, 52.4765867134673], [1.58600829949322, 52.478438287019], [1.60673059115352, 52.4664735206663], [1.6168327624117, 52.4633220291663], [1.63470404705701, 52.4627795327431], [1.63624103506072, 52.466569610035], [1.6426723194746, 52.4682092089678], [1.64657714484579, 52.4717766690918], [1.6538074155307, 52.4679083182713], [1.65875515535371, 52.4681834141711], [1.67090191637649, 52.4760460703141], [1.67179922890537, 52.4778983054245], [1.67134249587381, 52.4819114271817], [1.67629561845106, 52.4841923062709], [1.68148043071971, 52.4893417926292], [1.68120041069191, 52.4743318416328], [1.69065813815847, 52.4702943923763], [1.68943554790838, 52.4735721689833], [1.70310343817109, 52.470891514754], [1.70972154654343, 52.4741330441416], [1.71128080447562, 52.4775718881579], [1.69065051730081, 52.47378051856], [1.68212139890707, 52.477000631968], [1.6835991559288, 52.4951638980428], [1.67184472590385, 52.5041209289874], [1.65405200350672, 52.5017632609213], [1.64538531279618, 52.5087820970301], [1.65073404732502, 52.5136775253274], [1.62878498568666, 52.5230147063753], [1.63103748643837, 52.528145121464], [1.62096037466368, 52.5327870160144], [1.62116438951855, 52.5399502226722], [1.60591521591243, 52.544438761305], [1.60971673825828, 52.5502222589403], [1.62313036840714, 52.5525161304613], [1.6341020888179, 52.561079589268], [1.63610899098282, 52.573847600942], [1.64431840775325, 52.5738654590824], [1.65054028819557, 52.5763089657073], [1.65006351207569, 52.59387740845], [1.7148631225475, 52.6112937183046], [1.72491956350004, 52.6034302935443], [1.73253056405112, 52.5723608467703], [1.73864105321332, 52.5720406063279], [1.73256376161902, 52.5693458355656], [1.73500896630977, 52.5457842568154], [1.76370560966352, 52.4816474412571], [1.75974871914623, 52.473903358345], [1.75669982920572, 52.4720028100989], [1.76048079109745, 52.476273019769], [1.7542781320859, 52.472796697439], [1.72165066466887, 52.4776176400313], [1.71091720337827, 52.4748803172377], [1.75623230351346, 52.4714860669986], [1.74951762131192, 52.4700086541345], [1.73411416664569, 52.4479523429951], [1.72804948273282, 52.4008178095173], [1.69358091543765, 52.3522074936037], [1.67486807906325, 52.3136390785085], [1.65959216788076, 52.3248954659962], [1.6516665021351, 52.3249493139407], [1.64501357393203, 52.3290555136317], [1.64083054105655, 52.3296586085137], [1.63871695546847, 52.331211127454], [1.63459419276137, 52.3324898246337], [1.63328895001925, 52.3313085072779], [1.62608035302228, 52.3345757407516], [1.63098289746282, 52.3315668998281], [1.61227723158984, 52.3271826888085], [1.61018072166171, 52.3204113648995], [1.6150083528336, 52.320221992829], [1.61057798566732, 52.3197870350009], [1.60207367497787, 52.3297687050096], [1.58635669951992, 52.3197958406902], [1.58460639865741, 52.3209850243328], [1.58132606048177, 52.3212788631041], [1.57975711065748, 52.3239376897231], [1.5770307361948, 52.3264017623622], [1.57348163968835, 52.328647287062], [1.56897305555086, 52.3303406567841], [1.56258457270989, 52.3317604218085], [1.55765226511053, 52.3325064764595], [1.57323025201162, 52.3286611927044], [1.58052853818634, 52.3212364944982], [1.58758678170195, 52.3190532845926], [1.59874882892796, 52.3236712931599], [1.60853868189109, 52.3155006171972], [1.63221545433853, 52.3217513971968], [1.62942595344122, 52.3210816262928], [1.62887762368915, 52.3216093851224], [1.63123997711052, 52.3216698698525], [1.62863161952455, 52.322974426955], [1.63139756513652, 52.3243274756608], [1.63004398305711, 52.3264046189232], [1.63745689071677, 52.3276038461568], [1.63825336880202, 52.3300447761145], [1.65040144546815, 52.3245081163004], [1.6583403082668, 52.3237793264214], [1.66844529961403, 52.3157038587717], [1.66569849536241, 52.3131047201008], [1.67241529589841, 52.3140999611662], [1.64419177233175, 52.2953394937893], [1.63110673555836, 52.2712992218204], [1.62311369958214, 52.1885376179798], [1.61011885353597, 52.169525716575], [1.58767371103181, 52.1028750267035], [1.58239783246228, 52.0907748034015], [1.57828753917369, 52.0859590477759], [1.46564367567142, 52.0463905053024], [1.4907723647018, 52.0604276438646], [1.51905904983769, 52.0675179278078], [1.54377521222313, 52.0791119441277], [1.54517221144529, 52.0794672975335], [1.54497208753202, 52.0791344636015], [1.54533738302986, 52.0784892602329], [1.54806564163975, 52.0781408654204], [1.54513020412288, 52.0796342999783], [1.56225523420107, 52.0858375015448], [1.564558681359, 52.0873974910451], [1.56500084142432, 52.0898912877496], [1.56715012310411, 52.0909747555908], [1.58015857817045, 52.0885185291261], [1.57235616018925, 52.0915715653501], [1.57532077330223, 52.0919679835583], [1.57837858024667, 52.0934413029911], [1.56775551306826, 52.0914587744056], [1.54158227010732, 52.0791816484658], [1.53958909841078, 52.0881339211395], [1.55487746163199, 52.0898771075093], [1.56873329750714, 52.0980132719108], [1.56874540514341, 52.1098167532664], [1.58693606040939, 52.1197836311282], [1.59919342816885, 52.1436830964507], [1.57537780374051, 52.1442097587127], [1.57127377258426, 52.1480051194477], [1.57990226775254, 52.1549450927913], [1.57171861427806, 52.1597624925118], [1.55559192469799, 52.1587090836861], [1.55347433646179, 52.1610671725747], [1.55768385354953, 52.1624196021498], [1.55186591636511, 52.1667469238883], [1.52896787849189, 52.1650729733318], [1.51201891333311, 52.1538914286813], [1.51255331622022, 52.155534600337], [1.51003032639705, 52.1561422365399], [1.51306504357871, 52.1589804650656], [1.51095123042808, 52.1599761932816], [1.51228848246195, 52.1607620846818], [1.51196608133818, 52.1617746082422], [1.50918451966564, 52.1641735901605], [1.4947101021361, 52.1652225645337], [1.50151198189865, 52.1641597455202], [1.50358437674532, 52.1633390206136], [1.49924816177318, 52.1639259013284], [1.50005779126899, 52.1600069525991], [1.51063169122311, 52.1510404652219], [1.52346969143271, 52.1504037980335], [1.52507437056179, 52.157216152424], [1.54030193473761, 52.1572811263645], [1.55333726156847, 52.1502055411578], [1.56771803948516, 52.1561008355101], [1.56770466655159, 52.150910337134], [1.56994674449701, 52.1513722094112], [1.56912286323179, 52.146420904615], [1.57414276378405, 52.1412836508551], [1.59554408703352, 52.1416128683425], [1.58189614033477, 52.1197765347565], [1.56622249985713, 52.1118107386875], [1.56604543849144, 52.1003012694528], [1.55252749869208, 52.0921084456014], [1.53833405326899, 52.0906181050419], [1.53790109613564, 52.0810813182258], [1.52340504341159, 52.0811588090038], [1.51043808960546, 52.0695640994855], [1.49075989242104, 52.0734144184065], [1.4910231947903, 52.0803198741727], [1.49908556404683, 52.0862526500441], [1.49819058876051, 52.0913138774082], [1.49418436004129, 52.0949478597373], [1.49614389453171, 52.0974505841852], [1.49330813415962, 52.1015481294836], [1.48610908472161, 52.0991766983109], [1.48791310826125, 52.1036751312038], [1.48313178613961, 52.1037901419668], [1.48686867120269, 52.1056543456748], [1.48656358510147, 52.1132496346043], [1.48631342174592, 52.1137784646412], [1.48570183614485, 52.1139316600314], [1.48353849418662, 52.1135826862576], [1.48650588459784, 52.1133152049616], [1.4831285926632, 52.1122437345317], [1.48624111198047, 52.1096827838628], [1.48147472707097, 52.1044302750634], [1.48588433320099, 52.1015216310637], [1.48330436662254, 52.0990563155234], [1.49323177782802, 52.0978172850143], [1.49286041258918, 52.0948108601896], [1.49683918716364, 52.0873095286317], [1.48980742603654, 52.0830108472732], [1.49287753869174, 52.0831119244406], [1.4893904411715, 52.079771118752], [1.48914038734172, 52.0727389663903], [1.50125815600665, 52.0707218902233], [1.49535402831278, 52.064318949611], [1.4793045695649, 52.0598126289245], [1.48161669689813, 52.0593467837382], [1.47981546111066, 52.0590992896993], [1.47846169395124, 52.0585214150247], [1.47286406416889, 52.0550689914786], [1.474425339946, 52.0542414293764], [1.46169441793846, 52.048138330861], [1.45784352893604, 52.0448636096871], [1.45771092271345, 52.043344166453], [1.45298544334922, 52.0442389077331], [1.45111962494624, 52.0441793725029], [1.4506320066554, 52.0437640933105], [1.45114705020775, 52.0430958489074], [1.45913876899849, 52.0432948008106], [1.46324024674419, 52.0482816149186], [1.43456985849476, 52.0085421818156], [1.393799663688, 51.9865305100884], [1.3957223527129, 51.9984888433141], [1.38880873344694, 51.9994203095726], [1.39462081722297, 51.9987388200818], [1.39538413569445, 51.9987478169751], [1.39534282588652, 51.9993902689622], [1.36592587001197, 52.0083600008343], [1.36629245051124, 52.020271090402], [1.34469228135729, 52.0313291113587], [1.35281122522707, 52.0390883540634], [1.35190371480538, 52.0454604076291], [1.34374712656334, 52.052713848284], [1.34098228414996, 52.0529958948913], [1.34376277563672, 52.0641418876064], [1.3293312538813, 52.068824595298], [1.31898150634671, 52.0805026960689], [1.31923775546737, 52.0869570876297], [1.32593362917235, 52.0891114779154], [1.33132856303068, 52.0935922254158], [1.33184902144736, 52.0980730779363], [1.3432958339737, 52.1017221980396], [1.33315284213741, 52.1006423129536], [1.34889393046478, 52.1027425189392], [1.35322031730542, 52.1090910157206], [1.35320524905091, 52.1107390055868], [1.35232753389538, 52.1112926695089], [1.35408505481066, 52.111594683926], [1.35456471266303, 52.1120379365135], [1.35227703386859, 52.1124769563145], [1.34694608522871, 52.1028046763002], [1.33092774708144, 52.1010081563756], [1.32512021925917, 52.0903963482159], [1.32109663352485, 52.0905775787724], [1.32462289704974, 52.0898407415941], [1.3172611290565, 52.0889795002181], [1.31359948977667, 52.0777698762796], [1.29530862945028, 52.0779624234196], [1.29473565286854, 52.0756638978564], [1.3174375347608, 52.0761408596177], [1.32438298193375, 52.0676882849286], [1.31865253281782, 52.0654146973217], [1.32612920446703, 52.0622929078071], [1.32626503356234, 52.0626221989122], [1.32510166459324, 52.0636779655051], [1.32411294484943, 52.065645390757], [1.32422767350427, 52.0667559693785], [1.33400406892182, 52.0581394244201], [1.33155030246371, 52.0564987291992], [1.33371008295986, 52.0484068067081], [1.34139239508811, 52.0447521747285], [1.33953947031056, 52.0456314638352], [1.34127883335059, 52.0443320357519], [1.34047190905858, 52.0446590551148], [1.34038763424534, 52.0442700240729], [1.34203892407076, 52.0418357753549], [1.34121184802998, 52.0407236004202], [1.34195628275383, 52.0404188106788], [1.34225610881243, 52.0400514317499], [1.34191526178449, 52.0390216038883], [1.34258318141667, 52.0396288530925], [1.34193885148099, 52.0388446697735], [1.34454640249546, 52.0381258232489], [1.34109566899183, 52.0381916426267], [1.34004154253055, 52.0450410771959], [1.33721051496359, 52.0449466825475], [1.33414251718388, 52.0344734368982], [1.33785563224379, 52.0315956492799], [1.3376049655436, 52.0346792897447], [1.339569376679, 52.0385442442136], [1.34284993443618, 52.03693792329], [1.33864388884711, 52.0363850987434], [1.33770457622169, 52.0336677193456], [1.34315556854447, 52.027203783103], [1.33737310300395, 52.0243973126965], [1.35631952420727, 52.0221677357999], [1.35936732726714, 52.0180815340347], [1.35932376162426, 52.0147112359571], [1.35435192969518, 52.0136218305622], [1.36074426553821, 52.0062653097951], [1.38189994840364, 51.997469260185], [1.37801424965036, 51.9963452345809], [1.38295219115155, 51.9965885751575], [1.38797873186034, 51.9896938659167], [1.38267754779958, 51.9937135750256], [1.38374978859545, 51.9895372533638], [1.39148056980487, 51.9893803757579], [1.38816607776504, 51.9785498710951], [1.36971593040358, 51.9643421765006], [1.34450301519891, 51.9569246238774], [1.31915421842101, 51.9323693787979], [1.3193280517808, 51.943154598732], [1.31256327546912, 51.9506185210896], [1.31567989953582, 51.9514105159249], [1.28260092341116, 51.9660994506073], [1.28090468003205, 51.9809613813842], [1.28737347029604, 51.9812558843838], [1.28378975322452, 51.9849926830899], [1.28114240393967, 51.9815965593999], [1.28027544414154, 51.9930838521086], [1.26426346108338, 51.9957895242887], [1.25845574961293, 52.0029976209064], [1.25691309302389, 51.9965100516902], [1.18793374370666, 52.0152039505455], [1.16971934232796, 52.0303730778377], [1.15972062065612, 52.0321870986343], [1.15800733264472, 52.0368097467348], [1.16372534469979, 52.0450428058199], [1.16051323532571, 52.0489538402069], [1.15804287348434, 52.0508558292041], [1.15509879726728, 52.0519803140884], [1.1417685241032, 52.0518524512982], [1.14010235075706, 52.0542303777846], [1.13529896959535, 52.0559179285283], [1.13454613487356, 52.0591982702061], [1.1348254228926, 52.055895460583], [1.14149572122644, 52.0516861468915], [1.15890831420692, 52.0495900777741], [1.15727996006733, 52.0391825749202], [1.14906512966868, 52.0340297173411], [1.18226868554786, 52.0085441449948], [1.20343458613142, 52.0048065885324], [1.21183339638692, 51.9964542599935], [1.22688058926709, 51.9967631815755], [1.2419939300595, 51.9901960298548], [1.26725679239323, 51.9878175713353], [1.27109493836866, 51.9793969384989], [1.26751971118391, 51.9763982089337], [1.27818030069215, 51.9586588224834], [1.26939307417093, 51.9543060252864], [1.24295031514996, 51.9613945741374], [1.24172495281573, 51.9594388544835], [1.24092410545198, 51.9612120627861], [1.23742087131899, 51.9611070280915], [1.23328191635485, 51.9595128436649], [1.23067242341966, 51.9578657466905], [1.23194174459512, 51.9580458429683], [1.23279653131444, 51.9570177219038], [1.22764193546561, 51.957832010876], [1.21977076773377, 51.952866480862], [1.18702210304538, 51.9556997550173], [1.17789157904576, 51.9647807119165], [1.16312887605299, 51.9672768126519], [1.16351719735851, 51.9705926633414], [1.13224903579212, 51.9575957080827], [1.13037204073448, 51.9535220498592], [1.10034301863302, 51.9539562098923], [1.10083880426341, 51.9554843071498], [1.09527431805982, 51.9560586566818], [1.09433354801934, 51.9575107476177], [1.08572827733235, 51.9590093694265], [1.06937850627806, 51.9553299068876], [1.07317161059483, 51.9547267886157], [1.0658877932666, 51.9490158900375], [1.0591764236073, 51.9559340368472], [1.06035947860034, 51.9522666744226], [1.05326726084142, 51.9524811493451], [1.06186240217185, 51.9459536848542], [1.11947589223361, 51.9400540992031], [1.13791052544286, 51.9407259431621], [1.1503435116628, 51.9458891223879], [1.17068712294108, 51.9479959740889], [1.16589888057708, 51.9474206587175], [1.18790605952579, 51.9406861506024], [1.22733027234651, 51.9394574789771], [1.24564862102454, 51.9484048631647], [1.26064339639389, 51.9477523534384], [1.27651976192245, 51.9391682264807], [1.28022418112614, 51.9402299713982], [1.27736723531011, 51.9446433845639], [1.29171384703231, 51.9492841830093], [1.29016297122102, 51.9379514691514], [1.29560519196169, 51.9358659555248], [1.28531370673125, 51.9368563077008], [1.26123774100632, 51.9169961373781], [1.25903557942891, 51.916334273215], [1.25813756486001, 51.916906662262], [1.25871810238738, 51.9168492049461], [1.2605818473238, 51.9177392779776], [1.25971988933274, 51.9197932264019], [1.26289698948958, 51.9200659055082], [1.26267145158241, 51.9203374095537], [1.26147559073211, 51.9207960140261], [1.25849467058522, 51.9199072255461], [1.25909154387493, 51.9193923942949], [1.25819550951894, 51.9197733997982], [1.25587870089363, 51.9186331916224], [1.25854946891827, 51.9169708052916], [1.2561513896244, 51.9171095292836], [1.25525447895214, 51.9184292046493], [1.25635068500399, 51.9190446654338], [1.25480610112399, 51.9184038360429], [1.25616613716672, 51.9170188200087], [1.25676836845832, 51.917039923305], [1.25739652813573, 51.9169370809852], [1.2559229641727, 51.9168744443861], [1.25488689357904, 51.9180200761029], [1.25418746053586, 51.9179955144121], [1.25451959171026, 51.9183038301368], [1.2533909489282, 51.9177621052852], [1.25583121118866, 51.9167924360977], [1.2531164445762, 51.9177173498517], [1.25440144267765, 51.9165711648653], [1.25060880736711, 51.916801064276], [1.24965339243146, 51.9161393883594], [1.24963544247782, 51.9120671913896], [1.25535227735004, 51.9082888156249], [1.24993635714685, 51.9121056479723], [1.24985698549819, 51.9130801428979], [1.25332547546195, 51.9101833715373], [1.25798501876594, 51.9121519021678], [1.25233426914863, 51.9010205962564], [1.24615079569253, 51.8957061114708], [1.24299223518618, 51.899763599645], [1.2495408429334, 51.8999281835926], [1.25201925106467, 51.9021739449092], [1.24352438069102, 51.9002076367819], [1.24333477121647, 51.9015305526162], [1.23435964808189, 51.9038176255721], [1.22601042207041, 51.903789933557], [1.21209174129859, 51.8964537288727], [1.22771782235374, 51.8946577449104], [1.22829890044513, 51.8905376428563], [1.21244096082245, 51.8903639925082], [1.21220282978971, 51.886354508139], [1.19901557668311, 51.8847775931692], [1.20254771401384, 51.8781643840104], [1.20984184065484, 51.8785174323401], [1.19708960946546, 51.8773645835909], [1.19972586213442, 51.8757315279681], [1.19238903115366, 51.8717565405887], [1.18712401217955, 51.8728321167074], [1.17819061617363, 51.8714477969257], [1.20046028536264, 51.8712206493706], [1.19970472864364, 51.8669041350745], [1.21207678248252, 51.8694736925126], [1.21158591934142, 51.8663543612463], [1.22609813012229, 51.8722197714629], [1.23013700861375, 51.8680595656827], [1.22520979823791, 51.8649667720344], [1.23229315034973, 51.8629571330265], [1.22803831415494, 51.8584968173536], [1.23243812432739, 51.8550725789885], [1.23389255280093, 51.8561736744642], [1.23356234958716, 51.8578119802543], [1.23508268345052, 51.8584083795384], [1.23547128937108, 51.8587835375771], [1.23565807485962, 51.8614056613407], [1.24911268728335, 51.8623342102017], [1.25012195787478, 51.8561442559631], [1.2525233572485, 51.8636996757132], [1.26993184007437, 51.8636250039017], [1.26484645645001, 51.8556326684371], [1.26897143278261, 51.8518234967966], [1.26973288940343, 51.85605384933], [1.27500851554555, 51.8549415682534], [1.27020873497484, 51.856930797645], [1.27355625332307, 51.8620771671266], [1.26778677553658, 51.8771134465864], [1.27158518861801, 51.8756505272915], [1.27727531685637, 51.8761450386208], [1.27915356340085, 51.8757166887617], [1.28309518569007, 51.8753476271686], [1.28606513625981, 51.8757422520792], [1.27351545831255, 51.8807749472904], [1.27120315929941, 51.880773647209], [1.27352467143538, 51.8800821115921], [1.27064649050463, 51.8797925415862], [1.2712509350478, 51.8781306258294], [1.26990057377809, 51.8773056181873], [1.27013157793807, 51.8806667411827], [1.26775793894889, 51.8809916013361], [1.27259046136474, 51.8814851826114], [1.26775732266963, 51.8810331730901], [1.26770582918158, 51.8809644471497], [1.2695844277613, 51.8781751867236], [1.26898544573293, 51.878051529276], [1.26651144909052, 51.8812722397279], [1.27164748510684, 51.8820484000245], [1.26347497542815, 51.8827450487184], [1.26307124534086, 51.8850552499454], [1.26354566010156, 51.8861861826705], [1.29063843315786, 51.8741544995096], [1.28720813875865, 51.8592885819615], [1.23664219249295, 51.8192844075418], [1.13251708647558, 51.7753364922563], [1.1160430149251, 51.7714839131102], [1.08218802060616, 51.7725764908137], [1.06471227970944, 51.7699767756683], [1.04266541102369, 51.7699195762469], [1.0423178334148, 51.7705280393263], [1.05427684973906, 51.7699753745709], [1.06052365010401, 51.7706746391467], [1.05903188000136, 51.7709420897985], [1.06285624698972, 51.7711026896701], [1.0655434583752, 51.7729542286051], [1.06741042174847, 51.7726068902736], [1.07199992870407, 51.7726848494056], [1.07322795850626, 51.7719947108023], [1.0780761056281, 51.7722820684511], [1.07326998650733, 51.7720670048021], [1.07201595979532, 51.7727500885002], [1.06547823306403, 51.7730827496084], [1.0638981112945, 51.7720581469221], [1.05828722213726, 51.7710890487505], [1.05787451246092, 51.7705385505166], [1.05650537293682, 51.7727470051505], [1.05418194180523, 51.7701370397094], [1.04843967038905, 51.7703302470378], [1.0439016390914, 51.7713140370102], [1.04750923541317, 51.7707645191208], [1.04789558471297, 51.7707967707868], [1.04822287472709, 51.7712002152807], [1.04365231577134, 51.7714437160354], [1.03934326201932, 51.7749849167027], [1.0441733318966, 51.7761890431313], [1.04234902704045, 51.7737709868238], [1.04300401846314, 51.7739815793853], [1.04380719524679, 51.772753755994], [1.04689778455968, 51.7715223981472], [1.04327735743909, 51.774251521531], [1.04777397237616, 51.7769069826601], [1.04782707312524, 51.7832635721418], [1.04289878304806, 51.7764891802889], [1.0366070096412, 51.7787673478238], [1.03567259435996, 51.7839612922255], [1.04143470687262, 51.7797910504091], [1.03879849448557, 51.7836070911018], [1.04733367414398, 51.7834733383081], [1.03901623108577, 51.7844298169033], [1.04307728026641, 51.7874322004428], [1.04117216308106, 51.7885864333823], [1.04442782834879, 51.786705579593], [1.04756281340813, 51.7834521067209], [1.04813939174998, 51.7837015821979], [1.04763949249717, 51.7835139767992], [1.04632315552545, 51.7852192113401], [1.04443646215176, 51.7867476282502], [1.04149110744892, 51.7886708198007], [1.03849288925362, 51.7879739743597], [1.03024119306445, 51.7958753884449], [1.01779028487762, 51.8011200539844], [1.02914455283599, 51.7994116061474], [1.02755899204559, 51.7999956984188], [1.0409777201182, 51.802877845785], [1.04615813201883, 51.8012650976338], [1.04861413370937, 51.8026827596705], [1.05118699944539, 51.7989347246598], [1.06547359236169, 51.7962280723886], [1.06467987227653, 51.7984594379206], [1.05619278275041, 51.7983289026477], [1.04986986517529, 51.80284536085], [1.04443883032179, 51.8030697790355], [1.06228430828577, 51.8101658395273], [1.06778296125308, 51.8210830946411], [1.05946921656892, 51.8242512728699], [1.06399634699401, 51.8181385876632], [1.04845222166616, 51.8234291248742], [1.04614991833024, 51.8228305163289], [1.04483308109378, 51.8194394063724], [1.0487631592413, 51.822939879682], [1.06447466165844, 51.816932603059], [1.060103254688, 51.8115330717327], [1.05763467848918, 51.8122349808528], [1.05902795913901, 51.811275042237], [1.05772212768475, 51.8115104886729], [1.05827361806433, 51.8109780745172], [1.05464395169282, 51.8104752277158], [1.05363186075675, 51.8101210689269], [1.05385795894508, 51.8095809464265], [1.05254063618826, 51.8107852895758], [1.05058104936138, 51.8107318203396], [1.0493472912084, 51.8084271605975], [1.04782743064248, 51.8101790471749], [1.04672245329234, 51.8109847773764], [1.03115615895529, 51.8049711963442], [1.01052667341206, 51.8056596884418], [0.993409162758012, 51.816649677424], [0.983889248686073, 51.8278745928838], [0.984082585069526, 51.835055893627], [0.991841751502605, 51.8371806391859], [1.01050001488208, 51.8316641892807], [1.01399677913818, 51.834082923143], [1.01963342764532, 51.833808691777], [1.02095489865661, 51.834774883602], [1.01308534658965, 51.8344454544586], [1.01057704721819, 51.8323835367004], [0.985187351575367, 51.8389715306761], [0.979842823258617, 51.8476408951074], [0.96154791186793, 51.8539703159284], [0.950371397614305, 51.8555474426723], [0.952081300736397, 51.8600627227329], [0.951450464584515, 51.8629620062339], [0.94938949997414, 51.864232397516], [0.950348662196587, 51.8640608329675], [0.950667741561856, 51.8641861603319], [0.949841521793542, 51.8653256880675], [0.926015691246909, 51.8859099684233], [0.914835827478896, 51.8912664543524], [0.94679514505406, 51.8661518088932], [0.948900757667818, 51.85633443138], [0.955370680544179, 51.8526688384283], [0.946255347025026, 51.8489924764191], [0.945289916208927, 51.8467446261675], [0.937836413645363, 51.8478404102021], [0.935998161232946, 51.8472855413833], [0.933143287508081, 51.8456785448196], [0.930849998759055, 51.8450125407533], [0.927648693888632, 51.8456688119369], [0.916962008572823, 51.8454766573349], [0.915613951010029, 51.8460725727135], [0.912958836903748, 51.8453104469393], [0.930343020420057, 51.8449199498159], [0.931163490803454, 51.8450325162807], [0.933303214782104, 51.845659264851], [0.937885317371156, 51.8477663375064], [0.939877610646451, 51.8461839713124], [0.94617438486355, 51.8467532228204], [0.952937480254737, 51.8489570311153], [0.951230514873345, 51.850522565863], [0.955103780390549, 51.8507904215817], [0.955703008697111, 51.8541049074449], [0.974830164846139, 51.8469967967989], [0.977515777351151, 51.8356969444399], [0.974291872716619, 51.8297655473652], [0.968297037412039, 51.8317390021432], [0.966444124972138, 51.8294113712916], [0.974116677309928, 51.8292327696618], [0.968463999859403, 51.8257201532286], [0.97497625129717, 51.8270370787827], [0.977246256338819, 51.8239989900162], [0.976108005502344, 51.8242753324727], [0.975568716272797, 51.8242519316052], [0.974753000563365, 51.8238353823244], [0.974111187230812, 51.8240334833405], [0.97337812838612, 51.8236860653878], [0.982241921164418, 51.8173889196078], [0.965770545780142, 51.8226326119905], [0.963712232412895, 51.8308295617793], [0.96400473359217, 51.8310660126271], [0.964361527820404, 51.8304427269449], [0.964736373051115, 51.8304035926848], [0.965127775423561, 51.8309477480884], [0.965135273631528, 51.8306642489236], [0.965464932892299, 51.8304014029317], [0.966057288198933, 51.8304692011434], [0.96813222569856, 51.8318816712627], [0.961930823722796, 51.8331449006675], [0.952357176394814, 51.8331750239969], [0.94992996264154, 51.830557478774], [0.952777820629208, 51.8284607153219], [0.949428908019312, 51.8288836891855], [0.953564179938866, 51.8277986102849], [0.948996946861692, 51.8274492015634], [0.95075901352411, 51.8248001525495], [0.94913666738848, 51.8254871752962], [0.943447905287331, 51.8221780818516], [0.966589274425346, 51.8194224143119], [0.991183789980207, 51.8072530369927], [0.96959412402749, 51.812765272364], [0.927784309076816, 51.8075603263527], [0.921918663590247, 51.8103589596212], [0.919091034740341, 51.810948797258], [0.917017103980278, 51.8101998282886], [0.916172047359005, 51.8114484653301], [0.914960347398653, 51.8099405649232], [0.915122629569129, 51.8092628969448], [0.918807147055019, 51.810328072651], [0.925351657788155, 51.8082568594572], [0.913913346536917, 51.8092074415557], [0.921562931970931, 51.8038538678667], [0.924237628161681, 51.8061545507887], [0.937001496603936, 51.8059345831043], [0.928841299047533, 51.8045163468665], [0.930598626521951, 51.8018717631142], [0.92136005190652, 51.8038163156902], [0.922619886934209, 51.8016560060807], [0.921559221322421, 51.8004996764386], [0.921730646312263, 51.801557597417], [0.918002809464271, 51.8040219976686], [0.921593217771268, 51.8014962575648], [0.917837880778091, 51.7992010355613], [0.921697228822408, 51.7955285366817], [0.924351691989109, 51.7940781659827], [0.921815362973497, 51.7955295570004], [0.920545303636542, 51.7966845587133], [0.9213813605137, 51.7967404071257], [0.92224855059325, 51.7953379181363], [0.923876408446271, 51.794584628251], [0.933527521431348, 51.8034796596779], [0.94430665532295, 51.806927845043], [0.938348820350931, 51.8015478332174], [0.94088941741298, 51.8001426558727], [0.945322587325153, 51.8067796213386], [0.964770383536354, 51.8088154794495], [0.996862620520884, 51.8027508061243], [1.00398357625596, 51.7967025180082], [0.981327403108909, 51.7851852180395], [0.925729228829319, 51.7731672724002], [0.902361802698661, 51.7737041606734], [0.898402454599237, 51.7784384382231], [0.903870934720253, 51.7879953701502], [0.920970542235324, 51.7924282231789], [0.921511308310059, 51.7953742358952], [0.910473030929906, 51.8035761628261], [0.90414434279188, 51.8042070519423], [0.90814213546737, 51.7985718243237], [0.89378299277497, 51.7904399841706], [0.892311417016773, 51.7791257277245], [0.878116774552827, 51.7866653968462], [0.870555307928538, 51.7866541875081], [0.868160747196119, 51.788611526655], [0.866548294584614, 51.7882947128516], [0.867611490696908, 51.7893030668275], [0.866690254569372, 51.7899952783761], [0.867959606610437, 51.7902475600879], [0.867125233544078, 51.7908345315749], [0.867706986941129, 51.7909516473513], [0.868969456108775, 51.7916250524259], [0.868026690123607, 51.7924467172996], [0.866461939780975, 51.7927924826697], [0.865530147344744, 51.788842085975], [0.868874531411405, 51.7865372095712], [0.864989031339463, 51.7869180045885], [0.872288252636093, 51.7832295225434], [0.848686397308784, 51.7872674825876], [0.839091808683744, 51.7843272796142], [0.847623454313149, 51.7837045846687], [0.841690366688952, 51.7823004679868], [0.837443330248929, 51.7842648068428], [0.840324880488788, 51.7852375789234], [0.840400895013218, 51.7865623276238], [0.839881978216023, 51.7872583973027], [0.833311113880264, 51.7898378552322], [0.829891035086637, 51.7889983962532], [0.839698764529631, 51.7871282772586], [0.834819105622354, 51.7842022256706], [0.844660556912635, 51.7800053356684], [0.857825808837401, 51.7839930524692], [0.859343820571077, 51.782293525281], [0.863573375144513, 51.7822152690549], [0.871417717371368, 51.7798917684105], [0.877254121747701, 51.779348239872], [0.886630591369031, 51.7708931749829], [0.89059021542472, 51.7697344595448], [0.889532911394463, 51.7685580694968], [0.889714063658916, 51.7697821829263], [0.888619605416913, 51.7701454668423], [0.887396263397291, 51.7697411045122], [0.888285354459346, 51.7690204510089], [0.887217818927686, 51.7689198738361], [0.887634315227732, 51.7691767578214], [0.887275494091097, 51.7700274055146], [0.88786273427334, 51.7702791935742], [0.886850256885207, 51.7708066972499], [0.884998528863461, 51.7696659278483], [0.89073398987029, 51.7673520407306], [0.883651059168027, 51.763814383297], [0.870513949553878, 51.7682903476272], [0.860723772150185, 51.7687162769131], [0.857480990995975, 51.7750439306823], [0.85126326748616, 51.7741359410561], [0.848271694694171, 51.7727209125933], [0.849217751445876, 51.7718831353636], [0.848838611612264, 51.7711116630995], [0.848203299111842, 51.7726937901956], [0.844805790394752, 51.7737473368006], [0.836829948117257, 51.7739080519373], [0.831307591823321, 51.7699916027014], [0.83270108358358, 51.7691581081551], [0.844929585391361, 51.7682154733814], [0.8427304509003, 51.7651868719464], [0.847629461544596, 51.7628643926053], [0.850332290868418, 51.7656193255862], [0.853088772826374, 51.7645783908175], [0.84972400373046, 51.7642930979421], [0.847933867846131, 51.7627958563931], [0.852076815963987, 51.7631036842281], [0.850571405517656, 51.7623991237181], [0.851195698765659, 51.7609674443297], [0.850705793777613, 51.7618868113122], [0.848839809124827, 51.7619455607572], [0.84839950437559, 51.7604222453656], [0.849517230276572, 51.7600727132882], [0.853226239675816, 51.7606690219581], [0.854703766712301, 51.7603120511632], [0.853111578900069, 51.7589431870478], [0.853081583611254, 51.7597083933254], [0.851608935822274, 51.7603035624843], [0.849090348695021, 51.7595494604943], [0.850450181985127, 51.7570258997477], [0.861581646941853, 51.7630974254167], [0.878551731371999, 51.7566558939244], [0.882686570218311, 51.7576171435194], [0.867311785435102, 51.7531615885393], [0.870434482803819, 51.7513099387781], [0.856195207312813, 51.7437864393721], [0.850214028059567, 51.7473889513879], [0.847456217691314, 51.747488474975], [0.846734513718182, 51.7454730829374], [0.846938032382577, 51.744763032165], [0.853052799854743, 51.7421089929659], [0.841570340387666, 51.7407945805581], [0.841447104984642, 51.7387414754972], [0.822776554632085, 51.7408112971117], [0.811116451368576, 51.7388434327774], [0.792292155155722, 51.7451913935211], [0.789965969855796, 51.7423082174105], [0.78907500953443, 51.7379585819893], [0.783836397095344, 51.738117015468], [0.787821797122666, 51.7371815877876], [0.789389646952223, 51.7375895619054], [0.792567680699671, 51.740452323812], [0.796736598853129, 51.7400482603799], [0.78863232079183, 51.7366533027938], [0.778564620028879, 51.7393129963471], [0.776743356259106, 51.7439832722289], [0.771874192023711, 51.7418570150238], [0.770767623986371, 51.7396589680765], [0.771927218967329, 51.739315037114], [0.772397403344201, 51.739897541077], [0.772894608312627, 51.7393101923167], [0.772995543276399, 51.7397998080615], [0.774745003455531, 51.7388941830471], [0.767458543762011, 51.7388925061152], [0.760438963920265, 51.7424841649443], [0.763177066492511, 51.7387117591772], [0.755176424312864, 51.735303887804], [0.746091180460744, 51.7367532186719], [0.744999185327617, 51.7364450737204], [0.745001347323711, 51.733446566562], [0.750008831541818, 51.7345975835282], [0.749068227307406, 51.7324646844919], [0.747388695076957, 51.7322575226914], [0.747573433217648, 51.7319366245239], [0.74918067443589, 51.7322632597035], [0.750229845788964, 51.7332990323581], [0.752071253634693, 51.7327527935839], [0.745943605905952, 51.7310546196787], [0.739406485994654, 51.7310679190416], [0.744392832066808, 51.7314353468293], [0.737955182661439, 51.7333069835581], [0.735769370281909, 51.7294837302326], [0.713725924380509, 51.7376063883886], [0.711128835957366, 51.7368335338294], [0.711697319275444, 51.7351903138486], [0.714570100108277, 51.7340879023643], [0.70792128980731, 51.7247840631393], [0.70552884971014, 51.7238137328375], [0.703500153797323, 51.727451509613], [0.701921083801338, 51.7286803945799], [0.701936602012929, 51.7275810149586], [0.69359406379893, 51.7303068207074], [0.692299616763535, 51.7297761920243], [0.692956647195096, 51.7310832831583], [0.691227274885732, 51.734505769183], [0.690855377574276, 51.7301973565307], [0.686457341668688, 51.7330478047086], [0.691204438401167, 51.7345723954371], [0.690568005221616, 51.7355821969145], [0.677149192121848, 51.7346381184267], [0.664155472101422, 51.7393588190072], [0.66507989287536, 51.7411837782931], [0.663891276025228, 51.7436713815322], [0.662349088932031, 51.7434077567349], [0.662064648100202, 51.7428251219433], [0.664541290007591, 51.7384808404474], [0.668195937043129, 51.7372498577512], [0.66584688576573, 51.7375284790538], [0.691786269399878, 51.7267436184761], [0.697304167248069, 51.7267449366221], [0.699356394477197, 51.7260918062414], [0.697068622716875, 51.7264859322446], [0.69913061623063, 51.7250247735398], [0.697385654873965, 51.7253897042445], [0.696779168607778, 51.7236433989404], [0.698095939754477, 51.7232866924031], [0.697275541615357, 51.7231274600699], [0.697410802307366, 51.7227969863253], [0.711207719500056, 51.7134863748288], [0.717816689531095, 51.7162398809769], [0.747005618510649, 51.7114693832192], [0.743058246032454, 51.7096819313387], [0.746933780905149, 51.7091614104203], [0.746102219648173, 51.7091988352371], [0.74590027820475, 51.7083024609411], [0.745169929745712, 51.7089112403401], [0.743819636567228, 51.7084850474532], [0.74461304767043, 51.7081490771939], [0.744031604716702, 51.708041237604], [0.744414044042546, 51.7076158327242], [0.743578008202706, 51.7070759321344], [0.743759841336277, 51.7065168396142], [0.744482794559751, 51.7076277125662], [0.744146972192817, 51.70798720359], [0.746158345005686, 51.7082594746003], [0.74803053783207, 51.7102735016596], [0.750783371005944, 51.7096190702912], [0.747794136964746, 51.7088823419815], [0.750839686524839, 51.7066840181576], [0.749043632648059, 51.7073088729654], [0.750075256303813, 51.7065130130745], [0.746996310936052, 51.706226218052], [0.746033709141438, 51.7048637252004], [0.752958817726822, 51.7073493529953], [0.754667200326733, 51.7099984772815], [0.769185517779274, 51.7083592420955], [0.749837700929676, 51.7003290429221], [0.754238394335417, 51.6953594671933], [0.746941509100834, 51.6946147828323], [0.748282996689752, 51.6909571758989], [0.738267965365578, 51.693739023298], [0.742066464472572, 51.6914352514029], [0.737642131353584, 51.6893386128801], [0.737834658420487, 51.6872043975415], [0.7569367262413, 51.6907263953137], [0.753987323397413, 51.6916742988226], [0.75939877974861, 51.6935228734006], [0.759208568406212, 51.6998501413934], [0.766925367233038, 51.7027206456948], [0.7730710541538, 51.7013837927902], [0.771658280159133, 51.6956008255331], [0.776416596379896, 51.6908559808499], [0.773441904899233, 51.6889339040961], [0.776890942408914, 51.6888116992593], [0.773382061362499, 51.6875757244976], [0.777773831413134, 51.6850937029613], [0.777616385266525, 51.6897849906744], [0.775908549507167, 51.6915530311769], [0.77978257077557, 51.692786259658], [0.773993335169161, 51.6935059492752], [0.775438332084299, 51.7015850454512], [0.771581982679827, 51.7040612953427], [0.797560512337364, 51.707945021237], [0.790809214665959, 51.7103010136061], [0.793142522418122, 51.7178813675381], [0.819711532255216, 51.7210805836293], [0.832708894501143, 51.7144289637117], [0.839472576805629, 51.715820857636], [0.848179068187121, 51.7157078102669], [0.850386883722643, 51.7164482241532], [0.85221387260807, 51.7133086111373], [0.852321174263163, 51.7170463963833], [0.884648854211181, 51.7314626331168], [0.89459668331371, 51.7432052441897], [0.930333594889696, 51.7466017730868], [0.949005271225067, 51.7295291919989], [0.943288723176985, 51.7247096773342], [0.949100943252515, 51.7231709223341], [0.942039304460072, 51.7155380619755], [0.943763047392921, 51.7054973141894], [0.939631062928488, 51.7029939276766], [0.944470258237429, 51.691365122781], [0.942370924618263, 51.6916740800796], [0.942078623845178, 51.6915154173823], [0.939135030310459, 51.691620180259], [0.938773019537884, 51.6915642755208], [0.938513403988253, 51.691776736191], [0.938641914000707, 51.6910270301522], [0.944718203372032, 51.6911886837663], [0.94129594512759, 51.6891084277945], [0.947074708616439, 51.6871625185233], [0.940841852649793, 51.6886071732685], [0.938111449962766, 51.6883272119948], [0.946825806459369, 51.6852788706853], [0.932143917792513, 51.6858912947288], [0.94869274720341, 51.6832611375469], [0.933538167955958, 51.6814600341257], [0.946068953362745, 51.6797722344227], [0.94533463231347, 51.6781565430736], [0.931536966157242, 51.679204908627], [0.938051672891109, 51.6780301635806], [0.934209812691239, 51.6766687258323], [0.933629390063301, 51.6758136888148], [0.939017742262673, 51.6781848264618], [0.938361146740572, 51.6762086257816], [0.946473382290585, 51.67740823879], [0.932787291931109, 51.6750902028132], [0.945213448945247, 51.67643247102], [0.946371450357319, 51.6756092040364], [0.941808042762216, 51.6739055888896], [0.934624180531238, 51.6743187831853], [0.933904581772575, 51.6733651337453], [0.944305778473024, 51.6739293552643], [0.942794828554252, 51.6728454423982], [0.937630575149989, 51.6724136237853], [0.935685988290396, 51.6715922410263], [0.942812754462896, 51.6726266521409], [0.93742238331366, 51.6702619929978], [0.942208714277347, 51.6690063340924], [0.934876431670307, 51.6691412877091], [0.942099085969588, 51.6688036735929], [0.941574231533924, 51.6667969532029], [0.932673022061746, 51.6665778823096], [0.942226927512766, 51.6640763123422], [0.937145350206204, 51.6630319606964], [0.941829849334324, 51.6627052697647], [0.937451305625201, 51.6594664160483], [0.934451544890771, 51.6328371724073], [0.918813410311595, 51.6290509606375], [0.922062902929493, 51.6288484872456], [0.924852744562455, 51.6292126934593], [0.904209455495732, 51.6225336990181], [0.833358486478624, 51.6225683454261], [0.803055385586136, 51.6293739067382], [0.803016266724766, 51.6258943913673], [0.791510397474238, 51.6264389762286], [0.761821680006386, 51.6443060255506], [0.717010894383389, 51.6430885931777], [0.708538738571805, 51.6367442197505], [0.675673021933048, 51.6364805505464], [0.67468625757004, 51.6391283141181], [0.670431693030853, 51.6379574551226], [0.669535818387963, 51.6410850621125], [0.666271337496353, 51.6409757816323], [0.6633080113555, 51.6369798160189], [0.659917925442991, 51.6430676969416], [0.664660077095537, 51.6405394898859], [0.666768757057978, 51.6425520034457], [0.656902586141688, 51.645810616881], [0.662223742705674, 51.6454139776782], [0.660461244081714, 51.6481474587954], [0.656190894369088, 51.6488427506046], [0.654597983997547, 51.6478332042989], [0.656441965193699, 51.6457454953911], [0.650994827155516, 51.6470809297261], [0.653081664269637, 51.6488756399776], [0.649054097179417, 51.6466480848541], [0.650486982094998, 51.6457361903926], [0.652672427792924, 51.6456319721324], [0.65349668463776, 51.6449685181983], [0.656977419550327, 51.6443717758471], [0.656969946958548, 51.6440463833511], [0.657885358044856, 51.6435094407248], [0.65845870954815, 51.6434757742438], [0.657813045269008, 51.637847205979], [0.628460796560527, 51.6415666964474], [0.630359375297405, 51.6373826390593], [0.646735281170112, 51.6366711263367], [0.642581326416594, 51.6326187502227], [0.627171170817197, 51.6335141216957], [0.607804810783191, 51.6297468532016], [0.603215213737625, 51.6379165667989], [0.59795505139672, 51.6382908661757], [0.59559216490498, 51.6369719092496], [0.594658676690469, 51.6376076844546], [0.596528894138191, 51.6389477183535], [0.597458266295245, 51.6408184559518], [0.600258056789751, 51.6430165348531], [0.601369686704008, 51.6459219897001], [0.598443862778359, 51.6419522865693], [0.599999203745953, 51.6455743415174], [0.599169784791496, 51.6469956815735], [0.59605935298136, 51.6491032117096], [0.595604656937713, 51.6491285769112], [0.599787404366264, 51.6454868883019], [0.594400293076723, 51.6374362246685], [0.59577054193072, 51.6367548241902], [0.602717737235834, 51.6378862216101], [0.606542738609507, 51.6297340313311], [0.597479891874507, 51.6323741601546], [0.587995081319087, 51.6312417887726], [0.58604319781403, 51.6235698948712], [0.575342989924699, 51.6253276866751], [0.566104574046914, 51.6224959051925], [0.564500966208268, 51.6211904270211], [0.562405052576313, 51.6178931662394], [0.560832788810145, 51.6171744585358], [0.551501124193203, 51.6177545864416], [0.556848575349278, 51.6167074102168], [0.560568812117695, 51.6170147396607], [0.562576936383615, 51.6178378959383], [0.562834431899266, 51.6182499143676], [0.563605622317713, 51.6125142938198], [0.564508672074553, 51.6119240338084], [0.566474646701428, 51.6225156212833], [0.586573884852585, 51.6226051925161], [0.58812107839123, 51.6303437633672], [0.595794175531584, 51.631350221272], [0.607944395897404, 51.628583525629], [0.637673466428792, 51.631647221037], [0.647753432526774, 51.6298826083977], [0.644758735681228, 51.6291793811527], [0.644167865393198, 51.6264752615473], [0.647089637030362, 51.6260190793343], [0.643026821756633, 51.6263097404071], [0.643436108941671, 51.6253222212509], [0.643948105733895, 51.6248114660514], [0.64776011661267, 51.6250619873865], [0.648141065961323, 51.6264914414936], [0.648178893101022, 51.6234580971461], [0.648869460323823, 51.6232730799221], [0.65169297365354, 51.623511869983], [0.651869018465452, 51.625736643077], [0.650610195017806, 51.6285167910447], [0.657841976931804, 51.6285675962139], [0.658692013049961, 51.6298934859845], [0.658118545846677, 51.6327185371221], [0.656494537301912, 51.6340845262234], [0.655214890236897, 51.6341064275525], [0.656741343813335, 51.6351984414282], [0.721990085389422, 51.6357153540256], [0.737088945697387, 51.6303013383783], [0.76395689651454, 51.6368241766359], [0.784388750256748, 51.624284046674], [0.777053683696476, 51.6181250559636], [0.785013369590417, 51.6235829959306], [0.80784174099279, 51.6224348465661], [0.821600810329606, 51.6162056509063], [0.818505935032814, 51.619479877196], [0.821661334543391, 51.6168062484897], [0.826982014811391, 51.6188712768936], [0.821829729098089, 51.6164211271998], [0.825757512773517, 51.6153457380446], [0.846887398354801, 51.6167875396562], [0.841600536715564, 51.6151083774078], [0.862765033814508, 51.6094385848184], [0.864852128706693, 51.614818135748], [0.85987150454062, 51.6155922251263], [0.865440433018972, 51.6154309233552], [0.863895926381938, 51.6087918244765], [0.842994222936863, 51.6134736261049], [0.84837542473657, 51.6082548602422], [0.857805162739725, 51.6075770353778], [0.861016238412475, 51.6015158634683], [0.854019525527156, 51.5958315287175], [0.82042699550007, 51.5989143525815], [0.819602393546003, 51.6037621151094], [0.797207962529268, 51.6158798725762], [0.786331243011198, 51.6133137425976], [0.782273706580093, 51.6179261827249], [0.785091888613965, 51.6132918976764], [0.775786297349665, 51.6106730788842], [0.777143065555639, 51.6091884588609], [0.798425639600087, 51.6136792699034], [0.819073898512894, 51.5975959790183], [0.796392842575854, 51.58639168466], [0.764340398436962, 51.5832296003571], [0.754269524592687, 51.5881877701916], [0.750976890256559, 51.5864051571718], [0.760352588897929, 51.5814843243216], [0.745831145576979, 51.5822150532557], [0.729169161942787, 51.5785792568031], [0.724069104596122, 51.580072100015], [0.721853819793245, 51.5798336641121], [0.725931991155203, 51.5774462078372], [0.717169769681808, 51.5748428128241], [0.714261601127873, 51.5736105239673], [0.713539458234722, 51.5726480998051], [0.74687705473584, 51.5775102512199], [0.747829398218024, 51.5794422942856], [0.747253115899814, 51.5775706922122], [0.749982926008873, 51.5771676214031], [0.759768962737015, 51.5789051386351], [0.760967008741617, 51.5763324768647], [0.764860791334681, 51.5805542476657], [0.805898864585426, 51.5860753265664], [0.806691767518601, 51.5796560982512], [0.797332914860277, 51.5777921308122], [0.793421858511461, 51.5763923360833], [0.798122199361495, 51.5686480661124], [0.801158065620658, 51.5688733129667], [0.796671560410234, 51.5672571227575], [0.786904072961899, 51.5676051636449], [0.785777540320313, 51.5666204107652], [0.794894194485022, 51.5655492665813], [0.804827021680285, 51.5691606945193], [0.801287941092348, 51.5720648583561], [0.808297784021569, 51.5671312766285], [0.809984140630219, 51.5698274853498], [0.795641582574904, 51.574600932183], [0.808114767740843, 51.5787145579627], [0.814416429117184, 51.5763915147056], [0.821023376872913, 51.5643958632943], [0.817754448018668, 51.5619156463209], [0.841243624254516, 51.5599802185528], [0.850523431930869, 51.5565739403585], [0.848766459438691, 51.5515578840028], [0.78209563454212, 51.5213360129995], [0.750809784123848, 51.5295286543939], [0.644034700784147, 51.5411034150287], [0.608442213696125, 51.5349392314089], [0.547338097911819, 51.5476819442577], [0.545114084142356, 51.5476929762456], [0.542807960642541, 51.5451100757286], [0.544180129546203, 51.5457970357661], [0.541030895814566, 51.5344047531185], [0.542025184840903, 51.5343696133513], [0.538568448431241, 51.5339474481696], [0.535392569273663, 51.5312051557146], [0.509223558167362, 51.5307822805814], [0.506551001574265, 51.544813353831], [0.496538263553608, 51.5486302258953], [0.503161452717775, 51.5530540490145], [0.49608894199456, 51.5490729071603], [0.499923656647304, 51.5452933438135], [0.493002988463468, 51.5486317943005], [0.504768085534152, 51.558640917764], [0.502712920926832, 51.5591246073124], [0.494581690038514, 51.5529061789848], [0.491100401653364, 51.5558557084063], [0.489156174444628, 51.5550448274562], [0.494193008516348, 51.5525780867009], [0.491869837215935, 51.548893371319], [0.494449026594176, 51.5457224186045], [0.505927988054061, 51.5421989213236], [0.507192921037904, 51.5375042862743], [0.505965862625242, 51.5386915822161], [0.503465348965473, 51.5390275465861], [0.503809394123003, 51.5396996739733], [0.496271227087332, 51.5385671071656], [0.506888337543721, 51.5373516974591], [0.503709555014573, 51.5368885943904], [0.500853146494987, 51.5333673528439], [0.501544300635516, 51.5311132031392], [0.503893723368521, 51.5361291980186], [0.507381139500467, 51.5367067543532], [0.505151795619547, 51.5328457427483], [0.50659777787659, 51.5311078637238], [0.513391199329062, 51.5289846304504], [0.508554975418798, 51.5298195996617], [0.510782931035454, 51.5274871905336], [0.513636859966972, 51.5288977944983], [0.517506907579273, 51.527283907251], [0.518462882996437, 51.5260285587175], [0.515110691633013, 51.5277414589473], [0.511860724506408, 51.5268649605856], [0.515748921136145, 51.5270997469301], [0.517874791055305, 51.5256178510103], [0.51768456555359, 51.5251959962742], [0.515126595072687, 51.5262637301909], [0.514704528965825, 51.5261472271344], [0.521688493998144, 51.5162372622152], [0.541250286443781, 51.5125778391134], [0.468592631629952, 51.5011728090506], [0.465184913610012, 51.5055260080176], [0.460543145650768, 51.5071062325271], [0.456023200519974, 51.5068743761649], [0.458658840466709, 51.5066302975871], [0.452291869622457, 51.5063596606526], [0.453384799804322, 51.5037297220533], [0.449832676641015, 51.5016108501864], [0.451957817936934, 51.5053944736161], [0.441112051455814, 51.5031758353445], [0.440998446091818, 51.5018594842969], [0.444345395704292, 51.5016645472686], [0.445993794653749, 51.5002128285657], [0.444075933763106, 51.501475966585], [0.43985848540986, 51.5018291640685], [0.435476564928119, 51.5001799099133], [0.43638313442319, 51.5015550579182], [0.42336977005769, 51.5145332788621], [0.433570559806302, 51.5013652527701], [0.43526298869971, 51.5001358300825], [0.443569519092328, 51.5011520331293], [0.445584041894854, 51.4981169119118], [0.438336998343292, 51.4912798178487], [0.434336284683257, 51.462010852868], [0.403601070732537, 51.4537196105523], [0.352741096499101, 51.4512737059004], [0.334738801048624, 51.456681611023], [0.333814969898858, 51.4640701185071], [0.322943764567318, 51.473253045731], [0.29778055114939, 51.4722023831215], [0.281446487010772, 51.4613930966862], [0.247118198774128, 51.4727884710803], [0.228556215091392, 51.4863984242012], [0.210693317337075, 51.4901847583346], [0.214156929096117, 51.4960396098803], [0.229965349544136, 51.4993659187165], [0.226597286350539, 51.5065632427159], [0.241919319161816, 51.5079601268953], [0.23717600954358, 51.5193344334906], [0.244905836375926, 51.5187594749428], [0.241038342371993, 51.5226060795193], [0.248964774122808, 51.5286740288278], [0.253834318187163, 51.5178858715831], [0.263682923643184, 51.5178697921034], [0.265347272043956, 51.5321502650611], [0.334024218329939, 51.5405038037667], [0.327816067967104, 51.5509945685188], [0.315294829915934, 51.5578352939707], [0.313035079940716, 51.565818131885], [0.290289733913774, 51.5642993923202], [0.272096329396185, 51.5876581381907], [0.269866485133475, 51.5995544498121], [0.254008700235285, 51.6015982007674], [0.26456196557058, 51.6083206608749], [0.252794278466979, 51.6174287410397], [0.224087730411796, 51.6317377614501], [0.16890129781848, 51.6214201695658], [0.135810576180092, 51.6235471347968], [0.119307301579151, 51.615368502629], [0.0922848679306965, 51.613574263713], [0.0925447098042611, 51.6061928498338], [0.0871420167244084, 51.6044152917096], [0.0626225817304307, 51.6070398166884], [0.0479561835430442, 51.6133026345828], [0.0536727737913095, 51.6182790977801], [0.0407878432974229, 51.6157288187761], [0.021819035344359, 51.6288327861104], [0.0257386646061706, 51.6345654061381], [0.0227195416969588, 51.6411154928849], [-0.0122596870547121, 51.6462286962719], [-0.0110655316635855, 51.6808696794505], [-0.0620889586137036, 51.6829766795278], [-0.105779139838692, 51.6918756442007], [-0.149431383149735, 51.685509368477], [-0.163493271974568, 51.6881150787478], [-0.172473163038003, 51.6730913561081], [-0.191066699360921, 51.6638967044063], [-0.203352928676407, 51.6701264980577], [-0.211133866333014, 51.6669549334005], [-0.207863695984533, 51.6628611798433], [-0.212135030723747, 51.6613535274521], [-0.250582589477333, 51.6560573513569], [-0.257367655918304, 51.6418224715421], [-0.263272164999239, 51.6448334987089], [-0.273713530385737, 51.6386739646255], [-0.296127205630224, 51.6354469644455], [-0.316672244970353, 51.6405355666504], [-0.338283831127965, 51.629472634266], [-0.39946517299048, 51.6134074673006], [-0.440575301279442, 51.6200732383835], [-0.457130755473738, 51.6122938890699], [-0.497127638653444, 51.6316791106854], [-0.500148673577685, 51.6220718781112], [-0.495321906681722, 51.6189375451024], [-0.499214909481778, 51.6088811068051], [-0.496676942360353, 51.6014207036741], [-0.517654614067603, 51.600256260935], [-0.530059300191249, 51.6171511222548], [-0.534130552322406, 51.6371508886176], [-0.539260817248429, 51.6380393903589], [-0.530927778365943, 51.6491334736625], [-0.53666606380537, 51.6523694487526], [-0.536891506831177, 51.66062447194], [-0.532626076017035, 51.6630071874963], [-0.522777811384923, 51.6583975681654], [-0.520994790005152, 51.6680453777499], [-0.514718484178302, 51.6654528694685], [-0.505107856324304, 51.6730768926407], [-0.51089720710158, 51.6798172165229], [-0.54868869522748, 51.6826545439468], [-0.543217420102413, 51.6951358591527], [-0.547668033138723, 51.7031814135517], [-0.563147920499785, 51.7116821478126], [-0.561099393103364, 51.7180792827226], [-0.550413609644404, 51.7230428893424], [-0.553596792664468, 51.7284108004342], [-0.550082820807204, 51.7305750644057], [-0.560646328420069, 51.7340760120264], [-0.559245255678629, 51.7373319199875], [-0.56558297032842, 51.7365461530771], [-0.563699987436117, 51.7396173404019], [-0.57616979186541, 51.7378222528058], [-0.586379726976092, 51.7521159494782], [-0.612935985356938, 51.7474272551457], [-0.617285805193947, 51.7526497276271], [-0.643458235998486, 51.7540172713007], [-0.668800917383832, 51.7657796671239], [-0.675999393571865, 51.7712571809756], [-0.681499831599607, 51.7880591379004], [-0.690190999010661, 51.7923392099107], [-0.682650033195759, 51.7972095374457], [-0.701147559853478, 51.8148625876796], [-0.709295276544129, 51.8205395951875], [-0.723653476773253, 51.8177730662274], [-0.744799367137581, 51.8376172287573], [-0.745744076996121, 51.8421086060003], [-0.736384766888104, 51.8424005385258], [-0.731199020266646, 51.8490410653061], [-0.722599398342159, 51.8500324030414], [-0.720344220047422, 51.8561540640458], [-0.696426502919578, 51.858157339537], [-0.686770330064733, 51.8492206300472], [-0.695449593789591, 51.8411106759714], [-0.687994469053972, 51.8399308839168], [-0.667245098413583, 51.8158052615608], [-0.647770441650684, 51.8136057937896], [-0.632939595714382, 51.8199461865563], [-0.611869248475584, 51.8120447773256], [-0.594832272868406, 51.8140229721821], [-0.591654826308663, 51.8081357901602], [-0.581825667306615, 51.806905442703], [-0.575170363479958, 51.8188173250575], [-0.558348333792725, 51.824787857353], [-0.560656237503438, 51.8300826295858], [-0.543730170171154, 51.8245761848853], [-0.537619262375032, 51.8314728021354], [-0.564052933383221, 51.8470960943747], [-0.566819518134803, 51.8508083631033], [-0.563679820599427, 51.8512393916757], [-0.571440896814221, 51.8550356209162], [-0.569247930029894, 51.858070581969], [-0.583563578497735, 51.8703238397593], [-0.60897043800943, 51.8755635854569], [-0.6200891563295, 51.8854855168653], [-0.628424226034585, 51.882120440531], [-0.651985919199778, 51.8868522838139], [-0.673236140138405, 51.9018177455718], [-0.694459258379398, 51.9007285433299], [-0.702156753865155, 51.9091191125534], [-0.691463466785638, 51.9270548909697], [-0.680283831694643, 51.9354944159954], [-0.682288535826066, 51.9427627094442], [-0.670544362220193, 51.9435831562501], [-0.672076196587977, 51.9559102664276], [-0.662123638245832, 51.9555476978022], [-0.652236156246827, 51.9703371449222], [-0.645680806107934, 51.9722283103994], [-0.656172710242462, 51.9820259495144], [-0.661689665376442, 51.9997363844313], [-0.643460193916601, 52.0109005916404], [-0.650960161931678, 52.0185469830642], [-0.640329250663556, 52.0236607940192], [-0.643057382129525, 52.0372567439817], [-0.66897597717708, 52.0487168398621], [-0.64158395416267, 52.0677213437664], [-0.631357876763902, 52.0809749226478], [-0.605787514338293, 52.0921221267135], [-0.603959162445068, 52.0991243417084], [-0.596751287866456, 52.1016849132557], [-0.601872296954805, 52.1050274969877], [-0.591810331121503, 52.110691887186], [-0.607249381411581, 52.1338687508704], [-0.619360028966447, 52.1330205776833], [-0.635451654776416, 52.1392536199736], [-0.640765866741152, 52.1528176271751], [-0.630687617590423, 52.1550241210245], [-0.634929311912925, 52.1680667407081], [-0.628254510983892, 52.1725363408657], [-0.627446652788111, 52.1815454674071], [-0.667944917009025, 52.1940725941586], [-0.66146038898971, 52.2081261888908], [-0.63733162156624, 52.2273176308065], [-0.653655470981071, 52.2682893062583], [-0.602893317060384, 52.278751342294], [-0.586335338989988, 52.2728313332385], [-0.565693055132987, 52.2534682255308], [-0.554738089361645, 52.258179816902], [-0.541311924118424, 52.2563172697909], [-0.539324957851375, 52.2660949032487], [-0.531190184929433, 52.2704024294568], [-0.541969414284238, 52.289942445996], [-0.514051195755829, 52.3146970752555], [-0.519829880170178, 52.3176925671775], [-0.487140256860804, 52.3210826545514], [-0.476261345982474, 52.3180638519816], [-0.465365756545097, 52.3229532803249], [-0.466656737619639, 52.3389275754879], [-0.483264192761938, 52.3409032965452], [-0.477338735545641, 52.3484094142989], [-0.498699838187518, 52.3600958379159], [-0.499486806912858, 52.3669929177166], [-0.488518815845791, 52.3740235410232], [-0.495946267815481, 52.3795155293678], [-0.439254920466606, 52.3863135250793], [-0.432934869499542, 52.3962773071092], [-0.415936175780047, 52.4038048871222], [-0.420279139683104, 52.4050659105276], [-0.417072832141305, 52.4115991100394], [-0.362408041008102, 52.4335312771171], [-0.371866772917785, 52.4368429669913], [-0.363481864661057, 52.4506103668086], [-0.341590492473876, 52.4669426264393], [-0.359404306001708, 52.4898300882408], [-0.35934356589595, 52.4971080968872], [-0.352147715665635, 52.5033528184876], [-0.354345203263394, 52.506495071408], [-0.377926602923271, 52.5106578542283], [-0.390749004399196, 52.5194399057537], [-0.413602640818525, 52.5256796127912], [-0.401283297186851, 52.5386846816118], [-0.402060473161994, 52.5483216257755], [-0.415338798339301, 52.5515533440422], [-0.419593787330186, 52.5589619541331], [-0.407290921113568, 52.5640548539069], [-0.41569532371087, 52.5701041446215], [-0.415381402678347, 52.5787426388379], [-0.425027614243866, 52.5824127238353], [-0.478814868225147, 52.5736451461549], [-0.478834287538596, 52.5774385731288], [-0.497651443767072, 52.5868509757882], [-0.481024270619405, 52.6027868885095], [-0.479636967183359, 52.6144498261008], [-0.470961263649924, 52.6179533103126], [-0.473503473924115, 52.6282344990877], [-0.488823841117811, 52.6328308990305], [-0.494688679013636, 52.6402652600307], [-0.484320104749261, 52.6461290838499], [-0.475244651771167, 52.6450578144044], [-0.475831476553136, 52.648714748191], [-0.453115493227297, 52.6492722499548], [-0.452832300952799, 52.6542749147338], [-0.432074276475512, 52.6482974841255], [-0.405694618313302, 52.6480559470603], [-0.350076984266874, 52.6616700383308], [-0.33624390442085, 52.6686388554294], [-0.335037147761973, 52.674865972717], [-0.289502402513413, 52.6703446824793], [-0.26024423307657, 52.6514437569221], [-0.206037616936727, 52.6680733115502], [-0.192867813968712, 52.6524385101436], [-0.180020104975691, 52.6605611576378], [-0.14106199482318, 52.6515074238731], [-0.102195958212229, 52.6722061944761], [-0.0878370168241101, 52.6667802654775], [-0.0637851804858538, 52.6752243722347], [-0.0321028836949381, 52.6653607078577], [-0.0312706832650579, 52.6615327430761], [0.0215003524278174, 52.6648872875554], [0.0489981020639991, 52.6819966201385], [0.0441494759872833, 52.7143823487219], [0.0631863107427686, 52.7271303198205], [0.0890116953988098, 52.7236301650923], [0.0987889898991489, 52.7303403150946], [0.113685341276425, 52.7299901116879], [0.132975309366633, 52.7393044762982], [0.170180985553627, 52.7398941469324], [0.166982688791474, 52.724309798085], [0.155763668634149, 52.7077126452719], [0.152044595154133, 52.6762480782441], [0.159172495744596, 52.66681492272], [0.150979971899245, 52.6629464773932], [0.123469406907301, 52.6385607134279], [0.104677459737108, 52.6322169418722], [0.0931421567653345, 52.6268906285372], [0.0654588826071701, 52.6116128432141], [0.0614412620300285, 52.6067043466612], [-0.124392124460117, 52.5766799692473], [0.0619726990703581, 52.6056287602187], [0.0960923909783398, 52.6279633300699], [0.122822642716946, 52.6379848496147], [0.130419372979445, 52.6420636812958], [0.158211442025972, 52.6649576910866], [0.159491195100545, 52.6666481226596], [0.159501228577319, 52.6674527223504], [0.15288501150106, 52.6762197461601], [0.156888520350735, 52.7079475469251], [0.170221160510296, 52.7245428019673], [0.172107673666903, 52.737943815139], [0.186323197484379, 52.7353486304287], [0.233163265720472, 52.7602653219246], [0.272228339358099, 52.7728129916084], [0.245037550842594, 52.7844699906207], [0.260960642472351, 52.7960760413384], [0.253117286064436, 52.7974055299988], [0.267445573607382, 52.8132179018251], [0.272150016815565, 52.8124873834775], [0.273117913585501, 52.8110741402784], [0.275044492426133, 52.8105884207601], [0.273085362069375, 52.8111362758491], [0.269783870026053, 52.8159736925337], [0.271221694908842, 52.814217288177], [0.27412134320242, 52.8123170135756], [0.27058559365596, 52.8163034054514], [0.276626205743992, 52.8167487063883], [0.275838336671587, 52.8154848310955], [0.276631197317292, 52.81420080072], [0.278831269841793, 52.8133290550135], [0.28069607666383, 52.8117592522895], [0.281986060139126, 52.8112583248169], [0.276975770250574, 52.8168746096703], [0.280625746541609, 52.8138500944589], [0.284986307986803, 52.8118790084079], [0.278395877626788, 52.8161148319658], [0.292196288964782, 52.8182217257834], [0.290376778901075, 52.8131268242081], [0.293404365712671, 52.8183317756446], [0.299489903310136, 52.8146570880281], [0.299444687967017, 52.8183484724781], [0.306857312889521, 52.8147648849722], [0.305404889431921, 52.8185904479834], [0.313968210712047, 52.8186006562029], [0.31415119034116, 52.8160783464465], [0.317795102407614, 52.814742470626], [0.314428338419884, 52.8186997709162], [0.327992776184416, 52.8184620082938], [0.344753983451366, 52.8141269197133], [0.334354789357874, 52.8102022461153], [0.347358195047427, 52.8121516401297], [0.342060383443357, 52.8111964977723], [0.338389478712942, 52.8100551257932], [0.349040134056401, 52.8097307293353], [0.341012483670869, 52.8054442896603], [0.349710157664213, 52.8087357216656], [0.348542300588648, 52.8113358687129], [0.352091102081896, 52.8093603164512], [0.35362635970147, 52.8064180928705], [0.346218592838897, 52.8041465326408], [0.345327245104745, 52.8032968983537], [0.35382719525255, 52.8063124675719], [0.351680364810669, 52.8023298944226], [0.355766376304829, 52.8042344088272], [0.353095320386651, 52.801317949669], [0.356340815691926, 52.8035796682491], [0.36049685623183, 52.7989674303939], [0.392194158304915, 52.7483335016621], [0.35719268189691, 52.7204198189364], [0.353270076434809, 52.7148705046679], [0.351185791449373, 52.7040677510513], [0.367480700378979, 52.6958649244973], [0.371862009994927, 52.6875966713124], [0.359839202751749, 52.6664154831657], [0.365719801501095, 52.6543055130894], [0.365078317288724, 52.6463383820246], [0.367764659834167, 52.6410104732305], [0.362283346059462, 52.621435064932], [0.364159521188983, 52.6107366308482], [0.361351536569715, 52.6079314155933], [0.360233258684167, 52.6047800048867], [0.340932538592793, 52.5906841799617], [0.340232345768652, 52.5830536926476], [0.260391633671809, 52.5117303065633], [0.140254472644694, 52.4215028111783], [0.12379592611978, 52.4152978740065], [0.115072101520231, 52.4106585823631], [0.108490388512974, 52.4057432493415], [0.100137723948218, 52.3987555154052], [0.0932197879312261, 52.3908557501467], [0.0511713989797623, 52.3583029695799], [0.0434157894906636, 52.3529680530982], [0.0375592508826753, 52.3538975460502], [0.0275957434349634, 52.3533577603453], [0.00900103802227952, 52.3414621835932], [0.00855511463900027, 52.3353343100867], [0.00968449257469846, 52.3415773389197], [0.0264878915890826, 52.3511208451512], [0.0446493280422304, 52.3523517231655], [0.0935067134512293, 52.3907789123738], [0.115444988420606, 52.4106770846971], [0.140421162621658, 52.421382449709], [0.260602131570866, 52.5115587672833], [0.342278440467863, 52.5839411163882], [0.341636136485355, 52.5905025690727], [0.360788587840444, 52.6041866192361], [0.365368933257011, 52.6111135244873], [0.363400081309662, 52.6216469383997], [0.368827431452897, 52.6404723462671], [0.366712278148906, 52.6546620043791], [0.36115721580803, 52.6666305724221], [0.373331130289353, 52.6876522463111], [0.372209552945362, 52.6930292352214], [0.355958683549141, 52.7066730049628], [0.354544031696762, 52.7140676084098], [0.396671850703196, 52.7503863317278], [0.374646612709678, 52.7843293550307], [0.378808946064123, 52.7827895974154], [0.375096373221755, 52.785273651678], [0.38103105901797, 52.7849377853829], [0.381462777970733, 52.7887595593153], [0.374089961729863, 52.7853525041344], [0.365615867297324, 52.7982504405091], [0.366654929221561, 52.7980853557778], [0.36708940186608, 52.7986580005953], [0.368187620011843, 52.798454523677], [0.369428653683582, 52.7990806340693], [0.362774256349891, 52.8016719569501], [0.370302904371419, 52.8023638678505], [0.362412857665996, 52.8019467265104], [0.367358713081132, 52.8049659593247], [0.36091823810473, 52.8037384611554], [0.358257669643545, 52.8078390046669], [0.359348896704626, 52.8091959754866], [0.361850722376373, 52.8072795028399], [0.363447296044284, 52.8067410070102], [0.368765142874097, 52.8063509494866], [0.358993829258326, 52.8093967507182], [0.367534135416099, 52.8083072223758], [0.381210291419371, 52.8133609089853], [0.357839531114794, 52.8127389480051], [0.400087752153964, 52.8352142315333], [0.402406114266831, 52.8340571521378], [0.404015647463543, 52.8336486921487], [0.402614434250858, 52.8368276625568], [0.404252036855202, 52.8350667133922], [0.406714201517386, 52.8349485845894], [0.406497925493641, 52.8342959376802], [0.409029246280035, 52.8315429758714], [0.411648261401804, 52.832555746448], [0.404392362207851, 52.836689406636], [0.433003256027465, 52.8530996748072], [0.444560012817238, 52.8534376100108], [0.443806438108387, 52.8511452787449], [0.443681169707961, 52.8475038610853], [0.445378049182098, 52.8461311330164], [0.444635017282905, 52.8452301231253], [0.444482850851778, 52.844308076682], [0.44512099584088, 52.8447249241093], [0.446461199502654, 52.8433472465739], [0.449254270787912, 52.8424608624026], [0.443773841173392, 52.8477268011627], [0.446160098475441, 52.8585542807822], [0.443394409482586, 52.8678906912764], [0.446305556051409, 52.8756069452965], [0.47160032493552, 52.9085726125777], [0.489746651185655, 52.9474816605622], [0.518714325461187, 52.9685433725299], [0.564065636402374, 52.9761136901507], [0.571563589759938, 52.973874769907], [0.561638149776694, 52.9719065687742], [0.568369814042799, 52.9709607212265], [0.563562339726856, 52.9695395960469], [0.571184130601004, 52.9684995772491], [0.572134954044842, 52.9640232819672], [0.583425176608604, 52.9663227129704], [0.574488320996535, 52.966123172243], [0.582156260738136, 52.9701717513049], [0.582701323776689, 52.9691484038984], [0.583618183577003, 52.9682586919575], [0.584820509933264, 52.9680006467157], [0.584967964570962, 52.9673965129857], [0.584995398906907, 52.9679812867375], [0.582740806320537, 52.9692086005731], [0.582252163968625, 52.9708508097291], [0.58638144312343, 52.9728996139747], [0.583773468760557, 52.97043098684], [0.587293225189147, 52.9710001171211], [0.586125590316434, 52.9696244190902], [0.586901651442394, 52.9689419504945], [0.586432372071225, 52.9687553327703], [0.586266560158775, 52.9685524880867], [0.586331222782473, 52.9684106278656], [0.587102046852872, 52.9680000958272], [0.586626949914389, 52.9664332632753], [0.586989169784313, 52.9659495285192], [0.588757755287704, 52.9659825899803], [0.589191798145782, 52.9663428360076], [0.586742668157138, 52.969205366017], [0.590836245899229, 52.9679036381833], [0.586658874689146, 52.9702490685344], [0.592218843670143, 52.9709613888115], [0.590079582611497, 52.9646779295036], [0.60341043387697, 52.9657369419838], [0.604185461760298, 52.9681211580191], [0.604335612404123, 52.9709120090193], [0.595083774625515, 52.9679756022021], [0.59397677587098, 52.9702083567377], [0.596311455234627, 52.9711001734302], [0.596520789804037, 52.9717723292191], [0.597728809071543, 52.9715318330939], [0.598268047394133, 52.9719324128794], [0.597148776973371, 52.9733330860944], [0.599351128079467, 52.9722213758167], [0.601839004541719, 52.972418616087], [0.597201202323915, 52.9734174532329], [0.59374932979735, 52.9705317235131], [0.587927232268307, 52.9770705046544], [0.617747119151516, 52.9727300139472], [0.619037770508717, 52.9689643255836], [0.612657381060728, 52.9701098948598], [0.613925703581596, 52.9660093886188], [0.613885155915065, 52.9690187940854], [0.615286379176902, 52.9672094556421], [0.624249883711564, 52.9672558240117], [0.620520433096411, 52.9672467355631], [0.62571745113277, 52.9681317006173], [0.626010301428404, 52.9707117720332], [0.626238652624348, 52.9673915079422], [0.626452030456751, 52.970268600262], [0.628232390335737, 52.9704382053783], [0.628809674486885, 52.9716383492124], [0.620783431627306, 52.9702510614937], [0.622662947474104, 52.9737639045069], [0.662729373177719, 52.9786721293474], [0.675264308643451, 52.9739629263536], [0.665889713765093, 52.9735175472947], [0.667561918900922, 52.9699695120544], [0.656997948255925, 52.9733114601596], [0.652251544044778, 52.9733591333481], [0.652571995560965, 52.9721937699362], [0.651985954295383, 52.9727192471141], [0.649461819851349, 52.9730053532741], [0.64922123753298, 52.9737291694654], [0.647955319729108, 52.9736638670564], [0.649184930807158, 52.9737022750923], [0.649479140792338, 52.9729400186437], [0.65264432579673, 52.9721219642655], [0.658542824138786, 52.9721491891116], [0.636113154323266, 52.9678036074659], [0.643356839974543, 52.9662251843791], [0.660228535136478, 52.9700587190102], [0.654929782767596, 52.9672731149366], [0.681449749789775, 52.967324302615], [0.683731944797, 52.9700877521759], [0.684717255782904, 52.9674963068718], [0.700069965460583, 52.9735275653419], [0.688650261349225, 52.9713794859054], [0.693255643806485, 52.9736536436251], [0.680644320299888, 52.9693401948731], [0.680041208341459, 52.9694792763071], [0.678493707633279, 52.9710968408498], [0.692518397082098, 52.9759062102353], [0.693306467931135, 52.9789850338905], [0.700504576896068, 52.9775585597539], [0.697416030064593, 52.9752833582841], [0.701570603214686, 52.9773636678142], [0.702512773811207, 52.9738477402865], [0.711415762474655, 52.9722393449521], [0.718106545909006, 52.9716934351496], [0.723519432100533, 52.9717415960153], [0.730656877040837, 52.9729232759551], [0.733678632188758, 52.9743251857719], [0.735104952834461, 52.9738130827327], [0.734776892023785, 52.974633525298], [0.738359319275064, 52.9738766129099], [0.742802130637407, 52.974966325436], [0.752226933314782, 52.9728136566197], [0.751149706083377, 52.9710457319742], [0.748073312750865, 52.971098664383], [0.748768103664227, 52.9700480390495], [0.747671810844721, 52.969937252398], [0.747020111462798, 52.9686279468366], [0.747496097792695, 52.9685427556546], [0.746257084970581, 52.9663204693882], [0.747029074125903, 52.9664951462854], [0.746178199807085, 52.9661708641547], [0.747151888517934, 52.9680987654574], [0.74636966593518, 52.9684351727022], [0.747295390582623, 52.9696197185463], [0.746668087096179, 52.970165840621], [0.747265590343525, 52.9697440505517], [0.747603156911704, 52.970165264005], [0.746186838375623, 52.9707534547898], [0.747620410324409, 52.9702104861651], [0.746995729526143, 52.9714008108572], [0.749694456723963, 52.9710906561031], [0.750321005830019, 52.9716827712965], [0.750537193979065, 52.9725798671287], [0.741466310624363, 52.9714109823608], [0.744406284676915, 52.9692369621716], [0.73976616324514, 52.9708376017281], [0.736754268002951, 52.9705873820561], [0.74108195012701, 52.9692816850907], [0.737682307391823, 52.968389175769], [0.734880269679633, 52.9725805715179], [0.739731967925293, 52.9712378682292], [0.739131421755537, 52.9728342807153], [0.731746143493666, 52.9727095831538], [0.735497147535142, 52.9683443655258], [0.730838771314824, 52.9646257292437], [0.729956900134765, 52.9631278778463], [0.731729558729143, 52.961142473777], [0.732540943554818, 52.964674992831], [0.734319648260589, 52.9624765795782], [0.757834038669975, 52.9693808429255], [0.759784817804717, 52.9724117879938], [0.754620245705468, 52.9710657724358], [0.75790514805745, 52.9729476366612], [0.753634533817098, 52.9750881821595], [0.757914181976068, 52.9730427447026], [0.763086729833596, 52.9741926462555], [0.757734650346242, 52.9732902412606], [0.756745031390037, 52.9756510044986], [0.760538432167634, 52.9742305615772], [0.759807482186021, 52.9758909615842], [0.76245262564165, 52.9748636430679], [0.761904302518706, 52.9756957618578], [0.762708389080625, 52.9752395077476], [0.762108790862465, 52.9756623236647], [0.763497168084971, 52.9755966829545], [0.764476660287398, 52.9765937111325], [0.75058726427889, 52.976743751475], [0.774404277546032, 52.9794444533725], [0.812507990778506, 52.973274915401], [0.81244938943142, 52.9737390846728], [0.815132833483106, 52.9741124523918], [0.816878531716465, 52.9752541430135], [0.807476080089254, 52.9758150430276], [0.845365088686037, 52.9776552563992], [0.850607203230812, 52.970550168751], [0.853121751012541, 52.9725388414194], [0.851104303849771, 52.9576956771686], [0.869617836613959, 52.9547881498596], [0.881845311295199, 52.9567514635416], [0.876048491154624, 52.9573966673359], [0.878988179772407, 52.9591633523595], [0.883008737263642, 52.9589573139426], [0.882205311713027, 52.9586009209354], [0.882863956550544, 52.957174733012], [0.885277909114573, 52.9572324937999], [0.882264801468119, 52.9585862730544], [0.885164656379794, 52.9596964080118], [0.885864048240799, 52.9572172677671], [0.886292304570254, 52.9574028164999], [0.887120616967187, 52.9570639889096], [0.888493186456011, 52.957117440949], [0.887800459522759, 52.9593535993588], [0.889790996225746, 52.9571575108857], [0.891415964453427, 52.9577968193483], [0.893498012228884, 52.9568860806859], [0.894168212926078, 52.9570059023952], [0.894113074684467, 52.959984586428], [0.894047438644952, 52.9601234115168], [0.893317746898308, 52.9605854159872], [0.895360473652343, 52.9609637853241], [0.896251775803095, 52.9567476667186], [0.898509661481473, 52.9568119304645], [0.898159223772478, 52.9608150609729], [0.90384000986848, 52.9614924193435], [0.899692712460088, 52.9576216156361], [0.900511240349599, 52.9570669366006], [0.903770896136381, 52.9574693976583], [0.905442767433955, 52.962436749984], [0.907538246651526, 52.9587062656027], [0.903632296229654, 52.9570565195955], [0.909320847485536, 52.9568772387801], [0.91063711682205, 52.9633215392069], [0.918535250660404, 52.9624254562843], [0.915928441701412, 52.9614652608992], [0.917457925082482, 52.9603929740724], [0.917358117394516, 52.9601536143324], [0.917163446944281, 52.9603522748669], [0.916721040218937, 52.9605542298589], [0.915377634993051, 52.9606564474695], [0.917150649255304, 52.9602840781764], [0.914677998313442, 52.9597737517554], [0.913845030984344, 52.9588817723198], [0.912967967414273, 52.9589756713696], [0.913150500757097, 52.9583924329506], [0.912326475111162, 52.9585242344114], [0.91171310187591, 52.9583005164428], [0.911965224318374, 52.9572811427631], [0.920113963157266, 52.9580572587335], [0.916246978481988, 52.9615744851826], [0.919054459734033, 52.9619131617595], [0.923858383681031, 52.9575458434877], [0.92406129263836, 52.9591973017235], [0.927241169965495, 52.9597764201959], [0.92564801271165, 52.9573790340573], [0.928459921128607, 52.9585977631934], [0.927613596612142, 52.9570254911376], [0.933069621425991, 52.9573522289881], [0.932995798329869, 52.9580883805605], [0.933976679439785, 52.9577178623599], [0.934617951946789, 52.9578923429011], [0.935286743709738, 52.9589772536448], [0.936387050892777, 52.9576725163132], [0.941020950239647, 52.9586688375902], [0.93636390824253, 52.9577391563341], [0.938398804587636, 52.9628766294302], [0.940015236872707, 52.9601647467923], [0.942391759124936, 52.9589376835286], [0.939770534605218, 52.9629685275649], [0.945032691377292, 52.9635412604915], [0.94436008760716, 52.9595297232451], [0.945721537994893, 52.9603209587211], [0.945979584020658, 52.9589667924766], [0.949584270953849, 52.9587980796296], [0.954089722515613, 52.9597819636481], [0.954755229631478, 52.9585280234181], [0.958106195033247, 52.9571191069025], [0.969816186086636, 52.9586568604011], [0.968985544926372, 52.9621170419529], [0.974756840862481, 52.9625976516024], [0.977850463893895, 52.9592848578244], [0.982685843403314, 52.9612822886289], [0.981419923932122, 52.9591005449204], [0.981568181848723, 52.958452498079], [0.982671393882752, 52.9576955812007], [0.998178793541487, 52.955752403059], [1.00879693743176, 52.9556538991256], [1.00802901452424, 52.958361011027], [1.01006410310902, 52.958778524492], [1.00928791634168, 52.9578627630043], [1.00970191961979, 52.9562807904511], [1.01257799813288, 52.9569597721372], [1.01060170679714, 52.9550193271341], [1.0176139136944, 52.9563967111349], [1.01785375716972, 52.9650562961735], [1.0248282066663, 52.9644117969928], [1.0305275258189, 52.9666083958355], [1.03776350116665, 52.9643601511791], [1.04270467621667, 52.96399056922], [1.04445945161289, 52.9631040334831], [1.04316869190926, 52.9627317917278], [1.04376175550483, 52.9595289006822], [1.04585214916257, 52.9594054555942], [1.04459818702321, 52.9591337263901], [1.04480562399257, 52.9582986397784], [1.04370391257413, 52.9576116676087], [1.04329043923649, 52.9560606519782], [1.04236646172606, 52.9563281120051], [1.04340296286796, 52.9554280906169], [1.04025787327826, 52.9539787519956], [1.04058295656969, 52.9525657508509], [1.04723708254809, 52.9590935027158], [1.04335586819234, 52.9620232163406], [1.0462257705175, 52.9620887011383], [1.04582566873694, 52.9651914063159], [1.03166051155525, 52.968499273844], [1.02474720650401, 52.9670283416637], [1.02134732896332, 52.9686772396004], [1.02694648620723, 52.9678354854217], [1.02734480400723, 52.9694624710589], [1.01373297142462, 52.9728912026065], [1.00653981118845, 52.9708012892009], [1.01014750435189, 52.9734008473022], [1.00685571148234, 52.9743043513919], [1.00114407977483, 52.970793930928], [1.00083349460541, 52.9738191735532], [1.00080451397183, 52.9708847180922], [0.996561544955453, 52.9704138193011], [0.997171853192807, 52.976041632671], [0.982520889134696, 52.9705083079157], [0.981397706498967, 52.9729368998261], [0.983544550448538, 52.9736719945517], [0.984914120919656, 52.9749616491093], [0.984676480706693, 52.9756060124317], [0.985820512076799, 52.9762407909248], [0.986035643376183, 52.9759626277623], [0.986452508119338, 52.976158687441], [0.986386715628391, 52.9759428434154], [0.987067417958329, 52.9762383930908], [0.987096733708282, 52.9766739281772], [0.968495158051225, 52.9717214399922], [0.970634253420211, 52.9769361727155], [0.96559828348671, 52.9708614791911], [0.957474001184984, 52.9699840970354], [0.961339160106605, 52.9767722296162], [0.97392117739863, 52.9803205596824], [0.995195806118894, 52.9777321434116]]], [[[0.697390735684132, 52.9873647827395], [0.746149397589007, 52.9806353267109], [0.75100375951988, 52.9781731438014], [0.725869536327235, 52.9819339606483], [0.730497956063717, 52.9797866922685], [0.722549053221039, 52.9801666234662], [0.720122452346646, 52.9786063037809], [0.719608437743051, 52.9789615679966], [0.720151406724211, 52.9791622544691], [0.720186621627265, 52.9798178745595], [0.720532452507013, 52.9798131565456], [0.720003229729181, 52.9808831444584], [0.720813042533503, 52.9810147754923], [0.722381687228753, 52.9823925513015], [0.721725241249031, 52.9824910790026], [0.717876792630561, 52.9806629303881], [0.720089818963258, 52.9792490895051], [0.717891879782322, 52.9797399926983], [0.718916652620342, 52.9787633848307], [0.718602791942553, 52.9786761479734], [0.718632571560872, 52.978484009757], [0.718120547590105, 52.9784695696065], [0.717151088928075, 52.977311972324], [0.716592290742357, 52.9773571196667], [0.718255606863674, 52.9790311863419], [0.717092220796487, 52.9787484624543], [0.717568579744749, 52.9790037370624], [0.717631114225252, 52.9792405984887], [0.716656681768696, 52.9804741178596], [0.71716268793065, 52.9812017024817], [0.71667159114662, 52.9814719030493], [0.717282265029828, 52.9814453527306], [0.718928305496478, 52.9827700129744], [0.713875955486385, 52.9807723475435], [0.716337833714612, 52.9793097321637], [0.715699032026492, 52.9788396563291], [0.710661113161302, 52.9820857325513], [0.713287627386788, 52.982582405755], [0.714359016375652, 52.9834166867266], [0.711545965775319, 52.9830115152863], [0.709389933223557, 52.981080630183], [0.711137292849876, 52.9810290889793], [0.712729640876227, 52.9800607181557], [0.712757174912018, 52.9796249613714], [0.709045997347999, 52.9803933826348], [0.711043461567866, 52.9786968800739], [0.703495826588303, 52.9837648887849], [0.706161712651293, 52.9795140328169], [0.700925367100904, 52.9791711616968], [0.698277754375703, 52.9838728986926], [0.70256845212758, 52.9849315067917], [0.695787456843385, 52.9854742593774], [0.69840450612682, 52.9833484819706], [0.697611846999556, 52.9806712984979], [0.69740189232111, 52.9837115033631], [0.690356200190578, 52.9869941677658], [0.696512564907587, 52.9808830152517], [0.687404162244785, 52.982564864603], [0.686807808761898, 52.979415226317], [0.686936979256018, 52.9818619166673], [0.686499692582932, 52.9816551875453], [0.686678242661886, 52.9821966933944], [0.686305691242593, 52.9829017240609], [0.685417788474288, 52.9832275200708], [0.682107708381526, 52.9774117880759], [0.679124189207043, 52.9829397114785], [0.68063691969262, 52.9858088026595], [0.681634026716329, 52.9844940649159], [0.681237981666392, 52.984414431507], [0.680714819377327, 52.9841080996311], [0.680850403184887, 52.9838119916975], [0.683633917072256, 52.9846488996872], [0.685885539553471, 52.9867370497867], [0.657514055243745, 52.9843810422955], [0.670826253593625, 52.987746071935], [0.697390735684132, 52.9873647827395]]]]}}, {"type": "Feature", "properties": {"Region": "London", "LabelPoint": [51.489298048118954, -0.3688942300872372]}, "geometry": {"type": "MultiPolygon", "coordinates": [[[[-0.3311857080572, 51.4395651491094], [-0.330667635536419, 51.4388943887665], [-0.331481865809256, 51.4393498785402], [-0.3311857080572, 51.4395651491094]]], [[[-0.321760309968809, 51.4458280301523], [-0.325487800654684, 51.4450356295195], [-0.328068298054922, 51.4439659730684], [-0.325787157187955, 51.4457228743326], [-0.321760309968809, 51.4458280301523]]], [[[-0.308738338665654, 51.4581642169464], [-0.308449961785582, 51.4577877662489], [-0.309919196973506, 51.4585211607642], [-0.308738338665654, 51.4581642169464]]], [[[0.199285347505183, 51.4584238511852], [0.199002217304782, 51.4581188954868], [0.198563202771134, 51.4582998003147], [0.199285347505183, 51.4584238511852]]], [[[-0.319775972807438, 51.4706804555108], [-0.320907288566913, 51.4659823178702], [-0.321219446746203, 51.4695613233583], [-0.319775972807438, 51.4706804555108]]], [[[-0.298651083818592, 51.4845152591702], [-0.298568514580154, 51.4841123403349], [-0.29903900198016, 51.4846672667938], [-0.298651083818592, 51.4845152591702]]], [[[-0.280426226075598, 51.4847965634769], [-0.280799184729689, 51.4847220171589], [-0.281799392857364, 51.4853553707036], [-0.280426226075598, 51.4847965634769]]], [[[-0.294793582150298, 51.4859828606216], [-0.297418798873058, 51.4845677347594], [-0.296409058180967, 51.4856124727125], [-0.294793582150298, 51.4859828606216]]], [[[-0.293949976718146, 51.4862044297209], [-0.2945303527175, 51.4860896130777], [-0.289887911380429, 51.4871749284775], [-0.293949976718146, 51.4862044297209]]], [[[0.200628211074068, 51.479809250564], [0.202053018022505, 51.4790166325704], [0.198687291828232, 51.4783320125226], [0.2001293579888, 51.478907956272], [0.200519936973716, 51.4797502185802], [0.20111593050303, 51.4795203150884], [0.200628211074068, 51.479809250564]]], [[[-0.244779454490665, 51.4880006360864], [-0.247566423995083, 51.4865414212684], [-0.244477991114727, 51.488273998848], [-0.244779454490665, 51.4880006360864]]], [[[-0.105779139838692, 51.6918756442007], [-0.0620889586137036, 51.6829766795278], [-0.0110655316635855, 51.6808696794505], [-0.0122596870547121, 51.6462286962719], [0.0227195416969588, 51.6411154928849], [0.0257386646061706, 51.6345654061381], [0.021819035344359, 51.6288327861104], [0.0407878432974229, 51.6157288187761], [0.0536727737913095, 51.6182790977801], [0.0479561835430442, 51.6133026345828], [0.0728118625758041, 51.6046818989335], [0.0888366104152503, 51.6048596976753], [0.0946532042398149, 51.6107907853818], [0.0922848679306965, 51.613574263713], [0.119307301579151, 51.615368502629], [0.135810576180092, 51.6235471347968], [0.16890129781848, 51.6214201695658], [0.224087730411796, 51.6317377614501], [0.26456196557058, 51.6083206608749], [0.254008700235285, 51.6015982007674], [0.269866485133475, 51.5995544498121], [0.272096329396185, 51.5876581381907], [0.290289733913774, 51.5642993923202], [0.313035079940716, 51.565818131885], [0.315294829915934, 51.5578352939707], [0.327816067967104, 51.5509945685188], [0.334024218329939, 51.5405038037667], [0.265347272043956, 51.5321502650611], [0.263682923643184, 51.5178697921034], [0.253834318187163, 51.5178858715831], [0.248964774122808, 51.5286740288278], [0.241038342371993, 51.5226060795193], [0.244905836375926, 51.5187594749428], [0.23717600954358, 51.5193344334906], [0.241919319161816, 51.5079601268953], [0.226020782132384, 51.5058799491427], [0.229965349544136, 51.4993659187165], [0.214156929096117, 51.4960396098803], [0.209640744454131, 51.4897692799263], [0.189173732149631, 51.4877123648939], [0.17853043795575, 51.505274431266], [0.165002402903745, 51.5116498456755], [0.126741719891295, 51.5195712836689], [0.108826011133137, 51.5141663655544], [0.0971846416573514, 51.5156607973108], [0.0921699617829949, 51.5267262310654], [0.0764018780725976, 51.5298159939159], [0.0704513727327909, 51.5390966976737], [0.069467397011134, 51.5389746684509], [0.0694585042799253, 51.5503839730475], [0.0679837205605864, 51.5542993362558], [0.0660105574451044, 51.556794184582], [0.0632629824628119, 51.5582529306917], [0.0609546815423608, 51.5584756072328], [0.0573959672091647, 51.5608496503172], [0.0607251637499287, 51.5584247832297], [0.0658705986449715, 51.5567212596358], [0.0675758781917081, 51.5546581406679], [0.0690581644172639, 51.538838450479], [0.0756531722123066, 51.5298221133625], [0.0732757633619136, 51.5291956468071], [0.0920884445286058, 51.5256238125854], [0.0969021049622299, 51.5153146686295], [0.0833175747007983, 51.5115234295534], [0.0696941851928343, 51.4991929314993], [0.0196761531940891, 51.4996394087525], [0.00983389598098908, 51.5091697342319], [0.00657439811531568, 51.51002813362], [0.00817601323426666, 51.5125449515821], [0.00720704768681476, 51.5143687238962], [0.00514407810440382, 51.5141765140101], [0.00256984219110307, 51.5109717526462], [0.00438881730835932, 51.5147005306613], [0.00315144902745089, 51.5158320581449], [-0.00855426176372054, 51.5200457136162], [-0.00651041723978831, 51.5256843638885], [-0.0020882815776615, 51.5270299691267], [0.000662319228078298, 51.5283108333281], [0.00110950156040534, 51.5310949939366], [-0.00797559922720952, 51.5272332163805], [-0.00916535605535765, 51.5198953123681], [0.00267281270796215, 51.5155173847204], [0.00175883497526898, 51.510912237051], [0.00280785452065839, 51.5103858277281], [0.00669456548252087, 51.5139237964977], [0.00558282068597942, 51.5100263106602], [0.0087897328377628, 51.5073679025731], [-0.00577379065589522, 51.5051354033132], [-0.00865742714048288, 51.5013488954759], [-0.00305835383201672, 51.4908758583519], [-0.00666930272684184, 51.4870836319322], [-0.0256993083395575, 51.4906952764714], [-0.0298562114227503, 51.5089082057933], [-0.0460581624606718, 51.5093559848278], [-0.0608433554019432, 51.5028092554399], [-0.0951751441562631, 51.5106166881841], [-0.111564258446105, 51.5108329196473], [-0.121128605059339, 51.5077497899266], [-0.125395133896375, 51.4916402166293], [-0.13249809444204, 51.4857302302638], [-0.175759293976535, 51.4816197791138], [-0.184170020760942, 51.4771789198989], [-0.179362623599558, 51.4776232565741], [-0.18098872191042, 51.4726000365224], [-0.1904362013183, 51.4652624879367], [-0.216783617128213, 51.469605660671], [-0.228668819635466, 51.4888268163116], [-0.234368475894577, 51.4904110907255], [-0.240493936129523, 51.4900996275033], [-0.247638033090757, 51.4873410393304], [-0.252697152941449, 51.47505827993], [-0.262135076139299, 51.4713572419645], [-0.281565624776101, 51.4862871597497], [-0.29246184737579, 51.4874637752075], [-0.306273189577842, 51.4827926420151], [-0.300090794900859, 51.482700518152], [-0.306930916350892, 51.4762095919569], [-0.322532386022837, 51.470685745068], [-0.326777994434598, 51.4616428152187], [-0.321737472892495, 51.4653642962179], [-0.30389157024571, 51.4532903867775], [-0.308854983197502, 51.4486765504932], [-0.325150179799941, 51.4465334218753], [-0.331632041948247, 51.4412637704576], [-0.331844998613703, 51.4391720399727], [-0.327222425221962, 51.4324257288725], [-0.322331871969191, 51.4298891994827], [-0.318485584241237, 51.4290935364749], [-0.326952854179445, 51.4333854086755], [-0.330078215535752, 51.4415923360531], [-0.305756440513044, 51.4485985346706], [-0.302611657860745, 51.452232323249], [-0.307992662054818, 51.4588076661776], [-0.319771227063503, 51.4646720183509], [-0.318580322470445, 51.4702060471412], [-0.30680386245554, 51.4749344008142], [-0.295262384137631, 51.4848260294886], [-0.284432694553367, 51.485901968625], [-0.270488167875147, 51.4726953980082], [-0.260328915090003, 51.4703111687342], [-0.251477035445965, 51.4736291175351], [-0.248399719241134, 51.4838340324601], [-0.233148810691863, 51.4885603057874], [-0.223712792431086, 51.4715907159599], [-0.195500450356724, 51.4628886263516], [-0.195143631222148, 51.4600180460372], [-0.193301062837148, 51.4597976878721], [-0.194793421429803, 51.4629110215165], [-0.183598728488574, 51.4654611219822], [-0.171633232175267, 51.4802637352987], [-0.126999150376349, 51.4858164526704], [-0.118228889290303, 51.505834612736], [-0.111002562487437, 51.5084922750919], [-0.0811352973936893, 51.505939951835], [-0.0708721384938888, 51.5025700468132], [-0.0734874174956601, 51.5004862890642], [-0.0341944281411642, 51.5063040313098], [-0.0294467073652078, 51.4885513238104], [-0.0163906749291002, 51.4814645397378], [-0.022679340260752, 51.4753660685135], [-0.0149878990240913, 51.481746559495], [-0.0178988635745449, 51.4831952383739], [0.00137603528881682, 51.4878146825579], [-0.00218624871107061, 51.4998417258788], [0.000821016780406676, 51.5045315545689], [0.0215723354829263, 51.4939516435443], [0.0641653271823492, 51.4944499954602], [0.0823150428814321, 51.4989412116382], [0.0919847169887287, 51.5089836917763], [0.128940175238202, 51.5132173069551], [0.1665770316036, 51.5034546306209], [0.177871976205974, 51.4830237624], [0.198585836285015, 51.478303787846], [0.217665422548806, 51.4804113150815], [0.208160312797764, 51.4708385713187], [0.21023964061532, 51.4625018547938], [0.202613449259571, 51.4583451777885], [0.199071910696301, 51.4585807405936], [0.198376731334124, 51.4583887332801], [0.197252196423701, 51.4575891537319], [0.203048888119508, 51.4579521321021], [0.203385207576653, 51.4543260509137], [0.172844869107023, 51.4432871508992], [0.164216990841068, 51.4285464649054], [0.155875040956964, 51.4308765823218], [0.153763537931545, 51.4275232348062], [0.151158883829316, 51.4204304345063], [0.154636645664461, 51.4184698757219], [0.149159930322975, 51.4124352225948], [0.153770119500224, 51.4112651350529], [0.148692037924609, 51.40813072609], [0.162384150043184, 51.3924903020233], [0.147741030714359, 51.3928010018088], [0.153236329516732, 51.3780364878942], [0.142620096764069, 51.3507349365536], [0.136958108456318, 51.3441746048812], [0.118456303441167, 51.3441477823276], [0.121684470163769, 51.3336363840804], [0.117900333226097, 51.3296471000251], [0.085029299988601, 51.3160232043694], [0.082816241205083, 51.3056336671468], [0.0911847888458517, 51.2968273660512], [0.0585102283767922, 51.2893537127693], [0.042396497430127, 51.2926730467214], [0.0426202011598456, 51.3013288984705], [0.0329094179322316, 51.3075209105802], [0.0150093784679093, 51.2917860691426], [0.0103537519124359, 51.3161463481737], [0.00659758583732605, 51.315684844092], [0.00225531192400326, 51.3291348341144], [-0.00966068479460691, 51.333928422358], [-0.0143165119704134, 51.3297720937777], [-0.0221501774469841, 51.3381308553426], [-0.0379200854497904, 51.3387247432932], [-0.0502771342165054, 51.3326378099393], [-0.0478687395913028, 51.325245055609], [-0.0513072247610965, 51.3224522765565], [-0.0789130205771895, 51.3197699387298], [-0.0912237418672903, 51.3014752290573], [-0.124301850029936, 51.2867904031611], [-0.137213219898507, 51.3007415602643], [-0.155317700345265, 51.3012743937466], [-0.154315337506222, 51.3103178955937], [-0.161879752207213, 51.3196257041028], [-0.156523624561657, 51.321485286252], [-0.164187029319929, 51.3260405183973], [-0.163076717058335, 51.3302642191945], [-0.172854635136869, 51.3300134475821], [-0.197319340394251, 51.3435951598667], [-0.216085272317037, 51.3297994479429], [-0.229822682346971, 51.3365228045655], [-0.21777747301199, 51.3456313934939], [-0.226944751876078, 51.3626256423043], [-0.245382434157475, 51.3668892943279], [-0.245027866580531, 51.3800591554688], [-0.260991332915542, 51.379595673917], [-0.284071129097295, 51.3651500235484], [-0.304065646686288, 51.3431716513728], [-0.30618917299884, 51.3350755647039], [-0.328222223353321, 51.3264681826619], [-0.330510146371957, 51.3484194351447], [-0.319768281986379, 51.3599281916644], [-0.316670830797393, 51.3731659765519], [-0.307365443633207, 51.3783835450886], [-0.317697879461912, 51.3936670793324], [-0.327586908786079, 51.3917448429442], [-0.359139332144209, 51.4119031604173], [-0.389176859552194, 51.4103199377059], [-0.386641675154269, 51.4200808186377], [-0.39131707100993, 51.4223154118767], [-0.405361519526498, 51.4224799819693], [-0.419078640341703, 51.4323594356569], [-0.439983256299083, 51.4306264500554], [-0.439752292782007, 51.4346195966386], [-0.447716870984933, 51.4350029824266], [-0.446288585067704, 51.4399964192609], [-0.456475091199213, 51.4382245454754], [-0.457461624027761, 51.4490906299151], [-0.46148169282775, 51.4489923766646], [-0.458723754309907, 51.4563417400208], [-0.510241120496709, 51.4675003477871], [-0.483266374938188, 51.5066408004726], [-0.492329767424708, 51.5170771624043], [-0.488973661709899, 51.5290887439157], [-0.49548974434616, 51.5384292051746], [-0.476595819817008, 51.5580311852176], [-0.484762571793146, 51.56687115375], [-0.484026266081064, 51.5751273259548], [-0.499542328397435, 51.5921428243313], [-0.497127638653444, 51.6316791106854], [-0.457130755473738, 51.6122938890699], [-0.440575301279442, 51.6200732383835], [-0.39946517299048, 51.6134074673006], [-0.338283831127965, 51.629472634266], [-0.316672244970353, 51.6405355666504], [-0.296127205630224, 51.6354469644455], [-0.273713530385737, 51.6386739646255], [-0.263272164999239, 51.6448334987089], [-0.257367655918304, 51.6418224715421], [-0.250582589477333, 51.6560573513569], [-0.212135030723747, 51.6613535274521], [-0.207863695984533, 51.6628611798433], [-0.211133866333014, 51.6669549334005], [-0.203352928676407, 51.6701264980577], [-0.191066699360921, 51.6638967044063], [-0.172473163038003, 51.6730913561081], [-0.163493271974568, 51.6881150787478], [-0.149431383149735, 51.685509368477], [-0.105779139838692, 51.6918756442007]]]]}}, {"type": "Feature", "properties": {"Region": "South East", "LabelPoint": [51.45178791294405, -0.99358374737903]}, "geometry": {"type": "MultiPolygon", "coordinates": [[[[-1.59070467130113, 50.6623349073176], [-1.59149157551849, 50.6622620201094], [-1.59065000132662, 50.6624014796069], [-1.59070467130113, 50.6623349073176]]], [[[-1.58948790573937, 50.6625717354871], [-1.58977660084953, 50.6626569685952], [-1.58888495331176, 50.6627730925639], [-1.58948790573937, 50.6625717354871]]], [[[-1.0949847627004, 50.7403584452909], [-1.09477784823302, 50.7397704871835], [-1.09536011438528, 50.7399998576389], [-1.0949847627004, 50.7403584452909]]], [[[-1.07248761500254, 50.7503534588417], [-1.07227899778316, 50.7499096913302], [-1.07269385720414, 50.7500762480155], [-1.07248761500254, 50.7503534588417]]], [[[-0.820834717543463, 50.7491821537121], [-0.821114371766569, 50.7464529523307], [-0.823096370065642, 50.749532266496], [-0.820834717543463, 50.7491821537121]]], [[[-0.823803779311505, 50.7508315378201], [-0.822288242243994, 50.7501399095932], [-0.824257937246966, 50.7509888622394], [-0.823803779311505, 50.7508315378201]]], [[[-0.826530237847394, 50.7510961548404], [-0.826793698840402, 50.7499438273045], [-0.828153739107313, 50.7500356925477], [-0.826530237847394, 50.7510961548404]]], [[[-0.759183544808601, 50.7569101639579], [-0.75933125775426, 50.7560683681041], [-0.759849526060455, 50.7561940246792], [-0.759183544808601, 50.7569101639579]]], [[[-0.760989129857322, 50.7595207178693], [-0.757318168406216, 50.7586975767572], [-0.755158422547792, 50.7579625037251], [-0.760989129857322, 50.7595207178693]]], [[[-0.751037823060716, 50.7614091489113], [-0.751279788722104, 50.7612736672099], [-0.750949151282626, 50.7617253036592], [-0.751037823060716, 50.7614091489113]]], [[[-1.34253807453918, 50.752602242639], [-1.29997756354115, 50.7669716647932], [-1.29354147809093, 50.760199627743], [-1.29180083670683, 50.7428649418617], [-1.28295875523301, 50.7300328620063], [-1.29199290550047, 50.7071026832256], [-1.29087346548491, 50.7033009532992], [-1.29482494058932, 50.7022417233682], [-1.28990430248974, 50.7012966841359], [-1.28954893578707, 50.6995694279699], [-1.29027269241098, 50.6987307687402], [-1.29029718956921, 50.6966370035324], [-1.29016751290786, 50.6987103423931], [-1.28944459637559, 50.6995588982424], [-1.28941632466232, 50.7006242455695], [-1.2910396379224, 50.7067857311654], [-1.27565686358918, 50.7317351050459], [-1.28625874007104, 50.7405175448313], [-1.29056263456654, 50.7604940701811], [-1.27733573488914, 50.766302636219], [-1.24731807168809, 50.7514640318921], [-1.23869940055932, 50.7424937485729], [-1.24115367497793, 50.742612496195], [-1.24252178054301, 50.7385374244925], [-1.23491441338319, 50.7432761051197], [-1.21395276546876, 50.738036607867], [-1.22691115391396, 50.727484737491], [-1.22551376642017, 50.7245962167477], [-1.21750730260498, 50.7349745221762], [-1.21097100792472, 50.7350297321032], [-1.15464069601871, 50.7332687296196], [-1.10970780844137, 50.7215633037039], [-1.09794487661891, 50.7061551772498], [-1.09614291250082, 50.6942314089043], [-1.1038876421946, 50.6962619782948], [-1.10171839355524, 50.6984918301467], [-1.10288960453021, 50.6998787470342], [-1.10829185102894, 50.6935034059896], [-1.09847982698164, 50.6904284935413], [-1.09356372261128, 50.6957791899338], [-1.08242214631218, 50.6944571783689], [-1.06987550729442, 50.6839847293269], [-1.09534874551783, 50.6716055314955], [-1.09854495096676, 50.6649692480509], [-1.13259640027527, 50.6621032851691], [-1.16045045181718, 50.6493391657468], [-1.16850387627158, 50.6403523587889], [-1.17526369697224, 50.6068931916812], [-1.18260622067861, 50.5983951851549], [-1.24988523038878, 50.5808819708979], [-1.29511693976156, 50.5749268485997], [-1.30794002883861, 50.5774332312938], [-1.31864288596621, 50.5899319507776], [-1.39042206276438, 50.6275845123403], [-1.44714831429541, 50.6434616401536], [-1.48449901538063, 50.6667487024508], [-1.5110357638081, 50.6700032650005], [-1.57206656560748, 50.6606700826839], [-1.58654368622218, 50.663114876376], [-1.56960796573514, 50.6653860703487], [-1.56962272127309, 50.6733973940708], [-1.54909769499436, 50.6778013777309], [-1.53410000575381, 50.6935142325715], [-1.53480983898684, 50.7003886310843], [-1.52212453381621, 50.7071088442164], [-1.50156827688998, 50.7068070231597], [-1.50967039709627, 50.7058149548162], [-1.50287597305626, 50.7030328609482], [-1.50346239781705, 50.6969296251421], [-1.50226385442806, 50.6995360184196], [-1.4998352834462, 50.6979536864391], [-1.5033786434913, 50.6953411419913], [-1.50346512653762, 50.6960006817021], [-1.50809834497573, 50.6960232842412], [-1.50383959990415, 50.6951307840375], [-1.50726505741965, 50.6925533072368], [-1.50492824084823, 50.6916734461796], [-1.50723437710759, 50.6919677430779], [-1.50725501603541, 50.6911451603762], [-1.50322357971018, 50.6866907967276], [-1.50868407709173, 50.6846673935071], [-1.50781841547953, 50.6827166111048], [-1.50235839705578, 50.6863132768758], [-1.50564089531052, 50.693616940451], [-1.49776298641188, 50.6969267940567], [-1.50134966395385, 50.7009673574149], [-1.4965850924012, 50.7009347398427], [-1.50351743834498, 50.7051156566646], [-1.46946387054805, 50.7095556400011], [-1.42568087885914, 50.7267574529181], [-1.41175296320724, 50.7243760067584], [-1.41586128561178, 50.7249738923834], [-1.41226280032472, 50.7230079194405], [-1.41614340932931, 50.7244119371625], [-1.42135616224713, 50.7248804353694], [-1.42201026864972, 50.7246156124451], [-1.41298551253039, 50.7186244553112], [-1.42872674148471, 50.7106526650347], [-1.42653048159893, 50.7055378900005], [-1.43400521679626, 50.704622626273], [-1.43525073233926, 50.7040537691185], [-1.43754938414345, 50.7023931343244], [-1.42586110175009, 50.7049194776838], [-1.41423674916251, 50.7153033340576], [-1.41551598929944, 50.7134644450228], [-1.41297515776032, 50.7132223292863], [-1.41454134489132, 50.7124927402434], [-1.41356270481412, 50.7123594085607], [-1.4144446998667, 50.7106587091358], [-1.41258284223465, 50.7056078335834], [-1.41304428515784, 50.7046040462129], [-1.4124069160754, 50.7042725888802], [-1.41324400853918, 50.7040322110295], [-1.41305623728034, 50.7035321613147], [-1.41234772343824, 50.7042498076725], [-1.41226823505944, 50.7055119990174], [-1.41285979300026, 50.711457355594], [-1.4070236541655, 50.7085558837714], [-1.41190284892874, 50.7144768048883], [-1.40251299900354, 50.7092280309678], [-1.39774295879168, 50.7104480302149], [-1.40933689406344, 50.7150933867068], [-1.40987588759823, 50.7166150095706], [-1.40811946505584, 50.7190812648143], [-1.40711752352498, 50.7176621308813], [-1.40783852434516, 50.7177755169476], [-1.40962081646586, 50.7167360171245], [-1.4097513230083, 50.7166080823988], [-1.40935504916615, 50.7159037315486], [-1.39742936720994, 50.719174385758], [-1.38756726561601, 50.7147082927298], [-1.37956780416427, 50.7163074421492], [-1.3787367138238, 50.7139615428232], [-1.37780116097462, 50.7144442225921], [-1.37775450835891, 50.7119745413903], [-1.3768605156297, 50.7102978571267], [-1.37590906780128, 50.7131436133219], [-1.37932903706301, 50.7174628252164], [-1.37642722817391, 50.7181622322037], [-1.37613647620565, 50.7186166088828], [-1.37559794140835, 50.7182081427957], [-1.3757748184472, 50.7185427258413], [-1.37265089702901, 50.7188928246597], [-1.37215151003013, 50.719373943691], [-1.37126279408259, 50.7192009771585], [-1.36989717699086, 50.719838372237], [-1.38935463813536, 50.7166528573478], [-1.39323107310006, 50.71910849171], [-1.38482203025885, 50.7224763656128], [-1.40406825505587, 50.7266661505171], [-1.35329639919519, 50.7390898055694], [-1.34253807453918, 50.752602242639]]], [[[-0.754288938984507, 50.7632015664582], [-0.751270418466542, 50.7618146401026], [-0.754733051357683, 50.7627368535943], [-0.754288938984507, 50.7632015664582]]], [[[-0.780553962257139, 50.7636302517835], [-0.778172320597094, 50.7627916318072], [-0.782137284310648, 50.7633501966629], [-0.780553962257139, 50.7636302517835]]], [[[-1.09901395051859, 50.7706886086482], [-1.09884503728305, 50.7703388694162], [-1.09923351123966, 50.7704856365986], [-1.09901395051859, 50.7706886086482]]], [[[-0.761208619713688, 50.7697787125747], [-0.761607305513658, 50.769446263328], [-0.762473753798599, 50.7696850319549], [-0.761208619713688, 50.7697787125747]]], [[[-0.762881188502054, 50.770032696474], [-0.762716474274853, 50.7699090733613], [-0.763065780730066, 50.7699151453346], [-0.762881188502054, 50.770032696474]]], [[[-0.763135339366954, 50.7689539316777], [-0.763103673149618, 50.7691123157295], [-0.760674725890952, 50.769618275279], [-0.763135339366954, 50.7689539316777]]], [[[-0.762869655038478, 50.7705225474276], [-0.76216772654113, 50.7700759792628], [-0.762926057008165, 50.7702967885873], [-0.762869655038478, 50.7705225474276]]], [[[-0.763995457368998, 50.7702939406681], [-0.762993408095846, 50.7705219451277], [-0.763155280858159, 50.7702460353705], [-0.763995457368998, 50.7702939406681]]], [[[-0.762048901161909, 50.7704839322699], [-0.761752807650145, 50.7701939514846], [-0.762479233202848, 50.7708411402977], [-0.762048901161909, 50.7704839322699]]], [[[-0.765309837931959, 50.7708399219134], [-0.764624017919785, 50.7708261449675], [-0.765307942667161, 50.7703566278276], [-0.765309837931959, 50.7708399219134]]], [[[-0.76415680511505, 50.7710699342258], [-0.765163923944942, 50.7709153037829], [-0.764635523703237, 50.7712780736876], [-0.76415680511505, 50.7710699342258]]], [[[-0.763610592696323, 50.7709434092968], [-0.764220494188557, 50.7703764823391], [-0.763898243278524, 50.7708556650133], [-0.764326531030666, 50.7708387479911], [-0.764088123724134, 50.7711102867683], [-0.764593323198184, 50.7712908104135], [-0.763610592696323, 50.7709434092968]]], [[[-0.76532461070123, 50.7711137759577], [-0.76553806237931, 50.7708909199506], [-0.766775585825998, 50.7713470032554], [-0.76532461070123, 50.7711137759577]]], [[[-0.75895660847629, 50.7710075387769], [-0.758460653745155, 50.7707619615441], [-0.759596360302903, 50.7709001081914], [-0.75895660847629, 50.7710075387769]]], [[[-0.760267221282038, 50.7710347311919], [-0.760866297505981, 50.770916500905], [-0.76032314158165, 50.771632037978], [-0.760267221282038, 50.7710347311919]]], [[[-0.763265271284585, 50.7713212893092], [-0.762010691845035, 50.7715790884326], [-0.763170049090714, 50.7709835488175], [-0.763265271284585, 50.7713212893092]]], [[[-0.764188085844634, 50.7716223550854], [-0.764953563758912, 50.7713911781063], [-0.764363216878991, 50.7718474754635], [-0.764188085844634, 50.7716223550854]]], [[[-0.763863832366286, 50.7715481410023], [-0.763384664631436, 50.7719935882187], [-0.763653801760511, 50.7713801879391], [-0.763863832366286, 50.7715481410023]]], [[[-0.763119105784802, 50.7718559725227], [-0.763601235097736, 50.7714149734588], [-0.76323388595854, 50.77182137969], [-0.763444914137258, 50.7717331564529], [-0.763258016578823, 50.7719730981927], [-0.763623626051205, 50.7721291504869], [-0.763214712815467, 50.7720643597884], [-0.763119105784802, 50.7718559725227]]], [[[-0.761039840348144, 50.7719672144651], [-0.759891131972258, 50.7721599798602], [-0.760891855953829, 50.7715575691831], [-0.761039840348144, 50.7719672144651]]], [[[-0.762007901362081, 50.7727278059219], [-0.762747190001693, 50.7716937913164], [-0.763017992659015, 50.7722711200851], [-0.762007901362081, 50.7727278059219]]], [[[-0.763275760999669, 50.7728039828449], [-0.76409318266981, 50.7718411234073], [-0.763616244256585, 50.7726330379788], [-0.763275760999669, 50.7728039828449]]], [[[-1.37729450355859, 50.7811526135197], [-1.38692733652666, 50.7773378069195], [-1.39075156547113, 50.7780682969726], [-1.37729450355859, 50.7811526135197]]], [[[-0.609881611496357, 50.7899893433118], [-0.61050099851758, 50.7898895376925], [-0.611099289713491, 50.7900273082963], [-0.609881611496357, 50.7899893433118]]], [[[-0.607551568681054, 50.7900542559988], [-0.608187754819535, 50.789890935467], [-0.608790371701953, 50.7900465550476], [-0.607551568681054, 50.7900542559988]]], [[[-0.604389963711857, 50.7899760291342], [-0.606548883756872, 50.7899459981352], [-0.604399429200246, 50.7901334762794], [-0.604389963711857, 50.7899760291342]]], [[[-0.601303792685641, 50.7900829285273], [-0.603360797535299, 50.7899951829426], [-0.603278380633975, 50.7901425400157], [-0.601303792685641, 50.7900829285273]]], [[[-0.598442191477652, 50.7906008040597], [-0.600467457235892, 50.790151122347], [-0.600593932340606, 50.7902875858904], [-0.598442191477652, 50.7906008040597]]], [[[-0.595838324388911, 50.79137344465], [-0.596454337428797, 50.7911105887491], [-0.596947794256474, 50.7911361945642], [-0.595838324388911, 50.79137344465]]], [[[-0.592797893659006, 50.7921228756025], [-0.593746493930806, 50.7919094528435], [-0.592801004731734, 50.7922568716338], [-0.592797893659006, 50.7921228756025]]], [[[-0.590578035931517, 50.7927157300409], [-0.591438981753947, 50.792582180069], [-0.590518097558247, 50.7928219942303], [-0.590578035931517, 50.7927157300409]]], [[[0.0496102395707364, 50.7977508666415], [0.0511825653319855, 50.795433463748], [0.048169825560692, 50.7959163031579], [0.0496102395707364, 50.7977508666415]]], [[[-0.885670221644466, 50.8114788404611], [-0.887868536115981, 50.8111751136779], [-0.883135473108141, 50.8124378636304], [-0.885670221644466, 50.8114788404611]]], [[[-1.0926096752797, 50.8151105707402], [-1.10147485536478, 50.8135922857573], [-1.09649634846136, 50.8206385268821], [-1.0926096752797, 50.8151105707402]]], [[[-0.867590517100434, 50.8241856539213], [-0.868540820331105, 50.8222925160568], [-0.869043047489332, 50.8221667166499], [-0.867590517100434, 50.8241856539213]]], [[[-1.01062347946276, 50.8238755969702], [-1.0059976662522, 50.8238964834906], [-1.00741267076966, 50.8219704354584], [-1.01062347946276, 50.8238755969702]]], [[[-1.01689190066946, 50.8281385172412], [-1.01264694534609, 50.8263961747014], [-1.01458995884211, 50.8255022362688], [-1.01689190066946, 50.8281385172412]]], [[[-0.868613457723062, 50.8313601185642], [-0.867739909089863, 50.8312740969836], [-0.868301103522966, 50.8310117102038], [-0.868613457723062, 50.8313601185642]]], [[[-0.86873264462728, 50.8319328300977], [-0.869093141964446, 50.832175774879], [-0.868028549759106, 50.8319277377166], [-0.86873264462728, 50.8319328300977]]], [[[-0.967340840209625, 50.8348425408281], [-0.970462598314863, 50.8308716850473], [-0.957226495284435, 50.8313011537065], [-0.950989333675282, 50.8239465882396], [-0.957578320671529, 50.815835740517], [-0.957215526534016, 50.8075729182263], [-0.961298065162293, 50.8113690912641], [-0.971025406801509, 50.8105798534093], [-0.961579502726048, 50.809213679098], [-0.965687911627046, 50.8063647794853], [-0.973331986538252, 50.8090342848307], [-0.969011001717811, 50.8027453522745], [-0.958693683393114, 50.8047328113704], [-0.952746967377765, 50.8011192140116], [-0.956959004353227, 50.7993121839443], [-0.95534312906374, 50.7937885750809], [-0.967942584448792, 50.7902088125534], [-0.967368026819968, 50.787186775116], [-0.957549439984449, 50.7898433883285], [-0.950710267973736, 50.7865894848873], [-0.961663562078904, 50.7823274129301], [-0.958866318819904, 50.7811549297099], [-0.943107321174695, 50.7866878967245], [-0.937420889614446, 50.7824411923377], [-0.94153162166502, 50.7874145200547], [-0.937997135376148, 50.7874329083877], [-0.936195014950099, 50.7784513147797], [-1.02384561697638, 50.7880682493901], [-1.02508165818578, 50.7960253370278], [-1.0088743079235, 50.792883175296], [-0.994524437189328, 50.7983665664024], [-0.983269060952603, 50.8207326323091], [-0.9901633183893, 50.8268552853794], [-0.967340840209625, 50.8348425408281]]], [[[-1.00889847182533, 50.833329069013], [-1.00183604965046, 50.8304952517969], [-1.00218094104546, 50.8295036501052], [-1.00889847182533, 50.833329069013]]], [[[-0.946673341468099, 50.8352195649972], [-0.944916935160098, 50.834297374059], [-0.946779757783155, 50.8345672123477], [-0.946673341468099, 50.8352195649972]]], [[[-1.07628384813504, 50.8369039117014], [-1.04418659484516, 50.831646220961], [-1.04127228284202, 50.8242822214429], [-1.03816943914266, 50.7959609524036], [-1.04406118643519, 50.7901663784035], [-1.03162663294895, 50.7921704031794], [-1.03021203641932, 50.796462204503], [-1.03043804648408, 50.7873652935749], [-1.08808534755419, 50.777604778629], [-1.1089236745791, 50.7904384617432], [-1.10587529789101, 50.797050777025], [-1.1112442029671, 50.7985488286267], [-1.11152102865734, 50.8069018583136], [-1.10618573388762, 50.8039625270049], [-1.10400277820205, 50.8104687969971], [-1.0940884672011, 50.8085002502697], [-1.0905163817087, 50.8116414819983], [-1.09686243539461, 50.8112878467055], [-1.08983664791095, 50.8171559617021], [-1.10022301474976, 50.8266865552377], [-1.09297900994103, 50.8290537432037], [-1.08446852615611, 50.8248197639756], [-1.07628384813504, 50.8369039117014]]], [[[-0.279154993103172, 50.8295074847272], [-0.280234616847587, 50.8295061279226], [-0.279200485229622, 50.8297572384213], [-0.279154993103172, 50.8295074847272]]], [[[-1.01915879082246, 50.8382137622696], [-1.0189178880844, 50.8374219762886], [-1.01975513547869, 50.8371476096726], [-1.01847449018849, 50.8373061726913], [-1.01901746799434, 50.8381720412847], [-1.01813598956264, 50.8382718603207], [-1.00777709947816, 50.8354171207945], [-1.02124685693313, 50.8353267362883], [-1.01915879082246, 50.8382137622696]]], [[[-0.277482470577839, 50.8295699993239], [-0.278301551688434, 50.8293565088267], [-0.278082705324823, 50.8301644015741], [-0.277482470577839, 50.8295699993239]]], [[[-0.273510276209433, 50.8300555027848], [-0.274005097735519, 50.8299656728713], [-0.274087630457444, 50.8302214621944], [-0.273510276209433, 50.8300555027848]]], [[[-0.282981549635798, 50.8296794794706], [-0.280991788686984, 50.8298946194831], [-0.279487470883276, 50.8299587313598], [-0.282981549635798, 50.8296794794706]]], [[[-0.276064715116894, 50.8302585465623], [-0.27508535705577, 50.829801915197], [-0.276141297804311, 50.8298850097608], [-0.276064715116894, 50.8302585465623]]], [[[-0.27476869270157, 50.8302097117884], [-0.27458509701793, 50.8297883433905], [-0.275138439549416, 50.8302498726595], [-0.27476869270157, 50.8302097117884]]], [[[-0.276193150112708, 50.8302787989305], [-0.27692718164553, 50.8295819853888], [-0.277219362751915, 50.8302194469075], [-0.276193150112708, 50.8302787989305]]], [[[-0.280255319462329, 50.8311911430094], [-0.2773997826104, 50.8304374939972], [-0.281319937751059, 50.8304487093862], [-0.280255319462329, 50.8311911430094]]], [[[-1.02037634784137, 50.8387981457031], [-1.0191788169573, 50.8396111233806], [-1.01906593771494, 50.8393484041513], [-1.02037634784137, 50.8387981457031]]], [[[-1.02116743251659, 50.8408816951393], [-1.0193592647984, 50.8404278063078], [-1.02072501472844, 50.839995866111], [-1.02116743251659, 50.8408816951393]]], [[[-1.02174355423062, 50.8413446689671], [-1.02087275881543, 50.841162517586], [-1.02154055334945, 50.8409086976719], [-1.02174355423062, 50.8413446689671]]], [[[-0.563906682378069, 50.8393970654331], [-0.563570268559698, 50.8389738278185], [-0.565015074130892, 50.8402596886639], [-0.563906682378069, 50.8393970654331]]], [[[-0.564828318734483, 50.841348297968], [-0.56463339920106, 50.8403395313705], [-0.565191587119357, 50.8403859696913], [-0.564828318734483, 50.841348297968]]], [[[-0.526056714758112, 50.8670360071144], [-0.531346215047103, 50.8644559242441], [-0.539449079708575, 50.8659083383415], [-0.537271940315664, 50.8663949751498], [-0.536050557101406, 50.8676414340421], [-0.535726069241857, 50.8724078976934], [-0.536926614452738, 50.8737395502859], [-0.526056714758112, 50.8670360071144]]], [[[-0.543626322687813, 50.8968672627358], [-0.544223174831233, 50.89625044394], [-0.544115044858177, 50.8967952974447], [-0.543626322687813, 50.8968672627358]]], [[[0.0159335910804301, 50.8890412304609], [0.0116096416367539, 50.8866958163181], [0.00918848261808784, 50.8884848074286], [0.00566758732725176, 50.8891380433131], [0.00285028909369317, 50.8892241931692], [0.00146013661090212, 50.8888694066085], [0.000282569300871702, 50.8895605178849], [0.00953861664459581, 50.8951861588738], [0.0106221361086324, 50.8932648918055], [0.0159335910804301, 50.8890412304609]]], [[[-0.504355155519467, 50.9542742960507], [-0.512818179854906, 50.9542508790628], [-0.516733591608472, 50.9557369464545], [-0.504650838953835, 50.9559161689488], [-0.504355155519467, 50.9542742960507]]], [[[1.12374652911773, 51.2954960274708], [1.12279068885033, 51.2961035038401], [1.12476662566642, 51.2962063515538], [1.12541015534357, 51.2957662294323], [1.12374652911773, 51.2954960274708]]], [[[1.35008082971793, 51.2989714692109], [1.35558763687748, 51.2965333252279], [1.3519417946557, 51.2975536207777], [1.34917684387359, 51.2970004537339], [1.34639824748573, 51.2928922379331], [1.35050120895214, 51.2901228890799], [1.35439366585736, 51.2891146357118], [1.35337818004961, 51.2879595498096], [1.35090214106291, 51.2889407921028], [1.34925210481375, 51.2881813651741], [1.35059008362931, 51.2806671784532], [1.35672226771945, 51.2781047653118], [1.35216244066431, 51.2776448612707], [1.35126090094698, 51.2766283408524], [1.35171136783432, 51.2752500739016], [1.34204550803785, 51.2760808165949], [1.34012139118815, 51.2799798063386], [1.33653058929576, 51.2820186236513], [1.33525050710226, 51.2820409044833], [1.33366933851463, 51.2808197182125], [1.33244632398481, 51.2809839040788], [1.33168667640355, 51.284120549477], [1.32837664849488, 51.2865867473046], [1.34033435250316, 51.2935455099904], [1.34341426529299, 51.2969934732877], [1.34567962378904, 51.301607033246], [1.35008082971793, 51.2989714692109]]], [[[0.827854178921939, 51.3564935151491], [0.830052682727851, 51.3569216006354], [0.833476871913427, 51.3564173447056], [0.827854178921939, 51.3564935151491]]], [[[0.824769151806345, 51.3581473293019], [0.82607223703718, 51.357037228257], [0.824259387832166, 51.3575251760427], [0.824769151806345, 51.3581473293019]]], [[[0.823055370698886, 51.3584928300963], [0.824177572862655, 51.3575729289682], [0.822396226273472, 51.3585829169223], [0.823055370698886, 51.3584928300963]]], [[[0.882021283155054, 51.3597941567841], [0.881113856630093, 51.3598020916023], [0.881246801536085, 51.3602035642249], [0.882021283155054, 51.3597941567841]]], [[[0.87568191580864, 51.3602108136728], [0.876489259929731, 51.3589428530203], [0.87466491241574, 51.3600747823597], [0.87568191580864, 51.3602108136728]]], [[[0.876417629939443, 51.3625060736151], [0.877694790807507, 51.3595497634217], [0.875365719054818, 51.3618366452726], [0.876417629939443, 51.3625060736151]]], [[[0.862863328462613, 51.3652099310578], [0.864771307635988, 51.3644041689002], [0.862836301969453, 51.3643390524386], [0.863136326798848, 51.3646114389237], [0.862863328462613, 51.3652099310578]]], [[[0.862598599997226, 51.3642135465871], [0.860573566571085, 51.3639716084044], [0.861489758971494, 51.36562395048], [0.862598599997226, 51.3642135465871]]], [[[0.774028426358233, 51.3681413277968], [0.773777066318834, 51.3678815034987], [0.773222148802792, 51.3680741564624], [0.774028426358233, 51.3681413277968]]], [[[0.775500866912588, 51.3679665194695], [0.77391914076595, 51.3679189737835], [0.774073352567349, 51.3681524063475], [0.775500866912588, 51.3679665194695]]], [[[0.851582644692566, 51.3668239788973], [0.852693977276769, 51.365834361753], [0.856746162309708, 51.363373187698], [0.851861843992714, 51.3653239686471], [0.851582644692566, 51.3668239788973]]], [[[0.859973834407961, 51.366101060822], [0.860363287644117, 51.3639632524806], [0.857532739749738, 51.3647437834691], [0.859477350610659, 51.3653088309494], [0.858530325167017, 51.3669477540873], [0.859973834407961, 51.366101060822]]], [[[0.782815307509283, 51.3694866353763], [0.78200041276895, 51.3686002900052], [0.781056516328489, 51.3692923005657], [0.782815307509283, 51.3694866353763]]], [[[0.797554667198432, 51.3689370090761], [0.796463389158589, 51.3687916360112], [0.79705203420907, 51.3692596662052], [0.797554667198432, 51.3689370090761]]], [[[0.783060303430256, 51.3695861358246], [0.780343381849823, 51.3695414466063], [0.780751819194017, 51.3696609105765], [0.783060303430256, 51.3695861358246]]], [[[0.853397661728867, 51.3683964026053], [0.85467672668487, 51.3664838247862], [0.852933053683883, 51.3679929944401], [0.853397661728867, 51.3683964026053]]], [[[0.797317928267269, 51.3698167069484], [0.797788638657893, 51.369373480943], [0.797004565611825, 51.3695227071524], [0.797317928267269, 51.3698167069484]]], [[[0.78134188087355, 51.3702659676427], [0.781410672080777, 51.3698317223269], [0.780975263309334, 51.3701727653169], [0.78134188087355, 51.3702659676427]]], [[[0.796839011364793, 51.3698569221962], [0.796991555331827, 51.3695779716005], [0.797312277464787, 51.3698654099138], [0.796839011364793, 51.3698569221962]]], [[[0.858811800514565, 51.3681287557472], [0.858340978175835, 51.3680115378322], [0.85813864657161, 51.3681449131727], [0.858614714674817, 51.3681325340735], [0.859374466975438, 51.3686661008346], [0.858811800514565, 51.3681287557472]]], [[[0.795609166724202, 51.3704559605826], [0.795485063977518, 51.3701856819013], [0.795152665590615, 51.3703807795673], [0.795609166724202, 51.3704559605826]]], [[[0.79748013808867, 51.3706384904241], [0.796665418355997, 51.369920337243], [0.79596229851414, 51.3703959075186], [0.79748013808867, 51.3706384904241]]], [[[0.858420238509034, 51.3696345982084], [0.858602506493447, 51.3683210344099], [0.858099140488511, 51.3683849447914], [0.858420238509034, 51.3696345982084]]], [[[0.766852408515589, 51.3781628656023], [0.768571816053355, 51.3782113917039], [0.767380345168043, 51.3779944423965], [0.766852408515589, 51.3781628656023]]], [[[0.76887958598494, 51.3806005141792], [0.769910296480649, 51.3792299180335], [0.768454395895142, 51.3790377572484], [0.76887958598494, 51.3806005141792]]], [[[0.666986159102727, 51.3833119879049], [0.665796719415349, 51.3829028536356], [0.666110542037428, 51.38340566388], [0.666986159102727, 51.3833119879049]]], [[[0.621771323188305, 51.3878101928079], [0.621505829831635, 51.3875990181749], [0.621254385804965, 51.3880508243909], [0.621771323188305, 51.3878101928079]]], [[[0.618812357287647, 51.3877366486199], [0.61816293256531, 51.3877341542714], [0.618809527616429, 51.3882079901324], [0.618812357287647, 51.3877366486199]]], [[[0.620291448765523, 51.3884556671792], [0.620713443795067, 51.3881281226764], [0.619908496363647, 51.3883371423485], [0.620291448765523, 51.3884556671792]]], [[[0.620654231821772, 51.3885633092688], [0.620957645905523, 51.3882535241543], [0.620333232095608, 51.3884800060329], [0.62011402234792, 51.3884523474693], [0.620654231821772, 51.3885633092688]]], [[[0.622510087689737, 51.3874018992345], [0.623518498599185, 51.3883349324237], [0.623220756595008, 51.3874406709331], [0.622510087689737, 51.3874018992345]]], [[[0.621483205865628, 51.3886035060601], [0.621920624228089, 51.3881235269511], [0.621267164650323, 51.3883296175059], [0.621483205865628, 51.3886035060601]]], [[[0.619834265543126, 51.3887964082585], [0.619409058240099, 51.3877094683776], [0.619087687964426, 51.3880422255183], [0.619834265543126, 51.3887964082585]]], [[[0.621099185950716, 51.3889993668843], [0.622551160156637, 51.3886048043769], [0.622391313659729, 51.3877705148014], [0.6220202971902, 51.388664885092], [0.620070197419121, 51.3885532485352], [0.621099185950716, 51.3889993668843]]], [[[0.701441175174765, 51.390753116238], [0.701681003710862, 51.3900415547679], [0.700746736953367, 51.3901656239822], [0.701441175174765, 51.390753116238]]], [[[0.701986396636938, 51.3908817516865], [0.701982072077829, 51.3903449072071], [0.701650599300965, 51.3905989868626], [0.701986396636938, 51.3908817516865]]], [[[0.588809200078675, 51.3936225092472], [0.586014875613779, 51.3918961883428], [0.585801571154506, 51.3922183720751], [0.588809200078675, 51.3936225092472]]], [[[0.663283870533058, 51.3938579849229], [0.663078444159771, 51.3934745635718], [0.662863099853453, 51.3937098828006], [0.663283870533058, 51.3938579849229]]], [[[0.663673263992583, 51.3940029313729], [0.663415437628701, 51.3937965338533], [0.663329363664919, 51.3940719069477], [0.663673263992583, 51.3940029313729]]], [[[0.664026635759603, 51.394327045971], [0.664283875603148, 51.3942264012151], [0.662843110748885, 51.3944349813982], [0.664026635759603, 51.394327045971]]], [[[0.681781447402052, 51.3965415680178], [0.672560348380316, 51.3898311751463], [0.669193825944581, 51.3926703218201], [0.674984825439185, 51.3961259735181], [0.681781447402052, 51.3965415680178]]], [[[0.737744084112558, 51.3957132680495], [0.737046416326458, 51.3953326618018], [0.736484063270581, 51.3959398345327], [0.737744084112558, 51.3957132680495]]], [[[0.613570691711136, 51.4002106540429], [0.616014897362651, 51.3969840032691], [0.615324178551404, 51.3953841229014], [0.61156097058342, 51.3997365410907], [0.603388365956422, 51.3938329616353], [0.595036783403804, 51.3994117734036], [0.613570691711136, 51.4002106540429]]], [[[0.698813611174731, 51.4021930919359], [0.698258995616374, 51.4021024320025], [0.698124592301831, 51.402603795288], [0.698813611174731, 51.4021930919359]]], [[[0.616143998523291, 51.406527311707], [0.615686157051368, 51.4053835811704], [0.614100313533954, 51.406269798876], [0.616143998523291, 51.406527311707]]], [[[0.607842822301479, 51.406914520736], [0.610966189687732, 51.4058781855309], [0.613431617166942, 51.4058664261475], [0.614850097196452, 51.4048688672183], [0.609367395696981, 51.4053516333332], [0.607842822301479, 51.406914520736]]], [[[0.560246050152694, 51.4032298842229], [0.579464832306999, 51.406882891908], [0.582572584376833, 51.4031341853723], [0.560246050152694, 51.4032298842229]]], [[[0.595427270384706, 51.4065621805292], [0.599023259853105, 51.4066804398051], [0.603240163441903, 51.4068962992568], [0.600260228388673, 51.4057230479975], [0.595427270384706, 51.4065621805292]]], [[[0.608434335117657, 51.4071747915566], [0.617170557799283, 51.4067498592047], [0.612776114665255, 51.4060978135661], [0.608434335117657, 51.4071747915566]]], [[[0.70039509829043, 51.4102568538694], [0.700913809108197, 51.4086754453069], [0.699618652701242, 51.4099788389112], [0.700241975410307, 51.4099159113158], [0.70039509829043, 51.4102568538694]]], [[[0.698750854127675, 51.4103837690721], [0.698527783445736, 51.4101613572058], [0.698278099161241, 51.4108056806638], [0.699227419396567, 51.4106857855069], [0.698750854127675, 51.4103837690721]]], [[[0.68296919632433, 51.4126452876825], [0.691199180423114, 51.4116740747713], [0.694510265742321, 51.3967639004546], [0.672639175867811, 51.3984055184429], [0.671378458717947, 51.4070684330048], [0.665553828155377, 51.4073072420017], [0.672103051930973, 51.4101737247813], [0.677909190463847, 51.4063888069637], [0.675070826678228, 51.4087101998085], [0.682494332063957, 51.4089802912886], [0.68296919632433, 51.4126452876825]]], [[[0.71020468891615, 51.418742563174], [0.7095016870784, 51.41860322069], [0.709867641790528, 51.4189050535813], [0.71020468891615, 51.418742563174]]], [[[0.722423353528251, 51.4186329660615], [0.722573556458278, 51.4181806077436], [0.722244089693523, 51.4184968229123], [0.722091186946076, 51.4184895814317], [0.721864726614175, 51.4183095636708], [0.722145184333739, 51.4184784338488], [0.722526036574857, 51.4181341097477], [0.723431533656338, 51.4181949178321], [0.723514612640093, 51.4176326583503], [0.720604298485047, 51.4184242721279], [0.722423353528251, 51.4186329660615]]], [[[0.710479069166086, 51.4193684975354], [0.710237353925415, 51.4187597958632], [0.709629851359996, 51.4192865010951], [0.710479069166086, 51.4193684975354]]], [[[0.731354340315565, 51.4160375226817], [0.730526980878832, 51.4178049728477], [0.729394754984091, 51.4194187962084], [0.730957205220204, 51.4189943060431], [0.732132417393014, 51.4149769716844], [0.729639375550268, 51.4157273357874], [0.730670350429737, 51.4154325978846], [0.731391493641379, 51.415948241604], [0.731354340315565, 51.4160375226817]]], [[[0.706066773082146, 51.4198455030148], [0.707714120298214, 51.4197777770008], [0.709262962971623, 51.4199416520928], [0.708069407746287, 51.4193396548176], [0.706066773082146, 51.4198455030148]]], [[[0.729325280215676, 51.4192908997664], [0.729174725295913, 51.4184057933448], [0.729898459911392, 51.4185058607333], [0.730452153175144, 51.4177320654933], [0.729647264933285, 51.4182733689865], [0.728726399315802, 51.4179146691032], [0.729124641459054, 51.4181929011441], [0.728737554834828, 51.4186732024727], [0.728243555090123, 51.4184454612073], [0.729325280215676, 51.4192908997664]]], [[[0.731354340315565, 51.4160375226817], [0.730533472656359, 51.4155733960988], [0.726834173787235, 51.417483518842], [0.72393456033535, 51.4175590411315], [0.723914909049856, 51.418824959871], [0.731354340315565, 51.4160375226817]]], [[[0.710206031080278, 51.4202238465665], [0.709417197654669, 51.419971364638], [0.709497726841245, 51.4202384240398], [0.710206031080278, 51.4202238465665]]], [[[0.71226736124161, 51.4201995478117], [0.711930376490983, 51.4198772649952], [0.710895565463051, 51.4199650616747], [0.71226736124161, 51.4201995478117]]], [[[0.715210126016114, 51.4204363094989], [0.714998045292473, 51.4202073777706], [0.714278789416562, 51.4204255028617], [0.715210126016114, 51.4204363094989]]], [[[0.714172169661962, 51.4204711432535], [0.712887238829549, 51.4201492254517], [0.714194679653411, 51.4206567982882], [0.714172169661962, 51.4204711432535]]], [[[0.715102539125227, 51.4202472290836], [0.716855934917536, 51.4204152589999], [0.71671715097931, 51.4200641112327], [0.715102539125227, 51.4202472290836]]], [[[0.716872072873108, 51.4199840708736], [0.720184304171967, 51.4199989830768], [0.722653233429095, 51.4211450578817], [0.721684974250704, 51.4203679765843], [0.723009005583057, 51.4201366555431], [0.719945339113414, 51.4190997289773], [0.716872072873108, 51.4199840708736]]], [[[0.720384573338027, 51.421723887792], [0.721976511838288, 51.4210861256371], [0.720416601186375, 51.4203983230638], [0.720384573338027, 51.421723887792]]], [[[0.623865038967288, 51.4240703910843], [0.623381559322526, 51.423407751158], [0.622551513234927, 51.4237870676998], [0.623865038967288, 51.4240703910843]]], [[[0.613557519967568, 51.4243596363662], [0.614323768824274, 51.4239853216267], [0.613156225366477, 51.4240531644137], [0.613557519967568, 51.4243596363662]]], [[[0.629883738779221, 51.4210516455041], [0.638913923900006, 51.4212668831784], [0.638491997773013, 51.4164889533816], [0.629883738779221, 51.4210516455041]]], [[[0.723463753212815, 51.4220750978695], [0.724997328978537, 51.420964664501], [0.721817864683832, 51.4216843158189], [0.723463753212815, 51.4220750978695]]], [[[0.664738291075503, 51.4236992421675], [0.687591021546103, 51.4219003431257], [0.687777167499511, 51.4144341989033], [0.680518946945781, 51.4192408826791], [0.672311538296991, 51.4134760911384], [0.668088458581592, 51.42048414728], [0.659587032414355, 51.4185745466005], [0.664738291075503, 51.4236992421675]]], [[[0.723578890604976, 51.4220760200119], [0.724561245358859, 51.4221458268232], [0.725882857249768, 51.4224532730292], [0.725026919982988, 51.421607050532], [0.725386036603744, 51.4212380843074], [0.725941524047698, 51.4210704235298], [0.725104960342252, 51.420960363208], [0.723578890604976, 51.4220760200119]]], [[[0.615520400102073, 51.4250389767383], [0.614604758630815, 51.4243136286919], [0.615212266823857, 51.4251601630947], [0.615520400102073, 51.4250389767383]]], [[[0.72811781521043, 51.4233618365465], [0.725235696509247, 51.4227948061689], [0.727188963939493, 51.4227536901123], [0.728176888566044, 51.4232426395312], [0.729607467870906, 51.4209122513195], [0.725501469765554, 51.4212659348221], [0.72663917836707, 51.4220849128509], [0.72603299574473, 51.4226071768546], [0.725480574506819, 51.4226793847668], [0.724492740308915, 51.4226627777769], [0.72811781521043, 51.4233618365465]]], [[[0.616764817427032, 51.4268447816548], [0.616193773054562, 51.4264637763564], [0.616430865442547, 51.4273426701505], [0.616764817427032, 51.4268447816548]]], [[[0.624313083946886, 51.4274233461926], [0.624551922354578, 51.426798592298], [0.624053887574575, 51.4269346661312], [0.624313083946886, 51.4274233461926]]], [[[0.621191281319442, 51.4280639400851], [0.622144080165061, 51.4277590558456], [0.620529487605564, 51.4278277172273], [0.621191281319442, 51.4280639400851]]], [[[0.636621967698649, 51.429429157828], [0.636734642987458, 51.426313836248], [0.633151989594985, 51.4269565040907], [0.636621967698649, 51.429429157828]]], [[[0.629181824100949, 51.430254434496], [0.630452794403332, 51.4291843438195], [0.629890995036805, 51.4291822884579], [0.629181824100949, 51.430254434496]]], [[[0.638719509396659, 51.4324929408903], [0.639100993837605, 51.4319695440738], [0.637993434461998, 51.432067773245], [0.638719509396659, 51.4324929408903]]], [[[0.640370792261362, 51.4332925494158], [0.640021048665781, 51.4329215145705], [0.639754956750905, 51.4332101841699], [0.640370792261362, 51.4332925494158]]], [[[0.635924244130058, 51.4343743872534], [0.635627382772574, 51.433314299501], [0.635418171455639, 51.434074217803], [0.635924244130058, 51.4343743872534]]], [[[0.63916120246905, 51.4344394343454], [0.638964747286053, 51.4339793234934], [0.638621722730208, 51.4343264736682], [0.63916120246905, 51.4344394343454]]], [[[0.630492279613165, 51.4352437898031], [0.629302562055416, 51.4347173564298], [0.62837808621177, 51.4355097598765], [0.630492279613165, 51.4352437898031]]], [[[0.647270379858109, 51.4368622980492], [0.647420810055242, 51.4354499197829], [0.646771426606328, 51.4366820846924], [0.647270379858109, 51.4368622980492]]], [[[0.670280391429833, 51.4365848801552], [0.669484482739293, 51.4360566268376], [0.670849285472679, 51.4370077653494], [0.670280391429833, 51.4365848801552]]], [[[0.638965366003226, 51.438435951796], [0.639283822216753, 51.4378693640914], [0.638467233354025, 51.4381323787827], [0.638087026507095, 51.4379772469615], [0.637959714450209, 51.4376158602518], [0.638586521269792, 51.4372060237825], [0.637055993002051, 51.4372656453261], [0.638653939127483, 51.438600354516], [0.639410485214584, 51.4386435825391], [0.638965366003226, 51.438435951796]]], [[[0.672908582718476, 51.4380593467165], [0.670834950750948, 51.437085169813], [0.670886861770939, 51.4381524643804], [0.672908582718476, 51.4380593467165]]], [[[0.670956617818824, 51.4383762626014], [0.670696724559543, 51.4382454762332], [0.66999502708547, 51.4387014423987], [0.670956617818824, 51.4383762626014]]], [[[0.639415379709709, 51.4391777080282], [0.640742877376672, 51.4375433062309], [0.637971677508549, 51.4370168693259], [0.638994472552922, 51.4372534124411], [0.638189493228816, 51.4379074870712], [0.639319556819003, 51.4377903129195], [0.639905179922761, 51.438438176098], [0.639415379709709, 51.4391777080282]]], [[[0.636773940665438, 51.4389917964545], [0.638103795392887, 51.4388125796216], [0.635633150373617, 51.4384958954688], [0.636773940665438, 51.4389917964545]]], [[[0.635052359677885, 51.4393908896279], [0.634580900816972, 51.4393104679041], [0.635023714631518, 51.4402757199181], [0.635052359677885, 51.4393908896279]]], [[[0.632733402128328, 51.4394448791235], [0.632875157029612, 51.4397602580516], [0.633516194663382, 51.4399191711553], [0.632733402128328, 51.4394448791235]]], [[[0.627615172609992, 51.4408107239756], [0.628804868602095, 51.4377982107828], [0.626191705715598, 51.4385426795414], [0.626470135761747, 51.438773575815], [0.626604566404693, 51.4392677791578], [0.627487413258711, 51.440290873795], [0.627615172609992, 51.4408107239756]]], [[[0.640119690699822, 51.4406654432343], [0.63969176145977, 51.4412478988214], [0.640237067533751, 51.4411260738069], [0.640119690699822, 51.4406654432343]]], [[[0.633796573098164, 51.4413955998394], [0.634091882848293, 51.4407954602785], [0.632268008751036, 51.4412491544571], [0.633229370381482, 51.4411196385782], [0.633796573098164, 51.4413955998394]]], [[[0.635182279365701, 51.4411752292189], [0.636958231512692, 51.4407720336073], [0.636218651157528, 51.4405416954887], [0.635182279365701, 51.4411752292189]]], [[[0.631741402582149, 51.4418217441052], [0.633776987961573, 51.4415854504729], [0.632861149066837, 51.4412330469591], [0.631741402582149, 51.4418217441052]]], [[[0.645408751162653, 51.4416130649408], [0.646103794909443, 51.4365784372421], [0.645382510496945, 51.4372246469918], [0.644989088697034, 51.4386616615401], [0.645408751162653, 51.4416130649408]]], [[[0.660854811633626, 51.4396349781298], [0.664810536699176, 51.4407374481017], [0.665260602829923, 51.4392802775974], [0.660854811633626, 51.4396349781298]]], [[[0.670577873948142, 51.4420145647398], [0.672262693103818, 51.4403582569074], [0.670842774417488, 51.4403737065664], [0.670577873948142, 51.4420145647398]]], [[[0.650809161818972, 51.4408821507189], [0.658494336182831, 51.4400686632588], [0.650279889439622, 51.4390468534577], [0.650809161818972, 51.4408821507189]]], [[[0.66555982810257, 51.4424589349928], [0.665309547558417, 51.4421399453366], [0.664210552386, 51.4423960692476], [0.66555982810257, 51.4424589349928]]], [[[0.66762128221145, 51.4417675418306], [0.667030067211569, 51.4414758301786], [0.666892229434652, 51.4424494982826], [0.66762128221145, 51.4417675418306]]], [[[0.636551722219511, 51.4428762961744], [0.635917672318732, 51.4421649296444], [0.636372678109755, 51.4432158834259], [0.636551722219511, 51.4428762961744]]], [[[0.661704089693008, 51.4427273173214], [0.661117931332663, 51.4417498562391], [0.660948655672434, 51.4422839786069], [0.661704089693008, 51.4427273173214]]], [[[0.637233861891211, 51.4431980429731], [0.63618122426189, 51.4420332694223], [0.637354318496513, 51.44344275423], [0.637233861891211, 51.4431980429731]]], [[[0.642272395118154, 51.4426305266936], [0.64514038614583, 51.4425697042877], [0.651607609686563, 51.4419011818771], [0.649163640841729, 51.4400803158766], [0.64902543518602, 51.4412090188897], [0.642272395118154, 51.4426305266936]]], [[[0.643253556569101, 51.4439164410801], [0.644095384223935, 51.443590766715], [0.643343309007276, 51.4431031704149], [0.643253556569101, 51.4439164410801]]], [[[0.642669185750953, 51.4441148888602], [0.642783559904864, 51.4430798145672], [0.641487099858065, 51.4429093693388], [0.642669185750953, 51.4441148888602]]], [[[0.660334079353134, 51.4437570859823], [0.660199332683568, 51.4418341111028], [0.658766765732594, 51.4429134987047], [0.660334079353134, 51.4437570859823]]], [[[0.636856589944906, 51.4443959666799], [0.636827317274588, 51.443473225885], [0.636536515955984, 51.4442437042346], [0.636856589944906, 51.4443959666799]]], [[[0.638110135023069, 51.440694162915], [0.641020839525552, 51.4436678407459], [0.642186364262606, 51.4437817560141], [0.638110135023069, 51.440694162915]]], [[[0.647763666941243, 51.4436193194211], [0.648005894627897, 51.4441344140774], [0.649348656220884, 51.4442807173938], [0.64979468248285, 51.4448004666434], [0.649926658321176, 51.4441218633333], [0.647763666941243, 51.4436193194211]]], [[[0.635086849475109, 51.4440796013878], [0.636435962521153, 51.4447292053473], [0.637398159656541, 51.4443858531359], [0.636066637061891, 51.4444739902919], [0.635086849475109, 51.4440796013878]]], [[[0.657538143938637, 51.4477163295754], [0.661211601884388, 51.443737692295], [0.655529088820357, 51.445439576151], [0.657538143938637, 51.4477163295754]]], [[[0.878168494754904, 51.3617547630915], [0.874987653160956, 51.3644704516621], [0.860623093556605, 51.3659740378576], [0.859812833830598, 51.3696364943047], [0.857697887655572, 51.3703977577531], [0.856694825375605, 51.3649258481497], [0.856230749031288, 51.3663315348732], [0.854764926488017, 51.3663726657025], [0.854978758523526, 51.3669691649183], [0.853500034677834, 51.3685639001855], [0.850324134314465, 51.3706056569664], [0.846712893900723, 51.3712609201548], [0.840527961124425, 51.3716465337732], [0.837898985740897, 51.3690172117434], [0.848000847262686, 51.369089973632], [0.850810502434072, 51.3660651378514], [0.846775374061128, 51.3681384029426], [0.845625629057429, 51.3684118834766], [0.845159261472027, 51.3684447987741], [0.844758421953292, 51.3680282082313], [0.843805297447033, 51.3683445646132], [0.843732155505755, 51.3677671123765], [0.85027745008602, 51.3640384121739], [0.806290734031111, 51.372289168192], [0.766770507521718, 51.3698159761484], [0.76549545257829, 51.3773391925915], [0.769012824055197, 51.3781363050174], [0.770322288895362, 51.3791335665072], [0.764272588608148, 51.3882605463511], [0.732677779090826, 51.4002771184954], [0.721659394132739, 51.4144254885753], [0.732452873378976, 51.4089462650106], [0.746879721796758, 51.4153384721156], [0.741069338252217, 51.4151178949294], [0.73543685714915, 51.424373337445], [0.745525667322537, 51.4404861183129], [0.743992966497306, 51.4476740330355], [0.787925107440023, 51.4403306347538], [0.824564032964094, 51.4255363755129], [0.901366781689629, 51.4168258243878], [0.938154209992217, 51.3898120791075], [0.950939865907644, 51.3733722026953], [0.944443273658127, 51.3670264404198], [0.945461818725637, 51.3747511630669], [0.940786536498849, 51.3731084628879], [0.942900785840533, 51.3701339908391], [0.93279049263767, 51.3703390298454], [0.926454278958243, 51.3624448316285], [0.90777060107735, 51.3553999643793], [0.896298313362145, 51.3544866391291], [0.889830436352814, 51.3552787150452], [0.888816073994774, 51.3563870135119], [0.88675131258968, 51.3572698967867], [0.886625748537147, 51.3573062705114], [0.885610613750816, 51.3569256437792], [0.889372491457121, 51.3553472177579], [0.879672635389727, 51.3587663171336], [0.884723535456509, 51.3585367866913], [0.882110923246442, 51.3607183632671], [0.878055341631186, 51.359434771459], [0.878168494754904, 51.3617547630915]]], [[[0.460957537157107, 51.4664381496305], [0.460190865707447, 51.4661017860432], [0.459973141628841, 51.4661709292895], [0.460957537157107, 51.4664381496305]]], [[[-0.684788350101691, 52.196355074003], [-0.6431603115272, 52.1888448610225], [-0.639510057352226, 52.1834349060471], [-0.627446652788111, 52.1815454674071], [-0.628254510983892, 52.1725363408657], [-0.634929311912925, 52.1680667407081], [-0.630687617590423, 52.1550241210245], [-0.640765866741152, 52.1528176271751], [-0.635451654776416, 52.1392536199736], [-0.619360028966447, 52.1330205776833], [-0.607249381411581, 52.1338687508704], [-0.591810331121503, 52.110691887186], [-0.601872296954805, 52.1050274969877], [-0.596751287866456, 52.1016849132557], [-0.603959162445068, 52.0991243417084], [-0.605787514338293, 52.0921221267135], [-0.631357876763902, 52.0809749226478], [-0.64158395416267, 52.0677213437664], [-0.66897597717708, 52.0487168398621], [-0.643057382129525, 52.0372567439817], [-0.640329250663556, 52.0236607940192], [-0.650960161931678, 52.0185469830642], [-0.643460193916601, 52.0109005916404], [-0.661689665376442, 51.9997363844313], [-0.656172710242462, 51.9820259495144], [-0.645680806107934, 51.9722283103994], [-0.652236156246827, 51.9703371449222], [-0.662123638245832, 51.9555476978022], [-0.672076196587977, 51.9559102664276], [-0.670544362220193, 51.9435831562501], [-0.682288535826066, 51.9427627094442], [-0.680283831694643, 51.9354944159954], [-0.691463466785638, 51.9270548909697], [-0.702156753865155, 51.9091191125534], [-0.694459258379398, 51.9007285433299], [-0.673236140138405, 51.9018177455718], [-0.651985919199778, 51.8868522838139], [-0.628424226034585, 51.882120440531], [-0.6200891563295, 51.8854855168653], [-0.60897043800943, 51.8755635854569], [-0.583563578497735, 51.8703238397593], [-0.569247930029894, 51.858070581969], [-0.571440896814221, 51.8550356209162], [-0.563679820599427, 51.8512393916757], [-0.566819518134803, 51.8508083631033], [-0.564052933383221, 51.8470960943747], [-0.537619262375032, 51.8314728021354], [-0.543730170171154, 51.8245761848853], [-0.560656237503438, 51.8300826295858], [-0.558348333792725, 51.824787857353], [-0.575170363479958, 51.8188173250575], [-0.581825667306615, 51.806905442703], [-0.591654826308663, 51.8081357901602], [-0.594832272868406, 51.8140229721821], [-0.611869248475584, 51.8120447773256], [-0.632939595714382, 51.8199461865563], [-0.647770441650684, 51.8136057937896], [-0.667245098413583, 51.8158052615608], [-0.687994469053972, 51.8399308839168], [-0.695449593789591, 51.8411106759714], [-0.686770330064733, 51.8492206300472], [-0.696426502919578, 51.858157339537], [-0.720344220047422, 51.8561540640458], [-0.722599398342159, 51.8500324030414], [-0.731199020266646, 51.8490410653061], [-0.736384766888104, 51.8424005385258], [-0.745744076996121, 51.8421086060003], [-0.744799367137581, 51.8376172287573], [-0.723653476773253, 51.8177730662274], [-0.709295276544129, 51.8205395951875], [-0.701147559853478, 51.8148625876796], [-0.682650033195759, 51.7972095374457], [-0.690190999010661, 51.7923392099107], [-0.681499831599607, 51.7880591379004], [-0.675999393571865, 51.7712571809756], [-0.668800917383832, 51.7657796671239], [-0.643458235998486, 51.7540172713007], [-0.617285805193947, 51.7526497276271], [-0.612935985356938, 51.7474272551457], [-0.586379726976092, 51.7521159494782], [-0.57616979186541, 51.7378222528058], [-0.563699987436117, 51.7396173404019], [-0.56558297032842, 51.7365461530771], [-0.559245255678629, 51.7373319199875], [-0.560646328420069, 51.7340760120264], [-0.550082820807204, 51.7305750644057], [-0.553596792664468, 51.7284108004342], [-0.550413609644404, 51.7230428893424], [-0.561099393103364, 51.7180792827226], [-0.563147920499785, 51.7116821478126], [-0.547668033138723, 51.7031814135517], [-0.543217420102413, 51.6951358591527], [-0.54868869522748, 51.6826545439468], [-0.51089720710158, 51.6798172165229], [-0.505107856324304, 51.6730768926407], [-0.514718484178302, 51.6654528694685], [-0.520994790005152, 51.6680453777499], [-0.522777811384923, 51.6583975681654], [-0.532626076017035, 51.6630071874963], [-0.536891506831177, 51.66062447194], [-0.53666606380537, 51.6523694487526], [-0.530927778365943, 51.6491334736625], [-0.539260817248429, 51.6380393903589], [-0.534130552322406, 51.6371508886176], [-0.530059300191249, 51.6171511222548], [-0.520534550264269, 51.6019076648026], [-0.500595886737316, 51.5996898986458], [-0.476595819817008, 51.5580311852176], [-0.49548974434616, 51.5384292051746], [-0.488973661709899, 51.5290887439157], [-0.492329767424708, 51.5170771624043], [-0.483266374938188, 51.5066408004726], [-0.510241120496709, 51.4675003477871], [-0.458723754309907, 51.4563417400208], [-0.46148169282775, 51.4489923766646], [-0.457461624027761, 51.4490906299151], [-0.456475091199213, 51.4382245454754], [-0.446288585067704, 51.4399964192609], [-0.447716870984933, 51.4350029824266], [-0.439752292782007, 51.4346195966386], [-0.439983256299083, 51.4306264500554], [-0.419078640341703, 51.4323594356569], [-0.405361519526498, 51.4224799819693], [-0.39131707100993, 51.4223154118767], [-0.386641675154269, 51.4200808186377], [-0.389176859552194, 51.4103199377059], [-0.359139332144209, 51.4119031604173], [-0.327586908786079, 51.3917448429442], [-0.317697879461912, 51.3936670793324], [-0.307365443633207, 51.3783835450886], [-0.316670830797393, 51.3731659765519], [-0.319768281986379, 51.3599281916644], [-0.330510146371957, 51.3484194351447], [-0.328222223353321, 51.3264681826619], [-0.30618917299884, 51.3350755647039], [-0.304065646686288, 51.3431716513728], [-0.284071129097295, 51.3651500235484], [-0.260991332915542, 51.379595673917], [-0.245027866580531, 51.3800591554688], [-0.245382434157475, 51.3668892943279], [-0.226944751876078, 51.3626256423043], [-0.21777747301199, 51.3456313934939], [-0.229822682346971, 51.3365228045655], [-0.216085272317037, 51.3297994479429], [-0.197319340394251, 51.3435951598667], [-0.172854635136869, 51.3300134475821], [-0.163076717058335, 51.3302642191945], [-0.164187029319929, 51.3260405183973], [-0.156523624561657, 51.321485286252], [-0.161879752207213, 51.3196257041028], [-0.154315337506222, 51.3103178955937], [-0.155317700345265, 51.3012743937466], [-0.137213219898507, 51.3007415602643], [-0.124301850029936, 51.2867904031611], [-0.0912237418672903, 51.3014752290573], [-0.0789130205771895, 51.3197699387298], [-0.0513072247610965, 51.3224522765565], [-0.0478687395913028, 51.325245055609], [-0.0502771342165054, 51.3326378099393], [-0.0379200854497904, 51.3387247432932], [-0.0221501774469841, 51.3381308553426], [-0.0143165119704134, 51.3297720937777], [-0.00966068479460691, 51.333928422358], [0.00225531192400326, 51.3291348341144], [0.00659758583732605, 51.315684844092], [0.0103537519124359, 51.3161463481737], [0.0150093784679093, 51.2917860691426], [0.0329094179322316, 51.3075209105802], [0.0426202011598456, 51.3013288984705], [0.042396497430127, 51.2926730467214], [0.0815802563673946, 51.2918353217511], [0.0911847888458517, 51.2968273660512], [0.082816241205083, 51.3056336671468], [0.085029299988601, 51.3160232043694], [0.117900333226097, 51.3296471000251], [0.121684470163769, 51.3336363840804], [0.118456303441167, 51.3441477823276], [0.136958108456318, 51.3441746048812], [0.142620096764069, 51.3507349365536], [0.153236329516732, 51.3780364878942], [0.147741030714359, 51.3928010018088], [0.162384150043184, 51.3924903020233], [0.148692037924609, 51.40813072609], [0.153770119500224, 51.4112651350529], [0.149159930322975, 51.4124352225948], [0.154636645664461, 51.4184698757219], [0.151158883829316, 51.4204304345063], [0.155875040956964, 51.4308765823218], [0.164216990841068, 51.4285464649054], [0.172844869107023, 51.4432871508992], [0.200237813875979, 51.4525576929829], [0.2076907381552, 51.4612963496285], [0.210303462920569, 51.4620947328832], [0.211715572043233, 51.4550605817613], [0.215496842400547, 51.4525456425295], [0.209280660900979, 51.4710476732499], [0.218058351758026, 51.4796646294075], [0.274223920638021, 51.4537394196704], [0.29445521498272, 51.4557853811702], [0.310556852165748, 51.4667736915245], [0.32966473976027, 51.4503643331427], [0.326755117740703, 51.4510301833586], [0.32527351028782, 51.4502414182699], [0.400418368045904, 51.4430525448167], [0.44025483488637, 51.4474249637674], [0.459501321581725, 51.4546950826712], [0.454345031858931, 51.4634198858872], [0.467729303920621, 51.4642956271311], [0.465717065334445, 51.4667615493631], [0.458357992094654, 51.4664716533304], [0.459361607077199, 51.4701177186499], [0.468461923525824, 51.4826582319848], [0.480251409056377, 51.486867971961], [0.546869632472182, 51.4870540405332], [0.553689219675156, 51.4813920714566], [0.574348738952312, 51.4842937565305], [0.581936120498693, 51.4793996317523], [0.585684265916591, 51.4844017999093], [0.615242150910657, 51.4751109764723], [0.659953033847257, 51.4776694089549], [0.669695224968251, 51.4749994384693], [0.67039382112389, 51.4702623766719], [0.67356259563486, 51.4674542304524], [0.690283421546067, 51.4593783869854], [0.671291247529641, 51.4721774181378], [0.68606194818209, 51.4750867746991], [0.70303413374921, 51.4713478397824], [0.720507730715131, 51.4597628204917], [0.723281146477545, 51.4435687446651], [0.710336835188912, 51.4348306730385], [0.677839495660246, 51.4331777815026], [0.6734770312016, 51.4347729560908], [0.676742631766894, 51.4387001024738], [0.669038503356537, 51.4437682685684], [0.672101349942031, 51.4479674598768], [0.663364715593236, 51.4436294654822], [0.659299515042572, 51.4489762513395], [0.645063245738859, 51.4437078890237], [0.635931545263238, 51.4462165287526], [0.628254350871346, 51.4425003072787], [0.625425197766857, 51.4385122384326], [0.626847445828273, 51.4375603087227], [0.618998377363623, 51.4374609738847], [0.61805405850406, 51.431149052188], [0.605211274930445, 51.4205483810843], [0.613761001789415, 51.4229668102891], [0.618055814050308, 51.4279033134862], [0.617350756357686, 51.428430177628], [0.623750538591582, 51.4241157646907], [0.622681039076685, 51.424272896475], [0.62161381123011, 51.4231302645131], [0.622840757623532, 51.4228039525913], [0.610877332774769, 51.4174016986591], [0.576555860090718, 51.415762613729], [0.563548610624482, 51.4095514162756], [0.532457405934914, 51.4126752003933], [0.522933173747119, 51.3997732661697], [0.517458569412456, 51.4010239488821], [0.515754365455664, 51.40016070159], [0.522992894173797, 51.3980254918915], [0.519009524348248, 51.3869860838951], [0.506698716674631, 51.3972439619225], [0.493454655597032, 51.3935881436891], [0.497651955358556, 51.3918278449729], [0.491905484672994, 51.3916715318253], [0.490003279301189, 51.382060058699], [0.469532360060127, 51.3768577766574], [0.448593348180749, 51.365165958384], [0.449940019103787, 51.356083396588], [0.455918541805074, 51.3521058842788], [0.448008117614994, 51.3474040254103], [0.457178034993531, 51.3356399062518], [0.451182137521284, 51.3338498799129], [0.450460293672523, 51.329906187325], [0.455088609113283, 51.3285141204459], [0.458969343771762, 51.3306988754726], [0.455205500614914, 51.3271174761326], [0.455893495757502, 51.3251556486845], [0.45993700087318, 51.3256630558424], [0.456307408600729, 51.3185929943014], [0.457546174734962, 51.3129371853962], [0.462413367809224, 51.3044668532794], [0.463560118630496, 51.303355589831], [0.469085904213665, 51.3015222169318], [0.478875522179232, 51.3031324325074], [0.482883215521004, 51.3003241600079], [0.485838102798679, 51.2994128882512], [0.492677918900178, 51.3008639993949], [0.498736743672433, 51.2965121384254], [0.502169247718947, 51.2955547223707], [0.506199981117121, 51.2956633662702], [0.49263866134819, 51.3011543588602], [0.486052091587454, 51.2997091837154], [0.479798764382158, 51.3034780173597], [0.463692240491544, 51.3038132912661], [0.456949570804886, 51.318510533017], [0.464520759444424, 51.3187664887648], [0.458331798683132, 51.3211639650323], [0.460978004347336, 51.3255828926946], [0.456569951278538, 51.3273889641713], [0.46015549790653, 51.3308527452845], [0.451328819950527, 51.3305251990198], [0.458205632677548, 51.3359194389457], [0.449652606104166, 51.348071492739], [0.457682928537847, 51.3521367714889], [0.450260423815539, 51.3642233861568], [0.491626127726987, 51.3802906480426], [0.505385796295144, 51.3934769113512], [0.509620239908452, 51.3935024754419], [0.513614208008358, 51.3843210341352], [0.522582468802749, 51.385099999581], [0.537244211952267, 51.410256778143], [0.548385126762776, 51.4074223453378], [0.560969312344262, 51.3947901963908], [0.592904325863311, 51.3902573397739], [0.594640844355998, 51.3865400945035], [0.597823927051517, 51.3892108203948], [0.602097565642982, 51.390635013924], [0.596689284562307, 51.3869008961139], [0.611834874014948, 51.3789245694814], [0.621961589701791, 51.3825993897892], [0.619609325176722, 51.3881603527568], [0.621944621664424, 51.3868366022451], [0.634544988918393, 51.3890677769309], [0.623220328287741, 51.3779168636153], [0.628548000088345, 51.3730975551723], [0.630114019474616, 51.3807281097554], [0.641043855145732, 51.3875762760744], [0.639961701560053, 51.3950668152854], [0.64801143353794, 51.3975551413444], [0.657472754254319, 51.3926884848896], [0.660921416002634, 51.3832493285581], [0.661727880352647, 51.3832418001108], [0.661225223982347, 51.3840509759384], [0.661863820725788, 51.3850240041124], [0.662311312006446, 51.3852401235923], [0.663095671449117, 51.3823816625321], [0.666892266393583, 51.3830074350697], [0.671615328724811, 51.3772720213719], [0.670153030221715, 51.3748404068422], [0.670097242347924, 51.3732924777085], [0.670594507447755, 51.3732393217735], [0.682524643127771, 51.3803630787861], [0.686534775707668, 51.3914379554012], [0.702866187016948, 51.3924986466199], [0.694751942775481, 51.3848425546128], [0.695247180191065, 51.3797911902905], [0.719199123522616, 51.3881130109312], [0.705971515884109, 51.3945733167907], [0.706924508582142, 51.3977693758708], [0.701949968823399, 51.3960860036822], [0.704542691360937, 51.3985366094569], [0.695884986877498, 51.4072127840858], [0.698641748607062, 51.4095813176095], [0.700825078492236, 51.4083778095119], [0.702284327220064, 51.4090022634555], [0.702203880019769, 51.4082234374678], [0.704996762361242, 51.4071534750721], [0.705505859399238, 51.4084081721612], [0.703192816979124, 51.4080936020056], [0.702963528748517, 51.4092042556616], [0.699778359361526, 51.4106146341259], [0.698920115216782, 51.410376273677], [0.699248426032098, 51.4107005915054], [0.69883910154984, 51.411051790578], [0.699388105613043, 51.4112406125279], [0.696422191866881, 51.4189778890319], [0.698653417088683, 51.4207150812222], [0.696772510859965, 51.4204570743835], [0.69906773820518, 51.4213870153287], [0.708882475857727, 51.4191023112082], [0.705097892911278, 51.4185898207056], [0.709051509360255, 51.4184094628413], [0.708149819627982, 51.4175855834009], [0.710977358167508, 51.4170938978882], [0.709385088549495, 51.4183585807234], [0.72232371830887, 51.4173680199134], [0.723551740075784, 51.4176039140398], [0.723459121770139, 51.4185621331248], [0.722502439538985, 51.4185115082367], [0.722676924647857, 51.4191963985247], [0.728378151518057, 51.4203427707603], [0.723639035923126, 51.4187333360994], [0.723771344317285, 51.4175718284648], [0.726696492265869, 51.4171278595356], [0.72936671944721, 51.4158344192634], [0.720136959180162, 51.416925020537], [0.716210768230846, 51.4131018758325], [0.726436540736452, 51.399018430407], [0.763713093073722, 51.3819561009814], [0.75912442432429, 51.3763608747889], [0.764455067880188, 51.3630298177624], [0.756978662419856, 51.3609297277071], [0.752907847820483, 51.3511859121327], [0.743659935119268, 51.3491543287124], [0.742037095039109, 51.3459315336049], [0.738413595735074, 51.3472322606483], [0.7345547452421, 51.3458082781837], [0.743990403090709, 51.3448916141985], [0.745070163472853, 51.3490187667662], [0.754420106299519, 51.3503899416146], [0.760310434295975, 51.3606977000923], [0.76835009974394, 51.3624215256796], [0.814414134217285, 51.3581904599562], [0.809154478708917, 51.3515239993838], [0.813984223356286, 51.3492855376237], [0.811708683100949, 51.3465275036011], [0.816451967577866, 51.3462940399751], [0.814293471398826, 51.3501662788214], [0.811186894012517, 51.3520769439442], [0.817193491172903, 51.3563534185496], [0.866160998023522, 51.3558517463274], [0.897166985701846, 51.3441910254166], [0.892584025759278, 51.3350330690905], [0.884859059749251, 51.332995770343], [0.880049708617376, 51.3287043466832], [0.892253768519251, 51.3340794643388], [0.894603232587443, 51.3363386129282], [0.898973211997265, 51.3339425185214], [0.909780548898391, 51.3348931975111], [0.915284709702458, 51.3294521105866], [0.914808158141429, 51.3268969681455], [0.911221474233582, 51.3268881638172], [0.892952830612791, 51.3197765287138], [0.893672259545988, 51.3207845416697], [0.888236806387383, 51.3172041702499], [0.902510528612724, 51.3202823967673], [0.902931458810092, 51.3224214266901], [0.915512121050174, 51.3268146810714], [0.917102844757399, 51.3282402512307], [0.909987278947709, 51.3354367164507], [0.896710985084403, 51.335926713035], [0.896773053539145, 51.3414380735568], [1.00143975861525, 51.348313517498], [1.02825809739144, 51.3631939043013], [1.02521070584869, 51.3645154742562], [1.20264715836251, 51.3801715697976], [1.25107055481597, 51.3771303623329], [1.27856272400631, 51.3779443391245], [1.29009171009044, 51.3827675310709], [1.31444460202554, 51.3802984652406], [1.33491985505625, 51.3863531947491], [1.37691676559564, 51.3878430572591], [1.38444688193304, 51.3925984148799], [1.42496071272327, 51.3937782745162], [1.44193716364767, 51.387167075383], [1.44949858486144, 51.3747606929819], [1.44220008665533, 51.3501290923188], [1.42384934800707, 51.3311240252236], [1.42506379911253, 51.3294738399244], [1.42275104319848, 51.3274415830147], [1.42469149683926, 51.3260072065138], [1.42249715669712, 51.3274062810405], [1.42359110225289, 51.3312772826583], [1.41457013988833, 51.3274916632579], [1.42220686594357, 51.3237213582104], [1.37775484991453, 51.3292604021662], [1.36427622333871, 51.3219830486456], [1.3643804724525, 51.3138200472568], [1.3578256131382, 51.3145764446102], [1.34837922575844, 51.3017717727008], [1.34603353101099, 51.3019549176399], [1.34606685496447, 51.3051148447263], [1.34541662235618, 51.3079881956573], [1.34341013108377, 51.310458577699], [1.33943139922299, 51.3129072024919], [1.31387053644714, 51.320555182752], [1.31031547892913, 51.3169474595933], [1.29085181546389, 51.3213942489063], [1.28482925006733, 51.3215265168167], [1.2755042442906, 51.3202169237849], [1.2681284898938, 51.3223382407066], [1.2579530446092, 51.3234182125511], [1.250836315331, 51.3294705295065], [1.23189495356972, 51.3323967500947], [1.23040690841322, 51.3316750419041], [1.23218889734296, 51.3289937891466], [1.23030593904652, 51.3286571666701], [1.22778576573659, 51.3268116476846], [1.2296788506281, 51.3251780622267], [1.2268302655797, 51.3255415487395], [1.2241482990401, 51.32527271557], [1.2205860101995, 51.3239978524731], [1.2157529434811, 51.3206972427804], [1.21465790420787, 51.3218084915866], [1.21071784878053, 51.3239571595313], [1.20565072671292, 51.3238404347569], [1.20237402012183, 51.3232306477688], [1.19883905445029, 51.3212008843935], [1.19924119181922, 51.3197563532097], [1.19643601524956, 51.3192937559911], [1.19309092372851, 51.3176230199574], [1.19404575248481, 51.3169315855763], [1.18984960324591, 51.3165959111246], [1.18782862113341, 51.3144436173206], [1.18409278317699, 51.3151712992751], [1.17852194540916, 51.3140996442805], [1.17771534070296, 51.3137326998305], [1.17782070813343, 51.3116862203903], [1.1744822448759, 51.3123686575626], [1.17216268257147, 51.3120735428234], [1.1706542590413, 51.3103253437882], [1.16619552880287, 51.3082036237528], [1.16315515133328, 51.3094209854291], [1.15950930022377, 51.3061536498737], [1.16508951224603, 51.3052979041156], [1.15909739019469, 51.3015189679849], [1.15712645727379, 51.3021828285706], [1.1425214079341, 51.2999860041238], [1.14169064656883, 51.2995028118702], [1.14118153746068, 51.2979024215379], [1.14042870041633, 51.2976006193686], [1.13958808221713, 51.2976235874731], [1.13832343581775, 51.2984760408208], [1.13687355582011, 51.2988432336682], [1.12557066230345, 51.2957953116617], [1.12508133200946, 51.2962265484782], [1.12185500291871, 51.2965362940121], [1.12158441936862, 51.2960655380951], [1.11937937818244, 51.2974391101586], [1.11744452132052, 51.2970454469294], [1.12380870504633, 51.2953679915232], [1.14045169377279, 51.2974695000917], [1.14150987932299, 51.2980118400375], [1.14267962333985, 51.2999286851455], [1.15916436029885, 51.3013947424366], [1.16426271829018, 51.3031926387237], [1.16572741336573, 51.3056779543918], [1.16589112792005, 51.307805292153], [1.17095566534406, 51.3102425229394], [1.17187636981125, 51.3117305039602], [1.17779035449964, 51.3115170425847], [1.18425480821968, 51.3149824998311], [1.18804967440915, 51.3142783909218], [1.19000818432875, 51.3164404781879], [1.19419137297755, 51.3167900393604], [1.19948318388431, 51.3196901445839], [1.20288933151196, 51.3230033770535], [1.21537693880782, 51.3201775004252], [1.22997240417302, 51.3250142641869], [1.22811618854257, 51.3268556094759], [1.23240514580546, 51.3288263861983], [1.23259437563671, 51.3322767012478], [1.25473604214921, 51.3248225741511], [1.25027394914664, 51.3258343200852], [1.24799772473468, 51.3256006529619], [1.23551318142995, 51.3238688066961], [1.22846165035011, 51.3213995927119], [1.25028679663105, 51.3257521102321], [1.25731168379674, 51.3232917961925], [1.27506967175211, 51.3201013540086], [1.2897312718924, 51.3213223023364], [1.30937245605821, 51.3167641578905], [1.32523397279322, 51.3168182779009], [1.33973610861823, 51.3125378067056], [1.34567859358382, 51.3022043376625], [1.34011160416412, 51.2936589104968], [1.33446993056244, 51.29346544392], [1.33114297974178, 51.2906434193056], [1.32812940541629, 51.2868969145255], [1.32820050831824, 51.2861743814308], [1.3321678600207, 51.2808739977686], [1.33345138724663, 51.2806166106266], [1.33650564330883, 51.281819013826], [1.33857534177788, 51.2777272956092], [1.34217002161246, 51.2757643123262], [1.34835754002752, 51.2738518379771], [1.35197352932931, 51.2751281453004], [1.35224178866855, 51.2774741101875], [1.35613746291583, 51.2775458318007], [1.35693296458306, 51.2777715425857], [1.35701033758944, 51.2784232633895], [1.35099961168223, 51.2807367645931], [1.3498235227821, 51.2883043386194], [1.35298422040616, 51.2870337377784], [1.3548919886313, 51.2885279925058], [1.35454986890032, 51.2896396950241], [1.34697681274065, 51.2929016824797], [1.35051125301916, 51.2970998705638], [1.35473406132389, 51.2958148140296], [1.35614396669856, 51.2962590301229], [1.35626515629213, 51.2971176377453], [1.35523968473207, 51.2987870256987], [1.35026006762671, 51.2993441280101], [1.34926886429413, 51.3015745008028], [1.35920880980713, 51.3114353362319], [1.36640179062466, 51.3090805513278], [1.36366778205186, 51.3117745153747], [1.36856612351223, 51.3109317758514], [1.36433974749386, 51.3121649778671], [1.36775284633396, 51.3170181181723], [1.40401969333527, 51.2344799873991], [1.40211478893757, 51.1670110608107], [1.37676755723596, 51.1408039150092], [1.3436445196204, 51.1313983169992], [1.34333310890626, 51.1217827769599], [1.33849758732542, 51.1274329086775], [1.31338893633045, 51.1197118376507], [1.32171479066159, 51.1183134164983], [1.32286992627052, 51.1141327147487], [1.3109668025027, 51.1192264855167], [1.31744654382939, 51.112742293786], [1.32746786012166, 51.1113692749732], [1.30230314325098, 51.1133731490808], [1.26766086924805, 51.101742487331], [1.21554987517528, 51.0971603569751], [1.20570726847904, 51.092711386726], [1.19931904755588, 51.0831867353593], [1.18550583066265, 51.0794221395592], [1.19466325170509, 51.0759904160211], [1.07556290758433, 51.0635373726011], [1.039366611064, 51.0504182031573], [1.00680237057585, 51.0316267415012], [0.977214801984823, 51.0026051985995], [0.964351562365999, 50.9680639284752], [0.96665680805647, 50.9507202423338], [0.982282223290713, 50.9211522075022], [0.976740055292528, 50.9116597086452], [0.936384610628702, 50.9127548682516], [0.793382236840789, 50.9329858852674], [0.772008514930815, 50.9312500094122], [0.763449361740641, 50.9407884933366], [0.737974615993168, 50.9515186316248], [0.739580956948169, 50.9530232487279], [0.738953115159053, 50.9571140928521], [0.748352965891602, 50.9638523250566], [0.750227210865858, 50.9697113707055], [0.738377673738304, 50.956918913482], [0.737477219657736, 50.9514749746099], [0.739368432838072, 50.9501880444699], [0.728261742215914, 50.9497449188216], [0.731431070919074, 50.9461665040309], [0.739327503752981, 50.9497730993143], [0.751316987776586, 50.9410888834223], [0.763398412143379, 50.9395191432803], [0.774905803197715, 50.9273356672682], [0.729731338646439, 50.9134192560575], [0.666022512948801, 50.8720402534859], [0.592103900767234, 50.8534288676174], [0.519692843214495, 50.8478248550165], [0.481063637290303, 50.8376524256103], [0.412950603298113, 50.8301438939302], [0.363594590382688, 50.8161248467237], [0.348583220898529, 50.8088534550695], [0.332815353784696, 50.789079684784], [0.329572943678832, 50.7927429959713], [0.327225330222153, 50.7896745166527], [0.334054622240758, 50.7881811828191], [0.302882742627838, 50.7751713683407], [0.270488509270826, 50.7512952653566], [0.260460833626141, 50.7386350665557], [0.241002691099017, 50.7344309271925], [0.207161792783703, 50.7390513175636], [0.148939334951743, 50.7590558328119], [0.150250393918116, 50.7664290293558], [0.146081006130646, 50.7741677662185], [0.142125317000297, 50.7769086127898], [0.147956264845027, 50.7855299725167], [0.147438479972834, 50.7878475915324], [0.144532851865762, 50.790327585007], [0.154149484915053, 50.7917185248785], [0.157331351432019, 50.7939809720122], [0.158420725666193, 50.7965897587242], [0.156368832805388, 50.7971798677165], [0.156825396889409, 50.7980950928584], [0.15642210468897, 50.7990889313559], [0.153358654063695, 50.8005883189724], [0.159121196843729, 50.8057397216956], [0.159550058990275, 50.8067725415016], [0.158782967529065, 50.8080215879606], [0.162095571651054, 50.8110271055556], [0.162982672354824, 50.8137414389075], [0.164234089748783, 50.8143441921505], [0.16474754269294, 50.8157621562824], [0.163631387720559, 50.8152273205964], [0.1640445869779, 50.8143261232027], [0.16284699831614, 50.8137853262287], [0.162112248066865, 50.8112345527354], [0.158683703962249, 50.8081160611076], [0.158871935246285, 50.8058254598013], [0.153212902984421, 50.8005667268024], [0.157101572824832, 50.79404847406], [0.14421904568985, 50.7902915332705], [0.147735927057033, 50.785402900345], [0.141676148479517, 50.7771057333883], [0.149935685130092, 50.7661183911537], [0.148526087119178, 50.758797555424], [0.121967265897583, 50.7583042969194], [0.0777430181566907, 50.7790459713403], [0.0583360841416422, 50.7821441041508], [0.0445139912640325, 50.808621931389], [0.0268030320060863, 50.8168504426807], [0.0285140464556321, 50.82190750662], [0.0270755130510128, 50.8342568057238], [0.0304742528820447, 50.8360352908382], [0.0332568205357003, 50.8415037203982], [0.0339295558594001, 50.8450688598928], [0.0376809001696506, 50.8453502156934], [0.0488974845540159, 50.8541439770162], [0.0384495862804917, 50.8472776205655], [0.0308252210023208, 50.8560444331236], [0.0211529376160927, 50.8624116602619], [0.0239145534262037, 50.8660856678587], [0.0241067566071071, 50.8700652273104], [0.0230225405626955, 50.8716930468499], [-0.00237556952462774, 50.8870185731345], [1.16874291134256e-05, 50.8891118805698], [0.011312370370031, 50.8864949845142], [0.0157972066794199, 50.8875281523465], [0.0162380550220431, 50.8890619633116], [0.0100341138021629, 50.8954484267184], [0.0188802570350002, 50.8969497017796], [0.0212956199859392, 50.8991029896377], [0.0216589124881525, 50.8998502785114], [0.0215157172772257, 50.9008163141208], [0.0200804516452595, 50.9020636942251], [0.0241914031692349, 50.9041509675215], [0.024865186375576, 50.9049025759255], [0.0298244310346652, 50.9037785847159], [0.0328388045776305, 50.9042468700985], [0.0344735166273991, 50.9054649203491], [0.0344402664295652, 50.9073784564209], [0.0331848631283022, 50.9103970190684], [0.0318978722350102, 50.9119223562439], [0.0300572309645215, 50.9130643735259], [0.0327520392735539, 50.915294684679], [0.0340089798171523, 50.9151088407132], [0.0355665045681326, 50.9152651688376], [0.036350785377184, 50.9144915278925], [0.0385711204119628, 50.9138304260111], [0.039880955628542, 50.9140338017545], [0.0405646455718683, 50.9134278943657], [0.0415556661423114, 50.91325644288], [0.0424853847463463, 50.9134543458586], [0.0371554147002388, 50.9156187895155], [0.0328350558718374, 50.9154695152863], [0.0299086941021034, 50.9132144522467], [0.0326466354517096, 50.9043086749022], [0.0249892935411837, 50.9050749005197], [0.019813684985018, 50.9019136189778], [0.0192529908890396, 50.8975116089711], [0.0113642988370214, 50.8969472410078], [0.00918190298810671, 50.8950855445617], [-0.000670074249635753, 50.8891955095046], [-0.00278891589280201, 50.8874323756104], [0.000887746432944165, 50.8833566784728], [0.00576934648229472, 50.8798512678661], [0.0233689773030077, 50.8706995426129], [0.0204230122216532, 50.8627849437785], [0.0374640301213884, 50.8481070466777], [0.0378896430249839, 50.8459680317802], [0.0336031755728534, 50.8453380613592], [0.0260630114235212, 50.8335539106452], [0.0263791510132149, 50.8152539642728], [0.0439030129273602, 50.8083473571622], [0.0463193506668058, 50.7969184795034], [0.0482063187283913, 50.795322987113], [0.0516707503877586, 50.7948038329703], [0.0572549312392098, 50.7816750962942], [0.0523037110588428, 50.7807166439406], [0.0585466994181282, 50.7758967876138], [-0.0920798695739559, 50.8117790799313], [-0.0945157877761539, 50.8090799103016], [-0.0955936831047944, 50.8085814508223], [-0.0970195303986155, 50.8084021739286], [-0.106169550929735, 50.8095392432998], [-0.0935350957796168, 50.8104572470926], [-0.107810219230371, 50.8115770097055], [-0.10636729678486, 50.8082653573779], [-0.108161791653867, 50.8104050857003], [-0.107541369681074, 50.8127202352863], [-0.15697259502524, 50.821800369121], [-0.230231507101978, 50.8287699487314], [-0.246523433157619, 50.8257375341306], [-0.238154387433501, 50.8305008018795], [-0.279222616156944, 50.8321597282222], [-0.287664112307283, 50.8405506952358], [-0.287350423047764, 50.8461994118], [-0.292181236152346, 50.8480638438905], [-0.290337289655498, 50.8510142759579], [-0.295347441022238, 50.8540709102052], [-0.293046480871185, 50.8559987349249], [-0.292666536997554, 50.8584630196492], [-0.296004955372892, 50.8605143422923], [-0.301791694791417, 50.8616179669373], [-0.298430733875921, 50.8655314874807], [-0.298167328044325, 50.8681222216339], [-0.299101730373964, 50.8688849822228], [-0.300651274417048, 50.8693428234775], [-0.301178719323435, 50.8710592297931], [-0.303456979529384, 50.8721967366853], [-0.302680952468734, 50.875523774671], [-0.304153151959301, 50.8774151445389], [-0.30307441374029, 50.8798614772081], [-0.304765843738753, 50.881199967917], [-0.306476095616993, 50.8819668229523], [-0.307495419803673, 50.8876254626073], [-0.309527728561685, 50.8887373420621], [-0.303512042878486, 50.8955978535707], [-0.303464700365437, 50.899319627652], [-0.29934571954489, 50.898851328674], [-0.29404557067125, 50.8988082002934], [-0.292774587163969, 50.8992249084681], [-0.291875813382957, 50.9010278069195], [-0.291667386285191, 50.9044264272679], [-0.292335360639412, 50.9080947153225], [-0.295368330581453, 50.9106197638909], [-0.299004027010624, 50.9120927404985], [-0.300031911895812, 50.9181031474142], [-0.310208495069765, 50.9278481778285], [-0.292796683607387, 50.9439900528347], [-0.293142306830852, 50.947134982083], [-0.290319535698772, 50.9487306372522], [-0.28526766876472, 50.9492491642341], [-0.279250993552803, 50.9504075320359], [-0.274034361386797, 50.9526943853465], [-0.274617631664549, 50.9552603459946], [-0.291859527972056, 50.9482718417956], [-0.297982468670558, 50.9430138647943], [-0.301049972955021, 50.9373265216794], [-0.309195395982344, 50.9468400409754], [-0.313282333983856, 50.947923910893], [-0.319287257649779, 50.9468649804304], [-0.31949962247509, 50.9491597105522], [-0.32123451701771, 50.9480457071358], [-0.319455425600564, 50.9467691028306], [-0.317909394970502, 50.9465049320309], [-0.309365680287206, 50.9467962798259], [-0.301541850493458, 50.9373426681705], [-0.309354510883628, 50.9315073568418], [-0.310417415641973, 50.9275805000582], [-0.299160416086894, 50.9119742368948], [-0.292520455957047, 50.9079381484302], [-0.293067294677628, 50.8992318851303], [-0.303780384773011, 50.8993870768948], [-0.309740682766289, 50.8888090440056], [-0.303763493218256, 50.8721319417388], [-0.300995196214523, 50.869186848474], [-0.298720021112122, 50.8682435926985], [-0.302198076208403, 50.8613055139729], [-0.293208056198844, 50.8585794877785], [-0.296119987105929, 50.8542444288752], [-0.291194578625243, 50.8508957958134], [-0.29516530321184, 50.849205551701], [-0.288385104013675, 50.8458326415862], [-0.289728531570434, 50.8398491703131], [-0.280311438186576, 50.8313626117697], [-0.286513871090466, 50.829839956131], [-0.283942401498304, 50.8291203919999], [-0.27535484066506, 50.8294342060219], [-0.266890498141785, 50.8310353089765], [-0.251398495937816, 50.8303133158856], [-0.248330803037906, 50.824939121518], [-0.290564133967248, 50.8250652601849], [-0.3999479797897, 50.8057317014581], [-0.541825818945314, 50.8013904795123], [-0.544524165903684, 50.8078175134501], [-0.552705401378646, 50.8116060800735], [-0.559376500068252, 50.8123069982336], [-0.561930222986065, 50.8189291040705], [-0.565994309589752, 50.8193237986247], [-0.571089455293733, 50.8163910169145], [-0.572368084331701, 50.823057152182], [-0.575623420906706, 50.8258641924158], [-0.566551801184522, 50.8290877586979], [-0.566372354316908, 50.8303619825884], [-0.570616527255695, 50.8345971980817], [-0.563174281218042, 50.8378028580256], [-0.563408787737377, 50.8390986470684], [-0.564572067936612, 50.840069872157], [-0.564158835590727, 50.841271709045], [-0.565220574447287, 50.8437049133198], [-0.56052008374889, 50.8512865917302], [-0.546794460605954, 50.8510778462629], [-0.541895613674226, 50.8525978666483], [-0.538778805243496, 50.8557776938182], [-0.538991628418344, 50.8581995990089], [-0.540977608499856, 50.8592237662379], [-0.546336616252676, 50.8603318200828], [-0.544214601072613, 50.8660727843235], [-0.532589186779033, 50.863881586905], [-0.525431247382624, 50.8668158680749], [-0.531200724726231, 50.8733097272671], [-0.540460567934422, 50.8744929826427], [-0.541521378276495, 50.8777572569577], [-0.539134024916401, 50.8799172285513], [-0.540094964797026, 50.8816828106934], [-0.555255599675033, 50.8820197786376], [-0.56079408348022, 50.8877396844096], [-0.558827210269396, 50.8898776210737], [-0.5485331784604, 50.8929387623526], [-0.543412689681058, 50.8963907850635], [-0.543491668520697, 50.8981702942092], [-0.54562833875112, 50.8994845487912], [-0.555030313325801, 50.9033909458159], [-0.551156193434144, 50.9132896992956], [-0.542448227128637, 50.9133678413667], [-0.540266842064711, 50.914131300582], [-0.539195249704633, 50.9155035711286], [-0.537488856346964, 50.9158628691663], [-0.536099196011943, 50.91687493469], [-0.544711193586078, 50.920209668783], [-0.547172888603431, 50.9293050370988], [-0.543039337291618, 50.9301123732377], [-0.534502283659428, 50.9330200163042], [-0.529140664771116, 50.9381823299976], [-0.522934029119482, 50.9352713390016], [-0.51323085039228, 50.9350128488543], [-0.511121279384198, 50.9364226172272], [-0.511413185830195, 50.9381468941542], [-0.513527091619912, 50.9419168270113], [-0.506226578673745, 50.9431600484507], [-0.502727712235944, 50.9456836699681], [-0.501829801962596, 50.9517763009727], [-0.500534613634889, 50.9513659728774], [-0.500031346703329, 50.9513788506629], [-0.496756769798208, 50.9530390819208], [-0.494177915285406, 50.9518768058862], [-0.491984463092366, 50.9517408616467], [-0.488973442651392, 50.9529055374043], [-0.487471671541749, 50.9523706298197], [-0.487002870378262, 50.9525229305961], [-0.485550684819019, 50.9519922372019], [-0.486912418276971, 50.9525768873189], [-0.488982557116401, 50.9529387236995], [-0.494231073578369, 50.9519160143769], [-0.495183884580073, 50.9526312409391], [-0.495966870262809, 50.9529422721376], [-0.49649853855405, 50.9530555453231], [-0.496982559778565, 50.9530572737915], [-0.500498875190478, 50.9514102999154], [-0.504792862472196, 50.9562245606574], [-0.509045878360255, 50.9565918841458], [-0.519991955777672, 50.9563056364765], [-0.529014966569514, 50.9525630721482], [-0.532144056166013, 50.954114177919], [-0.534004829791137, 50.9542544630831], [-0.534947390718543, 50.9571962216385], [-0.527409339885743, 50.9614387481895], [-0.526725531523464, 50.9637422325977], [-0.530541382678505, 50.9670997449155], [-0.526584455086916, 50.9740615317335], [-0.529653168272888, 50.9778936319146], [-0.529200334104991, 50.9789062681486], [-0.528093406814015, 50.9791249540336], [-0.524823682678537, 50.9805054949765], [-0.523109687218709, 50.9819642353365], [-0.52326672009663, 50.9822520636036], [-0.524836113892119, 50.9805912627069], [-0.529099152962786, 50.9790570296114], [-0.529558380462933, 50.9785453728903], [-0.529834912204324, 50.9774680030261], [-0.529116995108999, 50.9750504381532], [-0.526688522163252, 50.9740156762517], [-0.53096437935755, 50.9671446359959], [-0.526903545677693, 50.9638907049762], [-0.535424747456747, 50.9571851229138], [-0.535668137391233, 50.9549695950272], [-0.532498500991124, 50.9533069008061], [-0.535614165364966, 50.9533987348584], [-0.528708002921598, 50.9517563959222], [-0.519450128197809, 50.9562391593847], [-0.51251613406949, 50.9540698696422], [-0.505527438242579, 50.9537844303774], [-0.502837620184389, 50.946161712622], [-0.513770592808909, 50.9420611172957], [-0.512651318095917, 50.9357127751001], [-0.52902425167518, 50.9384523638931], [-0.547360062592135, 50.9296005409436], [-0.545483017965028, 50.920201118198], [-0.537115840960681, 50.9164338777632], [-0.539669194835844, 50.915628478102], [-0.542728982024516, 50.9136217385047], [-0.549631944015912, 50.9141135417468], [-0.551374862320709, 50.9134997945766], [-0.551986232039457, 50.9128220960106], [-0.555446084620618, 50.9032743235467], [-0.543652719386629, 50.8974341538058], [-0.549000581020204, 50.8929156264961], [-0.559102652009473, 50.8900285062106], [-0.561264442371577, 50.8877521358373], [-0.555446532953074, 50.8817618809733], [-0.539804889295565, 50.8810210689576], [-0.542007343593423, 50.8768972913531], [-0.536489464534605, 50.8679212273828], [-0.544866441125725, 50.8663156348896], [-0.547067826212517, 50.8602356921571], [-0.539314435911067, 50.8573258722253], [-0.546076240729557, 50.8515608541573], [-0.551984810111035, 50.8540185948657], [-0.561301164135878, 50.8511109612914], [-0.565716227784736, 50.8440320750143], [-0.565764104150338, 50.8402428194898], [-0.563679866242934, 50.8378963211995], [-0.571363116628784, 50.8343779103296], [-0.567023278094961, 50.8294805270023], [-0.576960881234361, 50.8254929017159], [-0.572801026681248, 50.8167321054818], [-0.570160622588896, 50.8158472775729], [-0.562937883430884, 50.81875443252], [-0.560815898395034, 50.8126333398406], [-0.546468536584685, 50.8074238355652], [-0.54199157629365, 50.8002481377133], [-0.702167962459985, 50.7774462756161], [-0.728372272730872, 50.7710843673852], [-0.75256751671053, 50.7580497215476], [-0.749820849857364, 50.7615601920318], [-0.756722953992448, 50.7673658700349], [-0.755430800851673, 50.7720113782664], [-0.76237264071786, 50.7730258985971], [-0.76685751709845, 50.7727574843904], [-0.767878787320796, 50.7703934328574], [-0.763487605191733, 50.7676732850882], [-0.781225190435682, 50.7685983934889], [-0.779336458540048, 50.766384906297], [-0.777717019365799, 50.7673519899571], [-0.775525781554653, 50.765969104849], [-0.780421572845233, 50.7654057433163], [-0.786848656450131, 50.759866071389], [-0.774695522982027, 50.7634034352937], [-0.77276021117533, 50.7636867606463], [-0.771840431792818, 50.7635213903705], [-0.774175822093681, 50.7634469465684], [-0.776349491218516, 50.7625548627171], [-0.776671765542545, 50.761644442261], [-0.76704148658927, 50.7592754660495], [-0.761753841792852, 50.7511830187997], [-0.748346319694256, 50.7580724149949], [-0.786425506860192, 50.7224393966613], [-0.818662984750182, 50.7388339014976], [-0.817698037353085, 50.7395330977769], [-0.821732849992517, 50.7426930308569], [-0.821365821888899, 50.7431826586054], [-0.811513122512204, 50.7400632334476], [-0.807077407218371, 50.7414001301885], [-0.806688375474275, 50.7464112511316], [-0.817618075237605, 50.7431385359291], [-0.81874728320602, 50.749603112922], [-0.823937761823904, 50.7521696969312], [-0.819745024828724, 50.7544156158011], [-0.816825111517925, 50.7583928638749], [-0.821058539139874, 50.7575967155318], [-0.824107842544846, 50.7641375646695], [-0.828184646242702, 50.7607798959264], [-0.82114486249575, 50.7545096755671], [-0.82747640659439, 50.7559224250471], [-0.824886599318002, 50.751443416552], [-0.834622153819788, 50.7503651986378], [-0.833701003880971, 50.749674461079], [-0.825100410476318, 50.7498966471034], [-0.823543745033973, 50.7437628255586], [-0.91666549346018, 50.7809842703667], [-0.915505931402036, 50.7889007764288], [-0.908045255728969, 50.7870352090719], [-0.915316978373429, 50.7806790118225], [-0.90515740849759, 50.7820801356639], [-0.901412495895266, 50.7899346044511], [-0.894475258210311, 50.7902227042735], [-0.889003331028842, 50.8023051089727], [-0.877927307098574, 50.8076548915523], [-0.844578742256673, 50.7992943131775], [-0.825463625323449, 50.8043970261754], [-0.824696377485188, 50.8102124710705], [-0.814408980455265, 50.814260708518], [-0.816878933258826, 50.8193744849589], [-0.807741341682832, 50.8305084986403], [-0.811970249437949, 50.8339411193985], [-0.820142504066496, 50.8247905877713], [-0.819760476620158, 50.8168596446986], [-0.842721720413136, 50.8046336316371], [-0.856898643964933, 50.8074496874853], [-0.847992171679399, 50.8106589025024], [-0.852708832786609, 50.8125495170473], [-0.868758523708859, 50.813897842596], [-0.862929966194862, 50.8235431034738], [-0.85118778589647, 50.8276462791173], [-0.861226095342326, 50.8280079949458], [-0.858412877092022, 50.8396774814405], [-0.869928957490676, 50.840068329984], [-0.86857217066406, 50.8341694673704], [-0.874214309208052, 50.8326478761373], [-0.865361933609206, 50.8271712122007], [-0.871407867288241, 50.8239484829502], [-0.876674499747795, 50.8114770423821], [-0.892171590313472, 50.818431007308], [-0.896777588223452, 50.8288919871668], [-0.89362870241283, 50.8377414359815], [-0.912823141718543, 50.8399897832755], [-0.917366504874406, 50.8366171601068], [-0.907522081381499, 50.8221054186984], [-0.911100847248797, 50.8055717510456], [-0.907591163784577, 50.8037792242595], [-0.911480710081624, 50.8031948107864], [-0.907703735846839, 50.7985168109649], [-0.927528705735763, 50.8117207480841], [-0.942626670545669, 50.815380752547], [-0.938542066636171, 50.8178198436155], [-0.941448320658396, 50.8274440583774], [-0.93308118319075, 50.8428895198871], [-0.929810945258333, 50.8418466401248], [-0.932477907919786, 50.8460494372293], [-0.933609667286025, 50.8463126129055], [-0.932218003046931, 50.844926545161], [-0.932261619086497, 50.8433670684849], [-0.958979388272503, 50.8392435863601], [-0.974511987318041, 50.8421858705343], [-0.981241864553387, 50.8349371515615], [-0.998764274939229, 50.8415991967952], [-1.00092810357066, 50.8513074743435], [-1.00262305839497, 50.843132087277], [-1.01310645919958, 50.8443831362753], [-1.02162460753861, 50.8425272323848], [-1.02409160304347, 50.8263771763303], [-1.03489129553374, 50.8293590927403], [-1.03631095415884, 50.8354257471024], [-1.04408322351968, 50.8321690188723], [-1.07470393928532, 50.8372559284267], [-1.08041062739541, 50.8366737907398], [-1.08918302374052, 50.8285746143625], [-1.08802506235038, 50.8313663628562], [-1.10630712763256, 50.8378939304292], [-1.10252479476442, 50.8458272107388], [-1.10560523958982, 50.8467881588831], [-1.11538116410641, 50.8456200465706], [-1.11223822862476, 50.8378166675367], [-1.11890952857625, 50.8355015676562], [-1.15259958545894, 50.8411647831593], [-1.15447325733152, 50.8449009773799], [-1.1710299126643, 50.8399533597428], [-1.17679968106027, 50.8479523938542], [-1.16641324181074, 50.8501468798482], [-1.16648920555813, 50.852411724012], [-1.16887869309516, 50.8549480059936], [-1.17051045626422, 50.8561108819728], [-1.17188835182203, 50.8566054005612], [-1.16728104049539, 50.8528335215706], [-1.17940276517172, 50.8483864987995], [-1.1754990181474, 50.8420266712891], [-1.17950837687769, 50.8373127854982], [-1.15251059273251, 50.8358149243601], [-1.15028253210931, 50.8267293634386], [-1.15688171937881, 50.8246830107297], [-1.15717431621596, 50.8233933728519], [-1.14576702222162, 50.8259619564832], [-1.14248909089491, 50.8171387775566], [-1.12380413784356, 50.8061605549554], [-1.13710560093048, 50.8022907481479], [-1.12379058141792, 50.8040931819132], [-1.12414216697822, 50.7988905940743], [-1.11656886055828, 50.7957032179473], [-1.12100892988228, 50.7900918592564], [-1.13621643171759, 50.7903628558292], [-1.13193376662022, 50.7872945556182], [-1.14014936145698, 50.78507697167], [-1.1406658655818, 50.783446207526], [-1.11194867548652, 50.7895261347378], [-1.1412111051162, 50.7732831048747], [-1.16126885415623, 50.78445139071], [-1.19111975370614, 50.7904708961158], [-1.2155631884626, 50.8100805722732], [-1.30668481382519, 50.8404379584351], [-1.30813991638045, 50.8430177959433], [-1.30797190438803, 50.8457555365072], [-1.30316821551389, 50.8484639638033], [-1.30854258381312, 50.8604029152137], [-1.30527982992193, 50.8743200348072], [-1.2963185711309, 50.8792487503068], [-1.30206300409101, 50.8836685262648], [-1.28768355469991, 50.8917005718947], [-1.28790974956959, 50.8946790363576], [-1.28755920852989, 50.8951283853998], [-1.26364986292746, 50.8972298877372], [-1.2591603548577, 50.9025228608992], [-1.2561924260979, 50.9024336257139], [-1.2547982116865, 50.904392023353], [-1.25157596182095, 50.8990679327113], [-1.24851197069907, 50.9032802294732], [-1.25246207177704, 50.9045515486768], [-1.25501163065089, 50.9045534601949], [-1.25709687194235, 50.9025523150232], [-1.26193351380752, 50.9037963803097], [-1.2620825409555, 50.9042441066224], [-1.26138627026306, 50.9040557869159], [-1.26019821058377, 50.9043483722999], [-1.25892683588458, 50.9050416718821], [-1.26029306280908, 50.9043759499086], [-1.26205820007543, 50.9044074413985], [-1.26235144211084, 50.9041575464809], [-1.26558751775885, 50.908402572317], [-1.26866896285746, 50.9096403886459], [-1.26798535321262, 50.9102779179715], [-1.26894835741882, 50.9128458252581], [-1.26837694008863, 50.9130913521669], [-1.26823163130885, 50.9137946720343], [-1.26769464713257, 50.9139933796203], [-1.26777447459376, 50.9156784181069], [-1.27068815191764, 50.9112733244604], [-1.26100053802651, 50.9028611761504], [-1.26264726417034, 50.8998458635373], [-1.29607395308485, 50.8940927587876], [-1.29283161435027, 50.8922191056973], [-1.30502547402259, 50.8828821097593], [-1.30348983790461, 50.8812767738845], [-1.30093572218883, 50.8801097890931], [-1.30064715583259, 50.879635555609], [-1.31439852463146, 50.8730855560388], [-1.31694085070509, 50.8761197370381], [-1.31643150463088, 50.8731672239067], [-1.30952032342911, 50.8689955005254], [-1.31670617371705, 50.8530886519931], [-1.3102020906785, 50.850786093881], [-1.31305644273888, 50.8488454609974], [-1.38410150797505, 50.8906804986347], [-1.38487443276622, 50.9039957736048], [-1.37170355542735, 50.9119596815782], [-1.38766215250591, 50.916932836021], [-1.37691358116992, 50.9218478372419], [-1.38021605146476, 50.9320924001743], [-1.37336720045104, 50.936772841135], [-1.38025625235389, 50.9341505861493], [-1.38006325016852, 50.9211722181634], [-1.39099309921863, 50.916184816391], [-1.37627533653745, 50.9106890580505], [-1.38796442062754, 50.9069045627515], [-1.38718422043986, 50.8974304015692], [-1.39285346494319, 50.8949328068323], [-1.38838912297918, 50.8941913385199], [-1.39267646446102, 50.8884266352847], [-1.39640634263076, 50.8925493862662], [-1.39325416408114, 50.8830286917102], [-1.3993825053399, 50.8882213457899], [-1.39902102115988, 50.8945676655918], [-1.40077758743726, 50.890295039292], [-1.40349568748786, 50.8955562028794], [-1.44298926299162, 50.9112008143575], [-1.44113836883786, 50.907861239584], [-1.44705578373211, 50.9037918213686], [-1.46676306922394, 50.9109382666392], [-1.47652254866277, 50.923290804162], [-1.47552688702335, 50.9282010776598], [-1.4796479362937, 50.9345793681008], [-1.47720433512126, 50.9257978527056], [-1.47917860534945, 50.9282768081755], [-1.48201257922305, 50.9279306635882], [-1.48088346119366, 50.9283842287587], [-1.4811999622315, 50.9287129470572], [-1.48257223277966, 50.9287882876917], [-1.48194305873559, 50.9288106693818], [-1.48160171284828, 50.9289251477335], [-1.48083325675131, 50.9295727464741], [-1.48091289109002, 50.9297052834764], [-1.48327159794239, 50.9301383877829], [-1.48351182142427, 50.9319630219276], [-1.48599883834405, 50.9333941944878], [-1.48158392221263, 50.9270664251111], [-1.47896125947697, 50.9267139231188], [-1.48167838172759, 50.9261190901496], [-1.48269010073959, 50.92482960009], [-1.48288309972303, 50.9261568184078], [-1.48606699251249, 50.9266585352197], [-1.48710588044978, 50.9299555088379], [-1.48773088884006, 50.9284979605686], [-1.48509298380851, 50.9249769391138], [-1.47777798854823, 50.9238728759155], [-1.48381745311191, 50.9223365968986], [-1.47682320860078, 50.921225648625], [-1.47405353855196, 50.9116983407793], [-1.47899335997122, 50.9165394462378], [-1.47838305998479, 50.9125461381367], [-1.48134320075559, 50.9117738944929], [-1.48494213682472, 50.9095664601804], [-1.49079329069971, 50.9158266904494], [-1.4912388403464, 50.9119021057377], [-1.48535062318465, 50.909412688347], [-1.48653360435737, 50.9092546849212], [-1.48659328254023, 50.9091955952005], [-1.48645383745102, 50.908943182327], [-1.48739160827552, 50.9084473161043], [-1.48775957390344, 50.9075775438308], [-1.47825761408536, 50.9119363098061], [-1.45908927798035, 50.9006774524848], [-1.44199568651786, 50.9020400044925], [-1.44411490110731, 50.899254523766], [-1.42664529200389, 50.8967596906435], [-1.43106043914794, 50.8944767975346], [-1.42416239951175, 50.8945481971933], [-1.39749329078853, 50.8746975133548], [-1.40075478897391, 50.8719121545319], [-1.37916735623027, 50.8600785221872], [-1.38380202825697, 50.8599754849895], [-1.38253223583093, 50.8581617248701], [-1.38109621159654, 50.8589944319651], [-1.38164517822253, 50.8578764463336], [-1.37885818565904, 50.8591762833942], [-1.37699793882679, 50.8586195917139], [-1.38149706147627, 50.8575267518963], [-1.38092594729138, 50.8566105298812], [-1.3776245147407, 50.8584048805564], [-1.37328957889225, 50.856557924006], [-1.37931177339185, 50.8560385460908], [-1.37824347839952, 50.8546412555981], [-1.36374580909387, 50.8517063391305], [-1.36096898781487, 50.850170022578], [-1.36440738315771, 50.8482842652119], [-1.36284989118092, 50.8471336873755], [-1.36060050271254, 50.8501599025505], [-1.35747232564426, 50.8495023830533], [-1.36190321429395, 50.8474958373188], [-1.36056297638246, 50.8428735109879], [-1.35170916471115, 50.8464929557489], [-1.35419789997796, 50.844368840524], [-1.3534245637033, 50.8420525628983], [-1.3504011300718, 50.8465328645246], [-1.3402695638494, 50.8426908436802], [-1.33962416986155, 50.8417254257594], [-1.34278011438664, 50.8403000137299], [-1.34243751831981, 50.8396659011635], [-1.334898385298, 50.8373182170854], [-1.34024909895782, 50.8354764675727], [-1.33941730184018, 50.8266433108005], [-1.32410414705385, 50.8261933640423], [-1.32597952615599, 50.8164859453405], [-1.31733277615819, 50.8178923121632], [-1.31147465935612, 50.8134290763347], [-1.30701591077455, 50.8199077218386], [-1.30849741896285, 50.8148948437344], [-1.32761066111544, 50.8031237606358], [-1.34192114628932, 50.7859952268374], [-1.40772749627651, 50.7854541915374], [-1.40504982112559, 50.7913597079429], [-1.41196367574203, 50.8047162672059], [-1.41989385489733, 50.8002471366735], [-1.41912026649636, 50.8070246582058], [-1.42984494566641, 50.8112470295246], [-1.43601579525769, 50.8099186405629], [-1.4381412379625, 50.815423395793], [-1.44862178053405, 50.8201771540304], [-1.43994734039568, 50.810293412407], [-1.42032940465944, 50.8056503093882], [-1.42290990959594, 50.7999644708643], [-1.41212029846524, 50.7999203588903], [-1.41299348339367, 50.7839716325789], [-1.39235567313289, 50.7769107086376], [-1.40175021375622, 50.7747148106019], [-1.40695211773051, 50.772375457788], [-1.41038471341999, 50.7693911325654], [-1.39339665145379, 50.7753792834938], [-1.39744941502633, 50.7735009308623], [-1.4191447353073, 50.7664733560448], [-1.46218605599958, 50.7607818245475], [-1.46485897159599, 50.7648346292932], [-1.46556573971055, 50.7596328882575], [-1.5021510413492, 50.753975469676], [-1.51959208297886, 50.7541250313201], [-1.5353512296314, 50.7594626208638], [-1.53347872753306, 50.7614517072412], [-1.53497194696823, 50.7638910897745], [-1.53661828202854, 50.7588459948684], [-1.5284802662224, 50.7545604746874], [-1.52592501802229, 50.7445679408482], [-1.54182787009535, 50.7397990004353], [-1.53329915120708, 50.7414173085378], [-1.53094249804781, 50.7370351197573], [-1.55858692620692, 50.7207624253084], [-1.58047794495873, 50.7182727064671], [-1.55188186344852, 50.7067788216408], [-1.55503903068778, 50.7143007359398], [-1.54793437186478, 50.7083257230761], [-1.55332079257576, 50.7060772362808], [-1.58440127850737, 50.7191731962115], [-1.64024667746498, 50.732069733807], [-1.69253547260995, 50.7373979518472], [-1.68181880176013, 50.751850044785], [-1.74416871755885, 50.7474553878365], [-1.74465615100658, 50.7560727428087], [-1.73895962345847, 50.7632705325318], [-1.74875861609301, 50.7794491584214], [-1.77011733009873, 50.7725488311536], [-1.77606489327831, 50.766352846398], [-1.78827683003831, 50.7668695229858], [-1.78786824551276, 50.7788551157719], [-1.80596719919514, 50.7920207950158], [-1.80086788601507, 50.7941183010713], [-1.80479720417789, 50.7956843295947], [-1.80137345969877, 50.7997145033997], [-1.81206789190466, 50.8065478844459], [-1.80287359929401, 50.8135120023341], [-1.80727369861198, 50.8162998772227], [-1.80175630048349, 50.8209758293368], [-1.8036350079783, 50.8300239589019], [-1.79443681480999, 50.8310295978743], [-1.79665510382449, 50.8332214416555], [-1.79061492044422, 50.8363141185068], [-1.80335858531726, 50.8444766238506], [-1.79994285659937, 50.8484492024429], [-1.80549765664633, 50.8519909457727], [-1.80802778450622, 50.8644598688691], [-1.82951847980606, 50.8553189306476], [-1.85094373356272, 50.8587249568276], [-1.85353883472863, 50.863460109718], [-1.84527230912128, 50.8779976483047], [-1.84797723552525, 50.8823391331597], [-1.84404328098034, 50.8868294002315], [-1.84855553218411, 50.8898873561065], [-1.83986988005767, 50.8978900114317], [-1.82495317235721, 50.8957706140675], [-1.8165419268142, 50.9039481448891], [-1.82040716507336, 50.9121059188026], [-1.8106580896691, 50.927203382462], [-1.84184002606343, 50.9316803733843], [-1.87364432144964, 50.9172258888636], [-1.9091834909372, 50.9453266220774], [-1.92098608590854, 50.9614955072735], [-1.95546558071481, 50.9782663317828], [-1.95683008078171, 50.9898002876488], [-1.94993597428249, 50.9823105862036], [-1.92787590068259, 50.9976972344344], [-1.88674132171074, 50.9995277353679], [-1.87448162937032, 51.0063305721162], [-1.87391116606953, 50.9845006387859], [-1.85367968480751, 51.0044694617494], [-1.83581730052681, 51.0094733410558], [-1.81542176154033, 50.9859226497394], [-1.80758352883346, 50.9920455127531], [-1.80031396441254, 50.9913947995553], [-1.75440191299908, 50.9778920948413], [-1.71957103083064, 50.9767862616202], [-1.68929909408825, 50.9546374578365], [-1.66165999760679, 50.9452778916326], [-1.64637611512953, 50.9494654489152], [-1.63496498191182, 50.9592422023824], [-1.6233992105681, 50.954637271241], [-1.60292975190204, 50.9785041787189], [-1.61973084457042, 50.9830349737378], [-1.62880469880737, 50.9990945293125], [-1.61723097131332, 51.0041820413101], [-1.60607793189018, 51.0018978050281], [-1.6149102782794, 51.0066386133966], [-1.60910357724982, 51.0098542887939], [-1.59757614725212, 51.0080271227843], [-1.60531807272462, 51.0170391185279], [-1.59939671455144, 51.0237293750411], [-1.61945709662409, 51.0330594495547], [-1.63237574994688, 51.032779708019], [-1.63497677895496, 51.0408468091911], [-1.62780726975054, 51.0781558152831], [-1.63731479886634, 51.092202331828], [-1.62710192526472, 51.1027573341416], [-1.63079543039735, 51.1128864833621], [-1.6263412733448, 51.1173368726114], [-1.64065952476035, 51.1254125340399], [-1.66297542061049, 51.1271919933478], [-1.65404004725731, 51.1562528472999], [-1.67227119754693, 51.1785463705247], [-1.66882042147437, 51.1907592185769], [-1.69409695143106, 51.2040432388922], [-1.68978806224739, 51.2147685862798], [-1.65349635758962, 51.2204676453189], [-1.63362097701599, 51.2175905577841], [-1.61941475035327, 51.2412049882368], [-1.61039319584532, 51.2429796318858], [-1.60759078945477, 51.2527924061638], [-1.57757201593558, 51.2555795581159], [-1.54599458392582, 51.2452905286963], [-1.53602175216297, 51.2485550446692], [-1.5298179468057, 51.2608018456309], [-1.54059897066636, 51.2608311895023], [-1.535903157707, 51.277314473257], [-1.54256597225392, 51.2813267148508], [-1.53445641522733, 51.2871210648081], [-1.5227771840447, 51.2870633235997], [-1.52421757725432, 51.2931632256437], [-1.51942047349176, 51.2960815235808], [-1.52799920772543, 51.2998286107947], [-1.52522501856312, 51.3070668975567], [-1.53356185391502, 51.3162235794285], [-1.52750793808987, 51.3384441165574], [-1.51622806154012, 51.3393521212024], [-1.49828689474575, 51.3293617167329], [-1.48561782031052, 51.3476506886645], [-1.50063304963128, 51.3563211266337], [-1.49537262165059, 51.3696578977458], [-1.51352770508985, 51.3720509802695], [-1.51690141979573, 51.3787711449644], [-1.52758009975913, 51.3787769165375], [-1.53763966202054, 51.3883106821983], [-1.55559663765941, 51.3955386531602], [-1.55292234102159, 51.4100374211089], [-1.56222439427088, 51.4081734511714], [-1.56345703122758, 51.4132531003447], [-1.57096980348612, 51.4152945956558], [-1.56511865145832, 51.422043433161], [-1.52663254004296, 51.4239161751968], [-1.53202897978539, 51.4295018557357], [-1.52402343880987, 51.4474724278157], [-1.52907203495841, 51.4555077462164], [-1.54839018913458, 51.4606558348025], [-1.58222195262179, 51.4940291809756], [-1.58806442469911, 51.5131485932431], [-1.58469504578326, 51.5249220601573], [-1.60282488305727, 51.5183097246359], [-1.61372143593795, 51.5365110195415], [-1.63413177355139, 51.553265517361], [-1.64768626504516, 51.5719347085607], [-1.65504259728401, 51.5764933599863], [-1.67654765821201, 51.5693909366413], [-1.69111065938545, 51.5835237268059], [-1.68475642339567, 51.5903268866521], [-1.69059536080077, 51.6054112334679], [-1.68108234930918, 51.6136560309587], [-1.66698974337017, 51.6162194507483], [-1.67372908103647, 51.622836342486], [-1.65992419135007, 51.6350159242163], [-1.69188577119606, 51.6521617504399], [-1.69061583148848, 51.6637561372969], [-1.70021189280661, 51.670883073928], [-1.69644358159275, 51.682147591169], [-1.68133803531036, 51.690397048532], [-1.66845860139018, 51.6804375689642], [-1.64825374342062, 51.6840870658459], [-1.65743813962788, 51.6964513211231], [-1.68800012551327, 51.7120447475636], [-1.69581834766911, 51.723772915203], [-1.68550782018289, 51.7306341682843], [-1.6870208353919, 51.7398840228322], [-1.69486551241876, 51.748575012994], [-1.70070464063817, 51.7705842299967], [-1.71948863302901, 51.7832118276915], [-1.68375295466747, 51.8013375241318], [-1.67685963544216, 51.8170246741067], [-1.68112008394852, 51.8160526636066], [-1.68646159226861, 51.8344557908918], [-1.67638499897572, 51.8503096854222], [-1.68686790516724, 51.8654997690631], [-1.66711188278055, 51.8770000576877], [-1.66895716387556, 51.8815043774707], [-1.6586519744456, 51.896551192631], [-1.64488272263789, 51.8946007643952], [-1.63305061648252, 51.8992254665565], [-1.63484112597183, 51.9128831119397], [-1.6448892968022, 51.9137157984115], [-1.64118208193421, 51.9215618306361], [-1.64552984349675, 51.9222942559287], [-1.61518893058729, 51.9376816289697], [-1.63249065036283, 51.9556514579195], [-1.65536694409537, 51.9575034676202], [-1.65237458389309, 51.9615118623224], [-1.66252911046192, 51.9640049466649], [-1.66894325930551, 51.9752727366586], [-1.66575430454863, 51.9874888210715], [-1.63831467408256, 51.9751718369391], [-1.61234247849955, 51.955403416263], [-1.5916338243768, 51.9704499705292], [-1.60030155963125, 51.9769415553217], [-1.58057305586184, 51.9729959908424], [-1.54954673594339, 51.9808463142775], [-1.55722360987893, 51.9916576647463], [-1.54174159477537, 51.9964320593799], [-1.52538806764694, 51.9928211894945], [-1.49735329861192, 52.058954541848], [-1.50185527404318, 52.0716266297433], [-1.4906652806865, 52.0771353198176], [-1.49435496612554, 52.0822274591345], [-1.48560745557967, 52.0877334385848], [-1.48780444309778, 52.093957432128], [-1.48006671913531, 52.0935584784034], [-1.47730164801721, 52.1013509440553], [-1.46755929874001, 52.0970564711678], [-1.44718785165916, 52.097625032042], [-1.4534689049737, 52.112990888413], [-1.42496248099698, 52.1182774974294], [-1.40389417532836, 52.1100898588922], [-1.38539981246728, 52.0941455721548], [-1.35776965526573, 52.10131042365], [-1.37084214071868, 52.1175341825775], [-1.39330253064253, 52.1189629040259], [-1.38546286731994, 52.1284031599991], [-1.36614709694777, 52.1360752375012], [-1.34870798028103, 52.1351321985152], [-1.34993649836799, 52.141591801212], [-1.34104036067521, 52.1448563441117], [-1.34345868249695, 52.1532350087389], [-1.33400533044645, 52.1590808603135], [-1.3318971346503, 52.1684850552835], [-1.27682955803015, 52.1170764121788], [-1.24879743807663, 52.0990785879928], [-1.24795234966775, 52.0957548064752], [-1.27166878436765, 52.0979399002611], [-1.32126112703333, 52.0865430075576], [-1.31815993117564, 52.0799212567645], [-1.29750881413832, 52.078056693896], [-1.30690320754818, 52.0703135403279], [-1.30006694932791, 52.0693633731008], [-1.30770457510563, 52.0642603216393], [-1.31292004347286, 52.0514526625255], [-1.29750731518557, 52.0427802538749], [-1.29206888687489, 52.032788312558], [-1.29431272330077, 52.0280357029498], [-1.28531659980946, 52.0264773074783], [-1.27816401885651, 52.0142726684525], [-1.28452102411918, 52.0108219634969], [-1.27706599557563, 52.0053594549642], [-1.2834150014834, 51.9994590088566], [-1.28299500012452, 51.9915127669271], [-1.28882904917296, 51.9897442604017], [-1.28269238868885, 51.9792472686717], [-1.24161223468245, 51.9862933629289], [-1.19625975033443, 51.9774314422917], [-1.17605459021517, 51.9820454247069], [-1.16382348465592, 51.9934122258321], [-1.13432869833779, 51.9972963869661], [-1.11808639729751, 52.0154261711703], [-1.1366628007224, 52.0222925580059], [-1.12220272555819, 52.04495379494], [-1.08327537226131, 52.0523610918057], [-1.06206502018462, 52.0627354070484], [-1.05295894974226, 52.059660412825], [-1.04004871367694, 52.0659243082123], [-1.02640491077933, 52.0644170276332], [-1.02980217712759, 52.0701882492239], [-1.04206410377149, 52.0739350792693], [-0.967805300661276, 52.0709109272462], [-0.951872932630787, 52.0815336213379], [-0.940055794165603, 52.0758419446064], [-0.94439062513629, 52.0700320748176], [-0.939316084838664, 52.0621597882973], [-0.933744232825951, 52.0626364573007], [-0.9378800409838, 52.0612019000316], [-0.930207238809054, 52.0431269416399], [-0.906030231113269, 52.0212211082569], [-0.890117418394569, 52.0315336010724], [-0.877557824518293, 52.0299049686966], [-0.867734173262596, 52.0462209348997], [-0.859422789604718, 52.0446022383552], [-0.852444893892155, 52.0508408941915], [-0.862678645822757, 52.0609340378429], [-0.839594622604854, 52.063795932375], [-0.831313005313099, 52.0720063376628], [-0.846712543491745, 52.0915087025577], [-0.869530890831007, 52.1000376594131], [-0.865270163728431, 52.1029376742696], [-0.871472753510848, 52.1117797310542], [-0.887033141552335, 52.1142149331636], [-0.880758452631504, 52.1262921514354], [-0.828204674516664, 52.1326105518988], [-0.831966629471785, 52.1436835078038], [-0.814018926401135, 52.1424745134984], [-0.807587882658753, 52.1569790134712], [-0.80195676837323, 52.1586788059723], [-0.792091270533438, 52.1513294595377], [-0.777975100575612, 52.1687324920773], [-0.76533176234871, 52.1710991317795], [-0.762047571674838, 52.1634464282375], [-0.749734768722189, 52.1668767675297], [-0.701671512157467, 52.1933084337914], [-0.684788350101691, 52.196355074003]]]]}}, {"type": "Feature", "properties": {"Region": "South West", "LabelPoint": [51.03544667398355, -2.914468116845123]}, "geometry": {"type": "MultiPolygon", "coordinates": [[[[-6.39897599853618, 49.8649044120471], [-6.40049589876232, 49.8647926358421], [-6.39952208436791, 49.8652665385156], [-6.39897599853618, 49.8649044120471]]], [[[-6.39844526734666, 49.8664047913116], [-6.3983480976157, 49.866034643049], [-6.39877742731877, 49.8663130252965], [-6.39844526734666, 49.8664047913116]]], [[[-6.38603226853428, 49.8668990532466], [-6.38555097136591, 49.8665203980329], [-6.38621838114593, 49.8665500108492], [-6.38603226853428, 49.8668990532466]]], [[[-6.39786714579564, 49.8666272953305], [-6.39793105483676, 49.8663904117886], [-6.39799176404155, 49.866399486806], [-6.39786714579564, 49.8666272953305]]], [[[-6.38930611482776, 49.8679759876525], [-6.38719202559627, 49.866947269224], [-6.38917386010167, 49.8670169220848], [-6.38930611482776, 49.8679759876525]]], [[[-6.39833962040314, 49.8679384150536], [-6.39843545772213, 49.8670117083685], [-6.39918577561773, 49.8669926364076], [-6.39833962040314, 49.8679384150536]]], [[[-6.39957346042203, 49.8688585805654], [-6.39929349451131, 49.8677418945119], [-6.40017386543986, 49.8687829321275], [-6.39957346042203, 49.8688585805654]]], [[[-6.40020776992932, 49.8708638908001], [-6.40074351386343, 49.8693023497876], [-6.40276550709582, 49.8702550461956], [-6.40020776992932, 49.8708638908001]]], [[[-6.40224301835354, 49.8724018041933], [-6.40231946517614, 49.8717506455712], [-6.40295765141573, 49.8720537231658], [-6.40224301835354, 49.8724018041933]]], [[[-6.36903530493327, 49.8754932754563], [-6.37039820978601, 49.8746513041983], [-6.36966013772418, 49.8757219133767], [-6.36903530493327, 49.8754932754563]]], [[[-6.41811979844599, 49.8777062546239], [-6.41866722959945, 49.8775909599622], [-6.41831955034584, 49.8778342946593], [-6.41811979844599, 49.8777062546239]]], [[[-6.41743793141182, 49.8782718344558], [-6.41733242672871, 49.8780149048756], [-6.41775571816138, 49.8781181573827], [-6.41743793141182, 49.8782718344558]]], [[[-6.41116960701748, 49.878876628887], [-6.41143419672563, 49.8785991082143], [-6.41158644107245, 49.8788375239082], [-6.41116960701748, 49.878876628887]]], [[[-6.41723239943624, 49.878686232125], [-6.41743744705335, 49.8783716463946], [-6.41788703144943, 49.8785294156612], [-6.41723239943624, 49.878686232125]]], [[[-6.41237655824357, 49.87979066769], [-6.41166030478506, 49.8791356178512], [-6.41268443424943, 49.8792826620292], [-6.41237655824357, 49.87979066769]]], [[[-6.37009212371798, 49.8902579701202], [-6.36968968077171, 49.8899940342909], [-6.37019889081405, 49.8900586728331], [-6.37009212371798, 49.8902579701202]]], [[[-6.35331573721754, 49.8951622063981], [-6.35494672373645, 49.8950513781768], [-6.35401032830329, 49.8963301887238], [-6.35331573721754, 49.8951622063981]]], [[[-6.35524267772191, 49.8972673414104], [-6.35614690364634, 49.8971613487577], [-6.35580144354473, 49.897640423617], [-6.35524267772191, 49.8972673414104]]], [[[-6.35614369663639, 49.8978210437042], [-6.35640979182001, 49.8974654993332], [-6.35687246406455, 49.8977918161351], [-6.35614369663639, 49.8978210437042]]], [[[-6.34913096395701, 49.8981976731511], [-6.33746978608076, 49.8941006676167], [-6.3382274090923, 49.8975895185282], [-6.33485771293161, 49.8986594161993], [-6.32697204755164, 49.8925820561903], [-6.32935433194627, 49.8886910562242], [-6.33841520588927, 49.8933673721284], [-6.33575650819759, 49.8867997224002], [-6.34131057683169, 49.8825627943075], [-6.34593492670882, 49.8900183814013], [-6.35282464092219, 49.8883567828709], [-6.34913096395701, 49.8981976731511]]], [[[-6.37854850635957, 49.8959266193929], [-6.3682800298708, 49.8963001470714], [-6.36570936411199, 49.893106423287], [-6.37854850635957, 49.8959266193929]]], [[[-6.3742731581278, 49.8995024046154], [-6.37434318021933, 49.8992208834392], [-6.37476100111855, 49.8992949611146], [-6.3742731581278, 49.8995024046154]]], [[[-6.37480995772079, 49.8996908398861], [-6.37500888222525, 49.8993924024463], [-6.3756345122507, 49.8999802516802], [-6.37480995772079, 49.8996908398861]]], [[[-6.2803988621879, 49.9135159950597], [-6.2807655207045, 49.9130669524955], [-6.28078230664472, 49.9134495034635], [-6.2803988621879, 49.9135159950597]]], [[[-6.36090158359714, 49.9322060379364], [-6.36288858070502, 49.9315397027514], [-6.36175722425219, 49.9327224278438], [-6.36090158359714, 49.9322060379364]]], [[[-5.22563992158212, 49.9720412228563], [-5.22557646663723, 49.9717182200632], [-5.22587143496911, 49.9719781033995], [-5.22563992158212, 49.9720412228563]]], [[[-5.22557778382162, 49.972217481232], [-5.22584532824293, 49.972129968706], [-5.22587335151702, 49.9722569371389], [-5.22557778382162, 49.972217481232]]], [[[-6.29902393918753, 49.9374693435017], [-6.27637029831054, 49.9287133361408], [-6.28146255391791, 49.9278344473206], [-6.27576536904852, 49.9228961776381], [-6.27913318553028, 49.9150385171897], [-6.28654108359846, 49.9166296819454], [-6.2833161833705, 49.911678879596], [-6.28786534639778, 49.9100232370766], [-6.30292895979492, 49.9115809477154], [-6.30014092813419, 49.90602654984], [-6.30389907722299, 49.9029803502503], [-6.31281239193537, 49.9132262200001], [-6.32256464981191, 49.9077132229447], [-6.32722164321723, 49.9115894175838], [-6.32185514698881, 49.9172185727632], [-6.30891509958046, 49.9166771345446], [-6.31382638972629, 49.927615463003], [-6.29902393918753, 49.9374693435017]]], [[[-5.22641334119138, 49.9724238925711], [-5.22580898517893, 49.9714616510611], [-5.22646397535684, 49.9718268353144], [-5.22641334119138, 49.9724238925711]]], [[[-6.38695479413868, 49.933445642209], [-6.38535588654591, 49.9334117355586], [-6.38659591857963, 49.9322312290634], [-6.38695479413868, 49.933445642209]]], [[[-6.3494316033047, 49.9283109288422], [-6.35762839306018, 49.9302919952143], [-6.35401422325841, 49.9384235330777], [-6.35022838070207, 49.9372947647302], [-6.3494316033047, 49.9283109288422]]], [[[-6.34806748213446, 49.9397016541126], [-6.34737516200347, 49.9389365278052], [-6.34867364202436, 49.9391892861145], [-6.34806748213446, 49.9397016541126]]], [[[-6.27345106374127, 49.9439931380092], [-6.27441241646076, 49.94328764858], [-6.27617125749789, 49.9442958420895], [-6.27345106374127, 49.9439931380092]]], [[[-6.24616502663564, 49.9460912578526], [-6.24657306122225, 49.9442626659334], [-6.24812922950865, 49.9454591830698], [-6.24616502663564, 49.9460912578526]]], [[[-6.25732730806064, 49.9464529173334], [-6.25824484515348, 49.9458529240738], [-6.25945445478279, 49.9468501578995], [-6.25732730806064, 49.9464529173334]]], [[[-6.27688938525255, 49.9466624015416], [-6.27632222759069, 49.9453505288065], [-6.27796760766854, 49.9453692107374], [-6.27688938525255, 49.9466624015416]]], [[[-6.38094658617547, 49.9427392149363], [-6.37927369490239, 49.9420583366124], [-6.38100170149993, 49.9420644102188], [-6.38094658617547, 49.9427392149363]]], [[[-6.26392866890863, 49.9467715173955], [-6.26628873864321, 49.9447885771209], [-6.26323128622103, 49.9418627581315], [-6.26736798163226, 49.9455338136924], [-6.26392866890863, 49.9467715173955]]], [[[-6.37354589447917, 49.9437357292525], [-6.37362163539924, 49.9431230631789], [-6.37410349632564, 49.9435593557711], [-6.37354589447917, 49.9437357292525]]], [[[-6.38587733017921, 49.9436388220056], [-6.38574595758953, 49.943022369664], [-6.38621375662801, 49.9432429256447], [-6.38587733017921, 49.9436388220056]]], [[[-6.38586468851059, 49.9437956929216], [-6.38658780569838, 49.9436897420012], [-6.38610536350688, 49.9440900013145], [-6.38586468851059, 49.9437956929216]]], [[[-6.24983845561922, 49.9491335743285], [-6.24744747009492, 49.949512209805], [-6.24698445687198, 49.9487851333091], [-6.24983845561922, 49.9491335743285]]], [[[-6.26739091873938, 49.9496077193163], [-6.26995095735248, 49.9490106233627], [-6.27006371286187, 49.9499090769344], [-6.26739091873938, 49.9496077193163]]], [[[-6.24552067541887, 49.9508223455177], [-6.24592301384836, 49.9497515820417], [-6.24668329866374, 49.9501315061516], [-6.24552067541887, 49.9508223455177]]], [[[-6.39303532820957, 49.9473024462751], [-6.39230837809316, 49.9466106941267], [-6.39382083560372, 49.9471645684558], [-6.39303532820957, 49.9473024462751]]], [[[-6.29789228488167, 49.950890803008], [-6.29628677005334, 49.9502167502815], [-6.29742480514552, 49.9502427304721], [-6.29789228488167, 49.950890803008]]], [[[-6.39148795222048, 49.9474460573401], [-6.39178887804071, 49.9468534713925], [-6.39209227940583, 49.9474744600556], [-6.39148795222048, 49.9474460573401]]], [[[-6.36266011865983, 49.949451763046], [-6.36340716563678, 49.9492402080458], [-6.36308776302394, 49.9495697233499], [-6.36266011865983, 49.949451763046]]], [[[-6.26306484735952, 49.9552272585403], [-6.25256661696602, 49.9501133808838], [-6.25761200205874, 49.9500783494564], [-6.26306484735952, 49.9552272585403]]], [[[-6.2574693316589, 49.9562802596553], [-6.25701299089605, 49.9559919943973], [-6.2577967511577, 49.9560397337123], [-6.2574693316589, 49.9562802596553]]], [[[-6.30024778862091, 49.9562464731349], [-6.30040124439587, 49.9559492249281], [-6.30063606601044, 49.9560962204463], [-6.30024778862091, 49.9562464731349]]], [[[-6.36977686747204, 49.9554816226378], [-6.36889752096972, 49.9517966487385], [-6.37152082383896, 49.9537349209045], [-6.36977686747204, 49.9554816226378]]], [[[-6.31392150970038, 49.9633063643847], [-6.31392940757966, 49.9623189712648], [-6.31437100122604, 49.9623582939712], [-6.31392150970038, 49.9633063643847]]], [[[-6.32536564881332, 49.9634286379354], [-6.32536649544964, 49.9629561947001], [-6.32575368150865, 49.9631981821213], [-6.32536564881332, 49.9634286379354]]], [[[-6.32392488472001, 49.964362305564], [-6.32340861780938, 49.9639347276712], [-6.32486194409157, 49.9640769755147], [-6.32392488472001, 49.964362305564]]], [[[-6.31817324525367, 49.9656444153786], [-6.31794231908861, 49.9651813369287], [-6.31828676869326, 49.9651956662661], [-6.31817324525367, 49.9656444153786]]], [[[-6.36289762106539, 49.9648670204966], [-6.3634446479926, 49.964660212157], [-6.36350495606781, 49.9646682633908], [-6.36289762106539, 49.9648670204966]]], [[[-6.31728027835248, 49.9674272485792], [-6.31812078594581, 49.9663185437554], [-6.31893201144326, 49.9665772234503], [-6.31728027835248, 49.9674272485792]]], [[[-6.33038544855927, 49.9675582292412], [-6.33051705463684, 49.9650919909045], [-6.33359341850462, 49.966508410851], [-6.33038544855927, 49.9675582292412]]], [[[-6.35839429190998, 49.966733562628], [-6.34802265932993, 49.9557316656979], [-6.35013276999617, 49.9458093878445], [-6.35883206282335, 49.9432258575601], [-6.36308010664803, 49.9467916866698], [-6.35654892837099, 49.9496042206541], [-6.36513910214262, 49.9517484734802], [-6.35839559139126, 49.9536364484117], [-6.36221381775347, 49.9580849193988], [-6.35644877208168, 49.9614074127005], [-6.36279204255062, 49.9641832443776], [-6.35839429190998, 49.966733562628]]], [[[-6.34851881603867, 49.968018827554], [-6.32278832589202, 49.9566305704865], [-6.31968007093604, 49.9448302223722], [-6.33302527835437, 49.939278490822], [-6.3390489212488, 49.9465934296043], [-6.33911878933154, 49.9559186281891], [-6.35192460857466, 49.9650546427946], [-6.34851881603867, 49.968018827554]]], [[[-6.31791443877207, 49.9678644084668], [-6.30906761614843, 49.9696829589491], [-6.30774658783981, 49.9655955884816], [-6.31791443877207, 49.9678644084668]]], [[[-6.29716828866578, 49.9740756029939], [-6.28648152986151, 49.9653318198535], [-6.26965774194669, 49.9641503100187], [-6.26585585646606, 49.967603282275], [-6.26161958912519, 49.9629137354267], [-6.28440614702385, 49.9561895613536], [-6.29009336718283, 49.9618930241037], [-6.30431114417605, 49.9640538750803], [-6.29716828866578, 49.9740756029939]]], [[[-6.32816138130534, 49.9740520133195], [-6.32022656211988, 49.9732797345909], [-6.32807498644018, 49.9705373245603], [-6.32816138130534, 49.9740520133195]]], [[[-5.26705251811271, 50.0132601626601], [-5.26548637900511, 50.0114321275386], [-5.26873775762542, 50.0118925973798], [-5.26705251811271, 50.0132601626601]]], [[[-6.29460713827881, 49.9801198295411], [-6.28837648303495, 49.9783279641694], [-6.28839524082067, 49.975816480563], [-6.29121619016828, 49.9745326770604], [-6.29460713827881, 49.9801198295411]]], [[[-6.32418351203245, 49.9796957875745], [-6.32131428109194, 49.9781966681892], [-6.32421294856546, 49.9780042146727], [-6.32418351203245, 49.9796957875745]]], [[[-5.74234150527103, 50.0647319403164], [-5.74227693178842, 50.0643783680449], [-5.74288105478255, 50.064888527363], [-5.74234150527103, 50.0647319403164]]], [[[-5.74336587080484, 50.0650547165834], [-5.74365142436181, 50.0649879317004], [-5.7441069903515, 50.0652025816196], [-5.74336587080484, 50.0650547165834]]], [[[-5.74408606270116, 50.0661542519421], [-5.74424539840037, 50.0660456688828], [-5.74428469539215, 50.0662630571376], [-5.74408606270116, 50.0661542519421]]], [[[-5.7465539787645, 50.0668645169332], [-5.7468017686819, 50.0667260507621], [-5.74699782575448, 50.0670712625065], [-5.7465539787645, 50.0668645169332]]], [[[-5.48029417371718, 50.1164143499153], [-5.47540061793332, 50.1170562580236], [-5.47900797286298, 50.1154466706082], [-5.48029417371718, 50.1164143499153]]], [[[-5.7214256551278, 50.1196797801943], [-5.72238842694376, 50.1195469199451], [-5.72227782296621, 50.1201839782734], [-5.7214256551278, 50.1196797801943]]], [[[-5.7217532075678, 50.1213611292042], [-5.72225283697832, 50.1203500483832], [-5.72270593883796, 50.1215259360113], [-5.7217532075678, 50.1213611292042]]], [[[-5.67355086310764, 50.162551529064], [-5.67464952745057, 50.1616656239202], [-5.67477428788426, 50.162250972651], [-5.67355086310764, 50.162551529064]]], [[[-4.90404645357856, 50.1959963563229], [-4.90555842112586, 50.1947725248647], [-4.9059759365523, 50.1953387631465], [-4.90404645357856, 50.1959963563229]]], [[[-3.90196704439988, 50.2781743031026], [-3.90166186722346, 50.2773491114111], [-3.90288277513266, 50.2778724058123], [-3.90196704439988, 50.2781743031026]]], [[[-3.90065988107642, 50.2811520302325], [-3.90113901252734, 50.2777183326124], [-3.90293895003328, 50.2799851658518], [-3.90065988107642, 50.2811520302325]]], [[[-4.10901649527987, 50.3059314154068], [-4.10873650069485, 50.3057318737453], [-4.10947949518036, 50.3057301434908], [-4.10901649527987, 50.3059314154068]]], [[[-4.10855881531219, 50.3061581151448], [-4.1084238188705, 50.3059402282192], [-4.10885514215662, 50.3059420197108], [-4.10855881531219, 50.3061581151448]]], [[[-4.10556827796771, 50.3081476749614], [-4.10776245583398, 50.3062963715977], [-4.10843289767931, 50.3073116597408], [-4.10556827796771, 50.3081476749614]]], [[[-4.15881932493786, 50.3346553165405], [-4.14204876881767, 50.333242541241], [-4.13728000472933, 50.3335792078903], [-4.15881932493786, 50.3346553165405]]], [[[-4.45050693713572, 50.338947776483], [-4.44638638900363, 50.3365717984782], [-4.45325446438945, 50.336896532424], [-4.45050693713572, 50.338947776483]]], [[[-4.15332290943781, 50.3545653737373], [-4.15198017077243, 50.3557442244799], [-4.15140719813384, 50.3552295558913], [-4.15332290943781, 50.3545653737373]]], [[[-4.4649355571565, 50.3766745996375], [-4.46507567875647, 50.3758642464816], [-4.4647467018479, 50.3750809294147], [-4.46454599815052, 50.3748777619287], [-4.46382676671354, 50.3744588235079], [-4.4625468711713, 50.374041954594], [-4.46435511556568, 50.373982407006], [-4.46500413738461, 50.3749514309341], [-4.46556412457864, 50.3767469011991], [-4.46506722447022, 50.376658495241], [-4.46461982573795, 50.378926689484], [-4.46475212969771, 50.3793159718003], [-4.4655236430728, 50.3800252294524], [-4.46455123668385, 50.3793020613186], [-4.46427464616184, 50.3788064784662], [-4.4649355571565, 50.3766745996375]]], [[[-4.28856592050955, 50.3871891179605], [-4.28290831237346, 50.3859296570089], [-4.28470724943204, 50.3844559016578], [-4.28856592050955, 50.3871891179605]]], [[[-4.24619431214035, 50.3889121966219], [-4.24564445332215, 50.3889471036968], [-4.24603899553629, 50.3876329374149], [-4.24619431214035, 50.3889121966219]]], [[[-4.17515300147315, 50.4231991551178], [-4.17570396761154, 50.4227463518996], [-4.17594319012065, 50.4232068533604], [-4.17515300147315, 50.4231991551178]]], [[[-4.18462529679245, 50.4233166328161], [-4.18474227138985, 50.4232577855985], [-4.18586347712368, 50.4234508183475], [-4.18462529679245, 50.4233166328161]]], [[[-4.2214138698887, 50.4271697201013], [-4.21868435724277, 50.4268530435188], [-4.2219396417635, 50.4261288892136], [-4.22106663265076, 50.4265494250178], [-4.2214138698887, 50.4271697201013]]], [[[-5.08267509749179, 50.4159873583585], [-5.08316017618342, 50.4156031311703], [-5.08307957150115, 50.416005685004], [-5.08267509749179, 50.4159873583585]]], [[[-5.06636127812469, 50.4272606819687], [-5.06184481617652, 50.4272409962067], [-5.06090049292093, 50.4263526224779], [-5.06636127812469, 50.4272606819687]]], [[[-4.19968760718448, 50.4510108535186], [-4.19998860084816, 50.4500895183366], [-4.2002229040899, 50.4508280341776], [-4.19968760718448, 50.4510108535186]]], [[[-4.19684375727819, 50.4517133750891], [-4.1993821376611, 50.4501045855362], [-4.19917404161904, 50.4509333180843], [-4.20056951786973, 50.4511632684734], [-4.19684375727819, 50.4517133750891]]], [[[-4.19592786508732, 50.4531086286332], [-4.19576342074615, 50.4506832161228], [-4.19683599624557, 50.4506944437589], [-4.19610745590726, 50.4512676601156], [-4.19689164629099, 50.4529294275159], [-4.19662677323241, 50.4527770261426], [-4.1963934458668, 50.4529406351303], [-4.19629363848465, 50.4526412038007], [-4.19609428146781, 50.4525649168648], [-4.19592786508732, 50.4531086286332]]], [[[-4.19517513865231, 50.453130032691], [-4.19543406890831, 50.4526673253405], [-4.19578151025967, 50.4530817097379], [-4.19517513865231, 50.453130032691]]], [[[-4.19716717384724, 50.4529772907449], [-4.19706941123158, 50.4524484614788], [-4.19734385438835, 50.4529289805933], [-4.19867756810921, 50.4530108118315], [-4.19716717384724, 50.4529772907449]]], [[[-4.19863555374397, 50.4528946773998], [-4.19724160083836, 50.4518776553483], [-4.20057428962199, 50.4518732050538], [-4.20043785502334, 50.4535748494132], [-4.19863555374397, 50.4528946773998]]], [[[-4.19602037611677, 50.4530376243633], [-4.19622644194352, 50.4526199863482], [-4.19640773762519, 50.4529754438303], [-4.19719892341743, 50.4532672135784], [-4.19602037611677, 50.4530376243633]]], [[[-5.03515936740839, 50.4848577447574], [-5.035374383725, 50.4840905178663], [-5.03585530370517, 50.4846290868571], [-5.03515936740839, 50.4848577447574]]], [[[-3.58829017474999, 50.5390295564613], [-3.5833720946949, 50.537889499423], [-3.58932839749537, 50.5370997212022], [-3.58829017474999, 50.5390295564613]]], [[[-5.02951074524169, 50.5152212148153], [-5.03023183599745, 50.5154219253492], [-5.02973221730447, 50.5158154473594], [-5.02951074524169, 50.5152212148153]]], [[[-5.0289220429646, 50.5156116557385], [-5.02916032499166, 50.5152789150808], [-5.02939280285338, 50.5158908526626], [-5.0289220429646, 50.5156116557385]]], [[[-5.02940650474238, 50.5164131344575], [-5.02861853433692, 50.515873230347], [-5.02945761157818, 50.5162021059531], [-5.02940650474238, 50.5164131344575]]], [[[-4.84923709304307, 50.5274540542541], [-4.84801249231218, 50.5272133495574], [-4.84831432503342, 50.5269386507771], [-4.84923709304307, 50.5274540542541]]], [[[-4.8500012160928, 50.5286493717432], [-4.85074079051822, 50.5284996102956], [-4.85032547021633, 50.5290209466413], [-4.8500012160928, 50.5286493717432]]], [[[-4.85460450747573, 50.5303339238028], [-4.84894214722955, 50.5302665595928], [-4.8487329424907, 50.5280416059377], [-4.84942936873955, 50.5294940304867], [-4.85460450747573, 50.5303339238028]]], [[[-2.43412314470539, 50.5711944362712], [-2.43382587812964, 50.5700498677848], [-2.43858242519605, 50.5697481423834], [-2.43412314470539, 50.5711944362712]]], [[[-4.99805782467249, 50.5714036417213], [-4.99720754999819, 50.5725825300619], [-4.99536081123983, 50.5716386391628], [-4.99805782467249, 50.5714036417213]]], [[[-3.44725389934435, 50.6187129814326], [-3.44717014108245, 50.6171801955817], [-3.44747040462446, 50.6186345913969], [-3.44725389934435, 50.6187129814326]]], [[[-3.30891397666297, 50.6307011948957], [-3.30828683004518, 50.6313191985466], [-3.3083034932342, 50.6309650201324], [-3.30891397666297, 50.6307011948957]]], [[[-3.30965777815872, 50.6336924071686], [-3.30842376393197, 50.6313489710071], [-3.3103392087058, 50.6317972820847], [-3.30965777815872, 50.6336924071686]]], [[[-1.99540113746509, 50.6809443769138], [-1.99072180588697, 50.6807523199746], [-1.99005141473104, 50.6784269722033], [-1.99398510309104, 50.6777413090806], [-1.99540113746509, 50.6809443769138]]], [[[-1.98860701168133, 50.6840983300935], [-1.98277738651129, 50.681683145197], [-1.98964269676985, 50.682504960774], [-1.98860701168133, 50.6840983300935]]], [[[-2.0284090028336, 50.6893239861599], [-2.02734042534717, 50.6892509299358], [-2.02817320529225, 50.6888842249579], [-2.0284090028336, 50.6893239861599]]], [[[-2.07249688955492, 50.6904196532817], [-2.07216217419934, 50.6894519617107], [-2.07294871437539, 50.6904921119698], [-2.07249688955492, 50.6904196532817]]], [[[-2.027678386872, 50.6907832796564], [-2.02669916204026, 50.6898143102434], [-2.02857364680444, 50.690024989276], [-2.02847243840217, 50.6905213843427], [-2.02791351492755, 50.6905630301783], [-2.027678386872, 50.6907832796564]]], [[[-2.02483479243833, 50.6920373709865], [-2.02418319089092, 50.690789786514], [-2.02572430215323, 50.6898050747603], [-2.02678482493593, 50.69089342199], [-2.02563335458595, 50.6911744918366], [-2.02621901931076, 50.6915544440021], [-2.02516752139563, 50.6916789199881], [-2.02571642495726, 50.6920898185188], [-2.02483479243833, 50.6920373709865]]], [[[-2.07301306725914, 50.6923463441816], [-2.07250602946983, 50.6905712581118], [-2.07428360942914, 50.6917308454389], [-2.07301306725914, 50.6923463441816]]], [[[-2.01933068713486, 50.6940659582519], [-2.01528667961043, 50.6908871155746], [-2.01844271194374, 50.6892137443324], [-2.01453944130261, 50.6853604945836], [-2.02029157916684, 50.6880067448188], [-2.01933068713486, 50.6940659582519]]], [[[-1.98803823899505, 50.6924503301952], [-1.95836046047934, 50.6950444074758], [-1.9561738948515, 50.6888625452249], [-1.98352288581355, 50.6870785652657], [-1.98803823899505, 50.6924503301952]]], [[[-2.03128854598831, 50.6981168326742], [-2.03125276602468, 50.6975805117075], [-2.03154375285613, 50.6977873527767], [-2.03200827306833, 50.6979254914061], [-2.03231342931736, 50.6977786841712], [-2.03226515675219, 50.6982223010249], [-2.03128854598831, 50.6981168326742]]], [[[-2.02875132577569, 50.698307908765], [-2.03023213696884, 50.6971437031284], [-2.03095218406408, 50.6981279446053], [-2.03167242141722, 50.6982819920669], [-2.02875132577569, 50.698307908765]]], [[[-3.49515993934674, 50.6948792780907], [-3.49175290184726, 50.6937368939388], [-3.49662261375159, 50.6940662069849], [-3.49964762122812, 50.6970938874743], [-3.49515993934674, 50.6948792780907]]], [[[-1.95875438697394, 50.7107596390539], [-1.96009769502368, 50.7099336787643], [-1.95883923833517, 50.7108118139608], [-1.95875438697394, 50.7107596390539]]], [[[-1.98525515332209, 50.7114654527772], [-1.97937625495722, 50.7106091678248], [-1.97858727450231, 50.7109300431843], [-1.98525515332209, 50.7114654527772]]], [[[-1.96261843659227, 50.7109829032699], [-1.96038996685029, 50.7095471260788], [-1.96152277862823, 50.7117007295872], [-1.96261843659227, 50.7109829032699]]], [[[-2.00378822282003, 50.7198774004982], [-2.00509748135125, 50.7187266716809], [-2.00550718470947, 50.7193251571946], [-2.00378822282003, 50.7198774004982]]], [[[-2.0050171957046, 50.7199379556789], [-2.00484921333162, 50.7208638224788], [-2.00422412563708, 50.7200384376143], [-2.00567118304671, 50.7197469119462], [-2.0050171957046, 50.7199379556789]]], [[[-1.76107211247548, 50.7235485504893], [-1.76026792665736, 50.7229487073783], [-1.76177378466773, 50.723040983277], [-1.76107211247548, 50.7235485504893]]], [[[-2.00694139528982, 50.7241232169367], [-2.0047762856313, 50.7236235557541], [-2.00087853045951, 50.7226730458149], [-2.00694139528982, 50.7241232169367]]], [[[-2.00773695653712, 50.725525062217], [-2.00690124331965, 50.7246289764705], [-2.0082490000724, 50.7246238298314], [-2.00773695653712, 50.725525062217]]], [[[-2.00508794241258, 50.7296455463467], [-1.9953989579679, 50.7299138554517], [-2.00184956252628, 50.7296408233351], [-1.99982891313692, 50.7262302946494], [-2.00508794241258, 50.7296455463467]]], [[[-2.00708096675368, 50.7325865149389], [-2.00567519192726, 50.7318600444212], [-2.00613971631239, 50.7312928619516], [-2.00708096675368, 50.7325865149389]]], [[[-2.00221745609025, 50.7342355178544], [-1.99914346720826, 50.7316718278572], [-2.00372319615885, 50.7312091539611], [-2.00221745609025, 50.7342355178544]]], [[[-1.77388228708312, 50.7347001600955], [-1.77028158151854, 50.7332821623586], [-1.76969145540538, 50.7310957617827], [-1.77388228708312, 50.7347001600955]]], [[[-4.54536510714367, 50.9526460620066], [-4.54548047467178, 50.9524132695711], [-4.54683304469812, 50.9526697865401], [-4.54536510714367, 50.9526460620066]]], [[[-4.54441623753858, 50.9527665589575], [-4.54427626065359, 50.9524458216617], [-4.54524595599333, 50.9527322824542], [-4.54441623753858, 50.9527665589575]]], [[[-4.67651409348425, 51.2017731348303], [-4.67028991034229, 51.2010169557003], [-4.66405394996198, 51.1906159129384], [-4.66167264633157, 51.1670922057196], [-4.65365267924048, 51.1614102548677], [-4.67092482315619, 51.1584635548179], [-4.67617970000549, 51.1641092478848], [-4.68062927313589, 51.1754006548463], [-4.67309408026351, 51.1801627462432], [-4.67749863308749, 51.1853315158681], [-4.67452422601396, 51.1902864064152], [-4.67975699531534, 51.1941554804231], [-4.67651409348425, 51.2017731348303]]], [[[-3.01299413279839, 51.2251096493689], [-3.01722247694344, 51.224806501054], [-3.01572651851438, 51.2328442529593], [-3.01299413279839, 51.2251096493689]]], [[[-3.10418741461508, 51.3388117331967], [-3.11167690533117, 51.3382077060817], [-3.1150604039022, 51.3396161633081], [-3.10601919832038, 51.3414291409177], [-3.10418741461508, 51.3388117331967]]], [[[-1.77101248360352, 52.1118735909933], [-1.74039420551778, 52.091425935803], [-1.72856052811281, 52.1001203046394], [-1.73065604717972, 52.0732913537538], [-1.71311213593006, 52.0665529393768], [-1.70985855869454, 52.0733064029702], [-1.70169911871026, 52.0728344030857], [-1.70505254003613, 52.0596336077601], [-1.6886364810542, 52.0518332037271], [-1.69398075504565, 52.0395278979871], [-1.66745219060359, 52.0362441741677], [-1.66382433788403, 52.0312666546422], [-1.62446030247049, 52.0389532635568], [-1.61749567282119, 52.0333661924932], [-1.62011034658381, 52.0277381883698], [-1.63862773951566, 52.0205312919744], [-1.64287860261692, 52.009223003306], [-1.66993446038091, 51.9931648127938], [-1.66409877686453, 51.9849279784414], [-1.66894325930551, 51.9752727366586], [-1.66252911046192, 51.9640049466649], [-1.65237458389309, 51.9615118623224], [-1.65536694409537, 51.9575034676202], [-1.63249065036283, 51.9556514579195], [-1.61518893058729, 51.9376816289697], [-1.64552984349675, 51.9222942559287], [-1.64118208193421, 51.9215618306361], [-1.6448892968022, 51.9137157984115], [-1.63484112597183, 51.9128831119397], [-1.63305061648252, 51.8992254665565], [-1.64488272263789, 51.8946007643952], [-1.6586519744456, 51.896551192631], [-1.66895716387556, 51.8815043774707], [-1.66711188278055, 51.8770000576877], [-1.68686790516724, 51.8654997690631], [-1.67638499897572, 51.8503096854222], [-1.68646159226861, 51.8344557908918], [-1.68112008394852, 51.8160526636066], [-1.67685963544216, 51.8170246741067], [-1.68375295466747, 51.8013375241318], [-1.71948863302901, 51.7832118276915], [-1.70070464063817, 51.7705842299967], [-1.69486551241876, 51.748575012994], [-1.6870208353919, 51.7398840228322], [-1.68550782018289, 51.7306341682843], [-1.69581834766911, 51.723772915203], [-1.68800012551327, 51.7120447475636], [-1.65743813962788, 51.6964513211231], [-1.64825374342062, 51.6840870658459], [-1.66845860139018, 51.6804375689642], [-1.68133803531036, 51.690397048532], [-1.69644358159275, 51.682147591169], [-1.70021189280661, 51.670883073928], [-1.69061583148848, 51.6637561372969], [-1.69188577119606, 51.6521617504399], [-1.65992419135007, 51.6350159242163], [-1.67372908103647, 51.622836342486], [-1.66698974337017, 51.6162194507483], [-1.68108234930918, 51.6136560309587], [-1.69059536080077, 51.6054112334679], [-1.68475642339567, 51.5903268866521], [-1.69111065938545, 51.5835237268059], [-1.67654765821201, 51.5693909366413], [-1.65504259728401, 51.5764933599863], [-1.64768626504516, 51.5719347085607], [-1.63413177355139, 51.553265517361], [-1.61372143593795, 51.5365110195415], [-1.60282488305727, 51.5183097246359], [-1.58469504578326, 51.5249220601573], [-1.58806442469911, 51.5131485932431], [-1.58222195262179, 51.4940291809756], [-1.54839018913458, 51.4606558348025], [-1.52907203495841, 51.4555077462164], [-1.52402343880987, 51.4474724278157], [-1.53202897978539, 51.4295018557357], [-1.52663254004296, 51.4239161751968], [-1.56511865145832, 51.422043433161], [-1.57096980348612, 51.4152945956558], [-1.56345703122758, 51.4132531003447], [-1.56222439427088, 51.4081734511714], [-1.55292234102159, 51.4100374211089], [-1.55559663765941, 51.3955386531602], [-1.53763966202054, 51.3883106821983], [-1.52758009975913, 51.3787769165375], [-1.51690141979573, 51.3787711449644], [-1.51352770508985, 51.3720509802695], [-1.49537262165059, 51.3696578977458], [-1.50063304963128, 51.3563211266337], [-1.48561782031052, 51.3476506886645], [-1.49828689474575, 51.3293617167329], [-1.51622806154012, 51.3393521212024], [-1.52750793808987, 51.3384441165574], [-1.53356185391502, 51.3162235794285], [-1.52522501856312, 51.3070668975567], [-1.52799920772543, 51.2998286107947], [-1.51942047349176, 51.2960815235808], [-1.52421757725432, 51.2931632256437], [-1.5227771840447, 51.2870633235997], [-1.53445641522733, 51.2871210648081], [-1.54256597225392, 51.2813267148508], [-1.535903157707, 51.277314473257], [-1.54059897066636, 51.2608311895023], [-1.5298179468057, 51.2608018456309], [-1.53602175216297, 51.2485550446692], [-1.54599458392582, 51.2452905286963], [-1.57757201593558, 51.2555795581159], [-1.60759078945477, 51.2527924061638], [-1.61039319584532, 51.2429796318858], [-1.61941475035327, 51.2412049882368], [-1.63362097701599, 51.2175905577841], [-1.65349635758962, 51.2204676453189], [-1.68978806224739, 51.2147685862798], [-1.69409695143106, 51.2040432388922], [-1.66882042147437, 51.1907592185769], [-1.67227119754693, 51.1785463705247], [-1.65404004725731, 51.1562528472999], [-1.66297542061049, 51.1271919933478], [-1.64065952476035, 51.1254125340399], [-1.6263412733448, 51.1173368726114], [-1.63079543039735, 51.1128864833621], [-1.62710192526472, 51.1027573341416], [-1.63731479886634, 51.092202331828], [-1.62780726975054, 51.0781558152831], [-1.63497677895496, 51.0408468091911], [-1.63237574994688, 51.032779708019], [-1.61945709662409, 51.0330594495547], [-1.59939671455144, 51.0237293750411], [-1.60531807272462, 51.0170391185279], [-1.59757614725212, 51.0080271227843], [-1.60910357724982, 51.0098542887939], [-1.6149102782794, 51.0066386133966], [-1.60607793189018, 51.0018978050281], [-1.61723097131332, 51.0041820413101], [-1.62880469880737, 50.9990945293125], [-1.61973084457042, 50.9830349737378], [-1.60292975190204, 50.9785041787189], [-1.6233992105681, 50.954637271241], [-1.63496498191182, 50.9592422023824], [-1.64637611512953, 50.9494654489152], [-1.66165999760679, 50.9452778916326], [-1.68929909408825, 50.9546374578365], [-1.71957103083064, 50.9767862616202], [-1.75440191299908, 50.9778920948413], [-1.80031396441254, 50.9913947995553], [-1.80758352883346, 50.9920455127531], [-1.81542176154033, 50.9859226497394], [-1.83581730052681, 51.0094733410558], [-1.85367968480751, 51.0044694617494], [-1.87391116606953, 50.9845006387859], [-1.87448162937032, 51.0063305721162], [-1.88674132171074, 50.9995277353679], [-1.92787590068259, 50.9976972344344], [-1.94993597428249, 50.9823105862036], [-1.95683008078171, 50.9898002876488], [-1.95546558071481, 50.9782663317828], [-1.92098608590854, 50.9614955072735], [-1.9091834909372, 50.9453266220774], [-1.87364432144964, 50.9172258888636], [-1.84184002606343, 50.9316803733843], [-1.8106580896691, 50.927203382462], [-1.82040716507336, 50.9121059188026], [-1.8165419268142, 50.9039481448891], [-1.82495317235721, 50.8957706140675], [-1.83986988005767, 50.8978900114317], [-1.84855553218411, 50.8898873561065], [-1.84404328098034, 50.8868294002315], [-1.84797723552525, 50.8823391331597], [-1.84527230912128, 50.8779976483047], [-1.85353883472863, 50.863460109718], [-1.85094373356272, 50.8587249568276], [-1.82951847980606, 50.8553189306476], [-1.80802778450622, 50.8644598688691], [-1.80549765664633, 50.8519909457727], [-1.79994285659937, 50.8484492024429], [-1.80335858531726, 50.8444766238506], [-1.79061492044422, 50.8363141185068], [-1.79665510382449, 50.8332214416555], [-1.79443681480999, 50.8310295978743], [-1.8036350079783, 50.8300239589019], [-1.80175630048349, 50.8209758293368], [-1.80727369861198, 50.8162998772227], [-1.80287359929401, 50.8135120023341], [-1.81206789190466, 50.8065478844459], [-1.80137345969877, 50.7997145033997], [-1.80479720417789, 50.7956843295947], [-1.80086788601507, 50.7941183010713], [-1.80596719919514, 50.7920207950158], [-1.78786824551276, 50.7788551157719], [-1.78827683003831, 50.7668695229858], [-1.77606489327831, 50.766352846398], [-1.77011733009873, 50.7725488311536], [-1.74875861609301, 50.7794491584214], [-1.73895962345847, 50.7632705325318], [-1.74465615100658, 50.7560727428087], [-1.74416871755885, 50.7474553878365], [-1.71270421621248, 50.7524951514678], [-1.68167442579319, 50.7501509990942], [-1.69234004174025, 50.7369104918428], [-1.72565650159091, 50.7336347997511], [-1.74233853680595, 50.7235252613415], [-1.74067422916604, 50.7271938142288], [-1.75060886975241, 50.7258453802345], [-1.75731862910948, 50.7310550061979], [-1.76229937964867, 50.7276988892953], [-1.75647918502997, 50.7273505042235], [-1.75782692883676, 50.7238306427595], [-1.76371858546784, 50.7270462427202], [-1.7640089972011, 50.7233752782851], [-1.76692680326602, 50.7261188219885], [-1.7635834632868, 50.7310982492882], [-1.77166500341918, 50.7291388358761], [-1.76928028492195, 50.7303366894016], [-1.76982441894379, 50.7327417274763], [-1.76888958854233, 50.731951670367], [-1.77026578135701, 50.7358092026402], [-1.77409704487653, 50.7376845043313], [-1.77100408511622, 50.7392513796332], [-1.77260978452141, 50.7408403423889], [-1.77842852186395, 50.7388506360826], [-1.7703685498757, 50.7303593598869], [-1.77456660791917, 50.7309414394419], [-1.78603697977298, 50.7304046843472], [-1.78709324601973, 50.7296487203064], [-1.79427570405267, 50.7314382802244], [-1.7915368769564, 50.7320732975167], [-1.79127488713253, 50.733316093855], [-1.79278226369992, 50.7368729733208], [-1.7966334063633, 50.7396179518598], [-1.80638224885572, 50.7412763157636], [-1.79625261770329, 50.739132949833], [-1.79182266467094, 50.7334049609255], [-1.79469847726466, 50.731800081792], [-1.79429491296736, 50.7307737425756], [-1.78834577557163, 50.72914132131], [-1.7739081650378, 50.7296800025195], [-1.76137854820655, 50.7180426273167], [-1.74604751510997, 50.7155544859409], [-1.73948136463686, 50.7244350263958], [-1.74883039840135, 50.7111189703765], [-1.81628554606505, 50.7205891478669], [-1.87916489265758, 50.7148196874173], [-1.91304626320563, 50.7042958520937], [-1.94557620344239, 50.6827060764115], [-1.95174455235834, 50.6853117668086], [-1.93305279112894, 50.692891136168], [-1.93399708106305, 50.6991467679406], [-1.948011362567, 50.7067275530508], [-1.95089647539718, 50.7041264738715], [-1.95153099971532, 50.7040350311624], [-1.94781580336939, 50.7071506566274], [-1.94823341760597, 50.7073046302702], [-1.95227153517919, 50.7041333782452], [-1.94897253707261, 50.7107694400203], [-1.9534460858545, 50.7081173443738], [-1.96049091860501, 50.7120443005738], [-1.9583359095403, 50.715631713767], [-1.97284401200854, 50.71052572586], [-1.99189585341218, 50.7125435353819], [-1.98959985739835, 50.7188344978919], [-1.98435046161359, 50.7191644651266], [-1.99252207364385, 50.7239436226366], [-1.99218901333319, 50.7294325996507], [-1.98724474143017, 50.7278563443615], [-1.99100902717772, 50.7293931133404], [-1.9949962112481, 50.7298886746689], [-1.98981482543049, 50.7372465929261], [-2.00793479784876, 50.7347292088197], [-2.01150260324484, 50.7312785941144], [-2.00549765682338, 50.7295811830151], [-2.01095328920717, 50.7283665369716], [-2.0075821820365, 50.7269216532121], [-2.00914270103448, 50.7249285158947], [-2.00643727076136, 50.7227582274667], [-2.00308536956376, 50.7223544554954], [-2.0062178007401, 50.7213497834696], [-2.0052705068663, 50.7184740159483], [-1.99485523578733, 50.717488948153], [-1.99446894407146, 50.7131588598037], [-1.98647962868875, 50.7104722888639], [-1.98870694940126, 50.7074366866529], [-2.04074622764021, 50.7190470449478], [-2.03501385083634, 50.7225812109846], [-2.03679333971344, 50.7260088453751], [-2.02702870285873, 50.7290765078169], [-2.03559175458101, 50.7279940351643], [-2.03582262293747, 50.7330553099283], [-2.04999398666306, 50.7261573609929], [-2.05130299895686, 50.7279823987518], [-2.05335322998515, 50.7287512653485], [-2.04868244021029, 50.7234408090716], [-2.04856490135765, 50.7252867930269], [-2.04494212481116, 50.7262095941102], [-2.04181398953184, 50.7259379300267], [-2.04711052771246, 50.7230946460057], [-2.04063482780599, 50.7200908337263], [-2.0487553453887, 50.717461722884], [-2.04273125648008, 50.7145238701538], [-2.06152895778128, 50.7167667489572], [-2.07434517519356, 50.7079908321692], [-2.06962885002246, 50.7057583526931], [-2.06666440430566, 50.7079906420424], [-2.0576169593286, 50.7056547566839], [-2.06801115738854, 50.704414222768], [-2.07373296329802, 50.7059612636822], [-2.07459226615824, 50.69898530759], [-2.07108870168815, 50.6981237449451], [-2.08337451085403, 50.6932708860706], [-2.08460992506899, 50.6945370822272], [-2.08754656779158, 50.6960798693192], [-2.09136001685959, 50.6973680474423], [-2.09258129207195, 50.6967756432525], [-2.09339256995258, 50.6960537707611], [-2.09486070891449, 50.6969648284948], [-2.10150824685936, 50.6954970205291], [-2.09341017269008, 50.6959135403073], [-2.09107410997897, 50.6971527306418], [-2.08362185402172, 50.6929603549608], [-2.08270730856102, 50.6929911298006], [-2.07981228681261, 50.694314889764], [-2.07934185493865, 50.6942848267689], [-2.07881503956092, 50.6884333719748], [-2.08383278690176, 50.6909162421259], [-2.09059197054338, 50.6890157461604], [-2.0911831829881, 50.6884011369525], [-2.09083722162941, 50.6875355110331], [-2.08749356136315, 50.6863682076849], [-2.08797590140189, 50.6848375565603], [-2.09220370324719, 50.6856972354644], [-2.09549254662228, 50.6849027644161], [-2.09858055342177, 50.6799788995092], [-2.10379756803133, 50.6833009132237], [-2.11039499544075, 50.6841112739811], [-2.11548138573028, 50.6806745013401], [-2.11594305971372, 50.6788309526754], [-2.11524669739845, 50.6781812863741], [-2.11732794930407, 50.678284406757], [-2.11756020582189, 50.6780013841204], [-2.1151225912938, 50.6780849421967], [-2.11066892394306, 50.6837201680811], [-2.09933014687741, 50.6796265098805], [-2.09523973625663, 50.6814319721816], [-2.09499213190979, 50.6848560765788], [-2.08933431404681, 50.6827873592837], [-2.08920471768007, 50.6842918735214], [-2.08764952875419, 50.6846897701024], [-2.08709883329983, 50.6863254446553], [-2.09072661576216, 50.6886515388335], [-2.08414880280285, 50.6905818917863], [-2.08134888610421, 50.6862888319799], [-2.06580712209624, 50.6869902500415], [-2.05445483663497, 50.6998540401249], [-2.03246478338753, 50.707956608492], [-2.01810812094631, 50.7012626426872], [-2.02807050691133, 50.7034771569575], [-2.03476627417928, 50.7020960162458], [-2.02942619590924, 50.7011406424293], [-2.03276749293481, 50.6977657976294], [-2.02481776965974, 50.6957980950477], [-2.02586216173173, 50.6918153490978], [-2.02859632124782, 50.6906025574204], [-2.02940650781118, 50.6882214898847], [-2.02472138634893, 50.6876234682512], [-2.05297350830908, 50.6778855418865], [-2.02515449632016, 50.6844656069591], [-2.03157334084615, 50.6806556623523], [-2.02652340735725, 50.6782889893832], [-2.03448340679893, 50.6719183757715], [-2.03944502499315, 50.6723476405231], [-2.04456864707648, 50.671405139824], [-2.04712950447356, 50.6704289556405], [-2.03410804464276, 50.6714316931105], [-2.0289833583238, 50.6743894846686], [-2.02943609504735, 50.6710708578256], [-2.02772983795767, 50.673386071785], [-2.02446142539488, 50.6723592609313], [-2.029065980261, 50.6707759492695], [-2.02706021276549, 50.6680620445177], [-2.02310259145201, 50.6728059230368], [-2.0259258787585, 50.6747446605294], [-2.02111891536461, 50.6761535616598], [-2.0216427633655, 50.6821021637551], [-2.01817672431873, 50.6790578680881], [-2.01141928171846, 50.6827103172095], [-2.00531812763812, 50.6778705442942], [-2.01397935467903, 50.6742690065664], [-2.00938163561548, 50.6747640977532], [-2.01080394544346, 50.672901722281], [-2.01014469092484, 50.672441805023], [-2.01075942251371, 50.6723264112623], [-2.01048635624549, 50.6709383028321], [-2.00712683774371, 50.6753746417021], [-2.0016629623039, 50.6760278071036], [-1.99979714294347, 50.6757480526968], [-1.99584785594099, 50.6732683771454], [-2.00174534840796, 50.6705906552261], [-1.99328463414901, 50.6672594571474], [-1.99165364704165, 50.6727034565684], [-1.97831704413364, 50.6769449516617], [-1.98351912817648, 50.6670473971899], [-1.97393820409938, 50.6654614232449], [-1.97753194968187, 50.6629539047758], [-1.97791574328406, 50.6594984731293], [-1.97275700364142, 50.6642011010658], [-1.96809781952328, 50.6604307856862], [-1.97096030648175, 50.6692599319781], [-1.95746461878434, 50.6727021506079], [-1.94985286997383, 50.6801964280474], [-1.94111990950151, 50.672068627523], [-1.95235173891062, 50.6560176227863], [-1.9498118291119, 50.6461391808333], [-1.94085827932887, 50.6407439948606], [-1.92376533354734, 50.6420955415282], [-1.93316107497584, 50.6309104893457], [-1.95215658229516, 50.6240526020664], [-1.95739761827313, 50.6157063926088], [-1.95556577276682, 50.6082958756976], [-1.94393695520526, 50.6075170907899], [-1.95275735175634, 50.6008863175025], [-1.9510788730226, 50.5945752633505], [-2.02634590356957, 50.5890017803394], [-2.05573225928914, 50.5765359194468], [-2.06190112321294, 50.5815023847554], [-2.06412503853541, 50.5937346186691], [-2.11456646717263, 50.5990703297843], [-2.13442006706833, 50.6126216421279], [-2.14621720109412, 50.6085011991193], [-2.15798307656983, 50.6154639531214], [-2.18743840349458, 50.6149257559488], [-2.18495585776281, 50.6183652444148], [-2.19850295803181, 50.6229800615927], [-2.2440558370953, 50.6163297242947], [-2.32326879329292, 50.6247974736888], [-2.33855789894583, 50.6319441092583], [-2.41954722864231, 50.6364399601334], [-2.44998719291524, 50.6179236678011], [-2.45215474995662, 50.6109334884579], [-2.44497279887237, 50.609040678692], [-2.45648875640068, 50.6074773499758], [-2.45824562923134, 50.6118997319035], [-2.45961870160781, 50.6076339321769], [-2.45183808147222, 50.6064671198478], [-2.44133780462274, 50.6096300717177], [-2.45098096213016, 50.6037817668025], [-2.43237854077768, 50.5962365974281], [-2.45020853830149, 50.6011066018055], [-2.46410166488353, 50.5939119585429], [-2.47039906977319, 50.5831480026924], [-2.49754648628626, 50.5956848080726], [-2.49560655605814, 50.6028189161325], [-2.51376908706871, 50.6103001086035], [-2.51748623996442, 50.6178652792468], [-2.53818116991605, 50.6197621104466], [-2.551931188991, 50.627356077647], [-2.54527220330981, 50.6307124106676], [-2.55806441707961, 50.6308362682636], [-2.56043725111189, 50.6391429077628], [-2.57017801548241, 50.6375707093865], [-2.59840044773217, 50.6490874696552], [-2.59816011701611, 50.6539769565468], [-2.61152731004792, 50.6540617022318], [-2.52589363494039, 50.611158774267], [-2.46942012332046, 50.5778785111406], [-2.46956497829795, 50.5823869446754], [-2.46050379610544, 50.5710101920405], [-2.441894603885, 50.5685329151275], [-2.44037529382313, 50.5723606389694], [-2.43719501754086, 50.5731123578701], [-2.44089458447105, 50.5700245606521], [-2.43070713009803, 50.5676422744452], [-2.42241001308474, 50.5691299594003], [-2.4286314758839, 50.5662389521506], [-2.41581031160653, 50.5510712897628], [-2.41817620239316, 50.5429047760771], [-2.45660267258469, 50.5131112874977], [-2.46011283094441, 50.5165627454068], [-2.4554602790358, 50.525738268486], [-2.45642446193652, 50.5424274269929], [-2.44823601829254, 50.5585701969218], [-2.492772940625, 50.5899054335616], [-2.62895277355618, 50.6604009068476], [-2.76171464070388, 50.7112665534135], [-2.76425175164719, 50.7086248741872], [-2.79370935958322, 50.7181688837024], [-2.91175408568322, 50.7337840646149], [-2.93881089786303, 50.7204088668807], [-2.93422195508613, 50.7190803970188], [-3.02262789496312, 50.6983911235619], [-3.0581525810451, 50.7038795780984], [-3.05303734856724, 50.7218540968394], [-3.05611980886681, 50.7189696305425], [-3.05543531139749, 50.7214019077521], [-3.0571377711347, 50.722400255247], [-3.05480967374859, 50.7225675082056], [-3.05092754109121, 50.7250039847622], [-3.0525020545567, 50.7255960869146], [-3.06030577394962, 50.720824867153], [-3.06079585722492, 50.7055264463471], [-3.05947263091184, 50.7036116466499], [-3.05486684808231, 50.7025241279261], [-3.08243989730284, 50.7016147726615], [-3.09192787184805, 50.6952608320298], [-3.09602036335858, 50.6852263421559], [-3.19313140905853, 50.6844062624449], [-3.26424091448418, 50.6712059171828], [-3.30064259661509, 50.6315122724453], [-3.30839382532172, 50.6326938697222], [-3.30880664569958, 50.6475939158124], [-3.31191435304685, 50.6308606269678], [-3.30680030786937, 50.6295741048549], [-3.35524997526355, 50.6178928267264], [-3.36187108630318, 50.6066195687551], [-3.36479865198122, 50.6097990096786], [-3.3854560191713, 50.6067513493112], [-3.42443250627816, 50.6164410010446], [-3.41669287372827, 50.6212857301314], [-3.41550934100276, 50.6291945132866], [-3.43287758011153, 50.6460683493338], [-3.44206598150796, 50.6672277889749], [-3.45084940443229, 50.6744510422494], [-3.44990233507827, 50.6844448548335], [-3.45863474219338, 50.6846339120321], [-3.45821686421114, 50.6886747828697], [-3.46036792931079, 50.6913203614976], [-3.45890511337908, 50.6926367940709], [-3.46107582992474, 50.6950517161165], [-3.45809884837366, 50.6954270094982], [-3.45856611681196, 50.6931635032069], [-3.45770851491736, 50.6925802723144], [-3.45709451848604, 50.692550521355], [-3.45655203761955, 50.6927941148991], [-3.4554358633739, 50.6967303975982], [-3.45593064614363, 50.6971478904617], [-3.45857635786133, 50.6967634438323], [-3.45890667130026, 50.6974651199426], [-3.45769430166747, 50.6976884607083], [-3.45750372506122, 50.6978260138199], [-3.45703206978542, 50.6994534205091], [-3.46260192506349, 50.7020778474758], [-3.45876257700583, 50.6967946396674], [-3.45792031248733, 50.6966201080974], [-3.45593893377273, 50.6970341746442], [-3.45549888815221, 50.6966755157058], [-3.45715664884688, 50.6926223995004], [-3.45795011229565, 50.6954012161958], [-3.45962621946987, 50.6958108585011], [-3.46122953588145, 50.6950159829693], [-3.45955977842139, 50.6848613877774], [-3.45151646247639, 50.6826486249983], [-3.45636874216979, 50.6749416728641], [-3.47315010354193, 50.6873537727226], [-3.50046327591771, 50.6976018262315], [-3.50128814751897, 50.6996445081121], [-3.50441306699119, 50.7026895059913], [-3.50731567026853, 50.7012335568484], [-3.50323184398183, 50.7012805443368], [-3.50221584743808, 50.7000705416234], [-3.51109626117137, 50.7011136359468], [-3.50196637850119, 50.6994062793109], [-3.50035821496924, 50.6951974436424], [-3.4686914148987, 50.6818186589006], [-3.46819467594773, 50.6639543705657], [-3.45126400927122, 50.6470835223667], [-3.44610694472937, 50.6248205380919], [-3.44899176348357, 50.616971188687], [-3.44358511760814, 50.6012752060792], [-3.4227022847429, 50.6132865617563], [-3.44346608205558, 50.5920217536336], [-3.46697576127066, 50.5781137169424], [-3.46844081337944, 50.562976444649], [-3.47735630938615, 50.5604427743565], [-3.49981562018112, 50.5405394440734], [-3.50105639091012, 50.5459174950721], [-3.52926528927868, 50.5472790855424], [-3.57739391588001, 50.5421055135004], [-3.59086993253624, 50.5388467919586], [-3.58976255270829, 50.5348351587604], [-3.59683587796732, 50.5335429275337], [-3.60260480916991, 50.5400751522776], [-3.60595946881101, 50.5411686708844], [-3.59911283124825, 50.5347805419446], [-3.60913926813309, 50.5383968253429], [-3.59787738476944, 50.5336930471351], [-3.60048307251422, 50.5341332468586], [-3.6015921964393, 50.5340285146763], [-3.60650578777873, 50.5315986033617], [-3.59004363219402, 50.5341788568895], [-3.5913174066037, 50.5314070593071], [-3.59302494830116, 50.5290279826077], [-3.59511048031906, 50.5250115321332], [-3.5949353704058, 50.5243155504151], [-3.58829954300908, 50.5358802261954], [-3.57661017271813, 50.5383808764385], [-3.50980960251871, 50.5428566606533], [-3.49617653118969, 50.5379371229797], [-3.51330802451309, 50.5061930967733], [-3.51479898902573, 50.4816889813385], [-3.49737479696203, 50.4757451652107], [-3.5019168989705, 50.4727847223387], [-3.49202913617261, 50.4703500015728], [-3.48885087227461, 50.46373656752], [-3.48066833910193, 50.4634037875246], [-3.51593414740442, 50.4537627960698], [-3.53545096550498, 50.4627108911825], [-3.55200327957092, 50.451151812616], [-3.55911886372593, 50.4354985093613], [-3.55314068013105, 50.4292273831079], [-3.55949977986373, 50.4264539698353], [-3.5540114034727, 50.4058398232194], [-3.54467455153536, 50.4020909682346], [-3.51952171438432, 50.4031717499152], [-3.51179881781923, 50.395907798421], [-3.50518248052754, 50.4000046901603], [-3.51298314470988, 50.405625836063], [-3.50412523726375, 50.3999133124401], [-3.48239779589385, 50.4000190252828], [-3.50341779947668, 50.3885852227246], [-3.49644481798377, 50.3814256540443], [-3.51537436054814, 50.3729692308465], [-3.5128477863575, 50.368705755536], [-3.52110015045811, 50.3587596058825], [-3.51473500876065, 50.3540432391197], [-3.51786622848811, 50.3464438227521], [-3.53100105671648, 50.3443541036557], [-3.53443591670431, 50.3369839045479], [-3.54417148806477, 50.335382973607], [-3.57253778451357, 50.3471313886726], [-3.56426332830252, 50.35271371797], [-3.57029732229365, 50.3514609908873], [-3.57637439793858, 50.3633535391041], [-3.57671311700142, 50.3675368117622], [-3.57289653619043, 50.3671177108468], [-3.57031412863962, 50.3684884991388], [-3.57532391517839, 50.3680853309183], [-3.57988362228384, 50.377484163067], [-3.59158673531413, 50.3822651537319], [-3.57775682613779, 50.3889777356716], [-3.57516365308543, 50.3932865590486], [-3.60992025494964, 50.3923407964432], [-3.62268289305046, 50.4007414190059], [-3.63241453255948, 50.4000653736462], [-3.63003184068746, 50.403437643814], [-3.63426557311185, 50.4088195238263], [-3.64469274083529, 50.4055812164887], [-3.64765392966843, 50.4067212425828], [-3.6421332574086, 50.4092105161029], [-3.64452730825434, 50.4123229802132], [-3.65221741997563, 50.4155758453937], [-3.64975038582725, 50.4128954575364], [-3.65882538512078, 50.4120097307647], [-3.6602848536068, 50.4152017011901], [-3.68175259150411, 50.4276117711852], [-3.679797507504, 50.4346177617342], [-3.6801861093669, 50.4365250982588], [-3.68424815281282, 50.4387958724452], [-3.6833184514265, 50.4395720388044], [-3.68345985510226, 50.442677829777], [-3.68456301697626, 50.4447282702486], [-3.68298591119028, 50.4452715831207], [-3.68247671781106, 50.4458868611966], [-3.6813129571585, 50.4461678405049], [-3.6805902050427, 50.4464730195501], [-3.67985472087442, 50.4459371556184], [-3.67808868826125, 50.4455775086578], [-3.67492514376711, 50.4463624969705], [-3.67449801636736, 50.4475984128366], [-3.67557580599824, 50.4498075976148], [-3.67452868730121, 50.4508391885074], [-3.67334748758998, 50.4507941208559], [-3.67241293167173, 50.4513123083994], [-3.67240531326814, 50.4523233610158], [-3.67250312451528, 50.451337364962], [-3.67455385636162, 50.4508937805998], [-3.67561878036951, 50.4498478121699], [-3.67504738971614, 50.4463501241846], [-3.68076560850252, 50.4465060129429], [-3.68234763363587, 50.4459923401477], [-3.68463326836091, 50.4447472201963], [-3.68433985229149, 50.43872694504], [-3.68181426649943, 50.4368542362498], [-3.688305985626, 50.4393567696767], [-3.69076764884529, 50.4390569780289], [-3.68058851417944, 50.4361690905564], [-3.68262332927963, 50.4276695197617], [-3.66221292885516, 50.4137370446244], [-3.67010338054682, 50.4178666929918], [-3.66612991615201, 50.4130192861906], [-3.66092090714757, 50.4115992764755], [-3.66257757211165, 50.4148123457853], [-3.65854569260229, 50.4105639822522], [-3.64436549372352, 50.410120907681], [-3.65042433125052, 50.4081119397705], [-3.64783941025382, 50.4046639207787], [-3.63403856580781, 50.4050754291763], [-3.64415995576785, 50.3969564598141], [-3.67239626216631, 50.3970315078397], [-3.66378950965992, 50.3923762744261], [-3.64283161119905, 50.3961698282138], [-3.63951757763096, 50.3982280250435], [-3.60746867112731, 50.3885009368261], [-3.61378724808339, 50.3838820183473], [-3.60020863147351, 50.3913430449541], [-3.59414019826679, 50.3897853445571], [-3.59482407956745, 50.3808622526559], [-3.58055472647229, 50.3722041350383], [-3.58598681243469, 50.3626402697511], [-3.60147026100126, 50.356313678304], [-3.578841236663, 50.3599236670863], [-3.5767386185064, 50.3460775169906], [-3.56587656563187, 50.3424242674321], [-3.56350953139994, 50.3354005622598], [-3.57243702902711, 50.3260994501819], [-3.61292882874614, 50.3183825879806], [-3.64249726497965, 50.2903525017825], [-3.65952215841414, 50.2382405267225], [-3.65409361035115, 50.2275893370964], [-3.64012003729376, 50.2230021778948], [-3.64160160981288, 50.2224336339584], [-3.64073918760676, 50.2217588672484], [-3.64201807326573, 50.2213304045945], [-3.65644757179103, 50.2175980577095], [-3.68096112792631, 50.2224046043931], [-3.72141519258509, 50.2019739595215], [-3.73723119942896, 50.214916755804], [-3.77054397311034, 50.2218889129122], [-3.77274457085899, 50.2259625210006], [-3.76397677272236, 50.2348983072497], [-3.74089934012431, 50.2396603775835], [-3.73447066899048, 50.2366572689601], [-3.72631182852063, 50.2366536576959], [-3.73911844484021, 50.2410607451744], [-3.73448240214274, 50.2418873353463], [-3.72744979508518, 50.2475001781662], [-3.72038030256894, 50.2481257521232], [-3.7282246170583, 50.2482870968111], [-3.73515996682738, 50.2425482055962], [-3.75584078954794, 50.2402062521584], [-3.75261272494157, 50.2459254925695], [-3.75537923187147, 50.2519144278007], [-3.74722934348145, 50.2516068894082], [-3.74753281210407, 50.256501103131], [-3.73671372462401, 50.2584055281634], [-3.74511152701599, 50.2601154357676], [-3.72961971639344, 50.263385020036], [-3.71995792552717, 50.2705538441057], [-3.74626719312417, 50.2616765859131], [-3.75678739269325, 50.2548064069444], [-3.75453361882344, 50.2605914592371], [-3.76196811444715, 50.2614952747218], [-3.7580295475083, 50.2836555175563], [-3.76533286638953, 50.2721690317628], [-3.77590149618561, 50.2825636720195], [-3.77810087083079, 50.2792015264007], [-3.77390975398306, 50.2778469009181], [-3.77468411205242, 50.2693501993115], [-3.76733657730353, 50.2644551477497], [-3.76946874173188, 50.2605789544256], [-3.78577526197086, 50.2657233249161], [-3.77406448461032, 50.2570109629433], [-3.78790376900801, 50.2550035391415], [-3.76487690126459, 50.2539792384642], [-3.75880198200219, 50.2406268168551], [-3.76813590371133, 50.2443610465782], [-3.7753064358025, 50.2437729285696], [-3.76773719126953, 50.2422544344504], [-3.76612157013468, 50.2363128177077], [-3.78193657092764, 50.2295729646265], [-3.78091412855494, 50.2156003427246], [-3.78678710855556, 50.2151324888688], [-3.78473359234835, 50.2107968914372], [-3.82298588574881, 50.2173284371331], [-3.8272729137365, 50.2236277803321], [-3.87064797116515, 50.2411560442471], [-3.85911392155999, 50.2425107074562], [-3.85808609473159, 50.2605944295319], [-3.86809607551395, 50.2636216638111], [-3.88174521421061, 50.2765262290296], [-3.88000772590726, 50.2817656546258], [-3.8681192399927, 50.2793101544986], [-3.86416420776713, 50.287222117914], [-3.8524155712597, 50.291077782937], [-3.85836183936621, 50.2915018846341], [-3.85971624135859, 50.2971331853291], [-3.84489704241076, 50.3077034288765], [-3.83846130589223, 50.3072360319774], [-3.83106002484053, 50.3103093956093], [-3.82678300913326, 50.3099506216773], [-3.82577404044735, 50.3104503755817], [-3.82585091324922, 50.3106900397557], [-3.85474180816763, 50.3091309215161], [-3.8510747639573, 50.3049297747653], [-3.8630291475173, 50.2982009360286], [-3.86049677275411, 50.2914245680465], [-3.87096765612668, 50.2812557247874], [-3.87979786686073, 50.2846300605633], [-3.89508828163115, 50.281763256349], [-3.89799359113117, 50.2880574563701], [-3.91773075343246, 50.296056249881], [-3.94367364716113, 50.2958955240162], [-3.94682846273721, 50.3067690619059], [-3.93475924180385, 50.3231815991481], [-3.92799887429377, 50.3243779017241], [-3.92845092251446, 50.3256328481267], [-3.92201113197678, 50.3293374653546], [-3.92083145471468, 50.3304326577831], [-3.92004734797301, 50.3316237554104], [-3.93609585637129, 50.3250238816486], [-3.92686437048867, 50.3367304264046], [-3.9248141704788, 50.3471579278139], [-3.92589057079014, 50.3481827022925], [-3.92712525436732, 50.3369645433898], [-3.93813474379162, 50.3294169153467], [-3.93828469823004, 50.3195785384765], [-3.94847383391561, 50.3097999185406], [-3.96387489140775, 50.3038384318615], [-3.9918031691546, 50.307508991276], [-4.00378101448828, 50.3016422051525], [-4.01400550671748, 50.3026392300442], [-4.02176998699283, 50.2943137834282], [-4.04663865702276, 50.2935688634461], [-4.07569093520761, 50.3034059292696], [-4.06254039243647, 50.3115962441922], [-4.04039738000643, 50.3103736369891], [-4.03189973583578, 50.314308754851], [-4.04466315043162, 50.312459399833], [-4.05297442128162, 50.3143675849947], [-4.05293897147629, 50.3179892696128], [-4.04313094570957, 50.3239096007589], [-4.04639444216588, 50.3248008010088], [-4.04236810724473, 50.330412920803], [-4.01737361680992, 50.3416378124718], [-4.03332321892839, 50.3389753953012], [-4.0364685781776, 50.3393517749262], [-4.03358413022345, 50.3394015627029], [-4.03273711010064, 50.3426089700252], [-4.04326027890854, 50.3359823294937], [-4.04552000281991, 50.3307598825796], [-4.05106630414094, 50.3348580593831], [-4.0519523270858, 50.3472244224003], [-4.05147625949493, 50.3386788952695], [-4.05830957505673, 50.3380774849625], [-4.04718334717575, 50.3278645223265], [-4.05537992295693, 50.3185954269124], [-4.05482900799375, 50.311428792966], [-4.11901571874512, 50.3193770068436], [-4.1196409520521, 50.3358450199153], [-4.12676971179849, 50.3360373377623], [-4.1286903012892, 50.3373036965704], [-4.12166527234107, 50.3505529947586], [-4.12708704927379, 50.3580456973239], [-4.13501247913517, 50.359314419267], [-4.11627205683424, 50.3603152785222], [-4.11364046002344, 50.3541899986745], [-4.10538735791812, 50.3565071996836], [-4.11243592643045, 50.3594347551207], [-4.10891640592417, 50.3665164204841], [-4.10169542976616, 50.3655467058813], [-4.10790176645221, 50.3675309485656], [-4.09935145322808, 50.3797093271244], [-4.08312159783126, 50.3866725255069], [-4.08433454721293, 50.3915083178151], [-4.07782465138339, 50.3910295317052], [-4.08412297574348, 50.391525152325], [-4.08336255416798, 50.3928780509855], [-4.08388614542983, 50.3937811540132], [-4.08486410489699, 50.3943604062451], [-4.08706838845069, 50.3949819403197], [-4.08405979829152, 50.3866980745642], [-4.10017317982685, 50.3835650022874], [-4.11570407347047, 50.3617862707085], [-4.13166617513887, 50.3665141131033], [-4.15280380239412, 50.3624295662174], [-4.15438127815243, 50.367547514059], [-4.15670343654386, 50.3613987456935], [-4.16411035020697, 50.3589294062158], [-4.16740187674169, 50.3598545516408], [-4.16258319290148, 50.3635708323394], [-4.16378062680068, 50.3694497076793], [-4.16845545393978, 50.3641310851301], [-4.18547135444904, 50.3672064812667], [-4.18148814304346, 50.3771647953309], [-4.192916776614, 50.390076343851], [-4.18481169450449, 50.3924672100372], [-4.18466861235902, 50.3960236257676], [-4.17953826990158, 50.3957475687436], [-4.1797896058727, 50.3966346090332], [-4.18470872398512, 50.3963601656962], [-4.19428149908698, 50.3921356640787], [-4.20533734486742, 50.3995325224264], [-4.19961036216871, 50.402906916671], [-4.20263300642983, 50.4043311501107], [-4.19232419822018, 50.4246838686063], [-4.18458149071497, 50.4199310093485], [-4.18156804046611, 50.4233173821193], [-4.16546945642873, 50.4197332391419], [-4.16969929886231, 50.4222193197834], [-4.15967511040256, 50.4279984443609], [-4.1745475170589, 50.4243033509879], [-4.17361016278901, 50.4235419428398], [-4.17606206212407, 50.4234187373031], [-4.1766700353812, 50.4225686140754], [-4.18981365748427, 50.428451247859], [-4.17557443714051, 50.4337603961397], [-4.16265486747838, 50.4494097225075], [-4.156457843857, 50.4463509716175], [-4.16207031003529, 50.4504307641362], [-4.15459543120689, 50.4565480042577], [-4.1569130554683, 50.4619821358735], [-4.15051501096, 50.4651347287927], [-4.15755543836991, 50.4622790019041], [-4.15868153500458, 50.4564174680391], [-4.1639418740483, 50.4570263312506], [-4.18507920993907, 50.4342105781518], [-4.1989406388247, 50.445574290693], [-4.19959303157682, 50.4484584655231], [-4.19719270618034, 50.4472131179517], [-4.19518931085195, 50.4499457081435], [-4.19861261393401, 50.4485030000346], [-4.19995170435345, 50.4500533386279], [-4.19476296757147, 50.4502030822538], [-4.19378837537544, 50.4550651896025], [-4.20115498656852, 50.4544647790895], [-4.21581648755735, 50.4683192991106], [-4.22472610232849, 50.4670863609524], [-4.22842622691021, 50.4573851864162], [-4.23677357591375, 50.4594548906098], [-4.23553556554997, 50.4664955077118], [-4.21805582603993, 50.4740428173903], [-4.21622593788206, 50.4754136464451], [-4.21758233511446, 50.4840683808804], [-4.223182918257, 50.4890375266594], [-4.21994813187533, 50.4930446272168], [-4.22080547411988, 50.4977467500416], [-4.21011083955858, 50.4962743558801], [-4.2028945505991, 50.4918304388921], [-4.19812851212426, 50.4914130189693], [-4.19320543905588, 50.4950513268787], [-4.19478643041546, 50.4983301923858], [-4.18960239046071, 50.4981105314423], [-4.18237917736497, 50.4997163518231], [-4.18037595334179, 50.5009828941745], [-4.18004676132241, 50.5027670695716], [-4.18087088207754, 50.5043697150223], [-4.1837061571097, 50.5079168117884], [-4.18538539340639, 50.5084900705481], [-4.19010516871508, 50.5076750455662], [-4.19230426088745, 50.5061787977782], [-4.19281727052973, 50.5065055218665], [-4.19426914815119, 50.5030198152507], [-4.20248336606512, 50.5031543461748], [-4.20158248068099, 50.5133867669462], [-4.20292093763422, 50.5138033323271], [-4.20902775712521, 50.5134665802897], [-4.20709499257822, 50.5172020554139], [-4.20950189931945, 50.5134099087946], [-4.20202576822923, 50.513273145648], [-4.20291206081759, 50.502971740192], [-4.1939864196475, 50.5026342501343], [-4.18551292170406, 50.5081637883163], [-4.18110594771023, 50.5011493711927], [-4.19472971392408, 50.4988648089233], [-4.19551582978614, 50.498276857586], [-4.19481127938842, 50.4939791388512], [-4.20048909750337, 50.4924543874257], [-4.20982891719942, 50.4968956479891], [-4.22061508714877, 50.4988615564041], [-4.22478211773172, 50.4898948921154], [-4.22546924941492, 50.4897795731467], [-4.2252915091852, 50.4901436516224], [-4.22631403308453, 50.4903190405007], [-4.22683500106711, 50.49027655978], [-4.22699651871451, 50.4901103982114], [-4.2267716378979, 50.4898795867051], [-4.22728149827257, 50.4898565737225], [-4.22730248323708, 50.4901226201274], [-4.22756200910472, 50.4903225458429], [-4.23068892397062, 50.4910118770072], [-4.2187886190844, 50.4835741599056], [-4.21922672530676, 50.4754646429637], [-4.23932536981192, 50.4652215714652], [-4.24560764489893, 50.4671334068002], [-4.24996018844327, 50.4664317607351], [-4.23962170084555, 50.4649587125408], [-4.23790604411808, 50.4577635406877], [-4.23059065200181, 50.4550104263901], [-4.21775700966631, 50.4644335684442], [-4.21164732139222, 50.4562101841726], [-4.21156362839425, 50.4456681175544], [-4.19939491906203, 50.4364195707332], [-4.2037716934339, 50.4299590033427], [-4.21719013967143, 50.429750291294], [-4.22266583005288, 50.4278959537082], [-4.22067140243013, 50.4273863690357], [-4.22195990341589, 50.4276238627867], [-4.22228115682423, 50.4262356965096], [-4.22636855146159, 50.4355561132523], [-4.23302835772674, 50.4386466155031], [-4.23831164789496, 50.4390433574723], [-4.22731456910677, 50.435167422519], [-4.22688520017293, 50.4299721562409], [-4.23427981732394, 50.4287868196489], [-4.22832369774916, 50.4295901242401], [-4.22394343764605, 50.4253874760549], [-4.22968537007425, 50.4252223943919], [-4.22385851814098, 50.4219920144521], [-4.20987393444777, 50.425360468263], [-4.21558010159495, 50.4150671497456], [-4.21198869716548, 50.4168138661895], [-4.20578724247604, 50.4076974573777], [-4.21353651525372, 50.404806178127], [-4.21187440716816, 50.3993237990195], [-4.22730195729596, 50.3932965570521], [-4.22874461637197, 50.3972156113942], [-4.23594314863553, 50.401837497863], [-4.23301521332515, 50.3935564658694], [-4.24374725888606, 50.3892127331649], [-4.24935353655172, 50.391710838519], [-4.24718265146117, 50.3938868617914], [-4.25463225492815, 50.3937698080443], [-4.24778361522067, 50.3906168848519], [-4.25785055139017, 50.3883108969089], [-4.24537919190125, 50.386936913271], [-4.25406145702133, 50.3832398116042], [-4.27166653266127, 50.3868984732563], [-4.27064355928006, 50.3796028209149], [-4.27625827488475, 50.3770060247326], [-4.28428266464092, 50.3841483540293], [-4.279956595847, 50.3877195781041], [-4.28514436593208, 50.3890040688665], [-4.28264889530622, 50.3890710776437], [-4.28142096794514, 50.3913360018051], [-4.28795931566311, 50.3917842610772], [-4.28910862053207, 50.3879554792363], [-4.29031571060028, 50.3903972222953], [-4.28066596394091, 50.3985286434905], [-4.27658503086007, 50.3976911530339], [-4.28067145892511, 50.3988422697168], [-4.27684601533572, 50.4073360066814], [-4.27840885805764, 50.4139597739867], [-4.2758058965945, 50.4148156727248], [-4.27281632323445, 50.4167745317787], [-4.27178731381169, 50.4195481876392], [-4.27305277136562, 50.420035261699], [-4.27289917380496, 50.4206875919851], [-4.27521841384685, 50.4221658582408], [-4.27505426193036, 50.4263558334769], [-4.2767801431624, 50.4293832170987], [-4.27749841274535, 50.4297444146225], [-4.27531545153186, 50.4265173951723], [-4.27551098122431, 50.4222217481232], [-4.27284610108695, 50.4170641186048], [-4.27886020567125, 50.4139491322009], [-4.28292023700138, 50.3977428892842], [-4.29358538278903, 50.3890721733624], [-4.30046284366738, 50.3910386196155], [-4.29729032678438, 50.397305898933], [-4.30026920244399, 50.3996363729151], [-4.29886533191906, 50.3992554130651], [-4.29682999346438, 50.3998533037718], [-4.30581665719686, 50.4006443768858], [-4.30241264478138, 50.4043594611746], [-4.30491922601605, 50.4072444332181], [-4.30349963864673, 50.4067596801775], [-4.30196353798722, 50.4074937549211], [-4.3074239269861, 50.4080981058486], [-4.308418404845, 50.408921806966], [-4.30747754234332, 50.4098842960104], [-4.30792284540231, 50.4109775837306], [-4.31009933451176, 50.4103124195326], [-4.31191711325412, 50.411454121023], [-4.31133801598977, 50.4125001153547], [-4.31357869403259, 50.4142128595421], [-4.32045407227605, 50.4159201499836], [-4.32201238753319, 50.4153612340653], [-4.324843264948, 50.4124470509141], [-4.32667768793296, 50.4121674842723], [-4.31359635846336, 50.4140843333291], [-4.31210185114217, 50.4114091625181], [-4.30996387132965, 50.4100587254818], [-4.30773822340724, 50.4101912404897], [-4.30864182998517, 50.4087666199704], [-4.30326840279142, 50.4051760584021], [-4.30693845264787, 50.4011611840727], [-4.30154290146618, 50.3966984944032], [-4.30215159450564, 50.390143509149], [-4.30328794711703, 50.388114477371], [-4.30826411488994, 50.3914548208761], [-4.31103721833996, 50.3899811882271], [-4.31902914683686, 50.3904596174848], [-4.3250445423965, 50.3888594088354], [-4.29561055287819, 50.387387537122], [-4.30502511057778, 50.3809742849928], [-4.30584493900751, 50.3764463295345], [-4.30695014145127, 50.3754104397874], [-4.30708039117744, 50.3747322713375], [-4.29515856943125, 50.3867682751297], [-4.27750676876096, 50.3745668923398], [-4.2681578726179, 50.3752664991571], [-4.28163566161167, 50.3712837750828], [-4.25996918382823, 50.3767162438818], [-4.24914090368605, 50.3745050038821], [-4.23340023482273, 50.3841382025833], [-4.23545020858665, 50.3874483624815], [-4.2307657805096, 50.3904323196466], [-4.21160215408442, 50.392632668669], [-4.20221408312714, 50.3883832424635], [-4.20953231658681, 50.3858945859606], [-4.19882682608398, 50.3832274078346], [-4.20236058386466, 50.3790383593464], [-4.19300731940557, 50.3758512419225], [-4.1947836548681, 50.3718565637381], [-4.21122056804089, 50.3734416929213], [-4.20696218827767, 50.3703681249283], [-4.21916730206301, 50.3668125835989], [-4.22019315645372, 50.3685993583148], [-4.2244393978526, 50.370619893664], [-4.22288865704063, 50.3678749688947], [-4.2367731389903, 50.3658937455851], [-4.23948784022045, 50.361705447221], [-4.21743385356964, 50.3622088252655], [-4.22400071633879, 50.3587530543153], [-4.21590798004131, 50.3590149274379], [-4.21353441408061, 50.3541917025447], [-4.20847159826041, 50.3614942045147], [-4.19681979327481, 50.3594144734843], [-4.19665816857785, 50.3536981740603], [-4.20394120224644, 50.3488120716732], [-4.21013545107227, 50.3504647518849], [-4.20761609787209, 50.346906915772], [-4.19274884028789, 50.3505158466394], [-4.18055109211755, 50.3602368000232], [-4.17170822630399, 50.3589001798358], [-4.16665310063479, 50.3514881120174], [-4.16669583819619, 50.3465583572804], [-4.16932713806062, 50.3439069362493], [-4.18807652077023, 50.3408876100106], [-4.2012714929036, 50.3328725041233], [-4.18791742377521, 50.3175142828348], [-4.20967251448152, 50.3184674753961], [-4.22420713800817, 50.3113105979485], [-4.22747862848383, 50.3190732342123], [-4.21956005055098, 50.3240124595588], [-4.2291698060828, 50.3335041674275], [-4.2786110948317, 50.3553353829256], [-4.30815097061245, 50.3613974930442], [-4.41022406369339, 50.3641474146134], [-4.43619710713521, 50.3609921061735], [-4.45117641980394, 50.350947119283], [-4.46023380598557, 50.3722101848906], [-4.46154593000718, 50.3737422155278], [-4.46483134075297, 50.3753676917119], [-4.46327585959963, 50.3828679971804], [-4.46610300662369, 50.3810242361307], [-4.46679506504701, 50.3756279969638], [-4.45907335773285, 50.3662890944857], [-4.45935798421215, 50.3591521264191], [-4.46917717542598, 50.3636244933318], [-4.47956466847396, 50.3629009996319], [-4.48179380936503, 50.3647295132824], [-4.48446587361131, 50.3644499843204], [-4.48571146909667, 50.3654771187569], [-4.48485480850862, 50.3676480269932], [-4.48515240107913, 50.368237310321], [-4.48644526181165, 50.3690275727707], [-4.4877129733378, 50.3690382273863], [-4.48590763011127, 50.3654902840509], [-4.48418825082021, 50.3642083556379], [-4.48209209555133, 50.3645222857466], [-4.47920511845026, 50.3623803927174], [-4.45715772162026, 50.3581521864135], [-4.45058837324225, 50.3494489532845], [-4.45245691948531, 50.344866210532], [-4.47309982077932, 50.3385482857084], [-4.47304819328615, 50.3330849640581], [-4.4975251869775, 50.3373904793899], [-4.50183561698397, 50.3306264720663], [-4.5183599136236, 50.3314374160585], [-4.51491612308081, 50.3297893857906], [-4.53895801877531, 50.3237222904105], [-4.578492219299, 50.3325701742975], [-4.58749510235321, 50.3321173329123], [-4.59841531946951, 50.3238870905113], [-4.60665219748755, 50.3289613249855], [-4.63308501956516, 50.3243366546363], [-4.63852422464772, 50.3298477740991], [-4.63428556957601, 50.3290934018171], [-4.62990863936105, 50.3324620515005], [-4.61730969735134, 50.3341291889579], [-4.60880315740416, 50.3380849176206], [-4.6296590176097, 50.3345783078731], [-4.62739130850477, 50.3479316919879], [-4.63600045202993, 50.3472536201756], [-4.63577653705394, 50.3583015239734], [-4.61463221666602, 50.3573909402075], [-4.60696289437847, 50.3598866617023], [-4.63598176774708, 50.3601022127958], [-4.63350790196367, 50.3793547832311], [-4.61981025931743, 50.3820254951106], [-4.62033664520154, 50.3826145984502], [-4.61856803957998, 50.3831131102161], [-4.61575796681476, 50.3850333137203], [-4.61586726412489, 50.3856131044966], [-4.63590542337601, 50.3798687630241], [-4.63794091990852, 50.3730824908033], [-4.66081029813809, 50.3887968364988], [-4.6623389533553, 50.3966633700532], [-4.66346354864396, 50.3982633966405], [-4.66518199882346, 50.3984220949884], [-4.66470336935058, 50.3991240709998], [-4.66525083916715, 50.39970394399], [-4.66866330097215, 50.4011094423614], [-4.66787777875078, 50.4018821798346], [-4.66796430761925, 50.4041741047808], [-4.66890945969963, 50.4053120994865], [-4.66626831728611, 50.4074575426076], [-4.66768860484955, 50.4100396594144], [-4.66662903261433, 50.4078378714239], [-4.66914477235589, 50.4053693962781], [-4.66896095582383, 50.4012371815126], [-4.66532759232687, 50.3982053930617], [-4.66352261215209, 50.3980167463522], [-4.66227557773645, 50.3925200416863], [-4.6629056329196, 50.3919543896075], [-4.66306359659556, 50.3922748680549], [-4.66285324955635, 50.392327809727], [-4.66282124153629, 50.3923943872246], [-4.66291371735028, 50.3934817608395], [-4.66320526123619, 50.3923320706015], [-4.66387355381343, 50.3949878690894], [-4.66490487006242, 50.3953766641968], [-4.66289342490004, 50.3911488802093], [-4.66472333252526, 50.3911519308285], [-4.66647763103258, 50.3904409980468], [-4.64969766707933, 50.3770649876414], [-4.6527647982313, 50.3758842169531], [-4.65450383086193, 50.3738595405571], [-4.64964042337908, 50.3770348091369], [-4.63892725254455, 50.3703235790575], [-4.64179777461926, 50.3545805827129], [-4.63762701681693, 50.3466724162452], [-4.63114815108393, 50.3446328842289], [-4.63417031827457, 50.3349293949221], [-4.65448722997394, 50.32317661731], [-4.66761504459016, 50.3230787729146], [-4.67269221949617, 50.3138857002437], [-4.68482549730037, 50.3201229758987], [-4.68146044751969, 50.3377618555871], [-4.68871335746477, 50.3410583389703], [-4.6894312747506, 50.3480423862294], [-4.70385674501352, 50.349100063063], [-4.70028845790379, 50.3445053434865], [-4.70573772996193, 50.3454731898899], [-4.70090509667519, 50.3433633444076], [-4.70601406987799, 50.3402340329306], [-4.75684792499123, 50.331070019159], [-4.76691588624591, 50.3208290496074], [-4.75253820666241, 50.298738292022], [-4.76282134102705, 50.3007109293108], [-4.78124321981332, 50.2901344660172], [-4.78436442182471, 50.2846171026326], [-4.77778510282529, 50.2790668492476], [-4.78393722616512, 50.275088445924], [-4.78256347333214, 50.2694406192496], [-4.7870179658562, 50.2694999995001], [-4.78185148449385, 50.2691632737704], [-4.78568369137301, 50.2617567123975], [-4.76698708423713, 50.2566398873905], [-4.78554633144658, 50.245571273344], [-4.78816241097674, 50.2410626595149], [-4.780922393954, 50.2374099604518], [-4.79826333204283, 50.2301995989441], [-4.79850280458658, 50.2195151071235], [-4.80532503613834, 50.2188984196064], [-4.81958172778256, 50.2316722649277], [-4.8306434127617, 50.2302682394121], [-4.8414530925689, 50.2368923396608], [-4.86296074714852, 50.2359545514602], [-4.89535335798529, 50.2132182544411], [-4.90256260810615, 50.2126748383376], [-4.90333466522491, 50.2062670795834], [-4.91061853510251, 50.2053967301608], [-4.9108440888038, 50.2001762593751], [-4.91879330523881, 50.1961428136252], [-4.93373777428959, 50.2070934456998], [-4.95327137185187, 50.203912748057], [-4.9686701466221, 50.1920980808117], [-4.96757534544075, 50.185853312485], [-4.97360302186291, 50.1856483316985], [-4.97250730546322, 50.1646667426586], [-4.98389494814316, 50.1577911826019], [-4.98196994791055, 50.1518060836694], [-5.0096073974022, 50.1392967146246], [-5.01615660830343, 50.1411558904023], [-5.01804271108245, 50.1485077846283], [-5.00952380768812, 50.1540356352534], [-5.00432478791524, 50.1504609593022], [-4.99885165485142, 50.1616589128688], [-4.98662247856959, 50.1599706639233], [-4.98533086290909, 50.1631286462801], [-4.99717779904691, 50.1630777824663], [-4.9938152425193, 50.1680128276823], [-5.00152734387884, 50.1676469396628], [-4.99565403683292, 50.170923024858], [-4.98847345181416, 50.1784143410607], [-4.98874972806758, 50.1798322583566], [-4.99637794714967, 50.1752381630415], [-4.99498819365102, 50.1792279724962], [-4.99761236655473, 50.1887563658756], [-4.9965704131637, 50.1735914582174], [-5.00593518536412, 50.1707550042742], [-5.00062212619667, 50.1652027200938], [-5.00597364129909, 50.1615841393219], [-5.00480576781037, 50.1571234336185], [-5.02452991185199, 50.1550016932214], [-5.02744501827526, 50.1614621337277], [-5.01394252761717, 50.1877277532783], [-5.0256844199118, 50.1822935699774], [-5.03417536758181, 50.2046289382163], [-5.02677316208619, 50.2039617935505], [-5.02962043083892, 50.2060030165321], [-5.0230771390904, 50.2115776323599], [-5.02281735742969, 50.2226851735033], [-5.0092680348843, 50.2270927943834], [-5.00613364939173, 50.2221192395805], [-4.99433904157933, 50.2247350207841], [-4.9922197869076, 50.221550089238], [-4.99282817167808, 50.2246345382333], [-4.98208769668968, 50.2267082278584], [-4.97982820591764, 50.2213666145156], [-4.97923000704806, 50.2270903175444], [-4.97089595236542, 50.2281674364009], [-4.9827651678464, 50.2323116506956], [-4.96577661261176, 50.2323264127321], [-4.96483907400694, 50.2296264446047], [-4.96347053478863, 50.228566597296], [-4.96206402437301, 50.2283407079201], [-4.9621022441998, 50.2279394227114], [-4.96028709127345, 50.2273417964534], [-4.96712217580575, 50.2347361808951], [-4.96341966661908, 50.2391900544016], [-4.95772326498764, 50.2378194995799], [-4.95156961287601, 50.2389143188406], [-4.95515385666714, 50.2400767175806], [-4.95781222052897, 50.238734796888], [-4.96467811943971, 50.2395087671253], [-4.9643998478318, 50.2387566316069], [-4.96564927703193, 50.240375896458], [-4.96392957470033, 50.2416741640837], [-4.96441898560272, 50.2432331325394], [-4.96582672507436, 50.240559654303], [-4.96538502259365, 50.2375908205205], [-4.97868103070215, 50.2380188608231], [-4.97495103487408, 50.2343729663348], [-4.98421895041069, 50.2328865504333], [-4.99201979226665, 50.2263740157001], [-5.01484009152137, 50.2278604290656], [-5.01215362425789, 50.240842726191], [-5.02177892423279, 50.2450539557412], [-5.01022731530826, 50.2490672387761], [-5.00573684079389, 50.2663623124407], [-4.99145902588029, 50.2799848298872], [-5.00933894281203, 50.2651077049021], [-5.01543805219328, 50.2556729482422], [-5.01154614973362, 50.2514187260462], [-5.02676864028565, 50.24314518514], [-5.04107564774542, 50.2521955192147], [-5.04025518984473, 50.2546408195285], [-5.04700455182481, 50.2630193130176], [-5.05020697420909, 50.2641495392941], [-5.03924011753061, 50.2491511480403], [-5.05561869082844, 50.2473617190317], [-5.03524857059684, 50.2460039545503], [-5.03121492411087, 50.2381666961426], [-5.02274948201546, 50.2429772935231], [-5.01606402797467, 50.2407291747701], [-5.02422944200025, 50.2350899976733], [-5.01828994290677, 50.2256504898456], [-5.0292800589693, 50.2234724618499], [-5.03287687168669, 50.2279504370515], [-5.03895233582559, 50.2295278283976], [-5.04435430815931, 50.2275754976092], [-5.03111024201752, 50.2241362697807], [-5.04177599454406, 50.221036391792], [-5.02823871294596, 50.2211835862078], [-5.02841026410205, 50.2099159177725], [-5.03897711050394, 50.2126637998379], [-5.03605219890132, 50.2097012291127], [-5.04307926557348, 50.2042995904158], [-5.04807629797126, 50.2090255070932], [-5.04392239662628, 50.2033098925934], [-5.05910989900103, 50.1932381322568], [-5.05785108058917, 50.1982845560708], [-5.06492435588343, 50.2026872120623], [-5.06662116350293, 50.2105077220397], [-5.07009948959061, 50.2056723660007], [-5.09865095701326, 50.2119656848806], [-5.08743238316145, 50.2074018808051], [-5.1001609396489, 50.2117149448829], [-5.09755765892021, 50.2080791663925], [-5.09989301678368, 50.2090963342], [-5.10185539708113, 50.2091599523578], [-5.1147455914546, 50.2065664544159], [-5.11418002076548, 50.2061752867334], [-5.1174229050304, 50.2052485386357], [-5.11839432957257, 50.2042470479661], [-5.10086924143682, 50.2090709732654], [-5.09304914472334, 50.2064610232622], [-5.07918844203741, 50.206446361089], [-5.06343224726339, 50.196185980188], [-5.05415193871618, 50.1865027834202], [-5.05446651512601, 50.1802533490789], [-5.077300177426, 50.1842208725261], [-5.06500189964457, 50.1776804701879], [-5.04492382302996, 50.175208274233], [-5.05361764234982, 50.1623288011449], [-5.06934484450788, 50.1617195884073], [-5.07519199902198, 50.1672897000903], [-5.0917091589195, 50.1706242030294], [-5.10214760150579, 50.1698001748063], [-5.09709964268269, 50.1671466934732], [-5.100736262649, 50.1663111631671], [-5.08083525440146, 50.1650059481467], [-5.0635196605772, 50.1515970970625], [-5.05657860168852, 50.1538109651603], [-5.05897915498809, 50.1566932645689], [-5.04948389732339, 50.1552355534915], [-5.04187631104878, 50.1439159505788], [-5.0559543656216, 50.1481838383516], [-5.07625858242351, 50.1406516615308], [-5.07295545517448, 50.1343347037792], [-5.09369318239742, 50.1260693983418], [-5.08924919063009, 50.1237176408797], [-5.09126255238908, 50.1143999782466], [-5.08176872321673, 50.1093947665205], [-5.09944625378169, 50.0997510023954], [-5.11129080403192, 50.1040204170095], [-5.12413239225514, 50.0990869280027], [-5.14026254319541, 50.1002192661768], [-5.13949369028852, 50.1059096544736], [-5.13033910379376, 50.1101941906498], [-5.13790875184084, 50.1117242877179], [-5.1446829894941, 50.10716767433], [-5.14075284746793, 50.1025074802154], [-5.14363206068689, 50.0988784435134], [-5.16317370120328, 50.0967277896394], [-5.15937500316074, 50.1079770598198], [-5.16255919213638, 50.1121686289307], [-5.16490019912657, 50.112600493029], [-5.1614768041318, 50.1075123681935], [-5.16534544287982, 50.102323342004], [-5.17036499693978, 50.1059146926664], [-5.16499467817702, 50.1014722171999], [-5.16913174459194, 50.0997832458853], [-5.15916854655313, 50.0937802116459], [-5.1870769121585, 50.089469342063], [-5.20351277349574, 50.0914602995659], [-5.20841087951699, 50.0964610445399], [-5.21114874992846, 50.0939035513068], [-5.20288926751655, 50.0907713113033], [-5.20703793395577, 50.090102563812], [-5.2086231611705, 50.0885136442848], [-5.18903891423793, 50.0875590372292], [-5.19698340013267, 50.081465454222], [-5.1922038543154, 50.0800289614221], [-5.18480834301511, 50.0879934870096], [-5.17877951725808, 50.0895937972214], [-5.17889667779998, 50.0858772750013], [-5.15481609147784, 50.0931892468818], [-5.14763815752199, 50.0853430259137], [-5.15096713142334, 50.0941163687558], [-5.14119635109436, 50.0964708813571], [-5.13380828967601, 50.0954598706173], [-5.13573329458321, 50.091374569861], [-5.12487007542467, 50.0962904363761], [-5.10432387171627, 50.094399969194], [-5.09256873678838, 50.0888338101167], [-5.10163990138081, 50.0891849908985], [-5.11582566274738, 50.0845629368878], [-5.11790259288018, 50.0822811580923], [-5.10112970560577, 50.0872482700102], [-5.07599929093324, 50.0855812146029], [-5.07959444544096, 50.0687933863702], [-5.06773438937121, 50.0676250122371], [-5.06159942499342, 50.0615154911031], [-5.06400880431522, 50.0552662197852], [-5.057817176001, 50.0527793829994], [-5.06629608578477, 50.0481938025859], [-5.06873940529746, 50.0352296923594], [-5.09680343681117, 50.0263671222197], [-5.09116078321612, 50.0157128511478], [-5.09580283430057, 50.0156240859056], [-5.1013098316807, 50.0042476115316], [-5.1123857088398, 50.0028019889654], [-5.12258712760523, 50.0092388548331], [-5.16669929174246, 50.0037076079326], [-5.17195890216813, 49.9972736993305], [-5.17033216691673, 49.9910003655386], [-5.18617928634457, 49.9793573463255], [-5.18838093721144, 49.9713866811537], [-5.1832223044676, 49.9671228406626], [-5.19021800412528, 49.9616802774045], [-5.21590504671807, 49.95953293093], [-5.22064229912122, 49.9719324209187], [-5.24562894377367, 49.9755048371189], [-5.24889836711837, 49.9796134817555], [-5.24403750548197, 49.9841535183344], [-5.25291356406289, 49.9864201798569], [-5.25452952915391, 49.9966406258285], [-5.26443794212361, 49.9982098939924], [-5.26851820783564, 50.0046799316578], [-5.25841159358939, 50.0130670108243], [-5.26132365541349, 50.0166281336873], [-5.25591502489107, 50.0217139179262], [-5.26604856882113, 50.0308294119938], [-5.26143276111707, 50.0336715773572], [-5.28004728510995, 50.0418597865785], [-5.27559036042266, 50.0502459902048], [-5.28044425411849, 50.0569474489113], [-5.31847318541691, 50.0816669770415], [-5.31579593275272, 50.0829463689617], [-5.31630488856993, 50.0852227586712], [-5.32154208832642, 50.082268527836], [-5.33911567039403, 50.0919718520371], [-5.36319992417635, 50.0890160891538], [-5.39124605296714, 50.103511191163], [-5.41308153409853, 50.1039067979353], [-5.42935984415677, 50.0969060749925], [-5.4291539233978, 50.1054553697775], [-5.45374900471833, 50.1138149479962], [-5.46258729745059, 50.1229877910721], [-5.48390152718835, 50.127552310936], [-5.53047103245046, 50.1234065176643], [-5.53117754818149, 50.1141521991665], [-5.54925123309193, 50.1063829117037], [-5.53329185762811, 50.0885113765073], [-5.54220082874198, 50.0706260153862], [-5.55290055211038, 50.0607131054174], [-5.56311592422432, 50.0625376167566], [-5.56371683520054, 50.058247023713], [-5.57730145512505, 50.0517347545924], [-5.59614261058861, 50.0526492621078], [-5.60764725683475, 50.0482528849927], [-5.61914106394694, 50.0512184103885], [-5.63638205369337, 50.0400365172702], [-5.64271343818612, 50.0445644330471], [-5.65328879095956, 50.0378118918816], [-5.67923313221589, 50.034971101126], [-5.69071659893352, 50.0446359885503], [-5.68837090141986, 50.0485334840956], [-5.69588059788894, 50.0497706293946], [-5.6925770556485, 50.0540141979254], [-5.70565645069499, 50.0549720860709], [-5.71645571334435, 50.0662931819629], [-5.70946970673101, 50.0712257240116], [-5.70880696335839, 50.0776732816927], [-5.69479486882363, 50.0804628066162], [-5.68858665907444, 50.0903823967805], [-5.69756202350599, 50.0988815386783], [-5.70046300756049, 50.1195227120302], [-5.71017591339613, 50.1273601395803], [-5.70207139775884, 50.130289154107], [-5.70487381167422, 50.1348524664831], [-5.69338957035646, 50.1380660559257], [-5.69286385345801, 50.149006862009], [-5.67171101224638, 50.1619916812509], [-5.67305967252751, 50.1662441339221], [-5.62938505574571, 50.1676572727657], [-5.61486963214152, 50.1818629828284], [-5.60694337048257, 50.1810833730456], [-5.60899188978225, 50.1851305000368], [-5.59946946516699, 50.1895398733419], [-5.60066633308935, 50.1933387927029], [-5.59085525409839, 50.1886629919056], [-5.58504886448033, 50.1955245977914], [-5.57741394989368, 50.1949966500032], [-5.57560446184867, 50.2009731703734], [-5.5654070433453, 50.1996112629356], [-5.53878391415607, 50.2162437146661], [-5.53039317222296, 50.2134521161435], [-5.49832126964708, 50.2198740281063], [-5.48575503179774, 50.2148619134004], [-5.47567307127191, 50.2188609504468], [-5.47951593708949, 50.2124103825211], [-5.46941705172809, 50.206367151024], [-5.46916469606142, 50.199865980247], [-5.4368083441993, 50.1935243253452], [-5.43078703516663, 50.186717866481], [-5.44179887458773, 50.1763020879761], [-5.43392296924322, 50.17387531054], [-5.43221964266177, 50.1696663387971], [-5.43358414505728, 50.1658043519692], [-5.43295104049362, 50.1643270643028], [-5.43352173865537, 50.1658911256488], [-5.43215969638354, 50.1696312267597], [-5.43231437171043, 50.1704952595907], [-5.43388351791516, 50.1740088162426], [-5.43703371951487, 50.1762133183219], [-5.43118258682917, 50.1787345893662], [-5.43318111092254, 50.1833803477011], [-5.42904616779354, 50.1885124087794], [-5.43399294170156, 50.1907686320034], [-5.42728112563973, 50.1881757162463], [-5.42515761107585, 50.1867479849614], [-5.42445670251868, 50.1857668318888], [-5.43300911926969, 50.1832989126975], [-5.43024755100658, 50.1823788173858], [-5.42393667260849, 50.1855816401644], [-5.42479483773773, 50.187990935117], [-5.42131014998208, 50.1847351075495], [-5.42489377402295, 50.1888190149766], [-5.42290908015466, 50.1882244425914], [-5.41972874932067, 50.1884666643113], [-5.40903721795257, 50.1915295123491], [-5.40705278476747, 50.1928275740648], [-5.42230409385759, 50.1884338912804], [-5.43366205169956, 50.1937939025351], [-5.39362517988591, 50.2255739780256], [-5.39094520159859, 50.2298344237579], [-5.39540365200701, 50.2404095298611], [-5.37810149923982, 50.2440710305775], [-5.36837711660057, 50.2361658364291], [-5.32480734271536, 50.2442653578232], [-5.30370416251698, 50.2617175627697], [-5.28918518512171, 50.2610457100083], [-5.29220225367449, 50.264228641396], [-5.28549497528039, 50.2648466917493], [-5.28772590330464, 50.2675754811388], [-5.27920643220855, 50.2733196878137], [-5.26344906833556, 50.2749595761262], [-5.2617321055243, 50.2796933372855], [-5.24369581011188, 50.2868723324152], [-5.23485943481502, 50.3004815991818], [-5.23570762246044, 50.3182659155713], [-5.22100881629067, 50.322422652254], [-5.20073323756617, 50.3201028236809], [-5.18933611016758, 50.3322171632196], [-5.18058176863894, 50.3337985965947], [-5.1814793909695, 50.3403379036583], [-5.15384624653133, 50.3461371555167], [-5.14648531118574, 50.3752654175651], [-5.15585182070744, 50.379107375373], [-5.14951286750554, 50.3814832080815], [-5.1576833812358, 50.3895858291309], [-5.1475407685096, 50.3901767434086], [-5.14610669832594, 50.3888622650764], [-5.14532999344444, 50.3887177625814], [-5.14479373782313, 50.3889953007333], [-5.14460925671402, 50.3892625283784], [-5.14371108451841, 50.3889515054214], [-5.14453227652406, 50.389393925577], [-5.14581844767044, 50.3888406306595], [-5.14693404982131, 50.3901562790964], [-5.14810521692973, 50.3903553713025], [-5.14320259411428, 50.3957217833245], [-5.14949285111486, 50.4016856525656], [-5.14742843603676, 50.4051907450376], [-5.13564214321044, 50.4011097223271], [-5.13599177439075, 50.408982429935], [-5.12595197751516, 50.4038385358058], [-5.11585284894222, 50.4087248920204], [-5.08803190168748, 50.4036398970014], [-5.08210011846023, 50.4038332386907], [-5.08047178930546, 50.4045113323382], [-5.08008007954502, 50.4056286828852], [-5.07888547866655, 50.4058490026822], [-5.06920276198661, 50.3964879022925], [-5.07434380597361, 50.4048438451492], [-5.07932769695587, 50.4059966397147], [-5.08059505733903, 50.4056472235802], [-5.08086170306338, 50.4045659929937], [-5.08320024810235, 50.404098205917], [-5.12580700152056, 50.4121878360859], [-5.10243484541206, 50.413113897762], [-5.09786803918414, 50.4192063944577], [-5.09974316244815, 50.425917678001], [-5.0853792843886, 50.4151119892172], [-5.07647553420269, 50.4163608635435], [-5.06631777264997, 50.4247644186326], [-5.05498414442417, 50.4256453227963], [-5.06066494866278, 50.4269459963107], [-5.04378825275585, 50.4422290612948], [-5.03940130399876, 50.4519384302357], [-5.04317799363046, 50.4586136895482], [-5.03818305197958, 50.4603208608461], [-5.04248044410548, 50.464152175259], [-5.03194882664117, 50.4673147826557], [-5.03973187386568, 50.4741586157473], [-5.03302490274476, 50.4860815836447], [-5.03486650182759, 50.4937565767451], [-5.04680707283456, 50.4978267905269], [-5.034380215689, 50.5039176516058], [-5.03316365745568, 50.508777630528], [-5.02424935537856, 50.5086745688416], [-5.02950387067917, 50.5127791147224], [-5.02671509771294, 50.5223620970872], [-5.03040260363276, 50.5218858876922], [-5.02269750929576, 50.5266161589283], [-5.02653893554778, 50.5294416283835], [-5.02280667173782, 50.532302692536], [-5.02549269446681, 50.5410049965735], [-5.03981764374892, 50.5451119084401], [-5.03666960313758, 50.5494470864081], [-5.02441533741095, 50.5516296700996], [-5.01917278252588, 50.5452390591271], [-5.00357293320911, 50.5465257650328], [-5.00479672742362, 50.5431928461215], [-4.99859019080987, 50.5403088996547], [-4.98386583043079, 50.5422107911585], [-4.97217527511772, 50.5576804973546], [-4.94511999886469, 50.5691474423931], [-4.94959409039878, 50.5565619800024], [-4.93517173367398, 50.5490622464174], [-4.93825531004164, 50.5414783667629], [-4.93093172111355, 50.5299071497934], [-4.93814897613035, 50.5275179553313], [-4.94230384668448, 50.5208576463643], [-4.93652099043839, 50.511660516842], [-4.93772318207673, 50.5246553384431], [-4.92914092788043, 50.5243786331928], [-4.92473037937437, 50.5311756254102], [-4.91036856773924, 50.5305542522155], [-4.89559758638116, 50.5200864493318], [-4.8994868882241, 50.526174289291], [-4.88525854491106, 50.5301784713321], [-4.85480101978085, 50.5288026947645], [-4.83506460317995, 50.5165854324893], [-4.84090137687661, 50.5129203783039], [-4.83577772269228, 50.515336035234], [-4.83487826415917, 50.5168366211043], [-4.83053369229893, 50.5130088471099], [-4.82321299833764, 50.5125273663828], [-4.82276462120385, 50.5108525466884], [-4.82116519885089, 50.5093900427829], [-4.81693809915186, 50.507854258261], [-4.8161721530762, 50.5060517297137], [-4.81708807698102, 50.5040322637032], [-4.81671025741087, 50.501945262726], [-4.80294475920514, 50.4925605096939], [-4.81642824852955, 50.5020459100455], [-4.81607108186732, 50.5067052296778], [-4.81658050579245, 50.5077983340818], [-4.81853430736524, 50.5090280644551], [-4.81630853500643, 50.5091962029052], [-4.81277014560638, 50.50824843592], [-4.81211265306505, 50.5083974585021], [-4.8107797810329, 50.5078057620406], [-4.81000194448081, 50.5077525001344], [-4.8095291801234, 50.5080289155101], [-4.80834811368709, 50.5078624152467], [-4.80820887441405, 50.5079001377357], [-4.80823805770918, 50.5081541765831], [-4.80853211554852, 50.5085668012051], [-4.8070940817812, 50.5088672154822], [-4.80556819372512, 50.5099889279301], [-4.80498053771122, 50.511394090036], [-4.81018172132583, 50.5077893558006], [-4.8256043216745, 50.5139004515158], [-4.83013840857049, 50.5131125526809], [-4.84180340186923, 50.5250036943172], [-4.84813362871006, 50.5267798106035], [-4.84730880044225, 50.52718501898], [-4.84920149017162, 50.5311509786845], [-4.8483760577456, 50.5322808269486], [-4.84996026613785, 50.5332812041206], [-4.88993003215257, 50.5362558586722], [-4.89878170105109, 50.5307771813313], [-4.91424746784519, 50.53707212801], [-4.91485760325186, 50.5433587846416], [-4.92557956352701, 50.544776189219], [-4.93143294145013, 50.5513560765299], [-4.92601242192425, 50.5610895680187], [-4.93144375727827, 50.5648109104264], [-4.91582029618927, 50.575951786752], [-4.93541827945306, 50.5867379163186], [-4.91865831086175, 50.5945084916408], [-4.90828934590339, 50.5845070947444], [-4.88522893865096, 50.5823048618918], [-4.87353284189553, 50.5908168699902], [-4.86752465562518, 50.5889747036693], [-4.87213454897976, 50.590859653457], [-4.86998617228391, 50.595370475742], [-4.86004319493173, 50.5931595865393], [-4.84935667135071, 50.5987992884769], [-4.8324389873183, 50.5921356746955], [-4.83029727671324, 50.595705310493], [-4.82348447136307, 50.5930025608248], [-4.82523690236753, 50.5956116670747], [-4.79591889861345, 50.5982344764713], [-4.77044152123395, 50.6223718140933], [-4.77304635857916, 50.6283623870718], [-4.76777062103728, 50.6423016318612], [-4.76148225845295, 50.6445349634924], [-4.75871806437452, 50.6528499691522], [-4.76663229476339, 50.6548615552165], [-4.75893673720707, 50.6673465172584], [-4.76439280944894, 50.6698742186634], [-4.74643293518071, 50.6710906892987], [-4.7421810443791, 50.6767245161852], [-4.73505131576147, 50.6715033399676], [-4.72811904684568, 50.6755650346634], [-4.72607422662238, 50.6840203902817], [-4.70547367762538, 50.6857673426937], [-4.70536010760863, 50.6906334676553], [-4.69525115737839, 50.6904485619039], [-4.70142098621428, 50.6917467037228], [-4.69846606239618, 50.6943921913022], [-4.68024568558363, 50.6959935829818], [-4.68539065546196, 50.6996221176629], [-4.68121592524565, 50.7043731559796], [-4.66812312340151, 50.7066797709647], [-4.66737649145589, 50.7109818689186], [-4.65457628700499, 50.716266537732], [-4.65591068233775, 50.723506318676], [-4.64940558547453, 50.7289535235259], [-4.65387758337848, 50.7398376940449], [-4.63501937119348, 50.7409520656587], [-4.63973093830284, 50.7456779057736], [-4.63461445539753, 50.7490877221578], [-4.61988739106152, 50.7513346513158], [-4.61044383392779, 50.762197073711], [-4.59027968646155, 50.7662374979328], [-4.56194358672404, 50.7813324242101], [-4.55702128763634, 50.7938697699808], [-4.56100174361249, 50.8005330202802], [-4.55688327815452, 50.8082306429264], [-4.55868322816147, 50.828761768762], [-4.55668534366237, 50.8314688436359], [-4.54993333034588, 50.8288888249844], [-4.54667214375138, 50.8299534395156], [-4.55202170797292, 50.8300947458263], [-4.5561170737732, 50.8368616429775], [-4.55808399285726, 50.875186226614], [-4.56748158600374, 50.8853722459235], [-4.56106028729056, 50.8918769146713], [-4.56564742819428, 50.8945943910866], [-4.56407496361353, 50.9009859510281], [-4.56991556816818, 50.9037477427205], [-4.55226393847092, 50.924006231963], [-4.55497651886043, 50.9258741792841], [-4.54537658191148, 50.9294992661243], [-4.55014089330696, 50.9407600484635], [-4.54274141762701, 50.9443275963655], [-4.54432581300094, 50.9528585163982], [-4.53295006795182, 50.9657184858089], [-4.535689863237, 50.9791719167155], [-4.52935687239267, 50.9862761814447], [-4.53524904825838, 50.9945094091842], [-4.53028047446147, 50.9966534433506], [-4.53010670791927, 51.0048697013063], [-4.53501927833969, 51.0086730488668], [-4.52689754634534, 51.0118764554909], [-4.52565061128499, 51.0223005596429], [-4.50105304732767, 51.0187077084084], [-4.46945986365457, 51.0215843874259], [-4.4486612517619, 51.0144887527298], [-4.42539283633548, 51.0136566198235], [-4.39090346410786, 50.9946762942721], [-4.34338659341991, 50.9889233597611], [-4.30299572339699, 50.9977554073642], [-4.25816310522657, 51.0375717714996], [-4.23868569234278, 51.0411785346242], [-4.22644641231505, 51.0605192794712], [-4.21729631598772, 51.0649608967108], [-4.20808220123944, 51.0616908568138], [-4.21339325923625, 51.0603196057284], [-4.21020087860286, 51.0524246691048], [-4.19765207057846, 51.0579268738692], [-4.19065297289763, 51.05478597844], [-4.19126837635099, 51.0449141223965], [-4.2039315436293, 51.0318337161547], [-4.20674728680254, 51.0080287309393], [-4.20616024260053, 51.0051600253981], [-4.1932004086219, 51.000070121928], [-4.19530039688542, 50.9961823951656], [-4.1969624908838, 50.9964132295412], [-4.19914312177347, 50.9951202922322], [-4.20350317162096, 50.9905967693783], [-4.19392858010799, 50.9969798541139], [-4.1929285469645, 51.0003145338096], [-4.17786326858324, 50.9976967812895], [-4.18265208491575, 50.9918100616177], [-4.19236154565858, 50.9921886139947], [-4.19479870852909, 50.9915330778789], [-4.19775348281206, 50.9895277083801], [-4.1926689588574, 50.9853197008226], [-4.18871015920763, 50.9843084262335], [-4.19002839470561, 50.9821360001776], [-4.18938634524447, 50.9781808558055], [-4.18557264308004, 50.9760586887941], [-4.18336349463759, 50.9757321680081], [-4.18924362429761, 50.9785676339905], [-4.18809835531395, 50.9841138977138], [-4.19727648113541, 50.9894755402848], [-4.18151194809887, 50.9917153678585], [-4.17737271514349, 50.9954071737947], [-4.17795467479008, 50.9992815535699], [-4.20429337700348, 51.0084223724523], [-4.1972881705277, 51.0226054023107], [-4.19806868247801, 51.0335562625104], [-4.18030669131042, 51.0477353799365], [-4.18068636908552, 51.0665163241941], [-4.1721059247405, 51.0719981093526], [-4.15385575034354, 51.0725652691329], [-4.15307730089374, 51.0801314491692], [-4.12346037139295, 51.0792450995761], [-4.12302843699555, 51.0771692516835], [-4.1185369175354, 51.0742855320797], [-4.11455457960699, 51.0740363956118], [-4.11439567785583, 51.073092193716], [-4.11090296075042, 51.0728458607512], [-4.12190431164158, 51.0776571525006], [-4.11785468221973, 51.0898837638931], [-4.11317154790839, 51.0896841357104], [-4.11137799032933, 51.0885068514027], [-4.11284051811462, 51.0883303853172], [-4.11340978681249, 51.0879046214119], [-4.11223130035321, 51.0863217575455], [-4.11104781856588, 51.0883005814155], [-4.11075479794849, 51.0852379611277], [-4.10545480546686, 51.0843051676749], [-4.10777564500846, 51.0828781363], [-4.10534477234995, 51.0828005487043], [-4.10426110903319, 51.0815628590943], [-4.10312867596182, 51.0811969745137], [-4.10635876490203, 51.0837292066406], [-4.07624262918294, 51.0768512978287], [-4.06627999392149, 51.0793966526694], [-4.05479946751675, 51.0719014473397], [-4.05720399371196, 51.0684554188203], [-4.05399582682112, 51.0624925572203], [-4.0575757183669, 51.0578853824213], [-4.05085043036321, 51.0539988823645], [-4.0529247849331, 51.0523448910463], [-4.0519019690047, 51.0516408710405], [-4.05058551197481, 51.044948460425], [-4.04940727332526, 51.0437111914255], [-4.05021569456032, 51.0448135778083], [-4.05136498134719, 51.0512980779113], [-4.05224764454214, 51.0527294986631], [-4.0507369322422, 51.053354383061], [-4.04894727616755, 51.0529973027733], [-4.04734150839509, 51.0533227469205], [-4.05599181992118, 51.0575950908174], [-4.05368099818803, 51.0612120273431], [-4.05337490665022, 51.0646366663224], [-4.05534005089789, 51.0749912820238], [-4.0668758393771, 51.0811117180498], [-4.06322685757845, 51.0821896854196], [-4.0611482193013, 51.0835111997502], [-4.06105739476191, 51.0838770386578], [-4.06320056323289, 51.0840680995206], [-4.06333209269396, 51.0849751905782], [-4.06167450959626, 51.0849331041256], [-4.05053453545617, 51.0873591921604], [-4.04900828539175, 51.0871209545634], [-4.04929224583082, 51.0873603014912], [-4.05059019195721, 51.0874229685053], [-4.05865158648353, 51.0861633273903], [-4.06338243919949, 51.0850755683071], [-4.06713791800918, 51.0811857884244], [-4.07645916396899, 51.0815826005035], [-4.07547607968291, 51.0800191231022], [-4.11890678868929, 51.0946291721724], [-4.12870202359653, 51.0934746223926], [-4.13313587991783, 51.0858380899437], [-4.1637462956259, 51.083576843557], [-4.1689713160554, 51.0875093856557], [-4.16273222568839, 51.1007010604492], [-4.17097707823044, 51.0879444792604], [-4.16659676288982, 51.0804707114878], [-4.18547255385781, 51.0761624745624], [-4.19178759167002, 51.0700937702911], [-4.18982964145954, 51.0660664390471], [-4.21743508442882, 51.0768031430027], [-4.223226519737, 51.0874441878112], [-4.22245416331943, 51.1176947907307], [-4.24037401931455, 51.1205902584733], [-4.24286078051077, 51.1251478913253], [-4.23588992311318, 51.13089387071], [-4.26188599155239, 51.1428026376721], [-4.2556891226144, 51.1469228719652], [-4.21983975701204, 51.1467643230845], [-4.20977284621688, 51.1726381690244], [-4.21436640929022, 51.1824457429732], [-4.23057962532947, 51.1877978701444], [-4.21064521631332, 51.1905462979934], [-4.20262905101953, 51.2001728704314], [-4.17763613714615, 51.1973076058014], [-4.12158171029828, 51.2126330579634], [-4.09699947074964, 51.2109036834467], [-4.08017877779096, 51.2180570242995], [-4.03874602666488, 51.2066727622631], [-4.04140697179229, 51.2100240898932], [-4.03183434614716, 51.2105175382514], [-4.02837284183377, 51.2163826371633], [-3.95825151949225, 51.2191184182812], [-3.92563739944052, 51.2319006936253], [-3.89203097192979, 51.2237704667241], [-3.85373717100366, 51.2345690905924], [-3.81343066019009, 51.2311542562096], [-3.78548280617765, 51.2464057311575], [-3.76977926877737, 51.2376615857128], [-3.63197576368389, 51.2236085187923], [-3.62201536804538, 51.2166687485085], [-3.60664787533853, 51.2172924623664], [-3.60264081402801, 51.2191059243256], [-3.61127123842324, 51.2191917604358], [-3.59068375839125, 51.2232625079548], [-3.57870861546137, 51.2321417017005], [-3.54300707646363, 51.2323849428365], [-3.49688666372545, 51.2239731104201], [-3.47255282596457, 51.2136175438211], [-3.47094492179247, 51.2082972298996], [-3.44760212743594, 51.2089016575387], [-3.42349972020241, 51.1901748794934], [-3.40475442710724, 51.1826208541776], [-3.32880275237923, 51.1840728666808], [-3.31245560017086, 51.1794790078971], [-3.27597964706846, 51.1797693020434], [-3.19578666354169, 51.2023923463845], [-3.18069464583567, 51.1997309342149], [-3.15394211238269, 51.2087737215171], [-3.12655094258042, 51.2113898439971], [-3.07101157886057, 51.201414793098], [-3.02294750113676, 51.2186101408044], [-3.02060437298074, 51.2157568383751], [-3.02639033918025, 51.2153010349984], [-3.0292409162005, 51.2090126429508], [-3.02488202560103, 51.2123620993889], [-3.02853795661784, 51.1996840498067], [-3.03986183161382, 51.2043635968456], [-3.03870100582286, 51.2008391434099], [-3.05119158724087, 51.2015304509376], [-3.04626035285641, 51.2007239582393], [-3.06618652673141, 51.1923738917504], [-3.05615904936004, 51.1945508939922], [-3.06118195891595, 51.1912323485269], [-3.05569848843746, 51.1896613616047], [-3.05597337445193, 51.1943551070731], [-3.04811030634232, 51.1992245934174], [-3.04818760781515, 51.195291497896], [-3.04655039161827, 51.2000209830715], [-3.03481021618623, 51.1993612209467], [-3.03848672703061, 51.1973175819365], [-3.03557380912889, 51.195995201413], [-3.02986826972274, 51.1993325685229], [-3.03321339619561, 51.194162255438], [-3.04517232692367, 51.1945947459128], [-3.05531661211976, 51.1877715158477], [-3.06012791327645, 51.1743277956825], [-3.04349864916511, 51.1640704676521], [-3.03640732696954, 51.1624640057771], [-3.0290448504148, 51.1661083312122], [-3.02880723054959, 51.1744964303214], [-3.020424669275, 51.1759570987411], [-3.00739270138782, 51.1714064273266], [-3.0024968251515, 51.1609679289366], [-2.98966022082057, 51.1611963581358], [-2.99235884784231, 51.1565670684643], [-2.9916173617638, 51.1539328793722], [-2.99740850264375, 51.1531617764515], [-2.9994767697081, 51.1516893443127], [-2.9991814711446, 51.1449717142878], [-2.99323536226698, 51.1416207787617], [-2.99791855806719, 51.1401019304245], [-3.00258237451814, 51.1373707875436], [-3.00366100077571, 51.1335421855404], [-2.9958045682454, 51.1188874129632], [-2.99311004410365, 51.1166607098021], [-2.97923591285529, 51.1148446719061], [-2.97045215964324, 51.104777075117], [-2.96851940895286, 51.1037450554436], [-2.96618306191142, 51.1029908642142], [-2.96620415018452, 51.1004781278894], [-2.96545598738525, 51.0995993134214], [-2.95854849044044, 51.0946931549474], [-2.95384457019147, 51.0921558093792], [-2.94907330640562, 51.0907450146574], [-2.94518586130518, 51.0912502623157], [-2.94324924920811, 51.088007053933], [-2.9391672925126, 51.0843893440667], [-2.93799825009588, 51.0838872615901], [-2.93490970825545, 51.0834546390065], [-2.93362600463209, 51.0796838615951], [-2.92685544871471, 51.0743459111139], [-2.91987250275995, 51.0708221361011], [-2.91719664496183, 51.0678765150291], [-2.91918601002698, 51.065565137479], [-2.92097538931553, 51.0649071914155], [-2.92145211701556, 51.0641165480627], [-2.92494470708837, 51.0627095434842], [-2.93019100469639, 51.059888309783], [-2.93170700342447, 51.0587062853277], [-2.94727465268888, 51.0457003979068], [-2.94932726611142, 51.0436667936389], [-2.95073024281564, 51.0413389866393], [-2.95432630202073, 51.0410624051349], [-2.95906678678073, 51.0401954178265], [-2.96578827211996, 51.0389117685365], [-2.97114077307901, 51.0375887559198], [-2.97609461504744, 51.0373370854567], [-2.97138480013315, 51.0373924600757], [-2.9511706284152, 51.0410377534648], [-2.95000912841664, 51.0417153163132], [-2.94709012191559, 51.0456722254912], [-2.93134435873657, 51.0587685099104], [-2.92144033179869, 51.0640267425525], [-2.92082376506424, 51.0648859116613], [-2.9191974284428, 51.0654229174749], [-2.91712220650897, 51.067289880926], [-2.90528764875898, 51.0610577989723], [-2.89278128162406, 51.0612763873189], [-2.89339397025408, 51.0588536078152], [-2.89294923085042, 51.0544336281581], [-2.88760462506405, 51.0495149970782], [-2.88391929275086, 51.0489745991977], [-2.88405524558786, 51.0472826106901], [-2.88350320755265, 51.0468285360047], [-2.87937439868697, 51.0465881050024], [-2.89280224337452, 51.0544753443626], [-2.89272180723192, 51.0613712354758], [-2.90564334109977, 51.0612996568212], [-2.94494603652484, 51.0913578989096], [-2.95792036398358, 51.094527889697], [-2.96553705509515, 51.0999002856047], [-2.96612052304723, 51.1032144922788], [-2.979458957929, 51.1151706550104], [-2.99505452650812, 51.1183263914032], [-3.00320295299139, 51.1335658961863], [-2.99262813203468, 51.1416792903435], [-2.99869553749466, 51.145192601268], [-2.99880632735092, 51.151601365247], [-2.9909134478699, 51.1534304554003], [-2.98780499173821, 51.1596658989519], [-2.9898898122224, 51.1626951217853], [-3.00153757147606, 51.1617968278858], [-3.00586755657504, 51.171939555732], [-3.01871793513822, 51.1771428611459], [-3.0288717413474, 51.1761694872518], [-3.03132938137513, 51.1664789920882], [-3.0395747434729, 51.1642268396379], [-3.05489112494396, 51.1762103774916], [-3.05101710659778, 51.1871469376903], [-3.03521431305647, 51.1887842390329], [-3.02111607136309, 51.1978755971729], [-3.00214135512647, 51.2260278835009], [-2.99957054864516, 51.2224847971397], [-2.98428564189524, 51.220426313061], [-2.99878379053263, 51.2230689951779], [-3.00264869851877, 51.2278153181255], [-3.00050760858755, 51.2416191561986], [-3.02157057691597, 51.265979710813], [-3.01172913530072, 51.319908931196], [-3.0354696915471, 51.3285355994304], [-2.99427657404061, 51.3210652589899], [-2.98635736448069, 51.3124639203131], [-2.99520115391847, 51.3075585066254], [-2.99492407470914, 51.3027097802041], [-2.99282535274968, 51.3011764358175], [-2.99426032431832, 51.3062502217596], [-2.9843979884003, 51.3118716313397], [-2.98521208188972, 51.3213587002305], [-2.98658933044412, 51.3151399217893], [-2.99288119684132, 51.3208963857116], [-2.98280906700014, 51.3496372058737], [-2.99490491157733, 51.3556031097655], [-2.96695582030548, 51.3639995519453], [-2.96219597656447, 51.3752129755491], [-2.96248158139165, 51.3823940789296], [-2.98082379743117, 51.3884289956216], [-2.93976159203071, 51.3981644062994], [-2.93938604362606, 51.3910463455895], [-2.93084172655009, 51.3897897261663], [-2.93509267572554, 51.3953340477821], [-2.91731265341787, 51.3958656090247], [-2.89524791337936, 51.3877819333856], [-2.89040722827545, 51.3876163809134], [-2.91295825709942, 51.3959407175137], [-2.88732350803392, 51.4133553633422], [-2.8828167918122, 51.4256027793899], [-2.87446642581941, 51.4287893029611], [-2.87916308977093, 51.4318547528476], [-2.79986609904919, 51.4851984593275], [-2.78413792328018, 51.4870643003624], [-2.77322239081959, 51.4946713048089], [-2.73253378967557, 51.4924704703047], [-2.73546176490617, 51.4943341436219], [-2.72691365444977, 51.4992701889486], [-2.73074999140016, 51.50179930093], [-2.73052685586693, 51.5022401663183], [-2.71820869014692, 51.5013798296751], [-2.68484840255875, 51.4804620716498], [-2.67624485628395, 51.4796772286672], [-2.66784207497228, 51.4823033192571], [-2.66875069203699, 51.4812436349569], [-2.66078298998709, 51.4863051662046], [-2.65117246079938, 51.4739117578967], [-2.64559465569457, 51.4703799344888], [-2.63390980447222, 51.4666085851854], [-2.63121824655745, 51.457741241739], [-2.62510297165081, 51.4474446571325], [-2.62158693362487, 51.4456065553743], [-2.58752377195837, 51.4450030484668], [-2.58479755525717, 51.445721635784], [-2.58011359522876, 51.4479934311895], [-2.57716991483328, 51.4440241497223], [-2.57084561306223, 51.4428403689677], [-2.56063755152037, 51.4450225048482], [-2.55784374909594, 51.4463773756477], [-2.5539473591175, 51.4510616960686], [-2.57106601507716, 51.4432097383369], [-2.5783575878203, 51.4482964946805], [-2.62089588716061, 51.4461084033876], [-2.63291148697728, 51.4673918313885], [-2.64981018964249, 51.4750422869963], [-2.64833500299765, 51.4808625959028], [-2.66191211165391, 51.4878622156108], [-2.67974441309064, 51.4812484645962], [-2.70872561212026, 51.4977314885702], [-2.71821750267118, 51.5082397647947], [-2.70286330383879, 51.515329041075], [-2.670916291083, 51.5447039392594], [-2.66393711684657, 51.5730374814963], [-2.65624103852263, 51.5738471283562], [-2.63631418565659, 51.5939195379313], [-2.63684517223998, 51.5911212071235], [-2.63500055893696, 51.5903388181073], [-2.62779006181031, 51.6056459952102], [-2.59656131137243, 51.6166660497694], [-2.58085392640825, 51.6330778609999], [-2.57818295772008, 51.6311865385613], [-2.57546194363991, 51.6313860484494], [-2.57996344903634, 51.6340765634657], [-2.57433603005574, 51.6482420035027], [-2.55853203837592, 51.6663362721973], [-2.51071020861127, 51.6851799665167], [-2.490204722065, 51.7002668709875], [-2.489333450377, 51.6980075996002], [-2.4835713274919, 51.6968534771955], [-2.48937864803583, 51.7008350502604], [-2.48185882651945, 51.7256424365797], [-2.4721873457876, 51.7260322582481], [-2.44946700354143, 51.7398792645262], [-2.43216287737957, 51.7361769254647], [-2.38053838452806, 51.7606473417318], [-2.3835538069298, 51.7759551218651], [-2.44548367736252, 51.7905327564625], [-2.44708016377203, 51.7953829262487], [-2.43362345712627, 51.811041363332], [-2.42461998018625, 51.8150717472524], [-2.41208528173817, 51.8051064087203], [-2.37472758542585, 51.792744415685], [-2.35413943091975, 51.7940949207947], [-2.34542549296126, 51.8024238021853], [-2.35912874732321, 51.8111523317293], [-2.36168513267745, 51.8222666469228], [-2.34858506509616, 51.8293752863711], [-2.35581724137135, 51.8351006199995], [-2.3514525389883, 51.8460173962033], [-2.33278083591512, 51.8500987709137], [-2.322751329345, 51.8473970528863], [-2.30797279895577, 51.8465249540605], [-2.30103027900927, 51.833618138631], [-2.29508359412778, 51.8319293274636], [-2.29001014988738, 51.834863138286], [-2.28957674782912, 51.8387951834944], [-2.27858663936526, 51.8449248892266], [-2.28748294323477, 51.859614870844], [-2.27501616796669, 51.8621505090233], [-2.26801520083122, 51.8682681154765], [-2.25980055808632, 51.8624835999216], [-2.26474914433986, 51.8680839630561], [-2.26742770650709, 51.8686308831517], [-2.26938338331648, 51.8682748790084], [-2.26669879216211, 51.8777396686987], [-2.26753831923149, 51.8894630608776], [-2.27054401365314, 51.8682973835552], [-2.28880860103284, 51.8596026359659], [-2.27991789966786, 51.8449397069624], [-2.29076047388068, 51.8391375155706], [-2.29383017807272, 51.8328945111265], [-2.30066971214889, 51.8345990855876], [-2.30754965356133, 51.8472749918651], [-2.33296725749952, 51.8507698736062], [-2.35217197583993, 51.8466886707963], [-2.35716421168921, 51.8359073623168], [-2.35047217959112, 51.8297003731745], [-2.36329812694244, 51.8225034480417], [-2.36031108333821, 51.8068049565786], [-2.34796171035612, 51.8026847086304], [-2.35288966924061, 51.7968257201568], [-2.36781976774077, 51.7941455016919], [-2.40157393160198, 51.8042131032018], [-2.41666587349462, 51.8186161502081], [-2.44038813941171, 51.8125593829016], [-2.45300695670582, 51.7966160226053], [-2.44940888317239, 51.7856926603139], [-2.40843227376374, 51.7786838778164], [-2.4065932623108, 51.7705126670078], [-2.43685764517963, 51.7593510518277], [-2.43984760871911, 51.7619946536297], [-2.4374917608231, 51.7591502536067], [-2.4735744356122, 51.7429655689351], [-2.47893620680005, 51.7349818063607], [-2.49601489045849, 51.726884412935], [-2.50539539282216, 51.7103769047922], [-2.54712491694029, 51.6984709737661], [-2.55248601597159, 51.6929133734121], [-2.55620205403369, 51.6940045685625], [-2.5516532009775, 51.6960131088755], [-2.5690629847431, 51.6917504218642], [-2.56586440734366, 51.693742312793], [-2.56536555092975, 51.6944233076685], [-2.56643668289643, 51.6951691147333], [-2.57683660705324, 51.6846554652667], [-2.60998962011175, 51.6726715534941], [-2.62589094309223, 51.6615796560637], [-2.62377141084042, 51.6536351007604], [-2.64886659431428, 51.6312856836512], [-2.64897093195053, 51.6111338417116], [-2.65758486960548, 51.6105336895872], [-2.65532783348314, 51.6231151916451], [-2.66770253239477, 51.6343276208039], [-2.66635593866705, 51.6439664775881], [-2.67935496089237, 51.6470466792877], [-2.66519231105957, 51.6647028543646], [-2.67836636407337, 51.6603597980515], [-2.68556578095611, 51.6626809214476], [-2.68232477594029, 51.66869766144], [-2.6563734691303, 51.6734543241438], [-2.67229752944963, 51.6818961276149], [-2.66960778997581, 51.6948586936299], [-2.68351249287907, 51.7012245789825], [-2.67025719694254, 51.7007279312927], [-2.66802539527389, 51.7057998128358], [-2.67894960403863, 51.7140605744764], [-2.68007629883387, 51.7246596387092], [-2.687149460986, 51.7305564284578], [-2.67094298514687, 51.7370136087168], [-2.66277905270236, 51.7536029228795], [-2.68045213470349, 51.7689294138601], [-2.67505351328664, 51.7767768091218], [-2.67584421685202, 51.7880690703019], [-2.66981057919979, 51.7942734498202], [-2.67830266600361, 51.8033185566672], [-2.67261076788278, 51.8089061821099], [-2.65953874455198, 51.8106823732449], [-2.66087144177876, 51.8227538636128], [-2.65016432004087, 51.8241146802371], [-2.63671005341688, 51.8430952603725], [-2.62546695815918, 51.8389640015383], [-2.59953949895494, 51.8565314425971], [-2.58211032079641, 51.8497282725024], [-2.57880574092719, 51.8532098251181], [-2.58520409059383, 51.8599145479902], [-2.57584154693707, 51.8625419088354], [-2.53162394037576, 51.8607715459858], [-2.52223340432222, 51.8646959983026], [-2.50862440109418, 51.8851690560296], [-2.48779469274655, 51.8804175449928], [-2.48672835462937, 51.8847160378116], [-2.47340817682411, 51.8855536333177], [-2.46521347137183, 51.8929913173463], [-2.43927491603518, 51.8973822852407], [-2.44531994517423, 51.9005581660893], [-2.44008129841439, 51.9024199624109], [-2.44825796764534, 51.9187209833163], [-2.4660430006938, 51.9279745026219], [-2.46557353500141, 51.9517045843731], [-2.50090645407367, 51.9606091433712], [-2.49224484623915, 51.964128776399], [-2.49491293332375, 51.9810752059117], [-2.47097993694179, 51.9947774688723], [-2.4854967162393, 52.0003323090956], [-2.49211125940808, 52.0082952117368], [-2.48036569317797, 52.0160607832299], [-2.47893230092191, 52.0225304101253], [-2.4640393485931, 52.0232480069878], [-2.46337278472343, 52.0140424468424], [-2.4361213982017, 52.0145914684016], [-2.43729372314514, 51.9971670425139], [-2.41319627507641, 51.9940903068968], [-2.3990184898963, 51.9961459469645], [-2.39289223171328, 52.0129587691277], [-2.35137852244174, 52.0213590281247], [-2.35254266829771, 52.0135353093701], [-2.32470967818414, 52.0035672774164], [-2.32065696637927, 51.9921284113593], [-2.32653883120796, 51.9757909459813], [-2.31261970069138, 51.9765049736609], [-2.30043302609069, 51.9667752636857], [-2.28829064497739, 51.9706681633801], [-2.25135998124032, 51.9665649333006], [-2.2206132435217, 51.9954966439335], [-2.20288600060755, 51.9963629904356], [-2.18508403441562, 51.9905609779425], [-2.17942583356144, 51.9948475683839], [-2.18110637903987, 51.9994833903341], [-2.16472740060025, 51.9960730088621], [-2.16412790281408, 52.0034004426575], [-2.18768330302322, 52.0190801567564], [-2.17690606521531, 52.0225592291], [-2.18040902921034, 52.0423012658518], [-2.16183573315993, 52.0505948860808], [-2.11838638193208, 52.0421167569588], [-2.11608955278632, 52.0378700166115], [-2.11792249826337, 52.0330716460537], [-2.14003952472973, 52.0272716178706], [-2.15078195954122, 52.0066280407731], [-2.13906369390974, 52.003949819417], [-2.13932047934156, 51.9994154023888], [-2.11165413411503, 52.0153533420755], [-2.08487319407292, 52.0104785837075], [-2.06077974233804, 52.0146632884129], [-2.04951417600198, 52.0037962176657], [-2.03835621126119, 52.0046006226081], [-2.03825256733375, 52.0095626837447], [-2.02699699485911, 52.0105880389455], [-2.02927127218363, 52.0128396662462], [-2.02365946276158, 52.0169532954999], [-1.99856512357771, 52.0296677469089], [-1.9951896393208, 52.0265631408397], [-1.98413574037062, 52.0358792735091], [-1.95137076201915, 52.0376994827586], [-1.94746507634291, 52.0318013694595], [-1.93169767686998, 52.0298892728558], [-1.91344602070409, 52.0444612397009], [-1.86226882816264, 52.0174853374754], [-1.86154357558555, 52.0126276651864], [-1.83905030714283, 52.0067831275768], [-1.8353091289734, 52.0091624202505], [-1.83565953282706, 52.0225025850846], [-1.8250228816679, 52.0309334126422], [-1.83056034585543, 52.0321390313493], [-1.82975128600407, 52.0390716041666], [-1.8345888140813, 52.0437330158037], [-1.86344917989937, 52.0534177221476], [-1.86287745945827, 52.0634319519335], [-1.87440607681162, 52.0699909106809], [-1.86904499487076, 52.0738565358953], [-1.85338863530379, 52.0723674194912], [-1.84661960637666, 52.0794210947487], [-1.83175334172358, 52.0727693533542], [-1.81894341276327, 52.085404114207], [-1.81273665650818, 52.0787440005564], [-1.80228873762243, 52.0969414685877], [-1.77101248360352, 52.1118735909933]]]]}}, {"type": "Feature", "properties": {"Region": "Northern Ireland", "LabelPoint": [54.6393931743835, -6.84163865845887]}, "geometry": {"type": "MultiPolygon", "coordinates": [[[[-5.52132981631193, 54.6764077350708], [-5.52451370891208, 54.6689657908034], [-5.54541396658863, 54.6728659410951], [-5.53381914939549, 54.6816591778715], [-5.52132981631193, 54.6764077350708]]], [[[-6.45495074152445, 55.2390595825532], [-6.40930689281313, 55.2322768050202], [-6.36814322577659, 55.2458325799825], [-6.33257285817371, 55.2396451893093], [-6.3125293877216, 55.2297835174308], [-6.28942674601603, 55.2302465714332], [-6.23618491046875, 55.202676105798], [-6.17805897620753, 55.2138297266427], [-6.14595369484932, 55.2280221265758], [-6.1161348881972, 55.2095353751054], [-6.06222813377427, 55.1988810573507], [-6.05112740434817, 55.1757580871185], [-6.02689292495725, 55.1612259983892], [-6.02548622808329, 55.1404473921157], [-6.04119285699022, 55.1310151529372], [-6.03596824644485, 55.1032469857071], [-6.05873073561034, 55.0812325787297], [-6.05281537882682, 55.0657457124867], [-6.06224944358356, 55.0600883676259], [-6.0424656598533, 55.052966035093], [-5.97692873094826, 55.0562971800367], [-5.96319065130697, 55.0441812348081], [-5.99007301125635, 54.9845146413459], [-5.91898707001459, 54.9617533985834], [-5.87805459518433, 54.9076396717614], [-5.85828274057395, 54.8987432752507], [-5.84429569303279, 54.900753677927], [-5.83719906014457, 54.8806754327175], [-5.79760395007116, 54.8521544721079], [-5.78332982514518, 54.8510840299709], [-5.77980646227525, 54.8586827241135], [-5.76590091259186, 54.8522784501662], [-5.76261892764346, 54.8593453740383], [-5.72514938983868, 54.8480182105387], [-5.68964873973087, 54.8037059102072], [-5.68804706275384, 54.766958613772], [-5.71010896761564, 54.7459302340894], [-5.75488163955089, 54.721345651157], [-5.79024095702047, 54.720926415983], [-5.86825353084919, 54.6888724631676], [-5.89570256385238, 54.6740597458086], [-5.91286240816905, 54.6479813150487], [-5.85510871926641, 54.6336702336859], [-5.80539760499803, 54.6590488298375], [-5.74101015996795, 54.6776209093185], [-5.72066293751516, 54.6670290574575], [-5.68001508909411, 54.6688454394669], [-5.6725310846084, 54.6629724921012], [-5.65600875622939, 54.6709730711106], [-5.63912148478252, 54.6672054520567], [-5.63257114100464, 54.6796384553554], [-5.58390160268635, 54.6776755817994], [-5.53018929572445, 54.6449747675163], [-5.53407313546565, 54.6224450656248], [-5.52161466863824, 54.59761686035], [-5.47724932767884, 54.5640537053414], [-5.48576535864182, 54.5466214664581], [-5.46356476957873, 54.498442635058], [-5.43279078696665, 54.4873294912466], [-5.4420049101522, 54.4756195593259], [-5.43562299891162, 54.4571098153602], [-5.48004618566529, 54.4284355553858], [-5.46423845353012, 54.4146063683057], [-5.46018509461104, 54.3863509838626], [-5.48969052750174, 54.3763940199641], [-5.49302614653041, 54.365308412488], [-5.48127576615675, 54.3566770157752], [-5.49817245129999, 54.3514881310024], [-5.4967641358556, 54.3332820501975], [-5.53163079904634, 54.3158044946746], [-5.52578296278771, 54.3103493360951], [-5.55054113027579, 54.3063507312061], [-5.5603203873503, 54.2864827662066], [-5.59057669574586, 54.2637919946437], [-5.60797162802078, 54.265421159093], [-5.6087629679694, 54.2487138051403], [-5.61816083065298, 54.2461770006341], [-5.62402351162284, 54.2557827302781], [-5.63438203561321, 54.2524363855765], [-5.63980565703616, 54.262988642378], [-5.63635612142367, 54.2422697894631], [-5.66018062367681, 54.2256146959057], [-5.67709921757296, 54.2465934795667], [-5.69275391768906, 54.2513120445428], [-5.82157185257948, 54.2428568066181], [-5.83383195010691, 54.2566624516973], [-5.81586122860151, 54.2591468526417], [-5.81438348807952, 54.2864800448821], [-5.8500904366515, 54.2533196292152], [-5.8333194524155, 54.251250854734], [-5.82972710775065, 54.2419447164759], [-5.89286626873741, 54.2054256260873], [-5.87177602642365, 54.1676037203016], [-5.89692617268467, 54.1047041611023], [-5.95194553347635, 54.0777935835457], [-5.96304560931326, 54.0627241895491], [-5.99615549369535, 54.0612954483455], [-5.98816911488216, 54.0576001163617], [-6.01370047640257, 54.0418906511572], [-6.06272153791029, 54.0227361074703], [-6.10757095911421, 54.0401736451925], [-6.0985085403041, 54.0485651476829], [-6.07307548328775, 54.045904425241], [-6.09494940355491, 54.0626422686956], [-6.15938706237367, 54.0649566825468], [-6.18320190248957, 54.0736628203608], [-6.19809850043, 54.0981700609954], [-6.25408551105308, 54.0963536334431], [-6.29088218758648, 54.1126750144333], [-6.30902232580748, 54.1067085406959], [-6.3180123204477, 54.0909620585078], [-6.33635474710237, 54.0947223121379], [-6.33994727669772, 54.111907596584], [-6.36639048936762, 54.1136429524833], [-6.36352618245028, 54.0726056949582], [-6.39126985865414, 54.0588355643553], [-6.41199494473418, 54.06307493304], [-6.44352624932341, 54.0564653956085], [-6.45603934165551, 54.0725438520334], [-6.4777577915687, 54.0771101473023], [-6.47127143322683, 54.0662947118375], [-6.51052802634723, 54.052670952962], [-6.53196711277821, 54.0596523871392], [-6.55793507218139, 54.0492829877101], [-6.58661444892787, 54.0575528295935], [-6.59494294960026, 54.0445960745829], [-6.62383843790942, 54.0364871470294], [-6.6689790287571, 54.072807277718], [-6.65816569629923, 54.0762026404101], [-6.65888409686261, 54.0961329845762], [-6.64507324714177, 54.0959493951645], [-6.66122274959575, 54.1226652623913], [-6.64854717235095, 54.1216122068505], [-6.62975009370253, 54.1533050016679], [-6.64405486228898, 54.1797542878835], [-6.69185994092017, 54.2002286746554], [-6.71010228459993, 54.198040023345], [-6.72103447895283, 54.1819920920823], [-6.74080426483726, 54.1819134497023], [-6.75594648969665, 54.199036269692], [-6.77558276366951, 54.1989002405207], [-6.80101744703021, 54.213197125499], [-6.80040621165625, 54.221104368079], [-6.81616846653069, 54.2230075544352], [-6.82774017794984, 54.2614484808733], [-6.8780191863648, 54.2790616635159], [-6.87501568897635, 54.2873315846338], [-6.86146216770292, 54.2811132363428], [-6.85095257282283, 54.2919803784377], [-6.86392370929618, 54.3300912975383], [-6.87604222383114, 54.3465722063005], [-6.90637099573104, 54.3504297170744], [-6.91118846883604, 54.374700545946], [-6.93271843452601, 54.3778369836098], [-6.92375216497653, 54.3828753638082], [-6.95964882490876, 54.3922477488811], [-6.97879497001987, 54.4085898199749], [-6.99582333770896, 54.4053695197813], [-7.02907277361944, 54.421325804832], [-7.05731646669508, 54.4110244708481], [-7.07239903360521, 54.3883507114874], [-7.10970473285652, 54.3683160187829], [-7.10350091365923, 54.3559022573207], [-7.15272492849019, 54.3352262450668], [-7.18883022750182, 54.33764894441], [-7.1791487776856, 54.3096899976113], [-7.19786709720635, 54.3110650340381], [-7.21219347850518, 54.2996019185743], [-7.17290746325423, 54.2860659248051], [-7.17929558041075, 54.2725774740242], [-7.16064553484887, 54.2736163928094], [-7.14224373046422, 54.2556213282909], [-7.15899118818347, 54.2436668845671], [-7.14604061613308, 54.239750305514], [-7.14495174669455, 54.2247154728684], [-7.17110982867386, 54.2175920830671], [-7.18827352231707, 54.2248727261054], [-7.1987865312557, 54.2156114126065], [-7.22084650877722, 54.215811253131], [-7.23185492606504, 54.2055694442155], [-7.24806176344715, 54.2044169701906], [-7.24921327322081, 54.1978992933494], [-7.23297728668329, 54.1977969391846], [-7.25905874252243, 54.1922420973924], [-7.25824823551584, 54.1773765193014], [-7.24026995808637, 54.1696848120158], [-7.25811531778973, 54.1645162631649], [-7.26168279283192, 54.144380389896], [-7.28718499493617, 54.1220574858507], [-7.29530423789734, 54.1217159353235], [-7.30893642539855, 54.1321126014676], [-7.28544128691654, 54.1363599091742], [-7.30133062260098, 54.1443265429693], [-7.28380072928641, 54.1538523710107], [-7.27976514993974, 54.16762681246], [-7.31021417692712, 54.1673091613108], [-7.33949504529969, 54.1466895058223], [-7.30532907405191, 54.1233556274696], [-7.31882791452109, 54.1133465184139], [-7.32706512378152, 54.1245943992041], [-7.34617283959834, 54.1165026288517], [-7.36352050614821, 54.1314395486121], [-7.39189821530749, 54.1202016973079], [-7.37278393579758, 54.1395220053535], [-7.42038940357354, 54.1368537665629], [-7.40955331328968, 54.1562131320573], [-7.44233997568184, 54.1539028087988], [-7.46850236125283, 54.1407850195182], [-7.47932887615282, 54.1222484746727], [-7.52814113482711, 54.1357561472058], [-7.54738750034438, 54.1221115241841], [-7.56572847123677, 54.1265865947244], [-7.57456954321682, 54.1414980042395], [-7.6104043629189, 54.1437969788787], [-7.62850235349816, 54.1692405061053], [-7.65612031673228, 54.1856634735276], [-7.67654076801477, 54.181993626046], [-7.68542757733695, 54.2077618175223], [-7.73919279029563, 54.2035228291451], [-7.76799527676691, 54.2094238328993], [-7.81147150795378, 54.2008866897266], [-7.86024218460512, 54.2175535498251], [-7.86046471107513, 54.2602601256594], [-7.87280332492433, 54.2662087346097], [-7.87320720150304, 54.2795200842032], [-7.86188555448804, 54.2934868654432], [-7.88093744324973, 54.2918933208422], [-7.90150020523301, 54.3014286965939], [-7.9108875376846, 54.2959999063268], [-7.96165131898819, 54.3124348811708], [-8.00028816203084, 54.358095594713], [-8.03135168846063, 54.3566824366431], [-8.05739402500478, 54.36574155543], [-8.08413725874874, 54.3973973759382], [-8.16152873893645, 54.4416152620084], [-8.14305595068589, 54.4509201182561], [-8.17748428228008, 54.4647764389835], [-8.11474984451233, 54.4690580734989], [-8.11318277432389, 54.4763796995488], [-8.09111345060057, 54.4763465614885], [-8.09861391344696, 54.4842129591473], [-8.08903810530474, 54.487089892277], [-8.04260603057662, 54.4877233137362], [-8.04175544626199, 54.5064922685132], [-8.00596571136954, 54.5459418306767], [-7.97031661793301, 54.5472898669054], [-7.94972356429179, 54.5336450683142], [-7.85051187442265, 54.5330034415847], [-7.82390895322847, 54.5444047809752], [-7.83324202177038, 54.5523421112228], [-7.79659126993713, 54.5716240472518], [-7.79404163860916, 54.5815882983032], [-7.76229314599287, 54.5858683026831], [-7.75147497886599, 54.5987990257058], [-7.70348193231686, 54.6084590720144], [-7.69348361893585, 54.6191113527221], [-7.70639606634846, 54.6195812840248], [-7.70836787720627, 54.6349023539689], [-7.74159461592634, 54.6179457940147], [-7.75788087261612, 54.6250245733334], [-7.77246156001283, 54.6215025426381], [-7.81325914533255, 54.6438839947981], [-7.8283341735116, 54.6330407529582], [-7.85452714628125, 54.6319238003893], [-7.85658899607321, 54.650475346954], [-7.89328184947151, 54.6565230437039], [-7.90986291618992, 54.6681795836962], [-7.91386275314661, 54.6759548499368], [-7.89804120385091, 54.6879682370223], [-7.92101292530627, 54.6959648954732], [-7.91811315961143, 54.7027168004469], [-7.87947186665784, 54.7026687843577], [-7.83667762793066, 54.7364265784555], [-7.81769741912035, 54.7338086109192], [-7.80470883154511, 54.7186520445911], [-7.78867311279767, 54.7196163818814], [-7.74994675840577, 54.7042537593992], [-7.7353025507446, 54.716913105308], [-7.71160962784439, 54.726096555896], [-7.69703140011684, 54.7237701769237], [-7.63662067766314, 54.751500843907], [-7.6175977990824, 54.743360419105], [-7.58855084332541, 54.743694767826], [-7.57928324190896, 54.7504396166045], [-7.57840150544261, 54.7417519557217], [-7.54333131919409, 54.7426737967075], [-7.53420899542772, 54.7470881512188], [-7.54754787558454, 54.7553477775744], [-7.54930558585403, 54.7893537455574], [-7.52825704816342, 54.8076933539881], [-7.48402569070313, 54.8238124760487], [-7.44309544336465, 54.8713420259467], [-7.44733861797536, 54.9350416812257], [-7.3920842152073, 54.9454326608888], [-7.40745593226814, 54.9636559601653], [-7.40704598781882, 54.9829862083763], [-7.39145871224322, 54.99784445244], [-7.40558090810418, 55.0033098717875], [-7.39144386228221, 55.0223467546935], [-7.34620532687684, 55.0505036819653], [-7.31834615465421, 55.0450859252524], [-7.29943214354827, 55.0561249995506], [-7.28920053213695, 55.0474115961436], [-7.26486583382876, 55.0666355000802], [-7.25437810537036, 55.0600113737961], [-7.25554088501438, 55.0654496256215], [-7.24553286560703, 55.0635122863955], [-7.25176910778275, 55.0441696835648], [-7.23280866116844, 55.048212119624], [-7.22486611323557, 55.0610638894504], [-7.15651892721724, 55.0590313580868], [-7.14703863785253, 55.04672387377], [-7.11015905209585, 55.0425167573167], [-7.05140702774819, 55.049537941601], [-7.05000149096733, 55.0569018545196], [-7.04171190861944, 55.0530363382337], [-7.04589987816303, 55.0582735341424], [-7.0138063716805, 55.0770800412357], [-7.02008917650694, 55.100423809463], [-6.9899928625477, 55.1095498918989], [-6.9688224043102, 55.1478886078279], [-6.96592115068434, 55.1947570236106], [-6.91368308546748, 55.1744215761922], [-6.87472061554582, 55.1680703776275], [-6.75262324907807, 55.1685470558799], [-6.72458284769989, 55.1732184466795], [-6.72188278527386, 55.189899252025], [-6.65949589010718, 55.1987899446191], [-6.66288812298127, 55.2126768279726], [-6.6495913444646, 55.2050611643734], [-6.60643759197252, 55.205919531905], [-6.5528996266186, 55.2200779135652], [-6.54612682802143, 55.2160217072613], [-6.5285204721068, 55.2249790815209], [-6.53058763893028, 55.2337192376523], [-6.47588465808166, 55.252158808497], [-6.45495074152445, 55.2390595825532]]], [[[-6.16976043857174, 55.3015780934555], [-6.18992023696721, 55.2584716114771], [-6.20082189065457, 55.2753929161417], [-6.19303586103391, 55.2926274343029], [-6.28609463639854, 55.293449269033], [-6.27000453961838, 55.3069633391845], [-6.2399627106718, 55.3120797193173], [-6.16976043857174, 55.3015780934555]]]]}}, {"type": "Feature", "properties": {"Region": "Scotland", "LabelPoint": [56.6528637885084, -3.9138706352373545]}, "geometry": {"type": "MultiPolygon", "coordinates": [[[[-3.06033221758426, 54.9845174846288], [-3.06336697067458, 54.9834767550728], [-3.06193310568613, 54.9846666344939], [-3.06033221758426, 54.9845174846288]]], [[[-5.10675937322861, 55.2517760130161], [-5.11814752439619, 55.2475682496878], [-5.1220294198454, 55.2532944260928], [-5.11475567689338, 55.2562449153848], [-5.10675937322861, 55.2517760130161]]], [[[-5.57235593214241, 55.2866293928836], [-5.56943050569159, 55.2779534588343], [-5.59740064047303, 55.2786826339763], [-5.57235593214241, 55.2866293928836]]], [[[-5.5387170451505, 55.4273169643885], [-5.54226404813645, 55.4213003411033], [-5.55068884059063, 55.4239244991942], [-5.5387170451505, 55.4273169643885]]], [[[-5.08228691079419, 55.5370768420054], [-5.06383135068397, 55.512564014832], [-5.08673159166931, 55.5258189490302], [-5.08228691079419, 55.5370768420054]]], [[[-6.1387885209753, 55.6206110132194], [-6.14229005453616, 55.6133561286481], [-6.15302275759805, 55.6144049415846], [-6.14993572741271, 55.615867743678], [-6.1387885209753, 55.6206110132194]]], [[[-5.26644938928249, 55.7210601831678], [-5.20225165745871, 55.7026563438702], [-5.16111997656575, 55.678853904024], [-5.12809562959451, 55.6098889843472], [-5.16031812252562, 55.5837118166827], [-5.10871660562744, 55.5717526009032], [-5.08291679222585, 55.5527079260001], [-5.1286356361531, 55.5316016145767], [-5.12511689573886, 55.5241332170773], [-5.07926180635581, 55.5098571481828], [-5.09478297923248, 55.4916779825376], [-5.08358306733289, 55.4545211317059], [-5.11236137935702, 55.4398637192715], [-5.13789747287809, 55.4439063258408], [-5.19660918267617, 55.4338333931062], [-5.25138202759455, 55.4394369632217], [-5.31320333539236, 55.4649984500533], [-5.32705304829974, 55.4980288459111], [-5.35538144560814, 55.5067341836762], [-5.34883417312832, 55.5374366935041], [-5.33758871844554, 55.5495208281762], [-5.39526807847891, 55.6113208713882], [-5.39503455959344, 55.6271651850974], [-5.3648883520055, 55.6782635928094], [-5.32684376418816, 55.6890342659007], [-5.31614367537432, 55.7058801545041], [-5.28620535368472, 55.7023261413362], [-5.2942919524518, 55.713056586583], [-5.26644938928249, 55.7210601831678]]], [[[-4.93971847979364, 55.734410756547], [-4.95428996345758, 55.7104204381914], [-4.96748860288346, 55.7213871408711], [-4.95636510414879, 55.7268989992919], [-4.93971847979364, 55.734410756547]]], [[[-5.73085288178158, 55.7108292840706], [-5.7219323704645, 55.6996338140858], [-5.73436821980371, 55.6843535475711], [-5.71799308688111, 55.6852152562911], [-5.73652750150632, 55.677130141841], [-5.73442141520038, 55.6593722651476], [-5.76370185000797, 55.6458328906893], [-5.75962505596325, 55.6680118325409], [-5.77049883177179, 55.6677586595864], [-5.77434226592943, 55.6768482490444], [-5.74612974736451, 55.7091976671103], [-5.73692695964908, 55.7073083382055], [-5.74050611747349, 55.7238409665536], [-5.72302464036607, 55.7298824190412], [-5.71153359892275, 55.7222325155169], [-5.73085288178158, 55.7108292840706]]], [[[-4.89364940782459, 55.7657801949496], [-4.90167118084416, 55.7528776299704], [-4.91385047980257, 55.7447855610505], [-4.91393781366949, 55.7539849384562], [-4.93025571400242, 55.7523767918999], [-4.94695612873778, 55.7433102600311], [-4.92956995862547, 55.7844567694931], [-4.90453706785207, 55.792874799393], [-4.89364940782459, 55.7657801949496]]], [[[-5.1474580321811, 55.7847198640194], [-5.15752781922608, 55.7769090595264], [-5.16205868174977, 55.7821995198244], [-5.16766268075675, 55.7905311084773], [-5.16126396592572, 55.8046532009153], [-5.1474580321811, 55.7847198640194]]], [[[-5.0620038190159, 55.8590697051632], [-5.05888898437035, 55.8391968735823], [-5.02472219949416, 55.8433713825865], [-5.02229739883496, 55.8093455606607], [-5.00103567293832, 55.7699837223696], [-5.03196804801485, 55.7567789006032], [-5.00418974701007, 55.7306112918084], [-5.02804598814457, 55.7219954608432], [-5.05376422452279, 55.7332559330658], [-5.06093658883868, 55.7585052159936], [-5.09357309319414, 55.7780271673492], [-5.12036381811159, 55.7722907749461], [-5.1267295545742, 55.809482250476], [-5.13809705715416, 55.8021074648896], [-5.14303173163489, 55.8127285890565], [-5.12923556116928, 55.8452217273889], [-5.1692829507446, 55.8517670721936], [-5.21232294917669, 55.8847808105431], [-5.22141923488443, 55.9011779269723], [-5.1821003081027, 55.9249562184214], [-5.15838565490719, 55.9209400931819], [-5.11373070391245, 55.8924128502068], [-5.07836822515085, 55.8814050759534], [-5.0842916688661, 55.8683317591791], [-5.09224615627226, 55.8633402207921], [-5.0620038190159, 55.8590697051632]]], [[[-6.12726018095741, 55.9379254056271], [-6.12039773822113, 55.9216297866967], [-6.13207048204735, 55.889644366597], [-6.1077272787423, 55.8527763164649], [-6.1040312335846, 55.8128819814649], [-6.08397870887729, 55.7825780313144], [-6.04691219996203, 55.7636435576659], [-6.05283374962191, 55.7419590123061], [-6.02876262837972, 55.7236458932322], [-6.04043994695495, 55.7096663014252], [-6.03642460373568, 55.6922475847694], [-6.02482869030426, 55.6957666868106], [-6.03082370917604, 55.6836403307483], [-6.02013733521646, 55.6841689868841], [-6.04987524593018, 55.6715458911426], [-6.05778250077695, 55.6594806788762], [-6.07184979474608, 55.664536969406], [-6.07447634406316, 55.6424136499588], [-6.0862861482363, 55.6489871878237], [-6.14939243160597, 55.6255645478708], [-6.1655200595544, 55.6308178377846], [-6.18601378856788, 55.6233389074608], [-6.19395054746135, 55.6329673723546], [-6.21773456670644, 55.630528748055], [-6.21162156513299, 55.6201572926048], [-6.24022936888176, 55.5924553398945], [-6.25878249666925, 55.5894034053751], [-6.26783877628002, 55.5790684061964], [-6.31207553948776, 55.5821151619132], [-6.31415409709097, 55.5889075343377], [-6.33918697561776, 55.5910941108045], [-6.33344024100319, 55.619661406237], [-6.30378198534411, 55.6486819276211], [-6.27347035807342, 55.6495265668244], [-6.25817035040986, 55.6579820840288], [-6.26280151263477, 55.6723478752331], [-6.28752283108079, 55.7021911360613], [-6.31130296729225, 55.719370179707], [-6.34125576061658, 55.7161348215011], [-6.3400970531405, 55.7295958346148], [-6.3315015399796, 55.7419856021542], [-6.26187513157502, 55.7638400173228], [-6.25280311345578, 55.7789518227078], [-6.2610512345015, 55.7847448662479], [-6.34659797919593, 55.7841424539116], [-6.37179486389291, 55.7446710191581], [-6.41476267525044, 55.7060422693314], [-6.48848944280285, 55.6710856938206], [-6.50978746847196, 55.6768451080665], [-6.52569728202098, 55.692938378255], [-6.49312179582504, 55.7130941551924], [-6.50696156476122, 55.7189432783744], [-6.4975757252519, 55.7356021858484], [-6.46068583087497, 55.7523947633158], [-6.47058744424252, 55.7555580240052], [-6.45713845752062, 55.7824903351292], [-6.48695944245478, 55.7927194937258], [-6.45650376213555, 55.8091519403826], [-6.45539133782877, 55.8252563606713], [-6.46491444566763, 55.8277572792312], [-6.45464597373212, 55.852438721453], [-6.42955020949076, 55.8601921577388], [-6.4150349243424, 55.8517776964493], [-6.3920600950559, 55.8580929750664], [-6.32916460192754, 55.8906313662381], [-6.34609242926332, 55.8345117301195], [-6.33494296379391, 55.8222205068117], [-6.31874147293051, 55.8218932039065], [-6.3283300432759, 55.8335919927798], [-6.30480612587009, 55.8666840412644], [-6.31149972857133, 55.873739559221], [-6.26823061359022, 55.882054046754], [-6.26859670875155, 55.8855282234932], [-6.19739620370752, 55.9267375031852], [-6.17369944493037, 55.9257948198997], [-6.12726018095741, 55.9379254056271]]], [[[-5.66703858035178, 55.9631992552294], [-5.69822532335352, 55.9330230162659], [-5.69921146575728, 55.9334995983016], [-5.69897358270221, 55.9491369905738], [-5.6904112087471, 55.956955701107], [-5.68029637939912, 55.9519058396318], [-5.66703858035178, 55.9631992552294]]], [[[-6.22637371753876, 56.0284711310416], [-6.20593674225354, 56.0199253864673], [-6.23114180075294, 56.0189864001456], [-6.2374098755542, 56.0072715870848], [-6.25521365702294, 56.0016663685535], [-6.25286717214308, 56.0135171715305], [-6.26967734061424, 56.0228471084164], [-6.22637371753876, 56.0284711310416]]], [[[-6.13307992650378, 56.1212411578127], [-6.16727355201551, 56.0785639723631], [-6.19666420612975, 56.0617789244496], [-6.18234965697405, 56.0521741027076], [-6.18637722354949, 56.042636764687], [-6.21745041706019, 56.0303345146931], [-6.22178959712138, 56.0411420373687], [-6.22871069525635, 56.0342637819303], [-6.24967053493151, 56.0342349946818], [-6.24634237641741, 56.0453760619958], [-6.27589621623494, 56.0376553834678], [-6.2478554433919, 56.0552485271651], [-6.25502189149213, 56.0562444353665], [-6.25430651582163, 56.0599227513164], [-6.24560895299154, 56.0633536842123], [-6.25834244424017, 56.0657959633774], [-6.24131612400964, 56.0725671443227], [-6.25349745790131, 56.0753572478326], [-6.23489290479265, 56.0917065049108], [-6.20931906039036, 56.1057435752876], [-6.18421926266666, 56.1016300989455], [-6.18083005284181, 56.1176715566451], [-6.14782571923895, 56.1329219589103], [-6.13307992650378, 56.1212411578127]]], [[[-5.70929393606052, 56.1495446120276], [-5.68739968396924, 56.1291824146506], [-5.68755029165752, 56.1114330851717], [-5.77661488781257, 56.0168208625005], [-5.79306080426256, 56.0132107470642], [-5.82037918997699, 55.9730798813324], [-5.83643691460622, 55.9707955185493], [-5.84504413910955, 55.9403355081713], [-5.8761545097714, 55.9052064248539], [-5.87286455730159, 55.8898073258743], [-5.88693012089595, 55.879022183375], [-5.8816664867319, 55.8914990549357], [-5.89739482541044, 55.8898863793585], [-5.90235110286078, 55.8671623810644], [-5.91715374856801, 55.8725683369665], [-5.93651928166932, 55.8673993924389], [-5.95110603911565, 55.8345974769252], [-5.93964193392188, 55.8259511551081], [-5.96387284328645, 55.7925844090178], [-6.03587187572967, 55.7954354069742], [-6.06465588794952, 55.8060891556282], [-6.0871422508027, 55.8313048282008], [-6.08631266594406, 55.8634663276516], [-6.09656401856218, 55.8718744306513], [-6.0867902048368, 55.9002339479534], [-6.02699793681966, 55.9469595878207], [-5.91496321711291, 55.9563225068376], [-5.84873206235906, 55.9781765513475], [-5.85481046791467, 55.9903282263611], [-5.88247808718373, 55.9698870391019], [-5.89351662096193, 55.9824077378095], [-5.89439086970509, 55.9780341112384], [-5.91423697578104, 55.97450581489], [-5.94037301291542, 55.9603717525061], [-5.99407342124346, 55.9757237991452], [-6.00634455215303, 55.9730250781878], [-5.96278425339649, 56.0253449913667], [-5.95000462836974, 56.037533151215], [-5.88175421263156, 56.0703686386374], [-5.82135753565795, 56.0895949645826], [-5.80044875887197, 56.1117726427955], [-5.78518669512687, 56.1084385422514], [-5.74551429983778, 56.1296207997237], [-5.74593894825045, 56.1376194668817], [-5.72212064801691, 56.1375557847788], [-5.72396051654656, 56.1462944411796], [-5.70929393606052, 56.1495446120276]]], [[[-6.63374449539732, 56.1326133501473], [-6.63286969068823, 56.1317977429583], [-6.63443263572354, 56.1321713874668], [-6.63374449539732, 56.1326133501473]]], [[[-5.67233825722113, 56.1682183074654], [-5.70057619964737, 56.1596286998494], [-5.74425532268773, 56.1614510423774], [-5.74392351258354, 56.1771757754954], [-5.74009889731721, 56.1805065556176], [-5.69007036030315, 56.2008094208639], [-5.67596545960109, 56.1917217976352], [-5.67233825722113, 56.1682183074654]]], [[[-5.58871702730073, 56.2073975093396], [-5.6112921849715, 56.195388141879], [-5.60901907174967, 56.2297907569939], [-5.59129462381375, 56.2230389044329], [-5.58871702730073, 56.2073975093396]]], [[[-5.80434637377487, 56.220900826874], [-5.81659308540098, 56.2170702229972], [-5.80008439737342, 56.2282106410889], [-5.80434637377487, 56.220900826874]]], [[[-5.69842842702047, 56.2237617899379], [-5.68543405834465, 56.2030023850104], [-5.69700755322902, 56.2019955328838], [-5.70239292641004, 56.213006104937], [-5.71516498723436, 56.2118559334805], [-5.69209791541849, 56.2340442278869], [-5.69842842702047, 56.2237617899379]]], [[[-5.75339045143991, 56.2417998405365], [-5.77762995948198, 56.2370732237717], [-5.75393828541856, 56.2497719171311], [-5.75339045143991, 56.2417998405365]]], [[[-5.60940626749597, 56.265752124393], [-5.61942594035895, 56.2510391283825], [-5.62369204023397, 56.2556649680682], [-5.60940626749597, 56.265752124393]]], [[[-5.63899099452626, 56.2700549940399], [-5.61771465360083, 56.247704138461], [-5.63439319466356, 56.2190136214377], [-5.63519874367569, 56.1906933325797], [-5.66565870215328, 56.218948695514], [-5.63899099452626, 56.2700549940399]]], [[[-5.65409619082742, 56.2910184864717], [-5.66405192005479, 56.2894439765781], [-5.65669994188485, 56.2946939104774], [-5.65409619082742, 56.2910184864717]]], [[[-5.58553547054109, 56.3243140603661], [-5.59022821928068, 56.3017510231537], [-5.6114798003751, 56.2926826503642], [-5.59916074728405, 56.2799609623586], [-5.62607433698472, 56.2660193271874], [-5.63358563161191, 56.2908221708314], [-5.65419234905213, 56.2976559437743], [-5.61909612157235, 56.3219960626052], [-5.60630503779568, 56.3145755572352], [-5.61150337660299, 56.3094687988358], [-5.58553547054109, 56.3243140603661]]], [[[-6.35445254412413, 56.298772006542], [-6.36227389961576, 56.2844653968022], [-6.37173498193153, 56.2916188040247], [-6.38538717563829, 56.2879687169073], [-6.37299935029984, 56.3008290442823], [-6.35445254412413, 56.298772006542]]], [[[-6.39740105109504, 56.3238091861669], [-6.42175792773864, 56.3067037980661], [-6.44034412385851, 56.3096463199547], [-6.42188431183157, 56.3251351495479], [-6.42638724838222, 56.3373202326417], [-6.38664225016493, 56.3509474456099], [-6.39740105109504, 56.3238091861669]]], [[[-5.48907696487267, 56.4210792533183], [-5.55148514330441, 56.372833601073], [-5.56004742764264, 56.3704388918772], [-5.55383578952848, 56.3786218214092], [-5.56460382326751, 56.3821090695438], [-5.58854603574757, 56.3804012516813], [-5.56336210607561, 56.4082396939974], [-5.52285902086742, 56.4111964486996], [-5.49935539205688, 56.425528246607], [-5.48907696487267, 56.4210792533183]]], [[[-6.15283153078507, 56.4473170074565], [-6.16283623728074, 56.4360656222496], [-6.16590212529258, 56.4433537551381], [-6.15283153078507, 56.4473170074565]]], [[[-6.08941546369868, 56.4701027952177], [-6.08007465847264, 56.4632329069908], [-6.10039502967378, 56.4641406406932], [-6.08941546369868, 56.4701027952177]]], [[[-6.2263912878752, 56.4994326601663], [-6.17860975187833, 56.4820185034338], [-6.17344874035468, 56.488442141542], [-6.16205823459929, 56.4787163815934], [-6.15416135261785, 56.4826469588577], [-6.14178203096023, 56.4713028224985], [-6.16007171299691, 56.4633921754006], [-6.18851765277897, 56.4665707718908], [-6.20029843107234, 56.4613924282447], [-6.20854659556121, 56.472628239933], [-6.24213047117466, 56.4657635367795], [-6.24706620956523, 56.4722721525331], [-6.26860565914688, 56.4784213579901], [-6.25149404879338, 56.4945411063923], [-6.2328348692388, 56.4940825261742], [-6.2263912878752, 56.4994326601663]]], [[[-6.29121068594327, 56.4975215020081], [-6.27257291234059, 56.4896256598043], [-6.25422815194118, 56.4940018313212], [-6.27852800249414, 56.4739556433875], [-6.28170447684704, 56.4831004288409], [-6.30695826717404, 56.4810748142959], [-6.30701314638424, 56.4912441725297], [-6.29121068594327, 56.4975215020081]]], [[[-5.40889903173347, 56.5265273276815], [-5.4262406907602, 56.5253391552155], [-5.40890436129518, 56.5363148700717], [-5.40889903173347, 56.5265273276815]]], [[[-5.42853097273582, 56.5618120184851], [-5.50700116665, 56.4980719310871], [-5.59791764239601, 56.4614187526933], [-5.57636019281463, 56.4755521431087], [-5.57129940975979, 56.4977357478292], [-5.52236432416425, 56.5125114361712], [-5.46783028110037, 56.5491411856661], [-5.47030308210694, 56.5583546154475], [-5.45594265559773, 56.5497720836849], [-5.42853097273582, 56.5618120184851]]], [[[-6.75479298833, 56.5143270777598], [-6.76517273600269, 56.5143168935565], [-6.76719469946607, 56.5164984536279], [-6.76436313153538, 56.5188106120124], [-6.75479298833, 56.5143270777598]]], [[[-6.73977805735909, 56.5483275277747], [-6.73998930231289, 56.5479709923753], [-6.74091863930878, 56.5489641880923], [-6.73977805735909, 56.5483275277747]]], [[[-5.38472527807087, 56.5956696252054], [-5.39715372826793, 56.5786003105359], [-5.40253780765055, 56.5899584328567], [-5.38472527807087, 56.5956696252054]]], [[[-6.72629070616373, 56.5407965458495], [-6.72564465138317, 56.526550911672], [-6.80426194626266, 56.5234076317675], [-6.81402397863685, 56.5123581140716], [-6.79519886120532, 56.5056419820277], [-6.81144968692052, 56.4887976082531], [-6.84661670088706, 56.4885696372035], [-6.84893607568121, 56.4922746075959], [-6.87770331697487, 56.4883598721254], [-6.89871088892274, 56.4703508610022], [-6.89419297373115, 56.4452744522292], [-6.93272767887783, 56.4431137999244], [-6.95486162156605, 56.4592708747722], [-6.98001255592075, 56.4518147805531], [-6.97377246391668, 56.4883784416303], [-6.98612791091814, 56.5036688046505], [-6.99905337344964, 56.5034775694389], [-6.98395763223154, 56.5072143105282], [-6.95101801711597, 56.5289835654992], [-6.91283732332472, 56.530656803977], [-6.89944891397521, 56.5265122848527], [-6.90694809287093, 56.5239548331724], [-6.89860913534209, 56.5262522431592], [-6.87426678161737, 56.518710352032], [-6.85984524025999, 56.5312834497533], [-6.81800945574848, 56.5431821064815], [-6.79785219944008, 56.5351140523733], [-6.78984718789458, 56.5410139956241], [-6.7790666912615, 56.5369362657328], [-6.75453872068651, 56.5558753071048], [-6.74146041148549, 56.5439592507898], [-6.72629070616373, 56.5407965458495]]], [[[-6.67469526919526, 56.5784185685973], [-6.67451542618887, 56.577416752316], [-6.67543273293244, 56.5775946756308], [-6.67469526919526, 56.5784185685973]]], [[[-6.11263040215183, 56.6438987352328], [-6.06656014557092, 56.6385850997847], [-6.05825165134813, 56.6280815170582], [-6.06967956087047, 56.6209907626312], [-6.03250675560206, 56.6102399809228], [-6.01223015583291, 56.5879704959075], [-5.98937150665883, 56.5796877541213], [-5.96190747584297, 56.5377794651969], [-5.97526403182074, 56.531526195848], [-5.95148996046346, 56.5180445727027], [-5.94363022703965, 56.5229362433], [-5.9202517938545, 56.5164538664012], [-5.86252955555365, 56.5211267660541], [-5.82459140606188, 56.506233453991], [-5.82361831674224, 56.5172261546874], [-5.79686833244511, 56.5150939704932], [-5.76843613398578, 56.4892835731659], [-5.74152752191926, 56.4819047002428], [-5.72008994653517, 56.4851320906903], [-5.71326929930649, 56.4747523916147], [-5.68016209728572, 56.4574815523672], [-5.68335972774952, 56.4518386552856], [-5.6615601159682, 56.4481851485768], [-5.65237192932161, 56.4566893380838], [-5.65229250669931, 56.4250266013572], [-5.66701368175116, 56.4280365885052], [-5.66410595777449, 56.432591190761], [-5.67945663759215, 56.4409872968593], [-5.69537608615015, 56.4273905231374], [-5.6755701010848, 56.4347997413724], [-5.67526423527612, 56.4196254414737], [-5.66767725255023, 56.4232130071352], [-5.65262335166737, 56.4154722537057], [-5.67948926729327, 56.3837059825416], [-5.71751633773517, 56.3906533451928], [-5.71098282726606, 56.4146044756061], [-5.74820631428088, 56.413491758092], [-5.73176788873812, 56.3960601454624], [-5.75451460895875, 56.3946105503682], [-5.75814020521627, 56.3812132955312], [-5.79489720700027, 56.3664332588905], [-5.71210047106674, 56.383181323022], [-5.69229901633383, 56.3827053401852], [-5.69456905930601, 56.3730524017598], [-5.74580245233177, 56.3417502683974], [-5.83409386346265, 56.310870738035], [-5.88895821761693, 56.3216782837258], [-5.84616829822964, 56.3455525907061], [-5.85235278975872, 56.3539007390841], [-5.87667388970403, 56.3562281977707], [-5.91053229972875, 56.3421825793759], [-5.93442364921173, 56.3215351743914], [-5.98679358828361, 56.3228685776117], [-6.04420141826606, 56.2930667638228], [-6.07897974208182, 56.3023818779788], [-6.12660521865539, 56.2967274517642], [-6.14288251152276, 56.2844019068658], [-6.198599150156, 56.2920502012837], [-6.22546929451436, 56.2833764808398], [-6.24548221832292, 56.2885804488338], [-6.26455333331562, 56.2643632025158], [-6.26946301787296, 56.2739955368426], [-6.32014952011065, 56.269635307102], [-6.32353629360495, 56.2706401427621], [-6.32303280451827, 56.2826333199779], [-6.34961925497166, 56.2848557919672], [-6.34538570379366, 56.3049282568764], [-6.37690577130611, 56.308803595817], [-6.35126316370249, 56.3466823222008], [-6.29461518999672, 56.3442091724573], [-6.28652766412011, 56.3329172700462], [-6.28584867584637, 56.3364290577916], [-6.2728756594783, 56.3369514395996], [-6.26738253113236, 56.3242978445368], [-6.29785111885032, 56.324376681131], [-6.23644434003318, 56.3157061554096], [-6.24855991230362, 56.3430772412719], [-6.19029855708411, 56.3322051045418], [-6.176549599151, 56.3343240365118], [-6.18495615054334, 56.337711787276], [-6.1777468991695, 56.3410331376111], [-6.14193102060922, 56.3372958402024], [-6.13033013046734, 56.346748848836], [-6.10299361863917, 56.3422084953621], [-6.07085770004621, 56.3564918331126], [-6.0185719200256, 56.3645255139398], [-6.00329503253625, 56.3784114455262], [-6.01439953051974, 56.3880615575516], [-5.97930493548947, 56.3858855382715], [-6.02272770678932, 56.3946551660785], [-6.05941786836397, 56.3758406545236], [-6.07251186204735, 56.3838538753657], [-6.10105187242622, 56.3673231035014], [-6.19485365905954, 56.3588455865235], [-6.20935439245393, 56.3722839729557], [-6.20599342709123, 56.3852228277694], [-6.15116105746178, 56.4130786183012], [-6.13060891562593, 56.4459843046107], [-6.05476027743068, 56.4513704691102], [-6.00181517576144, 56.4779695243675], [-5.99819764270045, 56.4891337431595], [-6.00312190685857, 56.4961209585148], [-5.99532078713024, 56.4931973002959], [-6.00316802321939, 56.4967611344444], [-6.0132686354203, 56.4999222417185], [-6.03582329710936, 56.4881653564649], [-6.12316848929561, 56.4730499448273], [-6.13589975259507, 56.481961778954], [-6.14949924433236, 56.4811604964646], [-6.13789688444421, 56.4914232470174], [-6.14872354366733, 56.5001767923153], [-6.22535297715839, 56.5288557085763], [-6.28679374394621, 56.523463948395], [-6.34047093689546, 56.5372106126738], [-6.33412624421828, 56.5537782306974], [-6.30515256150434, 56.5584616713909], [-6.27971816206253, 56.5773432420511], [-6.31520300509312, 56.5770851570663], [-6.32376728782468, 56.6061610895422], [-6.27456818690428, 56.6027433794558], [-6.25393116499634, 56.613314697972], [-6.18828797594607, 56.5823852668923], [-6.22360422905192, 56.6046864941004], [-6.21190739402868, 56.6031388057167], [-6.22697760667787, 56.6141787053235], [-6.22700497747703, 56.633437131999], [-6.1946174647185, 56.6237113882693], [-6.20815966887469, 56.6355067130107], [-6.19852988062897, 56.6320463351541], [-6.19825546299439, 56.6423393806085], [-6.16617556599061, 56.6417544308621], [-6.1292031854364, 56.6563257873783], [-6.11263040215183, 56.6438987352328]]], [[[-5.87103454805436, 56.6616074794099], [-5.88954099894685, 56.6510541278927], [-5.89599574079892, 56.6612504566786], [-5.88219808064445, 56.6700443537099], [-5.87103454805436, 56.6616074794099]]], [[[-5.92819494144378, 56.6695315880699], [-5.9054462951395, 56.6588543132365], [-5.94798587057979, 56.6583265871004], [-5.94103665526188, 56.6677393280854], [-5.94079572967879, 56.6591010494381], [-5.92819494144378, 56.6695315880699]]], [[[-6.45341450144698, 56.6877802251264], [-6.4526797450216, 56.6747962268349], [-6.50595154034193, 56.6165965098566], [-6.53406960982442, 56.6394267708774], [-6.52379463016125, 56.6128506042855], [-6.56554747660125, 56.5946731317029], [-6.57038636999246, 56.5879434201875], [-6.58025423676196, 56.5918551994774], [-6.59954554665155, 56.5830617850715], [-6.60098268241698, 56.5890904919622], [-6.61092152499924, 56.5752949837682], [-6.62357861396394, 56.5907783224355], [-6.62100945071252, 56.5938641344785], [-6.62497735819777, 56.5924884906011], [-6.63812958040978, 56.5732910616347], [-6.64757558441002, 56.5829382402908], [-6.67098368835008, 56.5833251625013], [-6.67815555720594, 56.5804336173017], [-6.68195945418299, 56.5649571231574], [-6.69511803366969, 56.5632328965954], [-6.70976614958493, 56.5791493955424], [-6.69964493928915, 56.5849005466231], [-6.69648625109677, 56.5826108373352], [-6.67879419470682, 56.5953332043187], [-6.65539023665732, 56.5935212924494], [-6.63713005595508, 56.6179548386252], [-6.61589308434131, 56.623603561404], [-6.61223915605165, 56.6377628324777], [-6.5473969974783, 56.6600110557835], [-6.53183833730849, 56.6761353774437], [-6.50306812754361, 56.6786087630257], [-6.50620112207837, 56.6797097186065], [-6.50361158029584, 56.6855961254978], [-6.49272514838685, 56.6818568650791], [-6.49473879679019, 56.6905023357325], [-6.45341450144698, 56.6877802251264]]], [[[-5.87668971491953, 56.8106448400681], [-5.80921609376018, 56.7935198512499], [-5.83083236642836, 56.7950105433109], [-5.85130853781703, 56.7859360920627], [-5.88708719478156, 56.7920316762213], [-5.87668971491953, 56.8106448400681]]], [[[-7.61196354110177, 56.7839980924347], [-7.63683633764282, 56.7781935692291], [-7.66067713939505, 56.785308745887], [-7.64306324296807, 56.7895573068121], [-7.61196354110177, 56.7839980924347]]], [[[-6.26567567693916, 56.847979561543], [-6.25498022256079, 56.8402336701183], [-6.22301582701321, 56.8453229756827], [-6.21991351441364, 56.8306882059284], [-6.22869391606685, 56.8349365581457], [-6.23580519321932, 56.8229633390422], [-6.24782117256242, 56.8328156237584], [-6.27032339391408, 56.8280129142776], [-6.27744316259984, 56.8353352863048], [-6.26242753487225, 56.8399971433556], [-6.26567567693916, 56.847979561543]]], [[[-7.62211860610247, 56.8025490828595], [-7.64162442640982, 56.7963913164235], [-7.6663461514025, 56.7997106395958], [-7.64822411092763, 56.8126405553911], [-7.65911247384297, 56.8221228312249], [-7.62406163409691, 56.8293133994305], [-7.62211860610247, 56.8025490828595]]], [[[-7.56134929818217, 56.8540389207209], [-7.56868793074204, 56.8473898281371], [-7.59813628299239, 56.849349604075], [-7.59346481075375, 56.8596223072557], [-7.57717562404259, 56.8610101321168], [-7.56134929818217, 56.8540389207209]]], [[[-5.88831623791168, 56.9261319545753], [-5.88615055081714, 56.9199412059629], [-5.9002450271161, 56.9197488116686], [-5.88831623791168, 56.9261319545753]]], [[[-6.11171762530301, 56.9245064252791], [-6.11634642322963, 56.8886646849189], [-6.12677468602354, 56.8893513784399], [-6.13908597466121, 56.8719844006327], [-6.16285528278403, 56.8720008572336], [-6.20752687580291, 56.8877272871075], [-6.20807340046603, 56.9049360303338], [-6.20191877618342, 56.9093081087169], [-6.18637253331872, 56.9151205588103], [-6.15865344263267, 56.9150058626099], [-6.162278363345, 56.9363060494186], [-6.13861057492496, 56.9442071696354], [-6.11171762530301, 56.9245064252791]]], [[[-7.49901973361603, 56.8840121676493], [-7.52661748187078, 56.8872004613182], [-7.53926789692334, 56.8983345837527], [-7.52685671581928, 56.9022563298651], [-7.49848891374425, 56.8976103573745], [-7.49901973361603, 56.8840121676493]]], [[[-7.44065745471621, 56.9220064513344], [-7.44548985432056, 56.9118993311085], [-7.45120696058147, 56.9200741304179], [-7.44065745471621, 56.9220064513344]]], [[[-6.67818106933818, 56.9757384247703], [-6.67641791222594, 56.9647851683887], [-6.68240117689921, 56.9698051870518], [-6.67818106933818, 56.9757384247703]]], [[[-7.34683409648287, 56.9948446032516], [-7.35771576896149, 56.9940559135382], [-7.35061869885168, 56.999477743192], [-7.34683409648287, 56.9948446032516]]], [[[-7.36798233523466, 57.0004813469157], [-7.36217336057395, 56.9926798386621], [-7.37711551977538, 57.0002228453366], [-7.36798233523466, 57.0004813469157]]], [[[-7.35016908506813, 57.0187449888154], [-7.33626839616836, 57.0104982275408], [-7.33007069120754, 57.0135167554341], [-7.32992334290035, 57.006166315995], [-7.36220147386998, 57.012221678696], [-7.35016908506813, 57.0187449888154]]], [[[-6.32996686007434, 57.060373954111], [-6.26020786781287, 57.0367614577953], [-6.24753329353954, 57.0201147689193], [-6.27963824424934, 57.0117546257085], [-6.23831750571187, 57.0047528082207], [-6.25692487391589, 56.9670652851395], [-6.31114123002018, 56.9348677044567], [-6.36955725532484, 56.9522260358335], [-6.37583271587431, 56.9731810751299], [-6.46005318884238, 57.0073940542152], [-6.40963293434918, 57.0293351270744], [-6.39778887952175, 57.042699212218], [-6.36376757116836, 57.0518654660389], [-6.3512433154689, 57.0489598621407], [-6.32996686007434, 57.060373954111]]], [[[-6.49725021038817, 57.0554479945816], [-6.46539927667887, 57.0442910676706], [-6.4897209947982, 57.04905925221], [-6.51119696421239, 57.0441213104115], [-6.51309798903239, 57.0522185775514], [-6.49725021038817, 57.0554479945816]]], [[[-7.32461309647018, 57.0260273988921], [-7.3241943547305, 57.0156426303564], [-7.34412651603017, 57.0206908979001], [-7.3323610533892, 57.0240002372737], [-7.32461309647018, 57.0260273988921]]], [[[-6.48836870396479, 57.0671531518147], [-6.48854675209725, 57.0560038486806], [-6.54969194031447, 57.0581204387975], [-6.57298191462456, 57.0442955263313], [-6.60883647695886, 57.0462947327473], [-6.59671456002164, 57.0591885164166], [-6.52519897006166, 57.0693495999728], [-6.48836870396479, 57.0671531518147]]], [[[-7.44595263963124, 57.0197642448648], [-7.4071428498392, 57.0065027060382], [-7.42918969675311, 57.0124445467968], [-7.40770935456379, 57.0034070301225], [-7.43029785811375, 57.0018716604747], [-7.41071459487935, 56.9950440781521], [-7.40148735637296, 57.0000479966032], [-7.37900462346847, 56.9900892162983], [-7.3785007264323, 56.9803361938683], [-7.40537700887796, 56.9875101332661], [-7.4102376793149, 56.9938630926797], [-7.42196654543131, 56.9918429500104], [-7.4056079640442, 56.9794781583821], [-7.42283005538187, 56.9758272248792], [-7.42706915185291, 56.9612204950437], [-7.44247272305046, 56.9613690965069], [-7.43602152420203, 56.9486360812555], [-7.48214604315682, 56.9462224196297], [-7.48178288633448, 56.9541112949898], [-7.50129631799192, 56.9506558463655], [-7.50517055395509, 56.9580368779318], [-7.50391377505857, 56.9464732932813], [-7.53126475579899, 56.9474275607699], [-7.54241143834846, 56.9394255758638], [-7.49861962538905, 56.9323925799111], [-7.51769821647526, 56.933792325864], [-7.53430879659071, 56.9216632156574], [-7.50335178254714, 56.9216722193245], [-7.50393407876969, 56.9168809051424], [-7.54922077093311, 56.9092053872605], [-7.56160569254033, 56.9219288820102], [-7.54530655027279, 56.9207122993032], [-7.54185566946094, 56.9267927199684], [-7.57305596375315, 56.9336440667861], [-7.56124854954855, 56.9424427964293], [-7.56785851944924, 56.9477109429892], [-7.531902121864, 56.9472813782412], [-7.56160848628539, 56.9559759811628], [-7.55467697782058, 56.9683896010398], [-7.5193717666048, 56.9739233212512], [-7.51303818892896, 56.9808474829771], [-7.52612531224598, 56.9866678965842], [-7.51122218414097, 56.9891480216822], [-7.51519682304749, 56.9983355460282], [-7.5013315698673, 57.0035508733802], [-7.52871306799115, 57.0130664757792], [-7.484599579168, 57.014442013455], [-7.45696859242802, 57.0241370494266], [-7.45024153911358, 57.0575966575133], [-7.41961925489025, 57.0418223877141], [-7.44595263963124, 57.0197642448648]]], [[[-7.37219376478643, 57.0516871476818], [-7.39529759910591, 57.0428994474096], [-7.40091140957895, 57.0499740836861], [-7.38943150241022, 57.0621833556549], [-7.37219376478643, 57.0516871476818]]], [[[-7.43532969621305, 57.0652274277282], [-7.4505103595932, 57.063524057891], [-7.44267351043277, 57.0684699281083], [-7.43532969621305, 57.0652274277282]]], [[[-7.31009489992277, 57.0894830123212], [-7.2686740250243, 57.0909230144353], [-7.27779202813193, 57.0678088517288], [-7.29937891671232, 57.0671425304341], [-7.27778926068413, 57.062103812294], [-7.29227292500372, 57.0525175224679], [-7.3099119798419, 57.0612734777831], [-7.31009489992277, 57.0894830123212]]], [[[-5.78159427873114, 57.1459464072002], [-5.79359356438428, 57.1435488707166], [-5.78734716687356, 57.1493189222545], [-5.78159427873114, 57.1459464072002]]], [[[-6.18341845396289, 57.162777201059], [-6.1823652660368, 57.1525875080035], [-6.21024018074036, 57.1507857593436], [-6.20401559446426, 57.1360314868143], [-6.21496318721221, 57.1331986256181], [-6.2324148897418, 57.1315059758349], [-6.25595589434447, 57.1495461956938], [-6.22718055839753, 57.1579984640173], [-6.21465997634645, 57.1528358677501], [-6.22137812075897, 57.1586348798192], [-6.20568240123182, 57.1659975408695], [-6.18341845396289, 57.162777201059]]], [[[-5.84771016592139, 57.27420510876], [-5.86448076948004, 57.2684769404854], [-5.8699639616942, 57.277699486729], [-5.85925433974937, 57.2813455729455], [-5.84771016592139, 57.27420510876]]], [[[-5.88400021497267, 57.3101000555308], [-5.89100517677843, 57.3056038313999], [-5.89286560704716, 57.3152044577274], [-5.88400021497267, 57.3101000555308]]], [[[-5.92898563017212, 57.2809461353006], [-5.98035766377243, 57.2738380409796], [-6.00730578659446, 57.2886175612764], [-6.02241979648604, 57.305807925552], [-6.01623476708329, 57.3203663821548], [-5.99837636365215, 57.3249138806829], [-5.92611424662535, 57.3074991703743], [-5.92898563017212, 57.2809461353006]]], [[[-5.85476569349482, 57.3573357702775], [-5.84123953744663, 57.3382478912064], [-5.83675412001833, 57.3481133120474], [-5.82161837266174, 57.3344854836859], [-5.84550008648575, 57.3350290477721], [-5.85476569349482, 57.3573357702775]]], [[[-6.49229278154976, 57.345123313679], [-6.49246379346377, 57.3304115617598], [-6.51318372358866, 57.3312830598191], [-6.49229278154976, 57.345123313679]]], [[[-7.18984454629632, 57.4100465072252], [-7.19702491236924, 57.4016230158913], [-7.18970319769598, 57.4034099684333], [-7.18953562717169, 57.3955348334272], [-7.21934051224062, 57.3888825555131], [-7.23370771694717, 57.391492186479], [-7.21766305901836, 57.4051437529022], [-7.18984454629632, 57.4100465072252]]], [[[-7.32579601128333, 57.4055968581551], [-7.33216715354905, 57.3936004474232], [-7.31832927415536, 57.3921590699951], [-7.31914266094774, 57.3825893530495], [-7.28804732052476, 57.3841316550759], [-7.26716988687838, 57.3738165519926], [-7.28388688202428, 57.3731801533828], [-7.27732325106877, 57.3776856318138], [-7.28722728641234, 57.3798739469992], [-7.31095584630308, 57.3722091622036], [-7.27575811721518, 57.3675214378456], [-7.2410442303778, 57.3526554330351], [-7.27360457925068, 57.350063170892], [-7.27009277647784, 57.3446971183967], [-7.23393776159658, 57.3417400515402], [-7.2207484987659, 57.348988762199], [-7.22754922859934, 57.3398586935007], [-7.23627335282693, 57.3410217202246], [-7.23084136185119, 57.3356647020968], [-7.26500282920611, 57.3329373919196], [-7.26374488186765, 57.3281190095994], [-7.29469739408944, 57.33714085484], [-7.27186082559442, 57.3230423551064], [-7.22804452286618, 57.3238822404067], [-7.220518525523, 57.3007660052726], [-7.19869298384784, 57.3063524928515], [-7.19210137672028, 57.2985825760968], [-7.20326580077937, 57.2809170643375], [-7.22713066500198, 57.2822108688334], [-7.25314505363971, 57.2603636224846], [-7.24269871227214, 57.2488149371523], [-7.26759434715714, 57.2241449317679], [-7.30280964113177, 57.2256349755879], [-7.30096639056927, 57.2339174602284], [-7.28317649455393, 57.2275062400914], [-7.30597730417265, 57.2395612063692], [-7.33543293660673, 57.2305832259586], [-7.34525974485973, 57.2432769530693], [-7.34803710560893, 57.2373023710153], [-7.36300520514163, 57.2458076255663], [-7.3495349371415, 57.2253810711736], [-7.31842823327693, 57.2232740230818], [-7.30857633517103, 57.2297393728017], [-7.30074866143265, 57.2155826047795], [-7.2618400731826, 57.2073257262127], [-7.26698565845432, 57.1933359611217], [-7.24460369694355, 57.1636804984869], [-7.27352260704778, 57.1509230153948], [-7.32121112551771, 57.164096744615], [-7.30856900219124, 57.1571937487962], [-7.30851703721654, 57.151011647178], [-7.29044346176128, 57.1472898444847], [-7.32107600259573, 57.1514780935477], [-7.33085659429755, 57.1606701997858], [-7.35602333727809, 57.1535774800168], [-7.33345230805722, 57.1358999432839], [-7.28490101275319, 57.1425862406486], [-7.24630586476149, 57.1357812682823], [-7.24392437372134, 57.1188113187322], [-7.23265798216408, 57.1264053917918], [-7.21185611095969, 57.1174480489617], [-7.21549635706123, 57.1106083037336], [-7.23002288918434, 57.1116865209635], [-7.21872248281384, 57.1105965994705], [-7.2339282384157, 57.1040995372642], [-7.22928586222202, 57.0959359930716], [-7.30147354800676, 57.1109103411004], [-7.31755988777175, 57.0988794302199], [-7.32056709787608, 57.1052177998975], [-7.37351923642082, 57.1038747961985], [-7.39240777287632, 57.1134805338599], [-7.41263647954762, 57.1493394814549], [-7.40895595296789, 57.1604047791624], [-7.41625656969555, 57.1721746331378], [-7.42331045072044, 57.2165710870638], [-7.43545160477533, 57.2364076566224], [-7.45818808101914, 57.2409201403347], [-7.42899548753802, 57.2470913903482], [-7.42050779730402, 57.2885809138596], [-7.3968333778117, 57.3016839873579], [-7.38842335316744, 57.2976421121356], [-7.39973024641095, 57.3075749266592], [-7.4036740674733, 57.3579470411331], [-7.42952106405836, 57.3880487712754], [-7.41235686220909, 57.3871807551066], [-7.39197363059585, 57.3983203368702], [-7.37804944577578, 57.39525508531], [-7.38476740735283, 57.3923125748774], [-7.34086632133496, 57.4025567083125], [-7.32970026628245, 57.3992616833729], [-7.32579601128333, 57.4055968581551]]], [[[-7.2199623546905, 57.4119833291821], [-7.23194002823156, 57.4112431570549], [-7.23269276787269, 57.4113812711372], [-7.22399910959379, 57.4135788699264], [-7.2199623546905, 57.4119833291821]]], [[[-6.604584890069, 57.4535565947894], [-6.60225443550604, 57.4490515538007], [-6.61070615616123, 57.4521129746368], [-6.604584890069, 57.4535565947894]]], [[[-6.02533646604086, 57.4956432421164], [-6.02524392938514, 57.4792509782084], [-6.03377487811994, 57.4891448208878], [-6.02533646604086, 57.4956432421164]]], [[[-5.97839008970612, 57.4945851020237], [-5.98302815846494, 57.4794627712909], [-6.03234615260128, 57.4294448483658], [-6.01865339083961, 57.3888351583355], [-5.99306764095455, 57.3708663981336], [-5.99276980767691, 57.3581882353145], [-6.02113609625182, 57.333338872026], [-6.05026875104807, 57.3283824770281], [-6.06700043388068, 57.3336733465776], [-6.06600247120247, 57.3460349146634], [-6.08803324309847, 57.3508934826496], [-6.07423255774872, 57.3803157365959], [-6.08486117788683, 57.4213214100374], [-6.05661880488121, 57.4597822507772], [-6.01782988426125, 57.4546097789174], [-6.01131469200115, 57.4650950990548], [-6.02950790840066, 57.4694506716871], [-6.01932492846236, 57.4736251975062], [-6.0227714812262, 57.4769012629584], [-6.01999670057597, 57.4799692536934], [-5.99206966324921, 57.4936126882273], [-5.99530996320596, 57.5052329183136], [-5.97839008970612, 57.4945851020237]]], [[[-6.00305958429504, 57.5157382660681], [-5.9925884148485, 57.5064499456604], [-6.01302079076926, 57.5137853434422], [-6.00305958429504, 57.5157382660681]]], [[[-7.33659158895849, 57.4800876880576], [-7.3091332152587, 57.4792456618131], [-7.30053142712531, 57.4848706523746], [-7.28645833662567, 57.4832939551373], [-7.29623718850096, 57.477737404131], [-7.2590310560494, 57.4783123926046], [-7.26268308934133, 57.4721932271532], [-7.28239613031157, 57.4732960263556], [-7.26684072346315, 57.4632490922669], [-7.25610368105341, 57.4667525160657], [-7.24750762072862, 57.4604265514536], [-7.25085806080175, 57.473134247011], [-7.24277063066065, 57.4735170570171], [-7.24854290160273, 57.4715450980343], [-7.24364520346249, 57.4647494985589], [-7.22928438388648, 57.4706386173772], [-7.20674366979171, 57.4611944170076], [-7.24474222486926, 57.4605284415456], [-7.24148466841028, 57.4509188903193], [-7.2184054634419, 57.4461600412304], [-7.24268980939568, 57.447086331163], [-7.25165909801464, 57.4592813707046], [-7.24704570490486, 57.4511883942812], [-7.2500316335592, 57.4539996874858], [-7.25018689737782, 57.4444698336209], [-7.27062418318708, 57.4528455385582], [-7.26770442262984, 57.445737459917], [-7.2785706063496, 57.4469553672801], [-7.26445076254396, 57.4398941414712], [-7.2835795502806, 57.4380790530871], [-7.24769282931477, 57.4292927202414], [-7.22165189385105, 57.4309893743042], [-7.2448502496431, 57.4379105556309], [-7.21599931498906, 57.4362722205745], [-7.20200358023444, 57.4242771322516], [-7.22418128746781, 57.4266150220268], [-7.20622821901816, 57.4156392216804], [-7.25419627984816, 57.4121026221449], [-7.23804909669387, 57.4017411039523], [-7.31385044114404, 57.4181414604785], [-7.29111936190296, 57.4099310392017], [-7.26291999635405, 57.3990339994793], [-7.29163899639684, 57.4098135602538], [-7.30990192298413, 57.4056828691585], [-7.30443306769869, 57.3987986567965], [-7.34436665460387, 57.421446061982], [-7.39259948017268, 57.4241118795332], [-7.40497555355711, 57.4569543497603], [-7.40231030371643, 57.4596914629628], [-7.4100216422782, 57.470326830141], [-7.37899428784777, 57.4746738642188], [-7.36422732868417, 57.4925975770644], [-7.35019307410116, 57.4940389625652], [-7.34760073316405, 57.4838841439579], [-7.32994708288695, 57.4844101165138], [-7.33659158895849, 57.4800876880576]]], [[[-7.14361409861575, 57.500883410877], [-7.15507249353727, 57.4968483106361], [-7.15798362168867, 57.5033168374087], [-7.14361409861575, 57.500883410877]]], [[[-7.16023925233653, 57.4942964804897], [-7.1752618615716, 57.4874053116591], [-7.1580475861178, 57.483707834354], [-7.1742426861576, 57.4813375032589], [-7.17027991868866, 57.4754121730892], [-7.18056553150758, 57.4688518752089], [-7.1917324766639, 57.478005660754], [-7.18897223004273, 57.4841230263139], [-7.20721991219736, 57.490691549348], [-7.20407259554213, 57.4981632008564], [-7.17699171589016, 57.4911178188996], [-7.1920660248856, 57.5008996076363], [-7.18688075987911, 57.5023569754677], [-7.16914366847825, 57.5021256938599], [-7.16023925233653, 57.4942964804897]]], [[[-6.64723865252759, 57.5247965296211], [-6.63848683322216, 57.5115997684884], [-6.64982235059727, 57.5142060716268], [-6.64723865252759, 57.5247965296211]]], [[[-7.24794052611081, 57.5018088552115], [-7.23796108382877, 57.4966523200629], [-7.22005938863592, 57.4987665611355], [-7.22198994611404, 57.4888214638521], [-7.20274513673635, 57.4763767938778], [-7.23027424416415, 57.4794235782339], [-7.23272193873945, 57.4854734896173], [-7.24594120929398, 57.4789099999008], [-7.2729176411781, 57.4966283259269], [-7.29121665704198, 57.4908150525528], [-7.26341593094856, 57.5025173483849], [-7.25090906874612, 57.4998573942898], [-7.25410590247799, 57.5052922533218], [-7.23220236081594, 57.5037528837195], [-7.24794052611081, 57.5018088552115]]], [[[-5.96727004431338, 57.5803192639409], [-5.95384845015192, 57.5684860534356], [-5.97832140372493, 57.5144902968691], [-5.99788918669671, 57.5275383814735], [-5.98044299190948, 57.5404406773181], [-5.99391202889454, 57.5357885376619], [-6.00111133363178, 57.5427356361605], [-5.97635198942763, 57.5496873212179], [-5.98948348306669, 57.5692291119614], [-5.98198173244567, 57.5753504507345], [-5.97504638768212, 57.5711330200659], [-5.9787680718195, 57.5771484538801], [-5.96623193375672, 57.5718691549452], [-5.96727004431338, 57.5803192639409]]], [[[-7.60256599480667, 57.5230764183054], [-7.620472758354, 57.512153851692], [-7.62247539330483, 57.5267214178739], [-7.60593503317521, 57.5329980643937], [-7.60256599480667, 57.5230764183054]]], [[[-7.69142646165678, 57.5308500711973], [-7.69122755403656, 57.5234239287655], [-7.69861832834, 57.5268699178464], [-7.69142646165678, 57.5308500711973]]], [[[-7.64007871427377, 57.5247553922713], [-7.67790348232786, 57.5203804795079], [-7.64595504739165, 57.5352022436713], [-7.64007871427377, 57.5247553922713]]], [[[-7.43377326014046, 57.5695759956068], [-7.40228768336548, 57.5530583030418], [-7.42645822216117, 57.5532198520642], [-7.43757235582881, 57.5638597062421], [-7.43377326014046, 57.5695759956068]]], [[[-7.16759115510298, 57.6297230963566], [-7.15939011018177, 57.6228334554109], [-7.1769860704317, 57.6282625295364], [-7.16759115510298, 57.6297230963566]]], [[[-7.05330582164897, 57.6612302001879], [-7.04726287651085, 57.6502282762977], [-7.05898851038448, 57.6540642562897], [-7.05330582164897, 57.6612302001879]]], [[[-7.11604357560538, 57.6623039632064], [-7.09358068659062, 57.6467520054042], [-7.08066345590594, 57.6482166284053], [-7.06311740815654, 57.6403037047836], [-7.10030563831985, 57.60794672076], [-7.13248704150878, 57.6255770559886], [-7.11377099840204, 57.6322620964065], [-7.12896720680777, 57.6274919550883], [-7.11668096105509, 57.6341736852184], [-7.14731115570451, 57.6283696851897], [-7.16974634445666, 57.6338998466403], [-7.16485956194621, 57.6440515610789], [-7.17206812178528, 57.6447680300608], [-7.16568369890662, 57.6487237616221], [-7.17646817108788, 57.6502027199807], [-7.13468196390377, 57.6505922735447], [-7.13782926040588, 57.6393430396744], [-7.09998525098273, 57.6487779639984], [-7.1229857074358, 57.6582658248289], [-7.11604357560538, 57.6623039632064]]], [[[-7.09609061641745, 57.6674391397734], [-7.0911990871173, 57.6598947965298], [-7.10245207723509, 57.6635265021423], [-7.09609061641745, 57.6674391397734]]], [[[-7.09661018024185, 57.6699628526859], [-7.10799977483061, 57.6691780215348], [-7.10325354792064, 57.6736163959231], [-7.09661018024185, 57.6699628526859]]], [[[-7.28964742116196, 57.6673993274703], [-7.28367989748277, 57.6548763197799], [-7.30995841232869, 57.661802845339], [-7.28964742116196, 57.6673993274703]]], [[[-6.35237172210746, 57.7080028158246], [-6.33073137869139, 57.6996047895917], [-6.29690615115695, 57.7075720566777], [-6.29166840674481, 57.6987480664814], [-6.30320888652261, 57.6915908928379], [-6.2510695413295, 57.6734747119734], [-6.23535225974927, 57.6373616598178], [-6.19130907537024, 57.6332517965015], [-6.15059408602877, 57.5865193314492], [-6.13723881238158, 57.5877327222789], [-6.14880208056691, 57.5656233577003], [-6.13901009062027, 57.5453503790993], [-6.14848057655384, 57.4999694638469], [-6.13714353705102, 57.4743925422267], [-6.14573220532755, 57.4300851324299], [-6.18144322718927, 57.4126085331907], [-6.19773265073077, 57.4121387102365], [-6.20213608527564, 57.3904871251985], [-6.18380323501033, 57.4063792599642], [-6.17569522701683, 57.402278060822], [-6.13985547560017, 57.4054730281557], [-6.12628905875952, 57.3902462176183], [-6.14621154915302, 57.3710333514955], [-6.11694440537581, 57.341744748951], [-6.09610753535916, 57.3401197385143], [-6.10711559508187, 57.3352330834402], [-6.10413710713453, 57.3191844553245], [-6.13191382460302, 57.3162539107594], [-6.16842207571652, 57.2953873328875], [-6.11743743774484, 57.3136809150278], [-6.05703119658811, 57.3136642765191], [-6.04164424372751, 57.2932671286039], [-6.07786922118756, 57.2761164331142], [-6.07558845340824, 57.2723127042967], [-6.08304566439757, 57.2677048523454], [-6.02064670377333, 57.287682982485], [-5.99387071095089, 57.2704189914405], [-5.93663316581968, 57.2588864126993], [-5.92204147925024, 57.2627484701985], [-5.90630506877766, 57.2509264290528], [-5.91423453931287, 57.2413252242112], [-5.88579217449952, 57.2379709168313], [-5.85172973360864, 57.2540647575319], [-5.86366114870782, 57.2416117124785], [-5.75345843530521, 57.2747009095572], [-5.71128782827344, 57.2712359055764], [-5.73200449051709, 57.2607665148596], [-5.66708876862915, 57.2648337433268], [-5.64757826275575, 57.2551397869531], [-5.66723037931513, 57.2354079572541], [-5.66936766302244, 57.2088896846763], [-5.78105978482864, 57.1668618860202], [-5.80847276650599, 57.1761646116172], [-5.8006816543195, 57.1663597095099], [-5.80096285034614, 57.1526439519835], [-5.80579388346772, 57.1457439036485], [-5.79119170563043, 57.139965196777], [-5.80592569891309, 57.1370348108684], [-5.80495392196134, 57.1207070612815], [-5.82789794075046, 57.1076086443671], [-5.85327289056481, 57.1115604450187], [-5.87927201051044, 57.0839834494944], [-5.88852710674163, 57.0812823435947], [-5.89638861165993, 57.0681062468294], [-5.89371957411424, 57.0611679352202], [-5.90213853609583, 57.0635742147385], [-5.89958879246476, 57.0579198655365], [-5.93952363877482, 57.0380374623222], [-5.96691787656384, 57.0299343563916], [-5.97268473247579, 57.0320363668792], [-6.00182250653604, 57.0201507713083], [-6.0107576794227, 57.0251223832321], [-6.01762274844438, 57.0187740850228], [-6.01765646166026, 57.0312851731555], [-6.03598127409694, 57.052509341009], [-6.02395983132908, 57.0704792556764], [-5.99947476624932, 57.0739219154238], [-6.00817030187714, 57.0901052699927], [-5.99999962203829, 57.1040121173323], [-5.98498752133745, 57.1073863576725], [-6.00504479252194, 57.114767129014], [-5.99775586565347, 57.1241107867871], [-5.97532071505405, 57.1303397867276], [-5.96577464415591, 57.1415717765141], [-5.94002335970638, 57.1464992977725], [-5.92007516790556, 57.1618517796168], [-5.86641699324449, 57.1713692603508], [-5.83802448089545, 57.1897551035898], [-5.87797776260014, 57.1760921102538], [-5.89758993356427, 57.1796682492811], [-5.90133349587518, 57.1720129687162], [-5.93539849592601, 57.1760104437226], [-5.99167680393846, 57.1685566240847], [-6.00293279964167, 57.1996108510835], [-6.0368836296879, 57.2278346528085], [-6.02968246577863, 57.1845630040226], [-6.04994839372051, 57.1805859017127], [-6.08377712309365, 57.1267505192105], [-6.11266695630523, 57.1372117703374], [-6.10194943574191, 57.1701115295702], [-6.11072343494794, 57.1801731874648], [-6.11032457886538, 57.1863291672301], [-6.12338835547965, 57.194685680228], [-6.13069970685644, 57.1843732814947], [-6.16812859183525, 57.198551860305], [-6.17405761664559, 57.1745445313345], [-6.2096755620213, 57.1778060158682], [-6.32231166304374, 57.1601385706238], [-6.28660748178656, 57.1864479601919], [-6.28483384285549, 57.2013566364008], [-6.2937512584877, 57.2051569004607], [-6.31778056083162, 57.1928609213845], [-6.34431453868748, 57.1860378754488], [-6.37147962663522, 57.2045831022304], [-6.3838694606078, 57.2227322091178], [-6.34921194387694, 57.2299421223574], [-6.34315886455546, 57.2529577649165], [-6.3601420054441, 57.2362049035107], [-6.40500685124954, 57.2322392679967], [-6.45149141183725, 57.262427908163], [-6.45856740645248, 57.2862651948808], [-6.48188487080933, 57.2923057986297], [-6.48278322202102, 57.3109793421073], [-6.43344628852137, 57.325014348002], [-6.42685420927871, 57.3230652152515], [-6.43071763920855, 57.3400041981591], [-6.36765804371053, 57.3135944284764], [-6.34777307615715, 57.2999215247104], [-6.30620704837495, 57.2993210131], [-6.33953323626568, 57.3052988873429], [-6.35530229698164, 57.323718459966], [-6.40263586121769, 57.3398807243722], [-6.40382218710429, 57.3546255045089], [-6.38359904412675, 57.3639744555543], [-6.43187852649095, 57.3478619930208], [-6.44640367763681, 57.3472977489498], [-6.45780120799719, 57.3391975606667], [-6.4545232248361, 57.3598859569101], [-6.47985989453534, 57.3666330172491], [-6.46780687041938, 57.3779718663643], [-6.48589825110149, 57.3805148482487], [-6.48262913407908, 57.395629477191], [-6.4887108687584, 57.4036880446033], [-6.52463496770442, 57.3694292818963], [-6.51655475134278, 57.3932087343165], [-6.5384048046986, 57.413466139339], [-6.53515435269198, 57.3982753745862], [-6.54194875786114, 57.3929795496857], [-6.54218958756869, 57.3972552657554], [-6.55197557109134, 57.3856724053293], [-6.57297990686793, 57.3884914335154], [-6.56355529151456, 57.3386188315642], [-6.5821255068729, 57.3330044106608], [-6.6246450645599, 57.3508250769308], [-6.69020800676318, 57.3652521534143], [-6.70147151587374, 57.3720213988421], [-6.71947764764793, 57.3716780612353], [-6.73892549245053, 57.3893247869223], [-6.72913583471307, 57.395306836706], [-6.74312246477266, 57.4176193840711], [-6.76722869579338, 57.4289326494948], [-6.78965217928772, 57.4210411143364], [-6.78016447059641, 57.4578221511336], [-6.71997616699092, 57.4497364216538], [-6.74385809607461, 57.4672238947412], [-6.74894166114669, 57.4905661154026], [-6.74841363861443, 57.4967212636541], [-6.71671983936141, 57.5137353632952], [-6.63967635451538, 57.4427343116938], [-6.61995858904031, 57.4319915493148], [-6.6140063404443, 57.4413268994781], [-6.60218029061802, 57.4456567039431], [-6.58493661977668, 57.4214533752621], [-6.58186870849358, 57.4319334853513], [-6.573863247084, 57.4301677853122], [-6.60391220073472, 57.4606585109354], [-6.61020814918565, 57.4567904012257], [-6.62395362251099, 57.4593747482934], [-6.61338445224143, 57.4674039013533], [-6.63747061372126, 57.5025079751294], [-6.61854677084451, 57.5015659832301], [-6.59847854563658, 57.5099146903981], [-6.56792086416382, 57.4933239127256], [-6.56058056859643, 57.5080271588616], [-6.64165165085488, 57.5520584595997], [-6.65444570913283, 57.5455300024283], [-6.64071266586367, 57.5612317837185], [-6.63474522505674, 57.5828688745685], [-6.63477581512604, 57.6085301082008], [-6.58268555783397, 57.5883566119168], [-6.56551361012289, 57.5482273478412], [-6.54088442838422, 57.5479373553588], [-6.5043194340484, 57.5340497474071], [-6.46336544027813, 57.5008694893362], [-6.46567123445463, 57.4980691701632], [-6.42954830874262, 57.5169748049918], [-6.45263013270683, 57.4806599183995], [-6.44143560949867, 57.4811964042675], [-6.43241790865486, 57.4704807070171], [-6.43484679582703, 57.4847407505584], [-6.42691737790961, 57.4959042141338], [-6.39981355517789, 57.5088418215083], [-6.39961134787258, 57.528616035539], [-6.37483117408589, 57.5002508776197], [-6.35021493518645, 57.4968230925434], [-6.34499363138695, 57.4807365312081], [-6.33527872997067, 57.4900136828652], [-6.32625068109267, 57.4589606888039], [-6.31178994357522, 57.4551680512887], [-6.32572258632398, 57.4852071845553], [-6.30460416659311, 57.4823336701865], [-6.36516040484214, 57.515166348309], [-6.37618382394433, 57.5301390808234], [-6.36705976871399, 57.5314359736409], [-6.39520415981313, 57.5569202869869], [-6.39450797994753, 57.5694708056655], [-6.38258478379391, 57.5631091975378], [-6.35942756478489, 57.5889471970435], [-6.39460839148238, 57.5851736896908], [-6.39423759506935, 57.6127239747445], [-6.42770448904871, 57.6421502995927], [-6.40626840967841, 57.6505200158914], [-6.40914518049236, 57.6603009198765], [-6.38279566329646, 57.6596651789661], [-6.35357211281855, 57.6712057994415], [-6.34235050832141, 57.6850235804363], [-6.35237172210746, 57.7080028158246]]], [[[-7.3762157596587, 57.6678414117619], [-7.39203961247823, 57.6589039366844], [-7.38840481663886, 57.6575662122642], [-7.39327996877471, 57.6537385265345], [-7.39844451953566, 57.6597406534754], [-7.41361935653657, 57.655534758659], [-7.43933291181444, 57.6612239198252], [-7.3762157596587, 57.6678414117619]]], [[[-5.78975648076099, 57.7367572179438], [-5.80117619633529, 57.7265173565481], [-5.82241789228351, 57.7305702437393], [-5.82026949753743, 57.7367263923584], [-5.78975648076099, 57.7367572179438]]], [[[-6.29849228555303, 57.7289213240655], [-6.29333331058574, 57.722220205068], [-6.30577969274032, 57.7253911637078], [-6.29849228555303, 57.7289213240655]]], [[[-7.03329188063857, 57.706870181591], [-7.02481152400415, 57.699835773594], [-7.04086171384758, 57.7045618738651], [-7.03329188063857, 57.706870181591]]], [[[-7.72084983193154, 57.6880066703933], [-7.71529925204729, 57.6869170083136], [-7.71820729190523, 57.6868662821119], [-7.72084983193154, 57.6880066703933]]], [[[-7.71758773666623, 57.6889016823495], [-7.71426637635129, 57.6874544301913], [-7.71713302679129, 57.6877790627915], [-7.71758773666623, 57.6889016823495]]], [[[-7.71498983803004, 57.6893209730015], [-7.71374857639288, 57.6881664877383], [-7.71619826677423, 57.6892032218017], [-7.71498983803004, 57.6893209730015]]], [[[-7.71264499438403, 57.6899907072628], [-7.71210705347123, 57.688947434343], [-7.71364907881899, 57.689665271207], [-7.71264499438403, 57.6899907072628]]], [[[-7.71186689348764, 57.6906731482785], [-7.71125488445825, 57.6900437580537], [-7.71221057993981, 57.6900814722462], [-7.71186689348764, 57.6906731482785]]], [[[-7.68577510300626, 57.6999397564351], [-7.68948168660872, 57.6978056357814], [-7.69170227925898, 57.699897295782], [-7.68577510300626, 57.6999397564351]]], [[[-7.27519776131833, 57.7154459460579], [-7.2797440115914, 57.6999988740339], [-7.29934895455669, 57.7071592953497], [-7.29312019009064, 57.7193054991503], [-7.27519776131833, 57.7154459460579]]], [[[-7.68163590803692, 57.7023225438674], [-7.68297491173287, 57.7015517756124], [-7.68217217201062, 57.7034998029569], [-7.68163590803692, 57.7023225438674]]], [[[-7.14426213710758, 57.7294258075675], [-7.15283052873674, 57.7172606636126], [-7.17259954879942, 57.7193435826275], [-7.16618826515467, 57.7115482884663], [-7.17557801289495, 57.709781546161], [-7.19500998265656, 57.690867235033], [-7.15624628097733, 57.6768522708338], [-7.16448977588371, 57.6636733694227], [-7.17376973923976, 57.6694563676473], [-7.17242878992194, 57.6608284158097], [-7.18456061782869, 57.6611942812283], [-7.16742820341949, 57.6572542316086], [-7.19256006912906, 57.6575000731769], [-7.21394718755653, 57.6571942439852], [-7.19245679047176, 57.6572240763662], [-7.18887538410118, 57.6476504412354], [-7.173074396986, 57.6448748583528], [-7.20455088178289, 57.6445118280528], [-7.19772596331599, 57.6424911308594], [-7.21911813850673, 57.6389072864028], [-7.18880019135813, 57.6311644971632], [-7.20430122376609, 57.6216960135197], [-7.18367794212167, 57.6177529905145], [-7.19095279398644, 57.6145744222201], [-7.15278502265128, 57.6130003871057], [-7.18251602213042, 57.6115076504319], [-7.1536990703358, 57.6085258327531], [-7.16303782870886, 57.6018257232225], [-7.15503569070981, 57.5970163206049], [-7.172552672364, 57.6041112035633], [-7.16416460294992, 57.5969209005229], [-7.18167189492687, 57.5968832095397], [-7.16496640950653, 57.5952474669087], [-7.18685002972923, 57.5931240276606], [-7.15718752481645, 57.5945843169322], [-7.1631438220395, 57.587618930103], [-7.15153072198254, 57.5862345273393], [-7.10113125377548, 57.5935950730199], [-7.11766235880386, 57.5661837074953], [-7.15278890842173, 57.5587228272913], [-7.17387370965171, 57.5653630068873], [-7.18740048563862, 57.5661653887705], [-7.18062859630511, 57.558768693417], [-7.22235452580185, 57.5642891153407], [-7.21292693939456, 57.5602918828714], [-7.25909487804162, 57.5536744996096], [-7.26707059393159, 57.5592927077382], [-7.24846296178791, 57.5590915478464], [-7.25632388913701, 57.5739755463566], [-7.25418707565074, 57.5641215336105], [-7.28913263457485, 57.5628266031755], [-7.27243424364049, 57.5546513607142], [-7.29007518964764, 57.5630063184046], [-7.29822809198374, 57.5680189734526], [-7.29327550529717, 57.5601894209665], [-7.30647104065915, 57.5540850118283], [-7.28431966829261, 57.5456118112688], [-7.28455967357831, 57.5526631350952], [-7.16565874503138, 57.5473667491783], [-7.1649984985082, 57.5545427351313], [-7.1350923960048, 57.5540389530946], [-7.14650912735162, 57.5164378413674], [-7.16950070309583, 57.5132505468427], [-7.14583753663964, 57.5124387446182], [-7.17659665814598, 57.5083518496892], [-7.22128436990185, 57.520023277088], [-7.2256137087402, 57.5149912209314], [-7.20298859170846, 57.5074129141784], [-7.22896642302326, 57.5149329460592], [-7.23915798154519, 57.5114405961526], [-7.22685185300573, 57.5089333777774], [-7.24587952004766, 57.5070257579514], [-7.27606050731144, 57.5177717802815], [-7.26315397598474, 57.5028044743657], [-7.27728070890059, 57.5159892669263], [-7.29373040570489, 57.5123711178217], [-7.31259132238861, 57.5217358823051], [-7.29751831639204, 57.511343160055], [-7.31309595157446, 57.5084149980258], [-7.32738180091115, 57.5125977807031], [-7.31696223180651, 57.5244714927942], [-7.32584403611228, 57.5352631263037], [-7.34524398550149, 57.5419014556819], [-7.34400367169387, 57.5304144892097], [-7.35843284876594, 57.5247761443894], [-7.34788798470986, 57.5149341820369], [-7.35887091072196, 57.4999146477799], [-7.40433766560141, 57.5491629855752], [-7.3865260453057, 57.5353915705306], [-7.38219057122672, 57.546025742004], [-7.37634137645108, 57.5423131253541], [-7.36704010905418, 57.5489018182115], [-7.37250483852308, 57.5391262023849], [-7.3590112719838, 57.5389923923067], [-7.34424047237746, 57.5428232868577], [-7.35542053197509, 57.550793314556], [-7.34108120482144, 57.5529832901887], [-7.33774047046893, 57.5472106103752], [-7.31126075874839, 57.5541670023544], [-7.36278136664489, 57.5551715283715], [-7.44182676227874, 57.5877793174154], [-7.42973810504601, 57.57840534572], [-7.44364875866763, 57.570108881777], [-7.48357316512841, 57.5679752381495], [-7.49373499585759, 57.5828362081243], [-7.48297905164561, 57.5905878386932], [-7.49749133692823, 57.594471421209], [-7.49087528187896, 57.5857027870904], [-7.50779171026664, 57.5849483257949], [-7.5480746835771, 57.6050288721309], [-7.53400947448687, 57.6086046613647], [-7.5309885711447, 57.6025598436012], [-7.52021036479059, 57.6048105888984], [-7.51432016712418, 57.6192874698271], [-7.52636431117039, 57.6222832000459], [-7.50007470722443, 57.6272170038373], [-7.50359632249615, 57.6385054978716], [-7.48569135888446, 57.6505386043792], [-7.49240753234483, 57.6599953484835], [-7.46091828357196, 57.657967924752], [-7.44940399703449, 57.663118829202], [-7.44021276579838, 57.6532749179171], [-7.4224150103219, 57.6525590364824], [-7.40925649351594, 57.6432132087895], [-7.41684214106533, 57.6392787285221], [-7.38288304064734, 57.6307843843543], [-7.36952513168705, 57.651833981516], [-7.3768480539857, 57.6588187013182], [-7.34008262495443, 57.6684500337508], [-7.34493758564822, 57.6807284515002], [-7.32371508402903, 57.6867537032102], [-7.31471807448977, 57.6940813771547], [-7.30943740725638, 57.6867381783816], [-7.32363098040483, 57.6826123449809], [-7.31948257529999, 57.6725345661733], [-7.3371879257664, 57.6581032226742], [-7.297835889217, 57.6538597102541], [-7.29233146376827, 57.6517204389406], [-7.29164088095469, 57.6412057546365], [-7.2793915913047, 57.6473269976477], [-7.28682615172931, 57.6525307427546], [-7.26862629354424, 57.6475126975395], [-7.25380584552155, 57.6526245685559], [-7.26387756649697, 57.6559391025152], [-7.24644275804507, 57.6533460448324], [-7.27833159239923, 57.6638747379315], [-7.2438045899073, 57.6717798777122], [-7.22366932176022, 57.6888242159075], [-7.20793570534362, 57.6829912150194], [-7.18322758253154, 57.7026584999272], [-7.19595560154757, 57.7103686375602], [-7.1983861859528, 57.70421032305], [-7.22811556131411, 57.7072481023069], [-7.19830059091903, 57.7339035011186], [-7.16701804302703, 57.7387786355002], [-7.14426213710758, 57.7294258075675]]], [[[-7.08788722330101, 57.7488880106003], [-7.06227090046103, 57.7329417669771], [-7.09333021520379, 57.7395118941471], [-7.08788722330101, 57.7488880106003]]], [[[-3.95262803877067, 57.8523196474108], [-3.92661523045029, 57.8417741128747], [-3.96447661962591, 57.8518359315052], [-3.95262803877067, 57.8523196474108]]], [[[-7.08225949271147, 57.773665114466], [-7.07562973755453, 57.7513866726973], [-7.09821615207215, 57.7684621992209], [-7.08225949271147, 57.773665114466]]], [[[-7.20025944893889, 57.7725695465079], [-7.22275753616273, 57.7601693154699], [-7.24125763866081, 57.7597498799374], [-7.26587094117892, 57.7735567114149], [-7.22955066170834, 57.7854390254844], [-7.21459733789694, 57.7847878645812], [-7.20025944893889, 57.7725695465079]]], [[[-5.60186778196801, 57.8301685317498], [-5.60326969076386, 57.8213492191948], [-5.63945012933259, 57.8331990935667], [-5.6337789571531, 57.8478608813275], [-5.60186778196801, 57.8301685317498]]], [[[-7.24527120692715, 57.8017446493714], [-7.25673626493622, 57.797471758467], [-7.25818590611432, 57.8047496214895], [-7.24527120692715, 57.8017446493714]]], [[[-5.45948792997769, 57.8789853448011], [-5.47823197300726, 57.8844588300443], [-5.47259577534389, 57.8962915134582], [-5.45948792997769, 57.8789853448011]]], [[[-6.70327745040689, 57.8793350784128], [-6.65138519871179, 57.8708080692796], [-6.64135123843, 57.8564965806219], [-6.67098618385119, 57.8497669211716], [-6.67136690327342, 57.8598497611009], [-6.68306743408987, 57.8593995770477], [-6.67778693965597, 57.8532847490442], [-6.68818778478389, 57.8563181926891], [-6.68356998302503, 57.8628315023319], [-6.69949100885555, 57.8712314933733], [-6.70402650016262, 57.8632669777824], [-6.71403984814039, 57.8750702666212], [-6.69244791872061, 57.8735209907962], [-6.70327745040689, 57.8793350784128]]], [[[-6.73990430187179, 57.8741776997807], [-6.74651373543432, 57.8710713515253], [-6.7475798720783, 57.8790855548538], [-6.73990430187179, 57.8741776997807]]], [[[-6.36098600881161, 57.9042734783506], [-6.35261153839393, 57.8800683480921], [-6.35857604371268, 57.8948730132257], [-6.38129709472181, 57.9026196600568], [-6.36098600881161, 57.9042734783506]]], [[[-6.33558398515978, 57.907982217485], [-6.32435028325377, 57.8982396685819], [-6.34288720401391, 57.9019406672346], [-6.33558398515978, 57.907982217485]]], [[[-5.21046458035668, 57.9471648142597], [-5.2125810433311, 57.9384461739155], [-5.23457646022492, 57.9424752073803], [-5.23942602270754, 57.947860669381], [-5.21046458035668, 57.9471648142597]]], [[[-8.61535343734517, 57.8280037565413], [-8.59848452312634, 57.8198150997705], [-8.59337820339933, 57.8269551671412], [-8.56516363916545, 57.8253891129366], [-8.55001269736331, 57.8124041557359], [-8.57045135929152, 57.8105707682651], [-8.57611078580669, 57.8003496550196], [-8.58494130068699, 57.8066538691264], [-8.61023575417564, 57.8093497996535], [-8.61535343734517, 57.8280037565413]]], [[[-8.62481412969033, 57.8336649595227], [-8.63132378859468, 57.8245939266037], [-8.64999583330431, 57.8279585269355], [-8.62481412969033, 57.8336649595227]]], [[[-5.44076928149266, 57.9636658154797], [-5.45304152104918, 57.9624517672326], [-5.44668655444889, 57.9670199946626], [-5.44076928149266, 57.9636658154797]]], [[[-5.4976323281026, 57.9575935951781], [-5.51949404216296, 57.9546135187507], [-5.5257431013999, 57.9610741766758], [-5.50937339535787, 57.9680088816447], [-5.4976323281026, 57.9575935951781]]], [[[-6.98899442824906, 57.9079421618979], [-6.99479756454688, 57.893147187542], [-7.01387994468656, 57.8809726220907], [-7.04823908588927, 57.8947366697453], [-7.05423614605474, 57.882000439536], [-7.07760029600404, 57.8752175289381], [-7.08598614158493, 57.8937260758027], [-7.04882742852836, 57.8971784419383], [-7.04139815912931, 57.9123824501337], [-7.00848805694106, 57.9216678581652], [-6.98899442824906, 57.9079421618979]]], [[[-5.33888405826559, 57.9851847149983], [-5.3460482009747, 57.979821541685], [-5.34827373464977, 57.9919864904352], [-5.33888405826559, 57.9851847149983]]], [[[-8.49068977315179, 57.8767873516333], [-8.48741512454477, 57.8637127175002], [-8.49970763572064, 57.8669294527864], [-8.49068977315179, 57.8767873516333]]], [[[-5.43476793973111, 58.0091623547596], [-5.44756988751902, 58.003881968621], [-5.45824304382615, 58.0121195777099], [-5.44599253094177, 58.0159068879688], [-5.43476793973111, 58.0091623547596]]], [[[-5.38492351174002, 58.0071565200842], [-5.39721357205479, 58.0001735694039], [-5.42172399117208, 58.0054030461632], [-5.40924684384726, 58.0238370849175], [-5.39740033713165, 58.0172052028184], [-5.4034871482017, 58.0098567306726], [-5.38492351174002, 58.0071565200842]]], [[[-6.42012942077894, 58.005417200858], [-6.41224500936148, 57.9978760665818], [-6.44414503942283, 57.997750369332], [-6.44229392082483, 58.0050744471933], [-6.42012942077894, 58.005417200858]]], [[[-6.7128683291653, 57.9942488796642], [-6.72377602266313, 57.9855218247141], [-6.74073743426231, 58.0012765114335], [-6.72578390348867, 58.0078631561432], [-6.7128683291653, 57.9942488796642]]], [[[-5.42370274813414, 58.0474323890426], [-5.43227252884258, 58.0382767046338], [-5.44800597085578, 58.0417339964669], [-5.44201393521965, 58.0502274783106], [-5.42370274813414, 58.0474323890426]]], [[[-7.1074987682351, 58.0287310193551], [-7.1036373548579, 58.0045460714958], [-7.13290368881403, 58.0116500552547], [-7.15342756023582, 58.0088433641889], [-7.16987536046637, 58.0267727992252], [-7.13277742100919, 58.037984733167], [-7.1074987682351, 58.0287310193551]]], [[[-6.43128584838595, 58.1039183075795], [-6.44138718745706, 58.101191800502], [-6.44540349510319, 58.1020256355391], [-6.43419261085926, 58.1089975938755], [-6.43128584838595, 58.1039183075795]]], [[[-7.12743944194129, 58.0857041843183], [-7.11888225379331, 58.0732559208542], [-7.13592306318623, 58.0751954710718], [-7.12743944194129, 58.0857041843183]]], [[[-6.92289644316992, 58.1950312868765], [-6.92169144453096, 58.1894656382036], [-6.93379596377257, 58.1927216469122], [-6.93043968125874, 58.193472311038], [-6.92289644316992, 58.1950312868765]]], [[[-5.2619736849701, 58.2673140733242], [-5.25796588505674, 58.2599923908748], [-5.24112373136555, 58.2604390685476], [-5.24181635983145, 58.2524403961668], [-5.27996777940633, 58.2577788572627], [-5.2619736849701, 58.2673140733242]]], [[[-6.87713758307865, 58.2084816389204], [-6.88728447343525, 58.2040959649691], [-6.89451047757897, 58.2188014096929], [-6.87713758307865, 58.2084816389204]]], [[[-6.93620702319794, 58.2409109156735], [-6.93569317793181, 58.228119611008], [-6.95116671643491, 58.238896672478], [-6.94227921080766, 58.2399388323585], [-6.93620702319794, 58.2409109156735]]], [[[-6.84954983283233, 58.2568170679012], [-6.83688932716293, 58.2321260951607], [-6.83393697571118, 58.2392539594416], [-6.81858978821132, 58.2286265370796], [-6.81753431227328, 58.2356863296432], [-6.79821384026849, 58.2194670602717], [-6.78534062707353, 58.2188726485394], [-6.78357699168936, 58.2010390221826], [-6.80433121773085, 58.20731039359], [-6.8672382751472, 58.2074625717305], [-6.87555295486708, 58.2201715273412], [-6.85893692740987, 58.2153683768787], [-6.85373106560692, 58.2259101946123], [-6.87176800137974, 58.2425211808835], [-6.8618610844963, 58.2235230448382], [-6.87695189518999, 58.2298772807991], [-6.88928593409344, 58.2601639840981], [-6.84954983283233, 58.2568170679012]]], [[[-6.85905705924717, 58.2605369124141], [-6.87938027752734, 58.2604013628395], [-6.88318719532439, 58.2699650373459], [-6.85905705924717, 58.2605369124141]]], [[[-5.16670925527583, 58.382533015413], [-5.17181979444465, 58.374088418374], [-5.20673924696626, 58.3797929492065], [-5.17974065948931, 58.3894717953146], [-5.16670925527583, 58.382533015413]]], [[[-4.70369139849189, 58.4874019452872], [-4.71364060260482, 58.4756854218776], [-4.71097792084748, 58.4848712847764], [-4.70369139849189, 58.4874019452872]]], [[[-4.2956475637606, 58.5500359511664], [-4.29588868070559, 58.544417152601], [-4.30392112432732, 58.5486478729889], [-4.3007754823645, 58.5495284365432], [-4.2956475637606, 58.5500359511664]]], [[[-4.33323158890313, 58.5616396635606], [-4.33659215477586, 58.5502764012069], [-4.35034534675439, 58.5509654294898], [-4.34620515543123, 58.5607011684561], [-4.33323158890313, 58.5616396635606]]], [[[-4.35132390130118, 58.5626524499552], [-4.35026028842892, 58.558556338594], [-4.35527944811095, 58.5616678066968], [-4.35132390130118, 58.5626524499552]]], [[[-6.21854768408107, 58.3681812626285], [-6.16226362194908, 58.3425429021865], [-6.19845269917506, 58.3383055730806], [-6.24674676943838, 58.3069077835252], [-6.24235410715673, 58.2956684566549], [-6.27660635919874, 58.2940261414559], [-6.28380682926402, 58.2876233195892], [-6.28099849971361, 58.2698651083164], [-6.31924999202638, 58.2697011891133], [-6.32819518055702, 58.2595210260003], [-6.31908823703124, 58.2445490690263], [-6.34879561412225, 58.2294568838033], [-6.34604769112544, 58.2352624528771], [-6.36393923960964, 58.2388664069022], [-6.36150184334966, 58.2268856766672], [-6.38069089906823, 58.2224208032645], [-6.35761662742445, 58.2174552102872], [-6.33464646486988, 58.2221512965405], [-6.34319021250197, 58.2290925154815], [-6.28486403901822, 58.2066607527175], [-6.2245552890677, 58.2272955055866], [-6.20330484371599, 58.2474285128578], [-6.17228404936352, 58.2514091366967], [-6.15743007528164, 58.2637408140726], [-6.13566987523695, 58.2589840770749], [-6.16518438900968, 58.2285818186447], [-6.1536518128009, 58.2209285343653], [-6.17891458605385, 58.2038507063698], [-6.20808932032538, 58.1989698704678], [-6.20738655722599, 58.1890154204496], [-6.25093521889293, 58.1795980414101], [-6.29062349574225, 58.2060410307426], [-6.31679462947575, 58.2030529162186], [-6.31844540746391, 58.1982800640684], [-6.347672609144, 58.1901170331409], [-6.35963327767325, 58.2034419432297], [-6.37744628824421, 58.2022091513773], [-6.39205962575303, 58.2071485271287], [-6.38757440598932, 58.2146469438515], [-6.39694119242464, 58.2075988342655], [-6.39628835155552, 58.1990118233557], [-6.38450669668174, 58.1888677357417], [-6.37155622531349, 58.1909075173499], [-6.38771597431428, 58.1793033668839], [-6.36749281388991, 58.1527711954579], [-6.40884619599713, 58.1417499718942], [-6.42402799570385, 58.1477749849721], [-6.41724602659073, 58.1422260448927], [-6.42348750397567, 58.1375687269462], [-6.37061167145695, 58.1427133247837], [-6.3704461566561, 58.1314889928461], [-6.40106651938232, 58.1349105051455], [-6.42218206569935, 58.1287722762311], [-6.49293633425107, 58.1429875898967], [-6.46700166410816, 58.1345656742387], [-6.46828290649935, 58.1264414888068], [-6.45932240521469, 58.130210844662], [-6.44438087057416, 58.123649808975], [-6.44851516829159, 58.1308404605733], [-6.42943987890584, 58.1251883453695], [-6.46269305819655, 58.1046679189973], [-6.51020005730005, 58.1030401707816], [-6.53082447669663, 58.0967906416199], [-6.54117283913299, 58.0995807314701], [-6.53261624242658, 58.0965829429748], [-6.63470962458479, 58.0847030015938], [-6.62420735770741, 58.0781631732117], [-6.6090878914074, 58.0852791213364], [-6.60581178167923, 58.0788270050302], [-6.60298427484492, 58.0859933109258], [-6.57799848354309, 58.0881577854883], [-6.56540526163424, 58.0817960040314], [-6.56307350662188, 58.0876644378926], [-6.52623487728632, 58.0854379396795], [-6.50912486679933, 58.093948553748], [-6.4833986865311, 58.0941548774465], [-6.47270516864138, 58.0891966006613], [-6.47189550524541, 58.096265360038], [-6.43954001669637, 58.0946039319016], [-6.43198245835028, 58.0897187796616], [-6.41799273519462, 58.0991936565186], [-6.40269786594645, 58.0980983805624], [-6.41654520658952, 58.1001736616107], [-6.43543041355036, 58.1004400512], [-6.39978483142922, 58.1110535505967], [-6.39381985054199, 58.1000250152094], [-6.40315434680906, 58.0989940182876], [-6.38344516692675, 58.0929714093495], [-6.40066163314079, 58.091804818551], [-6.39702868907864, 58.0844480045855], [-6.37878140314112, 58.092402826188], [-6.38121455396189, 58.0790739320786], [-6.36884611308076, 58.0764310898399], [-6.38124533604414, 58.0678826284511], [-6.3674653599851, 58.0647186663041], [-6.37381781101626, 58.0486418969844], [-6.43997295235848, 58.0488221638947], [-6.35831308358649, 58.0393848259921], [-6.38850039419823, 57.9999421894872], [-6.43839719042323, 58.0170607080042], [-6.44959015402185, 58.0058810526607], [-6.45970816214907, 58.0197944125978], [-6.46367953594247, 58.0159649693911], [-6.46740814787762, 58.0183188816353], [-6.47046510270768, 58.0094198164849], [-6.49995605289122, 58.0166303230637], [-6.49108596973082, 58.0091800645284], [-6.51100463393103, 58.0075318884602], [-6.52819851516885, 58.0163322268594], [-6.52583379832007, 58.005547108515], [-6.58009430099332, 58.0034213130764], [-6.47481008277251, 58.0012215769464], [-6.45112605553902, 57.9886874546283], [-6.44890499345722, 57.9656419048428], [-6.4683404639945, 57.9613281661043], [-6.47182150862538, 57.9375068150124], [-6.50185444506749, 57.9403789363919], [-6.51931797423438, 57.9269681315431], [-6.54911173390521, 57.9580893763064], [-6.54117039070406, 57.9165902222833], [-6.56607523334003, 57.9197522157235], [-6.56417070993635, 57.9145880069637], [-6.57300748305023, 57.9246111614081], [-6.57711751459469, 57.9105079413916], [-6.60906213440808, 57.9498678582338], [-6.64618961601705, 57.9640873199386], [-6.60633954631064, 57.9172565761444], [-6.62385396166781, 57.9168428304769], [-6.63383351097237, 57.9280192178331], [-6.63220659314238, 57.9218232951025], [-6.64453663918462, 57.924614848733], [-6.65100065245311, 57.9176811508124], [-6.70213593729633, 57.9604435105297], [-6.7124426234693, 58.0112538492182], [-6.66425825351564, 58.0425201985332], [-6.66501438561548, 58.0531153654998], [-6.63292758989592, 58.0547347121944], [-6.62179151941485, 58.0469162389647], [-6.58640848150681, 58.0532123141032], [-6.69513090591682, 58.0581552014493], [-6.67137647222102, 58.053812763168], [-6.67208670329979, 58.044489500019], [-6.7240517719492, 58.01334504123], [-6.7606336836746, 58.0034039943421], [-6.7568348901348, 57.9926335050897], [-6.738378560822, 57.9902083774165], [-6.7213212074056, 57.9614475228533], [-6.72379006978715, 57.953414646746], [-6.74520408580167, 57.9528382554318], [-6.70634318591926, 57.9530457571918], [-6.67379707519722, 57.9172126366505], [-6.71355077701367, 57.9153571373036], [-6.67014152682699, 57.8999318077085], [-6.66551049154819, 57.8822922568003], [-6.74234013799226, 57.8857985394898], [-6.77396750950696, 57.8999068270334], [-6.80291389129371, 57.8976024834086], [-6.78984928303831, 57.8808824873912], [-6.80145792737963, 57.8855512668753], [-6.81289981034803, 57.8820134314279], [-6.80390398363139, 57.8671684880605], [-6.77407207812675, 57.8674976553283], [-6.75655714849149, 57.8423955036782], [-6.75045820892035, 57.8421644567792], [-6.73659564804828, 57.8268511802697], [-6.75082341399593, 57.8221355832241], [-6.75522337912723, 57.8299664956626], [-6.76093052518159, 57.822277841202], [-6.76534128085962, 57.8337953159773], [-6.77298692244171, 57.8257958500616], [-6.79781681341653, 57.8344214605285], [-6.7916023210006, 57.8048116625617], [-6.80688628252042, 57.8155852985438], [-6.8125761671987, 57.809648459696], [-6.82333004835339, 57.8127886942707], [-6.84480970325689, 57.8344960276046], [-6.84727945086051, 57.8271009269216], [-6.86270288762046, 57.8336610071013], [-6.83363464013114, 57.8147526089262], [-6.84626335775195, 57.8027681315818], [-6.85267236180462, 57.8135731685974], [-6.85767822209902, 57.8073118363834], [-6.86312405446246, 57.8128930193225], [-6.85654872465728, 57.7984608548144], [-6.87130926890319, 57.7976166173026], [-6.86208998502954, 57.7948045366785], [-6.88362833697171, 57.8005466972545], [-6.87294619904072, 57.7738954680894], [-6.92251812789641, 57.7824685069503], [-6.9143483416133, 57.7761058767211], [-6.92089989507105, 57.7750172386565], [-6.89928046980172, 57.7642914907172], [-6.92884393322188, 57.7578106538034], [-6.93113835845501, 57.7638480719021], [-6.94381430663329, 57.7402205958764], [-6.97877284304296, 57.743639388151], [-6.96524279169461, 57.7298742600629], [-6.97472832024017, 57.7290692637194], [-7.02314371769373, 57.7639742173309], [-7.02435654517631, 57.7672882310161], [-7.01401706675732, 57.7698606691433], [-7.03140488232123, 57.7756486853865], [-7.03128503725869, 57.7686667617771], [-7.05445084984521, 57.7781060159574], [-7.08376747554337, 57.8069554958689], [-7.12034201849281, 57.8167529786053], [-7.13354340590429, 57.837389336516], [-7.10204814145617, 57.8400218381046], [-7.08224285485913, 57.8303194813461], [-7.08124297058865, 57.8132795095513], [-7.07092533160879, 57.8111212701283], [-7.0754461423525, 57.822102884808], [-6.9979825593717, 57.8456247208712], [-6.9928555223445, 57.8684975595273], [-6.98370843974641, 57.8632401947973], [-6.95773660333847, 57.8675380993691], [-6.95193472900726, 57.8774142317013], [-6.95131467243809, 57.8646119424982], [-6.93923717032654, 57.8720023258762], [-6.92043104300497, 57.8652679271541], [-6.90553200209237, 57.8687706715093], [-6.96025437293761, 57.8869740472147], [-6.94902920107264, 57.9046837101231], [-6.94099861128734, 57.9028200146061], [-6.91843039998208, 57.9108412324691], [-6.87500123952249, 57.9004552111904], [-6.8512321678414, 57.8995687556186], [-6.8454590791539, 57.9052411957357], [-6.81392377638801, 57.9009286613176], [-6.86574790015524, 57.9242182893598], [-6.83958991255405, 57.9282342995061], [-6.84958881055137, 57.9346261158601], [-6.85913262536864, 57.9294306128156], [-6.91148559523836, 57.9359917392448], [-6.90164094174543, 57.9508839723876], [-6.92187990434715, 57.9403006517508], [-6.94387469792049, 57.9506904064316], [-6.969822828633, 57.9500088717181], [-6.99983703141287, 57.9655583815524], [-7.00802964009847, 57.9638631124999], [-6.99549938163381, 57.9546673419788], [-7.02274110504036, 57.9522690744518], [-7.05628627591879, 57.9617637860032], [-7.05802406858053, 57.9703935416481], [-7.07999397472194, 57.9671323285679], [-7.0902237501792, 57.9949062935237], [-7.1140862450519, 57.988649635641], [-7.0924586468297, 57.9994772516862], [-7.08239002325928, 58.0205117991828], [-7.05606103869073, 58.0087918119781], [-7.03128864902861, 58.0294459776177], [-7.01959041792678, 58.0330752155929], [-6.90629742741413, 58.0491481209855], [-6.98146323451096, 58.0479628236451], [-7.03881354764494, 58.0337474760426], [-7.06174012111405, 58.0415546283705], [-7.0515478245012, 58.0482632317727], [-7.02087877764471, 58.0539814891683], [-7.05903713539926, 58.0554180150086], [-7.02049681084514, 58.0710910039227], [-7.03097413266904, 58.0811171059157], [-7.06955011384843, 58.0666819905959], [-7.06713798591696, 58.0600954889321], [-7.10264431352753, 58.0731411967583], [-7.1098198178843, 58.1098626976742], [-7.13544277820667, 58.122862068875], [-7.12949501024302, 58.1378807342706], [-7.11742526162375, 58.1372377354185], [-7.10863588540872, 58.1439163023826], [-7.11585260045105, 58.1508512845894], [-7.10131840916792, 58.151623857481], [-7.08930905188841, 58.1640938386797], [-7.10451313113256, 58.1833601901493], [-7.08409636711204, 58.1892821456966], [-7.07713558522751, 58.1833348810413], [-7.0568858242604, 58.1801281852474], [-7.05209188504141, 58.1840016738359], [-7.04287389093411, 58.1709889278987], [-7.03738580577858, 58.1837505484469], [-7.00708039098112, 58.1842020760741], [-7.01813678882727, 58.1840381820802], [-7.03138842553689, 58.2007139572951], [-7.04228341190593, 58.1881226883624], [-7.06478020520429, 58.1964194196479], [-7.0488230146698, 58.2324693212177], [-7.02413532104598, 58.2442774600697], [-7.02671690047475, 58.2323015233934], [-6.9945895860535, 58.2331312405756], [-6.9701256927157, 58.2193322059847], [-6.95854011168876, 58.2346109052034], [-6.94110442976337, 58.218102743431], [-6.90855603563378, 58.2131289966904], [-6.91118647146298, 58.2033878456007], [-6.94395633639073, 58.2042800769115], [-6.94525696305519, 58.1987175236191], [-6.9627965938769, 58.2034132944102], [-6.93330062856211, 58.1861859626198], [-6.8932581201657, 58.1871025257604], [-6.88937405626623, 58.150211798412], [-6.8588330242237, 58.1109351235903], [-6.8834717575909, 58.1695025853353], [-6.86913732691114, 58.1726802194478], [-6.87571820137425, 58.1866081734553], [-6.85913052354098, 58.1811813288757], [-6.86076678978165, 58.1877437086028], [-6.85525054675101, 58.196117610568], [-6.84188419431302, 58.1967757725831], [-6.82842702932338, 58.2043871636541], [-6.79024776494201, 58.1963206572766], [-6.78209317460413, 58.1878369181557], [-6.77152284431578, 58.1906840655401], [-6.75893255743203, 58.1868861590089], [-6.74971634476998, 58.1921452106261], [-6.73413997797556, 58.1663252721031], [-6.73267242965533, 58.1754695630315], [-6.71547468524787, 58.1693659056017], [-6.72496549621116, 58.1821324601205], [-6.70682723886635, 58.1840943652942], [-6.73506714601398, 58.1979231490807], [-6.73759017236804, 58.1911162773438], [-6.73967723811266, 58.1958797974854], [-6.75710030830821, 58.1977196802805], [-6.75720151294311, 58.208521488731], [-6.73669211158043, 58.2048605616584], [-6.739886565746, 58.2133180450628], [-6.75762808284814, 58.2161918750858], [-6.77580664162778, 58.2383134907867], [-6.78899021301311, 58.2360661870141], [-6.80062470104414, 58.2456620979507], [-6.79166506569012, 58.2496433574217], [-6.80139233245501, 58.2485637336783], [-6.80913261623087, 58.2533113315772], [-6.81741757094154, 58.2720705982191], [-6.77211668517682, 58.2820639209851], [-6.82519154868227, 58.2809623768416], [-6.79535967676722, 58.2966871259458], [-6.80433097888388, 58.3043467016086], [-6.75458084848946, 58.3061610154551], [-6.71039311229172, 58.3340744068428], [-6.68913914106533, 58.331074497771], [-6.65253678543814, 58.353454670235], [-6.64303829361234, 58.3399567804998], [-6.64565102215625, 58.3445225449993], [-6.61755818889426, 58.3467891797597], [-6.58239814317397, 58.3634420654279], [-6.5471353334603, 58.3650743910655], [-6.51922450959391, 58.397094713336], [-6.49707312870408, 58.3982409183517], [-6.43586209139437, 58.4345450295329], [-6.35465992768251, 58.4590215102428], [-6.333161623448, 58.478598538575], [-6.30017955083835, 58.4804137759025], [-6.27112204620365, 58.499341797937], [-6.27782921322694, 58.5044488114876], [-6.27335753315322, 58.5079090897839], [-6.2822318695341, 58.5095120232496], [-6.26178375595845, 58.5158204088295], [-6.22236870595474, 58.5006976275956], [-6.22678617757914, 58.4893726465069], [-6.18099587173404, 58.4668758125668], [-6.19638321541328, 58.4467650992794], [-6.16715735364756, 58.429978869564], [-6.16820848820969, 58.4172839194506], [-6.19004901593496, 58.4082706582227], [-6.21854768408107, 58.3681812626285]]], [[[-3.34453157867585, 58.6467035057485], [-3.31000955976677, 58.6429548748406], [-3.27753858919686, 58.6533270013859], [-3.22664929426067, 58.6497406382386], [-3.18992259410243, 58.66012106942], [-3.15764064389928, 58.6372634658989], [-3.09997212495367, 58.6466710012178], [-3.02520477133714, 58.643774493028], [-3.04278277872262, 58.598070314516], [-3.07227169816846, 58.5920742401598], [-3.0600166847332, 58.5813159677895], [-3.06781587025732, 58.5641560412596], [-3.1257593816625, 58.5274084772844], [-3.1293604368183, 58.5201142509631], [-3.1340328617902, 58.500905788473], [-3.11203198482774, 58.4759319537675], [-3.04914765997159, 58.4757216261386], [-3.06057348899234, 58.4417967634124], [-3.12283256583252, 58.4487802201209], [-3.08180014210095, 58.4409352821919], [-3.07043888619268, 58.4321938532052], [-3.08678469113366, 58.4182749291789], [-3.10791885264863, 58.3711802600421], [-3.22074456437665, 58.3054039657938], [-3.29105247113956, 58.2978077313422], [-3.2973590812325, 58.2892854484954], [-3.38159568391212, 58.2704507791276], [-3.42811723465959, 58.2466016464476], [-3.50843875352569, 58.1717922474152], [-3.61263250001396, 58.1315927536149], [-3.63794302472045, 58.1164016830957], [-3.65874562829616, 58.1200932718341], [-3.6511654730692, 58.1141891754269], [-3.74536155155804, 58.0681990867669], [-3.80426880505078, 58.0570554863941], [-3.83330387385602, 58.0388940908282], [-3.8475899636688, 58.0065801474295], [-3.87163755664835, 57.9963990917171], [-3.98327376739434, 57.9695621795226], [-4.00380664021797, 57.9347068227966], [-4.02990668272153, 57.9344360935761], [-4.00866463752166, 57.9536270588513], [-4.04684119889714, 57.9440964621539], [-4.05451524261457, 57.9546423637985], [-4.08190149421326, 57.9513243355557], [-4.06898510261627, 57.9367964648952], [-4.03327379340275, 57.9269253883331], [-4.00466225178263, 57.9285157801635], [-4.00947061875095, 57.9323892757728], [-4.00136881815531, 57.9263890563031], [-3.99220809137789, 57.9030799986161], [-4.01309938417118, 57.8907473158486], [-4.01147586652277, 57.8610607256568], [-4.03675813585026, 57.8675423450601], [-4.07285043637625, 57.8671723729858], [-4.11168838571512, 57.8484988327595], [-4.12108716167486, 57.8557039316984], [-4.14690826990943, 57.8553054022859], [-4.13445031404828, 57.8591904163779], [-4.13527759324397, 57.8701638194371], [-4.16362965829364, 57.8593761757184], [-4.17506420986935, 57.8682687022671], [-4.2324944146292, 57.8751328435226], [-4.27163048783962, 57.8697434693278], [-4.27121035429049, 57.8630801410368], [-4.2890974082039, 57.861943119872], [-4.3443052833131, 57.8875300335482], [-4.32100287713221, 57.8739614387148], [-4.33703053321844, 57.8799927158108], [-4.31600560823925, 57.8657756160933], [-4.31064369414296, 57.8679247453803], [-4.30016546956294, 57.8618157284044], [-4.29695077574872, 57.8518996084432], [-4.19380951441156, 57.8626674836365], [-4.16384487174083, 57.8336761190995], [-4.11934748418266, 57.829206832139], [-4.13829981543258, 57.843658201498], [-4.11278094986181, 57.834157322702], [-4.11077834735879, 57.8392915522492], [-4.10893964636768, 57.8348663716702], [-4.09561309639817, 57.835847880741], [-4.03734545128799, 57.8121105692592], [-4.04651681258532, 57.8158507198483], [-3.9608534119651, 57.8459489246496], [-3.90704132423242, 57.8312728930421], [-3.89356066281111, 57.8251401628712], [-3.90965740997889, 57.8301231900622], [-3.94739239048302, 57.8135255518835], [-3.95912858774149, 57.816835075862], [-3.95221294401376, 57.8122672414161], [-3.90914912031769, 57.8226648097528], [-3.85923561193694, 57.8245162939112], [-3.82838281105168, 57.8353666837698], [-3.81295497394269, 57.8602193937609], [-3.77209070647272, 57.8668059447762], [-3.79331742098356, 57.8364521739286], [-3.91632253242995, 57.7525629125252], [-3.9752775469785, 57.6943691929585], [-4.03587924422631, 57.6952678083626], [-4.0078052155446, 57.7295806889053], [-4.0094630483067, 57.7423285181509], [-4.04996209027943, 57.7294115504779], [-4.07308437042919, 57.732286533468], [-4.16717360182617, 57.6854328176731], [-4.20742551580076, 57.6926508853759], [-4.2393505365118, 57.6879924510868], [-4.23941594838656, 57.6799904168229], [-4.28893788094511, 57.6812193938841], [-4.30106603454075, 57.6676262906306], [-4.28418718772097, 57.6647402732397], [-4.29899359140608, 57.6650843057117], [-4.30498362549066, 57.6564606639159], [-4.33785535125267, 57.6500701869909], [-4.38249969404879, 57.6193663982397], [-4.41557612057268, 57.605832019948], [-4.40788649069707, 57.5930897688842], [-4.39663422406453, 57.5973944026052], [-4.39968907524236, 57.5926420266262], [-4.34164577998426, 57.6225271207883], [-4.23285737944662, 57.6676016983771], [-4.16568933813379, 57.6758686930998], [-4.16530305894586, 57.6569356722038], [-4.08569245179194, 57.6647864881811], [-4.03634204495015, 57.6838230381711], [-3.99464572384273, 57.6765124320613], [-4.10203481522265, 57.6074590456297], [-4.11294373095724, 57.5900952067281], [-4.09133065104655, 57.5741315071595], [-4.13294079650673, 57.5783183995787], [-4.17444652674376, 57.5662064942284], [-4.18793160674717, 57.5460861416365], [-4.23440770128392, 57.5007763651742], [-4.38297075413158, 57.5116029766982], [-4.35630985732509, 57.5030074869786], [-4.37146298255353, 57.5030345533675], [-4.37333066046741, 57.4974784602659], [-4.38789047078794, 57.5041575745378], [-4.39614561542305, 57.4994134695649], [-4.35931241856957, 57.4946595691135], [-4.37246813285371, 57.4928202099532], [-4.32927879624434, 57.4942826988734], [-4.37578571425594, 57.488054815247], [-4.34957385095915, 57.4898220923022], [-4.3779828157438, 57.4862986663758], [-4.38714202176915, 57.4778232250589], [-4.34918515611262, 57.4868390869293], [-4.28866250097085, 57.4811541658292], [-4.23739391910629, 57.4954252889991], [-4.22806850509404, 57.46920507645], [-4.23433905587245, 57.4956963422131], [-4.17831918910764, 57.4852743402355], [-4.14832037949375, 57.501687626314], [-4.14738308108805, 57.5184295738151], [-4.11277161369452, 57.5160605263633], [-4.10237632164032, 57.5350686796101], [-4.04071338044424, 57.5601493569028], [-4.04736432933917, 57.5767733248404], [-4.0762854694168, 57.582614851072], [-4.05827847829377, 57.5908557420132], [-4.0168865406212, 57.5926070635885], [-4.01253896365938, 57.6009743280083], [-3.96347257408223, 57.5866733889247], [-3.99082262821811, 57.5971574203545], [-3.93098229290736, 57.5858725753991], [-3.86062585060477, 57.5917873168657], [-3.73315991877145, 57.6447310265348], [-3.72173778921136, 57.6444782948757], [-3.75377599523945, 57.6294342269832], [-3.70260883158988, 57.6463769010369], [-3.68955158046506, 57.6578134885578], [-3.64402881690048, 57.6631650757925], [-3.61970045757214, 57.6552750445023], [-3.62409383739873, 57.6446387415941], [-3.64188464823572, 57.641568547125], [-3.65213550523778, 57.6379758989195], [-3.63925821472201, 57.6410366808967], [-3.63235404889346, 57.6396382177119], [-3.64085328112959, 57.6364613627119], [-3.63045320315211, 57.639277333709], [-3.63573595896611, 57.6323280493637], [-3.6212245393391, 57.6383577339884], [-3.58950015266283, 57.630788811066], [-3.58300298929073, 57.6460648400181], [-3.62428952483428, 57.6627736074326], [-3.52848615405246, 57.6644108602487], [-3.49665758834685, 57.6791041503129], [-3.49754099977401, 57.7041883993107], [-3.4601589902168, 57.7036734997152], [-3.34198706353448, 57.7248942856312], [-3.27871778646496, 57.7244435141774], [-3.28313610134126, 57.7177084495749], [-3.25583713457883, 57.7048114445998], [-3.28011990162015, 57.7185719956693], [-3.1740558991021, 57.6880015617236], [-3.1002683550922, 57.6757691698933], [-3.11359609383666, 57.6758641329159], [-3.10522573300045, 57.6682392631545], [-3.09715299223451, 57.6755765030441], [-3.02716239292077, 57.6635989893581], [-2.8802623269917, 57.7045615555609], [-2.84790850039562, 57.7061290889204], [-2.83262553139944, 57.6903539144856], [-2.79059680518624, 57.6996496531484], [-2.74018608379046, 57.6818851275773], [-2.71423441958305, 57.6926479500928], [-2.68371788547271, 57.6828013181319], [-2.66755102609576, 57.6905841131659], [-2.63822433287347, 57.6801895783354], [-2.58374325423492, 57.6775232784288], [-2.57446515521684, 57.6827062746611], [-2.55339350828929, 57.6706286326116], [-2.52092591933862, 57.6705842411899], [-2.51474294763042, 57.6609756942348], [-2.52824370569956, 57.651463959632], [-2.49719656682842, 57.6731151127514], [-2.39647936140826, 57.6682749189747], [-2.36192972866829, 57.6759975162508], [-2.34457394209349, 57.6699089342604], [-2.32494440543894, 57.677500262457], [-2.32547336945045, 57.6868819378806], [-2.29754869018373, 57.696203113282], [-2.26331579740701, 57.6792950408764], [-2.21168654320072, 57.6795545260282], [-2.19191510959577, 57.6713175770354], [-2.11805235969001, 57.7011040984988], [-2.04233818330357, 57.6916980664313], [-2.00422039128925, 57.6988700304749], [-1.99644095821102, 57.6814996707203], [-1.95705962766719, 57.6754290520855], [-1.97084506260762, 57.6685775868581], [-1.94588081607609, 57.680982031959], [-1.92006852916893, 57.6749057119238], [-1.89069976654476, 57.6341564451011], [-1.88677425726799, 57.6385522267461], [-1.82637583921965, 57.6145019053966], [-1.82647870015435, 57.567769876653], [-1.80413647569207, 57.5563913052056], [-1.80471783349021, 57.529211585842], [-1.79728364757804, 57.5174988495415], [-1.81296131192112, 57.5228898492119], [-1.81147514876715, 57.5180930649951], [-1.77279828567948, 57.5083364199183], [-1.76793966531668, 57.5051560934416], [-1.77188406312566, 57.4972420656288], [-1.77513077661307, 57.507504921885], [-1.79067771155972, 57.5022025499985], [-1.79393661968672, 57.4967087338273], [-1.78375259119173, 57.4917616702966], [-1.77548935201279, 57.4964669267906], [-1.79608138141922, 57.4847105508824], [-1.77617476683701, 57.4727467737482], [-1.77927052958044, 57.4652943287897], [-1.80101137511176, 57.453739098721], [-1.83185589255886, 57.4153639067517], [-1.84898928611812, 57.4162788684281], [-1.86057751977998, 57.4070704978862], [-1.85864207061076, 57.3897549718264], [-1.91017854435305, 57.365862195455], [-1.98711640122615, 57.3102603211311], [-2.06138209227315, 57.211932338216], [-2.07756382102998, 57.1760784661059], [-2.10787495031302, 57.1767370455993], [-2.07805094272501, 57.1747959133051], [-2.07619731467748, 57.1491577022299], [-2.06105829763901, 57.1456793717427], [-2.09502414025003, 57.1453929148888], [-2.07822848256566, 57.1412938819016], [-2.05561540476942, 57.1448891836631], [-2.04688101819125, 57.1401582951377], [-2.08524390720785, 57.0858533316177], [-2.09217406923277, 57.0679833615339], [-2.161387095025, 57.0179691315805], [-2.1774051191344, 56.9795658839833], [-2.20916762605979, 56.9676416547731], [-2.19124125314911, 56.9509632124816], [-2.2005835581024, 56.9481823578462], [-2.19654272430236, 56.9088927957483], [-2.21582992663465, 56.8947104291192], [-2.23034519771421, 56.8664371347754], [-2.27470304982484, 56.8455324879313], [-2.27729942128268, 56.8296586269855], [-2.28791777271062, 56.8274526495133], [-2.32588926786937, 56.7961504840373], [-2.37091480222435, 56.7822289568736], [-2.37584519416386, 56.7736222411428], [-2.39940830290785, 56.7742671775395], [-2.42410240798935, 56.7549430879808], [-2.45461425936679, 56.7034746092354], [-2.44162285126146, 56.7017458989778], [-2.43999584334085, 56.6931974919346], [-2.44528868452403, 56.683165717398], [-2.48357539003287, 56.6716501749334], [-2.5113063847027, 56.6516061166183], [-2.50233515080953, 56.6304229764019], [-2.48427100499335, 56.6288533179352], [-2.48021057107759, 56.6213881095741], [-2.5223237560853, 56.5807689184153], [-2.53752164749043, 56.5759818853005], [-2.53750488143703, 56.5668884329927], [-2.60619290437618, 56.5503479946397], [-2.63674047101475, 56.5268086908252], [-2.71603751949074, 56.4953618078911], [-2.7331891246829, 56.4660557330585], [-2.79496137124577, 56.4804914934928], [-2.83865636984908, 56.4740704400121], [-2.87017009031172, 56.4624392501361], [-2.89002945949056, 56.4683886154066], [-2.91525832394406, 56.4675139943052], [-2.95281496925124, 56.4643197483245], [-3.00323453299995, 56.451232559617], [-3.03929873036545, 56.4510049888027], [-3.05193016849772, 56.458381792182], [-3.12656289913971, 56.4310869429876], [-3.22881764118763, 56.3682375909265], [-3.26047882030891, 56.3661340126435], [-3.30122387215314, 56.3535424202727], [-3.27711033313142, 56.3504112909516], [-3.2263158602121, 56.3550699212698], [-3.03964720146185, 56.4156684938324], [-2.98998695897494, 56.4207198205276], [-2.92185870257247, 56.4514235037362], [-2.87979268451765, 56.4500143402034], [-2.86550641313352, 56.4401314143032], [-2.8082541356948, 56.4415363731298], [-2.81091939972867, 56.3912556943764], [-2.83904347453399, 56.3713076459551], [-2.86389891790364, 56.3639814711071], [-2.83886021588742, 56.3529311416885], [-2.81977291761632, 56.3678551499606], [-2.80616780864809, 56.3444996536469], [-2.78394989709946, 56.3386829005529], [-2.79024478535566, 56.3350013632435], [-2.78283136036444, 56.3380656977254], [-2.77745674010811, 56.3327025527105], [-2.6603826504215, 56.3183236352092], [-2.63039377432371, 56.2928737666771], [-2.58545018730804, 56.2791240155097], [-2.59052859188975, 56.2745724165483], [-2.69244114885364, 56.2211886514056], [-2.70411878776908, 56.2226601221195], [-2.70660148719836, 56.2179268436137], [-2.78160447344843, 56.2008856339487], [-2.81225878035772, 56.1837049887287], [-2.81893736194559, 56.1896610843791], [-2.8337165770533, 56.1849665626554], [-2.8691708472595, 56.1870426881831], [-2.86603024479995, 56.192985011008], [-2.87638040386705, 56.1928634041119], [-2.87257866177182, 56.197858075265], [-2.88995174759994, 56.2059093286481], [-2.94334837424616, 56.2134935120183], [-2.99630819221853, 56.1923905583688], [-3.01436833262526, 56.1941880355924], [-2.99665413610771, 56.1905081529129], [-3.00740520382912, 56.1803715570205], [-3.00489650629094, 56.1855833896756], [-3.04620041217517, 56.1676007850295], [-3.10731636809427, 56.1312422817938], [-3.15101599569897, 56.1166997476204], [-3.17437966707594, 56.0626004735492], [-3.21675312590497, 56.0638510508034], [-3.23165902622521, 56.056019013063], [-3.26618298494305, 56.0594043806389], [-3.284270577674, 56.0561712017701], [-3.28736793861808, 56.0512111910704], [-3.294961881755, 56.052957746896], [-3.32189285095515, 56.0338365134065], [-3.33450180543121, 56.0395707629906], [-3.34993149074316, 56.030356466559], [-3.39541942611881, 56.0291560009242], [-3.40277323586458, 56.024143957849], [-3.38805717933461, 56.0225015153868], [-3.39141834303504, 56.0060939005704], [-3.43845990869735, 56.0237807408199], [-3.44886403144157, 56.0216084770826], [-3.44280260966647, 56.0179090738798], [-3.45593939152971, 56.0203704583332], [-3.463299192044, 56.0302342206738], [-3.52168198036313, 56.0417326004675], [-3.54991296826992, 56.0417901794207], [-3.57552389259851, 56.0588647014027], [-3.59043279222137, 56.0594615189369], [-3.59384834128251, 56.0458246193052], [-3.60808057807905, 56.0461701128479], [-3.61751014284134, 56.0559627020041], [-3.68634544326421, 56.0480517417911], [-3.77595416633101, 56.0930168193393], [-3.76632442173945, 56.0990218182002], [-3.77580077397914, 56.0937899855553], [-3.79724124104907, 56.1089553275971], [-3.76909377857919, 56.076641193505], [-3.73345223764089, 56.0638737797429], [-3.72844720680675, 56.0323303330582], [-3.71904732797509, 56.0277880477284], [-3.75429421332954, 56.0202747835348], [-3.68205695703265, 56.0356594563595], [-3.69338672808421, 56.0239610458884], [-3.68044411540445, 56.0302764223808], [-3.67146677421156, 56.0157234572183], [-3.69346048230376, 55.9994740627096], [-3.67503746430304, 56.0117121568719], [-3.5975399642296, 56.0209687709202], [-3.51632924780749, 56.001773296672], [-3.38969098550324, 55.9897893632649], [-3.35196601308298, 56.0015800079199], [-3.30377967013195, 55.9752629255514], [-3.29800156257885, 55.9824388694144], [-3.26278994185036, 55.979156511415], [-3.22257499089871, 55.987680007853], [-3.22191705444697, 55.9807871739094], [-3.22071862188569, 55.9878686788745], [-3.2182458170709, 55.9805503692374], [-3.19934358691913, 55.980326105004], [-3.18233673381855, 55.9913950562086], [-3.11626445827954, 55.9568457313572], [-3.07768037356368, 55.9467927373359], [-3.04956880600201, 55.9490895881592], [-3.05269723716673, 55.9429242165007], [-3.04294904457872, 55.9536877463474], [-3.01009143788598, 55.9528502118125], [-2.96402075737087, 55.9709228611537], [-2.91528999782723, 55.9752371213667], [-2.88605252474847, 55.9951330893057], [-2.89075547103193, 56.0102259175015], [-2.84229353834677, 56.0150427640287], [-2.86410575135556, 56.02312472027], [-2.86593140181983, 56.0375927779124], [-2.8383571363849, 56.0412325637471], [-2.81588082230723, 56.0623591430843], [-2.78648045473531, 56.0656758478985], [-2.75712434850254, 56.0588963489507], [-2.66064358322801, 56.059317244872], [-2.62043223286777, 56.0479754538371], [-2.61391948244865, 56.033037778802], [-2.5818054868491, 56.0232318476935], [-2.59077994725933, 56.0166052733912], [-2.58293840561087, 56.0070774466908], [-2.59162232142856, 56.0147404997986], [-2.59558719178407, 56.0046243737865], [-2.60523799046334, 56.0073241052015], [-2.61236002988016, 56.0067246861285], [-2.62390126312279, 55.9968490364193], [-2.60741053585712, 56.0061051687893], [-2.59879928789268, 55.9976877869038], [-2.58108817089124, 55.9980232078341], [-2.5750254185394, 56.0124334987928], [-2.55310837998966, 55.9964024017477], [-2.54229578713252, 56.0051709230418], [-2.51212242687696, 56.0064481665447], [-2.50785128213838, 55.9993050089239], [-2.44525552503395, 55.9879121671805], [-2.41947516774522, 55.9705696543303], [-2.39972229269964, 55.9667633816808], [-2.3934722674097, 55.9564777018033], [-2.33043714846333, 55.9302499871947], [-2.25915625713184, 55.9238002703256], [-2.22370024498545, 55.9330029925758], [-2.17515880906874, 55.9162215770315], [-2.13793525562245, 55.9170054228636], [-2.13453574299606, 55.8917181111073], [-2.10362176975716, 55.8756543575941], [-2.0909073945369, 55.8771070459778], [-2.08903315120814, 55.8700196722158], [-2.07675150043275, 55.8719900017348], [-2.06978037055692, 55.8426830985059], [-2.03449605548557, 55.811209070167], [-2.0861230942702, 55.7930452706114], [-2.0856391490368, 55.7620403321679], [-2.10764153175897, 55.7598881498085], [-2.11763747623683, 55.7387750002012], [-2.14429584165104, 55.7392700686025], [-2.15057590272351, 55.7231544074817], [-2.17668873824399, 55.7186894967436], [-2.16723105928948, 55.7060351648167], [-2.21865916071879, 55.6759071372636], [-2.21845272804607, 55.6642602674573], [-2.24834586160377, 55.6521497545295], [-2.23436858586757, 55.6410421010054], [-2.30578970416838, 55.6470437737042], [-2.33600510128162, 55.6324814820058], [-2.3243105601635, 55.6261659069396], [-2.30862602967662, 55.6288759763574], [-2.3160941125707, 55.6204584681156], [-2.2892322950467, 55.6037736959148], [-2.28881057092811, 55.5803072659017], [-2.2403065059112, 55.5556271683871], [-2.22884551551699, 55.5095187800221], [-2.2026492750732, 55.4895412876908], [-2.20133583318611, 55.4752675198284], [-2.1655212321177, 55.4683818980953], [-2.18807797549864, 55.4621152744524], [-2.19485820047688, 55.4445902843441], [-2.2312819124724, 55.4284292920017], [-2.26061128927204, 55.432933998025], [-2.31325356259942, 55.4067893342264], [-2.33562914471266, 55.4082080634579], [-2.34494682160794, 55.3993134310068], [-2.33002052064065, 55.3812415663335], [-2.34623321175053, 55.3730610533814], [-2.33752995734802, 55.3671909668018], [-2.37891180668306, 55.3491694371305], [-2.39924454089922, 55.3481854407045], [-2.41499664354287, 55.3589219030045], [-2.47539346393945, 55.3547399200112], [-2.52026965851612, 55.3230470911992], [-2.55900833851599, 55.317852822136], [-2.57336309653362, 55.2968843972754], [-2.60923810323899, 55.2832480256194], [-2.62665606673464, 55.2622209376361], [-2.64677118121333, 55.2600438629418], [-2.61145085823107, 55.247134429328], [-2.63022898081735, 55.2447914959374], [-2.63141420722149, 55.2236980849122], [-2.666814789349, 55.2215803899766], [-2.70347661666498, 55.1731731598941], [-2.7848482544576, 55.1417914399875], [-2.82550257520544, 55.1383140714092], [-2.82760794396969, 55.1248368687166], [-2.88629245338616, 55.0948098947344], [-2.89687924721878, 55.0779496469859], [-2.94042911604544, 55.0691281603501], [-2.93640742375778, 55.0595859273082], [-2.95859356798911, 55.0492945911909], [-3.05092854160806, 55.0528035971603], [-3.05341969195431, 55.0472840372094], [-3.02587564330566, 55.0364866601826], [-3.04945669761314, 55.0093950273282], [-3.04408382356934, 54.9985567742981], [-3.05218005608859, 54.9904762431801], [-3.05764572172325, 54.9918126940415], [-3.07479233378707, 54.981328711969], [-3.08274066046558, 54.9873155390085], [-3.07520907497597, 54.9806212931957], [-3.09124104140696, 54.9754002026208], [-3.10844472423417, 54.9786726153922], [-3.14956887128445, 54.9638381310687], [-3.20471066710709, 54.9783535676328], [-3.24101888007879, 54.9680343252281], [-3.24686180306124, 54.9731492655925], [-3.26833304185546, 54.9699971056332], [-3.26916315291224, 54.9655084630425], [-3.33707018966833, 54.9807593353844], [-3.32915911575817, 54.9787368402007], [-3.37033963734024, 54.9706703112776], [-3.40846769437626, 54.9744093004389], [-3.43157308871454, 54.9942042139788], [-3.47598965252136, 54.9668040489061], [-3.52267017597377, 54.9653858256826], [-3.56035886656585, 54.9800203796377], [-3.58081427784473, 55.0140100508341], [-3.59106937045464, 54.9983642378445], [-3.5761749552315, 54.9806571048579], [-3.60639210485709, 54.9744268438982], [-3.58398841651543, 54.9746604766494], [-3.5895153125852, 54.9247630383806], [-3.57247714168726, 54.923706755221], [-3.56297371601928, 54.9073236096472], [-3.59608905121496, 54.8829675829442], [-3.59522241179007, 54.8728580519199], [-3.69858829765705, 54.8804071534406], [-3.67546355594683, 54.8937587824698], [-3.72758256677914, 54.8801232776514], [-3.75990557827261, 54.8580100935851], [-3.78793724378928, 54.853118543955], [-3.81272504139102, 54.8723470742976], [-3.81993509225443, 54.8867326736751], [-3.82618099356794, 54.8614806660809], [-3.80711143923178, 54.8456012070573], [-3.8229506232951, 54.8469714661986], [-3.84289833701397, 54.867648911316], [-3.8610868496329, 54.8645675577292], [-3.83530822161696, 54.84597461911], [-3.85308981547698, 54.850859062013], [-3.86374296576011, 54.845917191193], [-3.82769229063548, 54.825471961792], [-3.83140598029447, 54.8212917305561], [-3.98483065303743, 54.7685227037291], [-4.00601587311204, 54.7745665608126], [-4.04473913951237, 54.7698730416958], [-4.05237187696132, 54.774121423191], [-4.06386500818889, 54.7837706830578], [-4.04562473168261, 54.8154521912742], [-4.05513784566342, 54.8255520202933], [-4.06780301152056, 54.8138164244172], [-4.07205768701931, 54.8176699095732], [-4.06392310998269, 54.8334559625524], [-4.09131591824576, 54.8143842065846], [-4.08989313343373, 54.7818854773585], [-4.10619215282948, 54.7784362456271], [-4.08998064252183, 54.773858624759], [-4.09434631672885, 54.7658193962562], [-4.10643343659065, 54.767881138705], [-4.11149365043937, 54.777491795248], [-4.12061118622718, 54.777698199186], [-4.12151525193722, 54.7878646741989], [-4.13880418724926, 54.7759134802434], [-4.15965961375089, 54.7803447109611], [-4.1798403722442, 54.7998680397428], [-4.18048505465618, 54.8085990545961], [-4.20921287624748, 54.8136037197783], [-4.21957928422725, 54.8253738531692], [-4.21250775244254, 54.8368965235302], [-4.22472888434695, 54.8396619887697], [-4.223266030148, 54.848977141823], [-4.2027752281143, 54.8678222880694], [-4.22685459238016, 54.8654432635918], [-4.25730295740461, 54.8374289324538], [-4.31278767997093, 54.8466313373312], [-4.36267544896051, 54.8632007502812], [-4.38334234024676, 54.8777150917013], [-4.39168811439959, 54.8982805078575], [-4.38172632152438, 54.9006175664152], [-4.39381787487628, 54.8990025974151], [-4.39908759202436, 54.9195870117184], [-4.40467675994924, 54.8988086059154], [-4.39626427722424, 54.8937802349665], [-4.42831558858179, 54.8840605991634], [-4.43196276043122, 54.8758131507085], [-4.42120442086315, 54.8718681520388], [-4.41407530228665, 54.8280401362942], [-4.35451715562723, 54.8133717132272], [-4.34125149579259, 54.7990539933156], [-4.34664409741954, 54.7905973820599], [-4.36940738473958, 54.7929018531798], [-4.36016527094382, 54.7776015947729], [-4.37109239385969, 54.7720470616369], [-4.35708088376744, 54.7677759778716], [-4.36706080859141, 54.7225986573123], [-4.34971039450584, 54.70865287715], [-4.39296564949697, 54.6773607818274], [-4.48407796717647, 54.6998440258757], [-4.52790418901461, 54.7204160782584], [-4.54315049336072, 54.7231144559502], [-4.54510515593236, 54.7332028197742], [-4.5716946526467, 54.7381993242384], [-4.60070652848987, 54.7769162108707], [-4.67117260530512, 54.7997650431844], [-4.70865553513529, 54.8238884920877], [-4.77724712635856, 54.8319473600897], [-4.81784615081107, 54.8669905757252], [-4.83380976717957, 54.8633974316573], [-4.85608279020503, 54.870325771661], [-4.87512301174799, 54.8659546033867], [-4.87865820318802, 54.8699084511597], [-4.88553022972091, 54.864500382636], [-4.85815725667121, 54.8683231405393], [-4.85086172791189, 54.8583745888545], [-4.93608194572159, 54.8326374540454], [-4.96110823758336, 54.8040624568861], [-4.91747847932371, 54.7431758724048], [-4.90568008878442, 54.7010610533417], [-4.86676015983777, 54.6819281558688], [-4.88373281323235, 54.6535539771678], [-4.87718088834196, 54.6391515735918], [-4.8527866617415, 54.6372143345509], [-4.8748505944453, 54.6332571362095], [-4.92247744138457, 54.6434321558958], [-4.96483750556982, 54.6640478967545], [-4.97257954288901, 54.6897536385057], [-4.94778564067865, 54.7005006812641], [-4.96693378107439, 54.7175995952841], [-4.95735889042574, 54.7285397717472], [-4.99254771147437, 54.7349972926205], [-4.98674501000809, 54.7499452400648], [-5.0043076232242, 54.7552049272168], [-5.01061034474516, 54.7833746810328], [-5.04235642177106, 54.7922019610757], [-5.05362252479271, 54.8098775953896], [-5.13824361316754, 54.8513298831921], [-5.18507488613446, 54.915243836196], [-5.17859175965652, 54.9867305261334], [-5.15708805197264, 55.0086105623958], [-5.13792173648461, 55.0070084432037], [-5.1000189478373, 55.0183186598756], [-5.06133231492053, 54.9678339811109], [-5.07509865479998, 54.9635281403919], [-5.07051846284541, 54.9360326542925], [-5.06158418219172, 54.9244766658085], [-5.03028182394951, 54.9062481542076], [-4.99736956332, 54.912324500162], [-4.99212948279107, 54.9261840847289], [-4.9959218894437, 54.9362168825088], [-5.06026896426652, 55.0255457241117], [-5.05244664164283, 55.0512675460584], [-5.00637327036884, 55.0932813288822], [-4.99180475002678, 55.1434511550248], [-4.94150463410268, 55.164143991473], [-4.91075620240281, 55.1983967676976], [-4.86023094958828, 55.2271292255482], [-4.86497268352111, 55.2453767149619], [-4.85529741564423, 55.2440921336374], [-4.86402737266942, 55.2455991743681], [-4.83609346942892, 55.283140869248], [-4.84533012629463, 55.3249429536464], [-4.77476671575389, 55.3598849602468], [-4.76956197059489, 55.4005785368275], [-4.75352716426274, 55.4162330014797], [-4.71300701954913, 55.4328902933456], [-4.65347850495682, 55.4413695583256], [-4.64793625092238, 55.4371282976391], [-4.64572217537601, 55.4695819736519], [-4.62160789336692, 55.4595703491405], [-4.64405728159981, 55.4705789757143], [-4.62857143676468, 55.4772506684063], [-4.62016300643888, 55.4982499832954], [-4.63284445114922, 55.5184643936536], [-4.62039089814568, 55.5088291417979], [-4.6223140334514, 55.5157273888915], [-4.68549148625493, 55.5465873897152], [-4.65970240826461, 55.5477050136121], [-4.65833262424028, 55.5702014242743], [-4.68749267096017, 55.5988911174817], [-4.75480415075366, 55.6337442114172], [-4.79453032396582, 55.6305123144914], [-4.7985352597231, 55.6387785746317], [-4.82099824196986, 55.6398573779994], [-4.81514325909778, 55.6479204174362], [-4.8624967409342, 55.6841286011332], [-4.90544981458045, 55.6991065101163], [-4.90299811861645, 55.7222275248957], [-4.88482240079185, 55.7293016876339], [-4.89519504275424, 55.7366649613152], [-4.87337920323485, 55.7303363092801], [-4.87441838741671, 55.7487681949951], [-4.8573420035936, 55.7468814859101], [-4.85567009457699, 55.7576552864626], [-4.85763902656945, 55.7789502285662], [-4.88772642290335, 55.8178669525537], [-4.88838205395975, 55.8747796671851], [-4.89619508426245, 55.8928768681722], [-4.87140890943465, 55.9098869191986], [-4.88241606617847, 55.9151122622452], [-4.87851840177981, 55.9425592610411], [-4.81776779986293, 55.9628567393429], [-4.80317487426844, 55.9568064491878], [-4.79873482146023, 55.9626070757169], [-4.77708786493945, 55.9607319485595], [-4.7453665191944, 55.9442745909007], [-4.61436312396758, 55.9302211080805], [-4.56340773365091, 55.9353143393934], [-4.64948395950665, 55.9548464271046], [-4.64986507219968, 55.9584564382596], [-4.66643711175178, 55.9583638940285], [-4.68370441713431, 55.9709005493132], [-4.70172544819943, 55.9672860281283], [-4.7007092872542, 55.9752419085009], [-4.685062049929, 55.9756410694172], [-4.70074015605967, 55.9931295996418], [-4.78745785981087, 56.0151022134016], [-4.78766016779449, 56.0243936490498], [-4.80247068916442, 56.037675359575], [-4.83055550405932, 56.0798257941263], [-4.83715037185404, 56.0497679413196], [-4.79284560345353, 56.0008333287111], [-4.77041009648457, 56.0007334203464], [-4.76766441232586, 55.9880523525589], [-4.82437949789449, 55.9847672547612], [-4.85244340771662, 55.9898878475979], [-4.87860419255118, 56.053451087816], [-4.83909568925203, 56.1134863268688], [-4.74633205914748, 56.2069378964705], [-4.78965857026785, 56.1819972366052], [-4.86160501185475, 56.0998209514636], [-4.88696287663192, 56.1091107020717], [-4.88295532692662, 56.1418655383375], [-4.90178312551531, 56.1690260889104], [-4.91667300533759, 56.164541799885], [-4.89976234658076, 56.1465895221545], [-4.90867874020891, 56.112090371833], [-4.87561904704496, 56.0874943123819], [-4.91443050023897, 56.0512791905851], [-4.89761775936719, 55.9841018433331], [-4.93939279918458, 55.9945074427431], [-4.96188186103542, 56.005773984169], [-4.96085191588074, 55.9894980060977], [-4.90861944838695, 55.9670890895966], [-4.93408064697692, 55.9434861795449], [-4.97887835098873, 55.8617686988568], [-5.04493135664279, 55.8709286888399], [-5.0570048028786, 55.9316690981705], [-5.0685032375616, 55.9521967828708], [-5.10540245653245, 55.9715921566744], [-5.12317280009679, 56.0096635607317], [-5.1292904343019, 55.9967156049375], [-5.11922960777712, 55.9842304791741], [-5.11735705060613, 55.972139593629], [-5.0823982769976, 55.9384463003637], [-5.07718957485423, 55.8981284484467], [-5.11173352909115, 55.9015294095404], [-5.17865153478972, 55.9328918417705], [-5.19311523118544, 55.9864833105826], [-5.19486843447031, 55.9524870809242], [-5.20348427816417, 55.9259679471152], [-5.24219376617511, 55.8944383671456], [-5.20867117869894, 55.8563141886238], [-5.20441545400265, 55.8282839932529], [-5.22211641235812, 55.8322556584217], [-5.2562146396562, 55.8517421249851], [-5.28508596965597, 55.8483397410868], [-5.29186378881842, 55.857616126861], [-5.312646869426, 55.8526164218168], [-5.30440629539687, 55.855486035332], [-5.31244733534009, 55.8566289701236], [-5.31121430889091, 55.875630920638], [-5.31696764378742, 55.8707933605656], [-5.31358376822783, 55.8777623613444], [-5.3477466019226, 55.8876990816148], [-5.35221806686309, 55.8982668415807], [-5.33679098543861, 55.9197462603976], [-5.34276152595422, 55.9218805781347], [-5.32703478840412, 55.9558863675331], [-5.34655721449982, 55.9689029891095], [-5.33795252294789, 55.9978989908198], [-5.30150648764418, 56.0236401286859], [-5.28465240490239, 56.0550973073409], [-5.20053698907703, 56.1082281859617], [-5.2107497564396, 56.1056838856223], [-5.20317295001501, 56.1285713370942], [-5.10086235368405, 56.1568451989537], [-5.08315307286848, 56.1671465908085], [-5.06078294943929, 56.207842832573], [-4.93937444512725, 56.2545527905157], [-4.91684518984408, 56.2722286184331], [-5.03893771581143, 56.2342302588064], [-5.05303372924857, 56.2464213099089], [-5.07152441191262, 56.2383840583656], [-5.10530038523236, 56.1946098403544], [-5.11084033278512, 56.1994990297936], [-5.10518675587127, 56.1867245169008], [-5.1174101715606, 56.1706895902539], [-5.14600137065346, 56.1566378151739], [-5.19252407634165, 56.149425943921], [-5.23607416080052, 56.128439910149], [-5.25425938251126, 56.1139139701654], [-5.25671127341276, 56.0972331010136], [-5.28434728904286, 56.0858309255055], [-5.28342300623426, 56.0891755086225], [-5.30574849623467, 56.0613029060839], [-5.31638489551679, 56.0595482289774], [-5.32131942192905, 56.0686147958604], [-5.33394534080832, 56.0681330351768], [-5.3358083803767, 56.065555110773], [-5.32619676258626, 56.0580062433226], [-5.34113767247064, 56.0506033402337], [-5.3455302523642, 56.02222783156], [-5.35820807169663, 56.0254331029745], [-5.38907057915562, 56.0048083296522], [-5.39436325893228, 56.007339047164], [-5.40674740863027, 56.0011400966057], [-5.42827451020824, 56.0171995391264], [-5.43047571475457, 56.0347721006206], [-5.44062563401452, 56.0379010289472], [-5.45110719520721, 55.97185365037], [-5.44518329488769, 55.9580900159174], [-5.42869844818898, 55.9468213909453], [-5.41951301458609, 55.8964589938139], [-5.40256392002145, 55.8882791081005], [-5.41305176033262, 55.889886540058], [-5.39591579597113, 55.8703982085848], [-5.41507186447262, 55.863587684465], [-5.38519706925888, 55.8624757315175], [-5.33975559267625, 55.8272132755337], [-5.31457719621379, 55.7831410778874], [-5.3275987148545, 55.7645787876936], [-5.35072666461725, 55.7661451500675], [-5.39430543964659, 55.7520444987169], [-5.45103366699613, 55.7071263557484], [-5.44877727988101, 55.6876794288494], [-5.48365897231855, 55.6426415725907], [-5.45845347893489, 55.576424978213], [-5.46658849338493, 55.5712905966926], [-5.47024721955042, 55.582376084796], [-5.48764769828632, 55.5789368633461], [-5.48864686409121, 55.5846604629011], [-5.48891236745966, 55.5737643455206], [-5.49559669743192, 55.5664690140144], [-5.48998026949969, 55.5299287091383], [-5.50424279013578, 55.5271205045349], [-5.51037925885041, 55.4876114449049], [-5.54551571788432, 55.4662156975961], [-5.55050154566867, 55.4343256631754], [-5.58061409388403, 55.4241893047788], [-5.60373867913735, 55.4271488245588], [-5.58404414033801, 55.4137444544595], [-5.55234536748453, 55.4176522449761], [-5.52643745909241, 55.3918453909801], [-5.52033476440912, 55.3612390190972], [-5.56182924835752, 55.3237092025271], [-5.6035995047712, 55.30751508296], [-5.68797363754234, 55.3087559806453], [-5.71990345170581, 55.2932701546258], [-5.75539422405381, 55.2895262364932], [-5.79981727898338, 55.302184929989], [-5.79627141302502, 55.3911703076128], [-5.75571464667516, 55.4142150158122], [-5.7503126656919, 55.4247359207103], [-5.72221958453765, 55.4267250292808], [-5.7162313418604, 55.4424410526058], [-5.71369882607382, 55.5205634047089], [-5.70376053506514, 55.532583611503], [-5.71617423722475, 55.5734784544766], [-5.69272926260122, 55.5873719520083], [-5.67237045546799, 55.6327208247087], [-5.66307147694087, 55.667837292677], [-5.67654949749949, 55.6824409473084], [-5.61995699346514, 55.7097447305607], [-5.56982591978101, 55.7669257419372], [-5.55344205793011, 55.76705051569], [-5.4789989689889, 55.8040184771582], [-5.43551175793524, 55.8572010851819], [-5.44592430510366, 55.857164918252], [-5.47020465212563, 55.8335346154991], [-5.52632621744066, 55.7939860559157], [-5.57379560727506, 55.7756030908809], [-5.57084814944853, 55.7812280876423], [-5.57589029741738, 55.78001585156], [-5.58943978122858, 55.7671758661809], [-5.61533085071518, 55.7616400948865], [-5.60035880685627, 55.7775180899057], [-5.61978447244003, 55.7833367827325], [-5.60481532185413, 55.7917228177621], [-5.61241226163622, 55.7906532852824], [-5.60796834940763, 55.7950621252473], [-5.6398531401012, 55.7867857421715], [-5.66439143458853, 55.7993003689248], [-5.66364730299745, 55.8419764873322], [-5.61579645945627, 55.9028771523475], [-5.56901790147825, 55.9374331344582], [-5.58636612031801, 55.9351373462395], [-5.56880552618174, 55.9401063708048], [-5.60900484690127, 55.9292130654043], [-5.67784623330345, 55.8868739930988], [-5.68737562639351, 55.9126237127659], [-5.67685727415912, 55.9302960506822], [-5.60179192424607, 56.0044758761119], [-5.57460638748691, 56.0147891933396], [-5.56532712842077, 56.0301241551168], [-5.59810775775641, 56.0159726851604], [-5.56617643007811, 56.0412758760785], [-5.58862804696105, 56.0323112325318], [-5.58681944392568, 56.0390628112052], [-5.59258206029287, 56.0307089375688], [-5.60893017354146, 56.0240814230346], [-5.57774879266291, 56.0518024341013], [-5.59758355733977, 56.035870126443], [-5.57955368261466, 56.0545859492204], [-5.61208823330803, 56.0242512281508], [-5.62528563795048, 56.0242316555486], [-5.61302340291186, 56.0171926700232], [-5.6368815431723, 55.991082729166], [-5.65840494825166, 55.9836242308338], [-5.63571382423287, 56.0129169257525], [-5.65197968152062, 56.0006744440768], [-5.672786875974, 55.9785067142907], [-5.67039556483454, 55.973187154796], [-5.65474489003799, 55.9772987413093], [-5.66826343413342, 55.9639450316922], [-5.68783937345525, 55.9558924853284], [-5.67672118925018, 55.9691953966572], [-5.71440146080846, 55.9493414013545], [-5.65669800931811, 56.022900996812], [-5.63577741915233, 56.0291481955062], [-5.63264983858573, 56.0525377096613], [-5.58465366320623, 56.0917509367345], [-5.56799422537565, 56.0879735443288], [-5.5532668207141, 56.0909494562477], [-5.55046455047378, 56.0807910441712], [-5.52106289206963, 56.0701123681628], [-5.50942565826857, 56.0785278125449], [-5.52840479507177, 56.0748426933744], [-5.5288799985083, 56.0851015056978], [-5.54465093036622, 56.0837500264407], [-5.53028753307038, 56.1005570824651], [-5.54722944968115, 56.1007527819298], [-5.54769324316429, 56.1105540357516], [-5.5626621136373, 56.1051690534833], [-5.56859045383769, 56.1136740284221], [-5.50133159460074, 56.1860757416913], [-5.50809153888761, 56.191206229173], [-5.52601140342027, 56.1875161428475], [-5.53364068137927, 56.1790169744426], [-5.579413784631, 56.1571468674475], [-5.59834844068483, 56.1327338609628], [-5.61460097009402, 56.1316088027331], [-5.58776507125469, 56.1534543161606], [-5.60099558863456, 56.1483215029196], [-5.5974710668742, 56.1594181490774], [-5.60046783326926, 56.1611379738799], [-5.55728289493911, 56.2038776701372], [-5.56654254125497, 56.2108141639774], [-5.54076576858358, 56.2174858926115], [-5.54713766510915, 56.2221801740165], [-5.54868433559969, 56.2305396992174], [-5.5668211649424, 56.2366717599171], [-5.48130859874412, 56.2569495288386], [-5.49679227191967, 56.2652049620732], [-5.49380348037653, 56.2702196974915], [-5.50520131828743, 56.2701165426762], [-5.51734169939461, 56.2595521949906], [-5.5618743801881, 56.2607267937722], [-5.58168252654151, 56.2481510344399], [-5.59598710759952, 56.2501320520093], [-5.57920002413314, 56.2838804955218], [-5.59175616701109, 56.2825342783514], [-5.57768811543193, 56.3331872489432], [-5.55264582984786, 56.3471113521474], [-5.53087459522708, 56.3462355489023], [-5.52013643252061, 56.3404218043752], [-5.444116755713, 56.3654107505464], [-5.47957541771549, 56.3551148819044], [-5.49443403305186, 56.3606428039046], [-5.49286111487617, 56.3633433548333], [-5.52014723713526, 56.3453380831298], [-5.53819937508891, 56.3596830079192], [-5.51408300214568, 56.3956236430326], [-5.47275164194781, 56.4129197029652], [-5.48385631491553, 56.4358936443779], [-5.46124045689198, 56.4479337513937], [-5.44101833151202, 56.4556165879966], [-5.43610812975406, 56.4473380676796], [-5.41491097454796, 56.4552413158415], [-5.41424675672709, 56.4497352586758], [-5.35047701315822, 56.4596471094467], [-5.33035281579192, 56.4505217003015], [-5.31606514793415, 56.4577461068234], [-5.28610747909738, 56.4486670400873], [-5.26930408693355, 56.4505181668018], [-5.26697755558756, 56.4579195377708], [-5.24867764037206, 56.4374439146194], [-5.23494938966575, 56.4366913857599], [-5.22764346274151, 56.4455292265581], [-5.17535680333878, 56.4549869344388], [-5.15711506894608, 56.4719613538585], [-5.13553926475961, 56.4769897000425], [-5.14454081057309, 56.4820249846683], [-5.13416458930023, 56.4919735635628], [-5.11834352923421, 56.4876305523228], [-5.12906024730524, 56.4929154418309], [-5.06546414231409, 56.5638591497089], [-5.13485414726475, 56.5029090741842], [-5.15694876372349, 56.5020578591108], [-5.18446444567074, 56.4608031874056], [-5.23017214421383, 56.4466063837617], [-5.25674512049517, 56.4640364384773], [-5.28819893529209, 56.4604438058587], [-5.34647968793091, 56.4717824805025], [-5.36195531340175, 56.4701277828617], [-5.36691372229863, 56.4589825064662], [-5.40702658047669, 56.4589357569578], [-5.40106143315099, 56.471003014266], [-5.40535561407458, 56.4843165553516], [-5.42704488943631, 56.4956697026068], [-5.41952559510692, 56.5075508740822], [-5.45890463699931, 56.4747127480278], [-5.45163222565007, 56.4879781784813], [-5.47382314881174, 56.4819098379241], [-5.43004419739696, 56.5218718789192], [-5.40189129442509, 56.5257091698032], [-5.40168719035041, 56.5174504686172], [-5.38216721449177, 56.5104353363822], [-5.33365961930274, 56.52014732113], [-5.31015833908875, 56.5335885572526], [-5.30987299026354, 56.5289681998053], [-5.29611886932525, 56.5464536054876], [-5.24630522996067, 56.5515484858959], [-5.32343729629139, 56.5485398725427], [-5.33634727491254, 56.5336366282057], [-5.36677952623102, 56.5234908568363], [-5.37403604950741, 56.5293248177896], [-5.38279681964986, 56.5241580169206], [-5.39322032241048, 56.5437386497403], [-5.41672029615759, 56.5390215510535], [-5.40827275029823, 56.5606796541494], [-5.3910649241328, 56.5687787214558], [-5.39035530578357, 56.5595475074422], [-5.36939563671856, 56.5659092666793], [-5.38777982941138, 56.5752854349484], [-5.38375566631389, 56.5821563902443], [-5.29591963704241, 56.6389449125132], [-5.3008669164587, 56.6473096959439], [-5.32641640002619, 56.6471191038826], [-5.31739093003566, 56.653410232437], [-5.27738053704421, 56.6699283801675], [-5.2543633761821, 56.6705617001882], [-5.25253519920815, 56.6655170384975], [-5.22376578873988, 56.6861360974068], [-5.18615879764979, 56.6887799999956], [-5.13740750126947, 56.6771097429785], [-5.05109889334199, 56.7048869089033], [-4.97788615893556, 56.7130667731769], [-5.01278495691277, 56.7140400617238], [-5.16257398768359, 56.6848720172487], [-5.16791176537387, 56.6926070588032], [-5.18570770012855, 56.6919430325333], [-5.18554522973267, 56.6999437938909], [-5.24740520501486, 56.7030291740584], [-5.22909542183426, 56.7294232067416], [-5.10890844714964, 56.8228292087975], [-5.08445717945149, 56.8326199629514], [-5.09828700660808, 56.8347485509561], [-5.10207184982679, 56.8265936193354], [-5.11113935248589, 56.8391133183116], [-5.14977040437594, 56.8389375993336], [-5.19205301949795, 56.8546919156563], [-5.32837024039055, 56.8582677807051], [-5.30595474159246, 56.8477710724808], [-5.24596450657451, 56.8424924743682], [-5.17994334372515, 56.8466155807443], [-5.15042719716148, 56.8364825371653], [-5.12380521513552, 56.834065309564], [-5.12364150879145, 56.8290479166167], [-5.21824933789591, 56.7656043264906], [-5.24025559321576, 56.7667544445733], [-5.23359513222265, 56.7559933945653], [-5.2565086248177, 56.7319986245778], [-5.24283055255475, 56.7203573195126], [-5.27405854444023, 56.7124117596885], [-5.28412853204667, 56.7006291802589], [-5.28836213333679, 56.7101633207244], [-5.29798214483083, 56.7125154464406], [-5.30642196733993, 56.7139905261126], [-5.29833910895242, 56.7122780504111], [-5.32730002069799, 56.6948883897362], [-5.36082920298557, 56.6826424623439], [-5.35561115737486, 56.6757470407567], [-5.39878246454933, 56.6468923970382], [-5.4341619613464, 56.6427621317389], [-5.47027111038948, 56.6152813829016], [-5.48400747893728, 56.6174293479017], [-5.48833780610131, 56.6101842355285], [-5.52850417916626, 56.6162396511915], [-5.49481514139177, 56.6038160311944], [-5.55211528406148, 56.5511942435082], [-5.68398381864945, 56.4972623417875], [-5.69556203476994, 56.5122625453398], [-5.74563293796907, 56.5250544408118], [-5.75476704306023, 56.5188439814472], [-5.77139653405996, 56.5325448195655], [-5.74047342928674, 56.5622199022942], [-5.74812704377616, 56.5648414370846], [-5.78463302284395, 56.5323534190695], [-5.90458758424209, 56.5511672497318], [-5.95964007998591, 56.5824468309825], [-5.97832857844809, 56.6103504448526], [-6.00097053174138, 56.6198109229211], [-6.00450964684262, 56.6454752533017], [-5.92357476926534, 56.6523173445798], [-5.90626038662011, 56.6578081703222], [-5.89154456350244, 56.6394003544117], [-5.88322059303929, 56.6404413571832], [-5.83068584926224, 56.6211502118079], [-5.82740773093863, 56.6280713096698], [-5.86886650886729, 56.6424977585849], [-5.87657646327754, 56.6537295559131], [-5.81912618850332, 56.6669450883002], [-5.74681710189959, 56.7019443521604], [-5.72106375112112, 56.6967878604638], [-5.70410820185871, 56.6821576689253], [-5.68770018480109, 56.6847536886798], [-5.65956985655827, 56.6765671480916], [-5.54462169950064, 56.6877944430887], [-5.59416750521287, 56.6869777188912], [-5.59541173063062, 56.6917451917879], [-5.66390016116278, 56.6800717398581], [-5.71803990671795, 56.7098568461248], [-5.76942902427767, 56.7081572335048], [-5.77767413010945, 56.7167947924309], [-5.77920492067692, 56.7059456943995], [-5.83555250970463, 56.6749087658115], [-5.86087887308417, 56.6809002312132], [-5.89349966759923, 56.6738107102913], [-5.90410900286338, 56.6799957271252], [-5.92620604153559, 56.6757077756628], [-5.93450025381031, 56.6859977520255], [-5.93820183817323, 56.6836631320572], [-5.94571178735206, 56.6886412523083], [-5.97241382416611, 56.6817810105505], [-5.9742674320954, 56.6724275454337], [-5.98741790922119, 56.6848744515664], [-6.03020307712303, 56.6803074261764], [-6.0515204999395, 56.6930404307281], [-6.09641020147752, 56.6878872959989], [-6.11208443804904, 56.6912485123282], [-6.10990245418166, 56.6974704395342], [-6.14222499710387, 56.6831700543537], [-6.18811579057799, 56.6880159911762], [-6.21835308701792, 56.7031670014152], [-6.22677292105631, 56.7260187234157], [-6.21122584576219, 56.7257066803733], [-6.20165635663356, 56.7381818100515], [-6.18510025032012, 56.7354884872049], [-6.18147321975269, 56.7441966937486], [-6.18559526562623, 56.7455004436149], [-6.18605159825609, 56.7547228324371], [-6.16779695506834, 56.751496672652], [-6.11796875459171, 56.7656011658331], [-6.059630353182, 56.7575551004756], [-6.04977188369754, 56.766600957697], [-6.01738923015255, 56.7638949577111], [-6.01488491786065, 56.7693226785553], [-6.00566190501729, 56.7631355682536], [-6.01384466746654, 56.7722802670761], [-5.98094926040475, 56.7690521194907], [-5.97123611084705, 56.7728721997583], [-5.96592586210343, 56.7846907364061], [-5.90945384839454, 56.7496305024167], [-5.88639204705262, 56.7633335901756], [-5.86969355586077, 56.7554778274909], [-5.87022788609556, 56.7416768699389], [-5.84051213344231, 56.7402599046749], [-5.85203427415442, 56.7471191664458], [-5.84655028772377, 56.7501318935601], [-5.83413137114519, 56.7449705576489], [-5.84457363979298, 56.7512176271396], [-5.8524384564821, 56.7525780917486], [-5.85284249268084, 56.7622456611625], [-5.86185457959808, 56.7584925472742], [-5.8895998398506, 56.7664839753065], [-5.88694595937399, 56.7851936798091], [-5.85815356807407, 56.7778655772674], [-5.85505012554633, 56.7675960773414], [-5.85264370690834, 56.7797939977218], [-5.8310377109536, 56.7698908243929], [-5.82283769180198, 56.7856967200506], [-5.80385031751343, 56.7839857475004], [-5.79531008163614, 56.7909490755094], [-5.78007330470004, 56.7826784240013], [-5.746761924178, 56.7841582228774], [-5.86500350679776, 56.8106617074777], [-5.85795449134599, 56.8301405415434], [-5.82909298541088, 56.8347840883653], [-5.81670437584808, 56.8280279223113], [-5.76017841463574, 56.847374421611], [-5.71918017722792, 56.8436282657875], [-5.69851355114769, 56.863487961047], [-5.66599908037032, 56.8753337992423], [-5.69033130688139, 56.8795124929456], [-5.72622525014697, 56.8510333170001], [-5.78886142612852, 56.8597146615376], [-5.75563307882896, 56.8792089346254], [-5.7235257052188, 56.8849248044646], [-5.74050832230846, 56.8885012895133], [-5.72985982743092, 56.8923549252123], [-5.73772160301161, 56.8961481721895], [-5.86378606689736, 56.8842206377526], [-5.88717441454627, 56.8741866341653], [-5.91835220277089, 56.8828396331054], [-5.92344159488728, 56.8901960332024], [-5.89979638886997, 56.8950715619519], [-5.89400926056209, 56.9042575309249], [-5.86184661427728, 56.8991562980231], [-5.86163551373417, 56.8936959441276], [-5.84316484928341, 56.9076446917284], [-5.85057065032345, 56.9132701811654], [-5.87248062756399, 56.9097245694689], [-5.8834171224839, 56.9199004395814], [-5.87171905609781, 56.9284330513873], [-5.85596148889367, 56.9268911148037], [-5.86675685425031, 56.9336006359746], [-5.85285855554558, 56.9407695767691], [-5.85947623720342, 56.9475307139612], [-5.84642777840657, 56.9647075505601], [-5.81716010857435, 56.9606728210023], [-5.82793352148811, 56.9739586138523], [-5.84721526275929, 56.972583708515], [-5.83549842001177, 56.9973095329384], [-5.82447796591336, 57.0085533151367], [-5.727441523708, 57.0183050086701], [-5.70865762995507, 56.9910234764846], [-5.63561815605185, 56.9697966931557], [-5.60351809958839, 56.9844660612938], [-5.5892946254905, 56.9803218117852], [-5.52402412512165, 56.9943971774625], [-5.53529221909247, 57.0009966289372], [-5.61955237219916, 56.9828069433288], [-5.66120205164374, 56.9943683947403], [-5.67900343627246, 57.0110420776642], [-5.68272506247613, 57.0234468451828], [-5.66398587894644, 57.0296510713213], [-5.7076295441757, 57.0411761660566], [-5.74374549185925, 57.0308248247434], [-5.76204473551196, 57.0514428144981], [-5.78161804169128, 57.0442936243821], [-5.79672963818359, 57.0659149826692], [-5.72552438257166, 57.1011725958405], [-5.72201347727664, 57.1181963353282], [-5.65385898047469, 57.1271217070175], [-5.59200955691363, 57.1191973195152], [-5.56721002159876, 57.0960063055921], [-5.51999415125587, 57.0814331918572], [-5.50953747407861, 57.0974254198863], [-5.39181296897316, 57.1089321836992], [-5.42669720223366, 57.1151874277149], [-5.48657975260272, 57.1011361140196], [-5.49092791944389, 57.1053713337301], [-5.52731839306904, 57.1018610573821], [-5.55265480635568, 57.1126342440323], [-5.56153889200551, 57.1336057905994], [-5.6108929761699, 57.1457505762567], [-5.65962601153944, 57.1426594961212], [-5.68240419151413, 57.153024494756], [-5.68806206466637, 57.1676282788919], [-5.69301401502188, 57.1690737788341], [-5.66556891306264, 57.1880955692563], [-5.63171883186277, 57.2002534126513], [-5.62130479753744, 57.2200515567234], [-5.6555105072655, 57.227781105312], [-5.64299780664375, 57.2430698575856], [-5.59741752588632, 57.2590890583363], [-5.58391714212678, 57.2556894975049], [-5.5312060107746, 57.2711618018956], [-5.47674138686627, 57.2332455183531], [-5.42300029087417, 57.213651248767], [-5.40449108811042, 57.2313757343264], [-5.39054343094386, 57.2330641065069], [-5.40636366506442, 57.2329746227677], [-5.41555193445468, 57.230035605326], [-5.46016724554211, 57.2410278402619], [-5.5136882265636, 57.2778858709525], [-5.48862308155493, 57.2971871916021], [-5.48552906410485, 57.3063055154329], [-5.46252378770372, 57.3116191555057], [-5.48430163231157, 57.3099216663535], [-5.49001785594568, 57.3065432005855], [-5.48887611597296, 57.3000247808746], [-5.49779850532111, 57.2943845587394], [-5.51676943987501, 57.2848064773924], [-5.51733417909214, 57.2894142323178], [-5.52173757699222, 57.2776686330983], [-5.53509016100755, 57.2821597533205], [-5.55529183224996, 57.2767448230126], [-5.55822979783469, 57.283578083243], [-5.59257444607441, 57.2708511510445], [-5.60010152139647, 57.2811447329194], [-5.61899372173437, 57.2741855943139], [-5.64790580464169, 57.2871263721765], [-5.65548193181074, 57.2851105892893], [-5.73075938073074, 57.2831305550082], [-5.71812936225612, 57.2835201103215], [-5.72942522243327, 57.2966457221781], [-5.71674937251451, 57.3151233512907], [-5.69746962711949, 57.3266385560924], [-5.66863429997515, 57.3272505087357], [-5.68145399032115, 57.3282565639115], [-5.68583269126805, 57.3414077799181], [-5.66370472676296, 57.340401601443], [-5.646142755249, 57.3456413102837], [-5.66168339075663, 57.3349119903409], [-5.650421904053, 57.3344202638586], [-5.58222257826878, 57.3434942375985], [-5.57729590429866, 57.3537947658665], [-5.53453608127011, 57.3528820115713], [-5.45744129483825, 57.3911100204248], [-5.43539974464952, 57.4153581685923], [-5.44216567048799, 57.4226930068495], [-5.46707987893737, 57.4185644443725], [-5.55607288052675, 57.3579463558693], [-5.60159350947495, 57.3552444728784], [-5.60738576194188, 57.3613952384455], [-5.59788668983762, 57.3650101322493], [-5.63538801543951, 57.3690564470762], [-5.63394238620031, 57.3800609547229], [-5.59405950076296, 57.3909702101857], [-5.61453615982989, 57.40076875826], [-5.60768763407716, 57.4210602071997], [-5.622574152264, 57.4011044428347], [-5.68872099028724, 57.3784835302625], [-5.73845271345149, 57.3536077843978], [-5.78835724253905, 57.3463778713536], [-5.80807458854984, 57.3762382839727], [-5.81338067514724, 57.3622755666862], [-5.82195608574101, 57.3634581922336], [-5.83126561444058, 57.3910292895337], [-5.81916814099429, 57.3885137949761], [-5.8206431355798, 57.4015727373], [-5.80600671352018, 57.3912838610838], [-5.81220326812099, 57.4001988777782], [-5.80747801988254, 57.3989095855638], [-5.82341424388344, 57.4163159656321], [-5.80614465888709, 57.4390334453435], [-5.85439313657445, 57.4433001223189], [-5.87287763940488, 57.4741414562396], [-5.83625390291855, 57.5790187707243], [-5.82025160175086, 57.5772521953023], [-5.81161717219203, 57.5856358493546], [-5.76826838354575, 57.5594350545892], [-5.74335470960909, 57.5539822336085], [-5.7416632238402, 57.5431823264811], [-5.72724479463964, 57.5476236369061], [-5.70659834810142, 57.539709752501], [-5.71703969996682, 57.5517593069881], [-5.70886976275437, 57.5562747971479], [-5.69725080852731, 57.5300405320938], [-5.64964506349146, 57.5089102087554], [-5.65582362172263, 57.5456060855504], [-5.62160726580687, 57.5211427427147], [-5.62314012324843, 57.5322867759797], [-5.58066404635071, 57.5347005358218], [-5.5740243290755, 57.5293737132928], [-5.57733771766629, 57.5363187565758], [-5.5625385711472, 57.5319822598144], [-5.56203603095268, 57.5386444099679], [-5.53492152426815, 57.5312256088707], [-5.52377939562695, 57.5438583932285], [-5.53377268749503, 57.5522276746626], [-5.59005980089605, 57.5564963076998], [-5.63431798762924, 57.5555282695456], [-5.66852901392328, 57.5456468309185], [-5.67029215723499, 57.5531813211392], [-5.70382063659022, 57.5639868066986], [-5.70145211514446, 57.5706804189393], [-5.68145036650541, 57.5675563632682], [-5.68575030601652, 57.5769419499913], [-5.72764162800814, 57.5854168016845], [-5.73312219781661, 57.6064452888988], [-5.75562156206414, 57.623597126723], [-5.80008023089101, 57.6405913374992], [-5.81872877666641, 57.6392743011911], [-5.78680208891046, 57.6837115642186], [-5.78919358138661, 57.6974119527102], [-5.73799819345175, 57.7082937275743], [-5.7308546734235, 57.698537248187], [-5.70743446328694, 57.6994117879353], [-5.68199161140207, 57.6890100875248], [-5.68784527573279, 57.6991167509674], [-5.6716593579833, 57.7014180960784], [-5.67505216492544, 57.7132600176847], [-5.69350959255672, 57.7117238698525], [-5.6858462059612, 57.7176506267658], [-5.69635146807567, 57.7301424865136], [-5.75982897330723, 57.731436000453], [-5.81287398657738, 57.7498917836519], [-5.80106890427406, 57.7933765048114], [-5.81376338051288, 57.855419948933], [-5.77899302853068, 57.8587939343206], [-5.76109310653463, 57.8702104377579], [-5.68396887600169, 57.865311276007], [-5.69257594633968, 57.8438324903907], [-5.68290923811799, 57.8378110627673], [-5.68502767464936, 57.8345431100806], [-5.66138478724181, 57.8226806628629], [-5.66883062704811, 57.8000500570945], [-5.62290712634536, 57.7678165332088], [-5.60351783026858, 57.7651030823899], [-5.59629382355495, 57.773206632435], [-5.62214695192982, 57.7898108115659], [-5.6083850045793, 57.7961933648379], [-5.60467548668209, 57.7869608484941], [-5.57913937742814, 57.7904840305399], [-5.58048821250539, 57.7988485930577], [-5.59768636543896, 57.8018760336477], [-5.5819204391607, 57.8360737610436], [-5.60499920037979, 57.8505572944909], [-5.64241021295645, 57.8560467424349], [-5.65583757961528, 57.8785943791019], [-5.64321525336899, 57.8830209356912], [-5.65586663103125, 57.8890171222193], [-5.65214496981454, 57.8941171956401], [-5.61840166829277, 57.9243381580654], [-5.58138540096975, 57.9195543614231], [-5.57771886271737, 57.9102970696992], [-5.56074618365424, 57.916514541733], [-5.55622313393985, 57.9075585431493], [-5.56037518173773, 57.9025711129109], [-5.55259734467149, 57.900375782487], [-5.54056159825192, 57.8695795668681], [-5.48806562877791, 57.8561224991308], [-5.45449185357167, 57.8509191845321], [-5.45667964386476, 57.8651136375409], [-5.43106029041927, 57.8830011294273], [-5.43522315915373, 57.8848121289122], [-5.42228535032129, 57.9091197797425], [-5.34737235463951, 57.885242016078], [-5.32544322667675, 57.8658310534147], [-5.23155073416954, 57.84707546081], [-5.2474584311833, 57.8670947197541], [-5.31105114630956, 57.8787799293149], [-5.34008642562669, 57.906461111363], [-5.39364203686493, 57.9124050855835], [-5.40429179523356, 57.9311605106024], [-5.37204756392413, 57.929736318673], [-5.36228675436384, 57.9377094515218], [-5.33040826276094, 57.9143423052882], [-5.29727713967134, 57.9103780625748], [-5.23965454433605, 57.9176413690558], [-5.24237137138359, 57.9127546884439], [-5.22402321149256, 57.910230971682], [-5.15122132879943, 57.875607682406], [-5.12711499491138, 57.874901993018], [-5.08609222659825, 57.8299382536509], [-5.07127920259862, 57.8271771608449], [-5.10049619357687, 57.8701017850329], [-5.13282484816315, 57.8799730970078], [-5.1523387975596, 57.8959517592581], [-5.1655573847989, 57.8926916927288], [-5.18745552627417, 57.9047812473259], [-5.16653987854759, 57.9016074261798], [-5.22353894187966, 57.9248776522833], [-5.17945572219502, 57.9410092150773], [-5.17391483342257, 57.9561395956821], [-5.19248909462061, 57.9442683685288], [-5.19223374023285, 57.9574555880222], [-5.22549297552302, 57.9580084117035], [-5.24614521027918, 57.9708700436291], [-5.31081772206106, 57.9789834628999], [-5.30763141114443, 57.9885279465021], [-5.33066294145872, 58.0066613772383], [-5.35526166616561, 58.0066537807756], [-5.34729440513753, 58.0135370024681], [-5.35702882799157, 58.0263784066081], [-5.42015477148434, 58.0329517673102], [-5.4125445622839, 58.0527813553423], [-5.44399074116085, 58.0620738939539], [-5.45785697960525, 58.0769829217719], [-5.44648485030995, 58.0800155865851], [-5.44614018961532, 58.0977150342602], [-5.42672576908444, 58.1059103353916], [-5.38057521267705, 58.0874107068906], [-5.35696769853154, 58.0576869371898], [-5.35265478226021, 58.0749453282839], [-5.33932850260649, 58.0802753727574], [-5.32389874662035, 58.0679084730861], [-5.3005563602167, 58.0642290489245], [-5.27919604078851, 58.0737275018524], [-5.28746336107481, 58.0830893028331], [-5.27501950250633, 58.0844231534637], [-5.27721173789507, 58.0969581148702], [-5.26669962072651, 58.1018043281709], [-5.27447641325821, 58.1108802781802], [-5.28579454790693, 58.1078337762769], [-5.27887067815576, 58.1146230930346], [-5.30288653899481, 58.1197333372584], [-5.26216379298662, 58.1210776679847], [-5.29805374329366, 58.1369735385656], [-5.25830396722024, 58.1375378889566], [-5.25207004861891, 58.1474600370714], [-5.2395448504824, 58.1465952500685], [-5.23764410019847, 58.1554705537827], [-5.26943542944589, 58.1475868907853], [-5.30963176573216, 58.1550022571266], [-5.27876656883194, 58.166976596606], [-5.30997436575305, 58.1623457269507], [-5.31804605754053, 58.1699375838489], [-5.30412950204066, 58.1756876027768], [-5.33223915676122, 58.1806273823044], [-5.36174891132122, 58.2178965193047], [-5.40419495134217, 58.2355782415686], [-5.37604028032755, 58.2642182145797], [-5.367737555765, 58.2512380828076], [-5.33743979527284, 58.2516942451593], [-5.3435213914303, 58.2428451434631], [-5.31882664509117, 58.239125942635], [-5.31045636963294, 58.2241571390754], [-5.24274762054852, 58.2497605924713], [-5.24774675347434, 58.2508383935643], [-5.23203921405838, 58.2531060524951], [-5.22919821481382, 58.2452191938667], [-5.22004621438842, 58.2540455221673], [-5.2036474648244, 58.2464608093741], [-5.18113475637016, 58.2510724490268], [-5.15882459128365, 58.2329644035433], [-5.17210707527275, 58.2441216886666], [-5.16552822045911, 58.2583588673066], [-5.15408144522951, 58.2527419408027], [-5.12872675338343, 58.2585725205013], [-5.1200262148625, 58.2474135568474], [-5.13136355322797, 58.2631841563585], [-5.10911046750203, 58.2700988512542], [-5.0543869566293, 58.2459904688303], [-5.02375237680353, 58.2497712423799], [-5.02094270754495, 58.2575798094852], [-5.00746691691962, 58.2548963314817], [-4.9982454254996, 58.2389861716641], [-4.93895261232755, 58.2170032186564], [-4.95025911602244, 58.2320388159453], [-4.9950077644693, 58.2509024775839], [-4.92061458593257, 58.2558659283756], [-5.00907467961525, 58.2638993354358], [-5.03181236792049, 58.2621661606407], [-5.02191141403141, 58.2587431699506], [-5.03069731262605, 58.255205205326], [-5.05448873886346, 58.2572239037227], [-5.10896736905282, 58.2746903671114], [-5.10802391317314, 58.2833187967276], [-5.13428482947954, 58.2778720241942], [-5.13275822159751, 58.2855328563947], [-5.12004366486216, 58.2835603572634], [-5.12062205279718, 58.2938053093359], [-5.1395455520794, 58.2913394990108], [-5.13429540114076, 58.2981574740096], [-5.1470662391194, 58.3022393158941], [-5.12732168141455, 58.3106186162694], [-5.14674585547713, 58.3119432031128], [-5.12749693162692, 58.3199432215567], [-5.14312057339801, 58.327468835185], [-5.15902478970426, 58.3205451701798], [-5.16937691872165, 58.3219020239856], [-5.15808341311755, 58.3346000697873], [-5.17509202406665, 58.3459049798812], [-5.17467173837829, 58.3505520254594], [-5.18287559165324, 58.3510752032834], [-5.15458474350715, 58.3529023276631], [-5.17592889567508, 58.3619521254355], [-5.14446091267438, 58.3852835868933], [-5.15327081573495, 58.4008252821998], [-5.14196884699366, 58.4120445147198], [-5.11625196233167, 58.3958643177043], [-5.08987236185214, 58.3940184811523], [-5.09393462081481, 58.3884971633138], [-5.07799645949979, 58.3928271278423], [-5.07522818002531, 58.3874292670538], [-5.06933609611538, 58.3886875485482], [-5.06803481130324, 58.3819988588414], [-5.03909206548506, 58.3792193375162], [-5.04529511498072, 58.3733166890648], [-5.0195958816336, 58.3768175990143], [-5.04451769028868, 58.3862181514296], [-5.03221472045713, 58.3928269359391], [-5.06292050466725, 58.3976157622498], [-5.05407712290904, 58.4044272857373], [-5.07075281969532, 58.4024015402722], [-5.05237696077703, 58.4114279923931], [-5.03124924281497, 58.4105464397418], [-5.06663976618127, 58.4148080166513], [-5.06861498633621, 58.4085376943565], [-5.09334453162522, 58.4068445612593], [-5.11069760011511, 58.4134444506474], [-5.07241333465734, 58.415387027556], [-5.11570429097895, 58.4279352725397], [-5.10276883903044, 58.4386386356311], [-5.08301026857904, 58.4374892193287], [-5.10026026389393, 58.4405511576303], [-5.08725942418191, 58.4460502039405], [-5.06514605131995, 58.4459794789023], [-5.07709623213363, 58.4510414960645], [-5.03192376172704, 58.4486701373084], [-4.99398754784454, 58.4248138422072], [-5.00123631984413, 58.436061888593], [-4.99100711785544, 58.4403156325049], [-5.01570980896454, 58.4450861423282], [-5.01659253914858, 58.4523078645777], [-5.07707103542249, 58.456966801003], [-5.05576689330947, 58.4639214946449], [-5.08637671882782, 58.4692494921472], [-5.08306247874087, 58.4768119508493], [-5.10175745552426, 58.4827355251973], [-5.11491218253877, 58.4785527214344], [-5.12580854687608, 58.4890810896226], [-5.1134286287977, 58.5217586935282], [-5.09121543827382, 58.5368686034785], [-5.05090997799957, 58.5407970782349], [-5.01396835215712, 58.5776977378023], [-5.00699172891601, 58.6257090033339], [-4.94600022850794, 58.6084686548211], [-4.93624076188969, 58.6169166543565], [-4.87638749401858, 58.6149593180574], [-4.84885303502348, 58.599448444106], [-4.82486114179962, 58.5966940086178], [-4.82052628105908, 58.5625979394497], [-4.79094713663365, 58.5438397677646], [-4.83118627848675, 58.5225114532652], [-4.80225187787782, 58.5342269882739], [-4.81281364398404, 58.5107856917603], [-4.77967198222311, 58.5505631151043], [-4.81257418312755, 58.5632787662323], [-4.80569737070549, 58.5638671110943], [-4.79667047624971, 58.5762512189933], [-4.76568614551261, 58.5805658368644], [-4.79175502159338, 58.6007803658157], [-4.76805068871172, 58.6051808887316], [-4.76676458291987, 58.5904281411647], [-4.74247432259757, 58.5840811808636], [-4.73479078626081, 58.5663767090507], [-4.71791882111264, 58.5703016870774], [-4.70317545804404, 58.5561682456776], [-4.65482802977615, 58.5513178179849], [-4.66412642868552, 58.5485996392873], [-4.65336178466055, 58.5327520793829], [-4.71226839291909, 58.4963455778866], [-4.74964246469796, 58.458289728789], [-4.73753629740924, 58.4494597941292], [-4.72464929831998, 58.4654462019354], [-4.6640132211722, 58.4830344507924], [-4.66968583183923, 58.4976348752313], [-4.64505507411374, 58.519193774364], [-4.61945906091292, 58.5235353947175], [-4.62109572327793, 58.5095274748079], [-4.61581806149654, 58.5131579063619], [-4.59328165814279, 58.5346720055154], [-4.6044314022674, 58.5547934467966], [-4.58941627370189, 58.577762709367], [-4.50854084191942, 58.5771347960026], [-4.4923221157883, 58.5680970329294], [-4.45688555855404, 58.5615718298737], [-4.45573863645375, 58.5474704834712], [-4.43871373018885, 58.555562811252], [-4.42766627431753, 58.5515133921954], [-4.42436551890093, 58.5498121957974], [-4.43021176505099, 58.5295648422084], [-4.40920976622916, 58.5216617794153], [-4.45498686047394, 58.4961993558377], [-4.45176577833629, 58.4839087768856], [-4.46208353869697, 58.4753838248079], [-4.46960104727995, 58.4556789128029], [-4.48382821429351, 58.4468938742712], [-4.47311828373681, 58.4484113168022], [-4.47606332968673, 58.4399773298184], [-4.44627395596232, 58.4726791891995], [-4.43495957818857, 58.4783509594916], [-4.42313533112222, 58.4742318608876], [-4.43079531346314, 58.4785120961168], [-4.42376154843132, 58.4856084127663], [-4.43331127543768, 58.4920055547262], [-4.40305595121983, 58.5059818144207], [-4.383931572996, 58.5095777136773], [-4.35205454566253, 58.5373989111121], [-4.29929148211625, 58.5431128465096], [-4.27045683331687, 58.5374362494774], [-4.26622441689507, 58.5179316895579], [-4.26539026242436, 58.5266482506263], [-4.23611124284182, 58.5263512174191], [-4.21156322156281, 58.4949013750674], [-4.2403846736733, 58.5373352413035], [-4.21331292411932, 58.5300406210048], [-4.21195796812328, 58.5515730083906], [-4.17626434286246, 58.5407880917175], [-4.15663209926784, 58.5480328800534], [-4.15291356406275, 58.5633409539496], [-4.13282877628778, 58.5620230184626], [-4.12605469062984, 58.5693987380232], [-4.09399323398663, 58.5567463581413], [-4.08115776256943, 58.5567420011248], [-4.0735047335006, 58.5505421670683], [-4.07135381588929, 58.5627166624334], [-4.04745501171059, 58.5719679377908], [-4.04348166669826, 58.5911172046825], [-4.02546914897005, 58.5908681516928], [-4.01902353763985, 58.6016571792296], [-4.00441253827931, 58.5635009791825], [-3.95707773073835, 58.5742619960442], [-3.94301550790915, 58.5670557165447], [-3.93305485537819, 58.5731803193121], [-3.92090592632684, 58.5600697409375], [-3.9115311799111, 58.5592353317765], [-3.90037612957643, 58.5376651833348], [-3.90902468424966, 58.5590121157181], [-3.89945994798612, 58.5660295759822], [-3.85902775239023, 58.5628136081377], [-3.80078672279927, 58.5736133379467], [-3.77999136439554, 58.5628947566453], [-3.74084870294881, 58.5873558061381], [-3.69897670470335, 58.604788555625], [-3.67270822113569, 58.6065436333256], [-3.65582691038651, 58.6212663776735], [-3.63090331737525, 58.614841158636], [-3.53587226751086, 58.6229522248605], [-3.55210759343734, 58.6082837248394], [-3.52515113768541, 58.596890433046], [-3.51296501134452, 58.5993429223877], [-3.52687508850041, 58.5876399163246], [-3.50203306022254, 58.6035456347666], [-3.46289571961578, 58.6123082615685], [-3.36841063892058, 58.5952477727226], [-3.35248894503003, 58.6014649683064], [-3.34937314977677, 58.6189847816057], [-3.41355267569388, 58.6404448607632], [-3.40802327758525, 58.658711721019], [-3.37680066831556, 58.6721649565798], [-3.3559565949233, 58.6649378267804], [-3.34453157867585, 58.6467035057485]]], [[[-3.10556486096667, 58.6714532279319], [-3.13872773399587, 58.6670008393884], [-3.11571185461278, 58.6964299169392], [-3.10060065893663, 58.6846413760261], [-3.10556486096667, 58.6714532279319]]], [[[-3.05321167193139, 58.7397009831762], [-3.07066276640998, 58.736255101288], [-3.05219342962477, 58.7505489688466], [-3.05321167193139, 58.7397009831762]]], [[[-3.11355641941738, 58.8368820370255], [-3.10188184403683, 58.8286644984269], [-3.07706437074053, 58.8315549339858], [-3.08001388199492, 58.8141329803787], [-3.10097993807916, 58.8203283357326], [-3.10710623226108, 58.8144037426202], [-3.13885369119147, 58.8167562884839], [-3.14269189224304, 58.8334146551121], [-3.06990030754022, 58.8494283944059], [-3.06771222647811, 58.8436290216274], [-3.11355641941738, 58.8368820370255]]], [[[-3.15108004604363, 58.8404320268559], [-3.16236732721006, 58.8344110979995], [-3.18052945108075, 58.8463490436928], [-3.164701909111, 58.8541538479955], [-3.15108004604363, 58.8404320268559]]], [[[-3.15856196848968, 58.8771187117853], [-3.16809363557857, 58.872258284541], [-3.17334205754092, 58.8833449357128], [-3.15856196848968, 58.8771187117853]]], [[[-2.66418179993709, 58.9015416106459], [-2.68287845360838, 58.8922376710401], [-2.68362652776626, 58.8992776622956], [-2.66418179993709, 58.9015416106459]]], [[[-3.25929623215766, 58.7868504939154], [-3.23607632101469, 58.7834149676339], [-3.20688007188266, 58.8015010785302], [-3.15237891752849, 58.8065635197792], [-3.13915025001737, 58.8015586034695], [-3.15380417433666, 58.7866643018142], [-3.13342700531858, 58.7864615056108], [-3.18816029636799, 58.7770402702284], [-3.23139214653365, 58.7851953514763], [-3.22016064373606, 58.7760666183336], [-3.2301280537495, 58.7718385404991], [-3.24994587578644, 58.7816131927751], [-3.29698669410661, 58.7780655331288], [-3.32214058029559, 58.7963937255536], [-3.32845391194125, 58.8174315545017], [-3.36999827494199, 58.8371976060798], [-3.37957086932086, 58.8679862048724], [-3.43418935883408, 58.8737314799949], [-3.40268311069995, 58.9222286261624], [-3.37891954601452, 58.9229870822991], [-3.35371585442373, 58.9319469823587], [-3.32562775892845, 58.9276828417503], [-3.31395304944164, 58.9060183899416], [-3.21293608971349, 58.8780663374699], [-3.23123864654464, 58.870067424595], [-3.21809696480944, 58.8654413672451], [-3.22112493846037, 58.8609170090119], [-3.19830392234267, 58.8525792278746], [-3.2149266678257, 58.840499626399], [-3.19230624420762, 58.8350942721902], [-3.20553728332046, 58.8268858373724], [-3.16950865163144, 58.820653718461], [-3.20347544902447, 58.8046937565935], [-3.24151744095932, 58.8027292527979], [-3.25929623215766, 58.7868504939154]]], [[[-3.30836215501857, 58.9402199042188], [-3.28268758575582, 58.9323250025036], [-3.27284838928285, 58.9357472716128], [-3.26688873888575, 58.9237678600114], [-3.30548509612804, 58.9246245754093], [-3.30836215501857, 58.9402199042188]]], [[[-2.89720985176561, 59.0260927268317], [-2.90119390893975, 59.0190370245528], [-2.90135009018829, 59.0257829724446], [-2.89720985176561, 59.0260927268317]]], [[[-2.56022995576503, 59.0309465204239], [-2.57259074912431, 59.0250354124397], [-2.56939140352933, 59.0355839579484], [-2.56022995576503, 59.0309465204239]]], [[[-4.50620793501005, 59.0240264761669], [-4.50687714047673, 59.0224526695026], [-4.50711607417285, 59.024939603214], [-4.50620793501005, 59.0240264761669]]], [[[-2.8033821133436, 59.0871147265925], [-2.80168034221883, 59.068612517067], [-2.82421961458334, 59.0469606210267], [-2.80578252331723, 59.0285138840547], [-2.82519484374068, 59.0193233118075], [-2.90131686211666, 59.0356811053014], [-2.9120653035677, 59.0293208633703], [-2.93394841306716, 59.030373848805], [-2.90238896882335, 59.0772676822031], [-2.89250610273027, 59.0628410083411], [-2.86230246357703, 59.0524605671624], [-2.87005470756434, 59.0578214850003], [-2.856438639389, 59.0569592686654], [-2.83765742093976, 59.0653227548175], [-2.84000790712007, 59.0767876021626], [-2.81956402546104, 59.0793485803096], [-2.8033821133436, 59.0871147265925]]], [[[-2.96431385317363, 59.0907562036578], [-2.94658054573159, 59.0784130984789], [-2.95159579418234, 59.073861623859], [-2.96159624224421, 59.0804626057749], [-2.97390147648193, 59.0721344023351], [-2.9929485836647, 59.0863911556646], [-2.96431385317363, 59.0907562036578]]], [[[-4.40025223235141, 59.0871914753776], [-4.41146545269779, 59.0829640115415], [-4.40692603995649, 59.0875831571977], [-4.40025223235141, 59.0871914753776]]], [[[-2.95141154913373, 59.1184201570886], [-2.96698089734758, 59.1107896597835], [-3.01151057651076, 59.1132666192148], [-2.96190250705786, 59.1270856339344], [-2.95141154913373, 59.1184201570886]]], [[[-2.6664687303697, 59.139374629965], [-2.66402320578595, 59.128218761996], [-2.67753895860209, 59.1301165758596], [-2.68104026618524, 59.1351855796785], [-2.66978485119304, 59.1340193254027], [-2.6664687303697, 59.139374629965]]], [[[-3.11112020433265, 59.1463918399958], [-3.11792101846766, 59.1394449738238], [-3.12576666237104, 59.1484442952442], [-3.11112020433265, 59.1463918399958]]], [[[-6.15784500792594, 59.0878543189194], [-6.158512127481, 59.0870145469648], [-6.15899442637863, 59.0876060648033], [-6.15784500792594, 59.0878543189194]]], [[[-2.57925022738906, 59.1486930517442], [-2.59962033658426, 59.1478953782577], [-2.58724151511842, 59.1570312275567], [-2.57925022738906, 59.1486930517442]]], [[[-3.19791595274197, 59.1539876140083], [-3.09491316312753, 59.1184712764107], [-3.07282041100637, 59.123290427496], [-3.06955616170125, 59.1135644233867], [-3.04573259419986, 59.1050398205045], [-3.06172713436086, 59.0960556560459], [-3.00408170249795, 59.072065020011], [-3.01181255293854, 59.0388167240834], [-3.06514442486971, 59.0495869395619], [-3.05326578038333, 59.0361280829834], [-3.06092937918411, 59.0239039493695], [-3.08074666092298, 59.0238714048753], [-3.10136294783872, 59.0098434706093], [-3.12411568049756, 59.0104582726766], [-3.11141707209707, 59.004322404893], [-3.05351906660074, 58.9934963509443], [-3.040093184637, 59.0089305105756], [-3.00694469263318, 59.0101260816302], [-2.96042224354233, 58.9847211260008], [-2.93200642696558, 59.0140319975502], [-2.92753430433131, 59.0059032995345], [-2.90179727150553, 59.0089231880759], [-2.91162626626551, 59.0055187673646], [-2.90596927592922, 59.0040312578779], [-2.91543794476263, 58.992923034033], [-2.89106716276651, 58.9911424447725], [-2.91937697162268, 58.9826322188749], [-2.91915966905513, 58.9653547963135], [-2.88837952534854, 58.9602547063051], [-2.85607738900683, 58.9856690361023], [-2.82553271251313, 58.9807691472828], [-2.8018186285106, 58.9908321222022], [-2.79193273932957, 58.9653942952132], [-2.81999438521415, 58.9668275990067], [-2.84826452951716, 58.9579049389708], [-2.82809377959175, 58.9374647178771], [-2.82830091727737, 58.932620009715], [-2.84176107443686, 58.9253378993132], [-2.82406981698537, 58.9207243219742], [-2.8195098311668, 58.927426689904], [-2.80129985182913, 58.9286807773028], [-2.80569690538391, 58.9227689450335], [-2.7884869841739, 58.9157172828254], [-2.77860135411496, 58.9270315867804], [-2.79216774486675, 58.9269935309117], [-2.78628681411607, 58.9404966370249], [-2.80349430106921, 58.9470862553536], [-2.70787315996318, 58.9727353093451], [-2.71921501122618, 58.9372673037308], [-2.71201253187838, 58.9219860311518], [-2.74804259044805, 58.9237386517025], [-2.76211212344366, 58.9131487068737], [-2.785867375428, 58.9145262054758], [-2.82955960030277, 58.8746886156816], [-2.85544103589901, 58.891923319678], [-2.88411604335939, 58.9002348060575], [-2.89701233264907, 58.8955308183583], [-2.88370046367972, 58.8896442888261], [-2.91301487465683, 58.8691372906638], [-2.88535687572042, 58.873559570317], [-2.88806132228919, 58.8546933655058], [-2.85788482868343, 58.8531125529421], [-2.90128795240102, 58.8415880764519], [-2.87796291001539, 58.8191034081547], [-2.89630998123461, 58.8189603539152], [-2.93063787278412, 58.7943024531913], [-2.92153420385703, 58.7837064821029], [-2.93967681891602, 58.7671264385662], [-2.90964808994243, 58.7539360623945], [-2.92382389142494, 58.7332830579701], [-2.96132574793567, 58.7300718162907], [-2.96546302561328, 58.7413209247128], [-2.97635698778775, 58.7387607548741], [-2.99247886837323, 58.7538844097321], [-2.97983795187399, 58.7610482832784], [-2.97908016007335, 58.7861886519676], [-2.99409821094674, 58.7870019381347], [-3.02195175766917, 58.8071990794163], [-3.0098167687254, 58.813001712678], [-2.99730005512322, 58.8004965207044], [-2.97422618834839, 58.8179739784533], [-2.98332091386142, 58.8119706469895], [-3.00384261095296, 58.8267523712671], [-3.03636047185263, 58.819483284996], [-3.01367092048026, 58.8328471631298], [-2.99095745554038, 58.827913647138], [-2.96391553633478, 58.8360486759237], [-2.95797974977648, 58.8260005934608], [-2.90257965897196, 58.8431927027057], [-2.98911512203672, 58.8527522178607], [-2.95976727104432, 58.8604359065512], [-2.96749790856935, 58.8532124223457], [-2.93884783863043, 58.8607476675925], [-2.91496722134751, 58.8553707362793], [-2.9236526570612, 58.877522087657], [-2.89581971376496, 58.8904256787842], [-2.91018020198903, 58.8963390080377], [-2.93439572243989, 58.8943534622105], [-2.93321651404554, 58.9025414287951], [-2.97287310942344, 58.9401128113662], [-2.96973613779843, 58.9604089074165], [-2.9835395311326, 58.9626156255366], [-3.03115480390345, 58.9392185732856], [-3.07612678355016, 58.9388683798382], [-3.09081673138245, 58.9430349815222], [-3.08006618363683, 58.9299028712891], [-3.11326325517874, 58.9313033052671], [-3.13018220462282, 58.9170097170497], [-3.15690680756405, 58.9205964404505], [-3.1808397043872, 58.9120633352728], [-3.1875646650939, 58.9186315581053], [-3.19799976018173, 58.9132331544876], [-3.22845333947946, 58.9347111719936], [-3.22978820199541, 58.9656908015237], [-3.25085823529941, 58.9754749836032], [-3.25059614768638, 58.9825933908445], [-3.26409239032469, 58.962313714681], [-3.29169220237034, 58.9615551484689], [-3.29360031541139, 58.9680409740272], [-3.30027851260681, 58.950066686517], [-3.35574273115688, 58.9648547385075], [-3.36620430735988, 59.0152181299556], [-3.34787869370713, 59.0376118893388], [-3.35680981620964, 59.0483100559094], [-3.33464473822503, 59.0549101419111], [-3.34938552619821, 59.0616539546114], [-3.34678862305179, 59.0983022771929], [-3.35753967861238, 59.103859375488], [-3.32028470824754, 59.1229233071188], [-3.31915508318757, 59.1296745141436], [-3.32504958083779, 59.1357979409163], [-3.19791595274197, 59.1539876140083]]], [[[-6.15827608031493, 59.0960236863125], [-6.15811620006918, 59.095857918229], [-6.15853230697984, 59.0959750065716], [-6.15827608031493, 59.0960236863125]]], [[[-6.15689885153611, 59.0970615405889], [-6.15724872815269, 59.0966321933016], [-6.15740758305821, 59.0968608342338], [-6.15689885153611, 59.0970615405889]]], [[[-6.15063686349171, 59.0973117488433], [-6.15042810973082, 59.097102677685], [-6.15129473665001, 59.0971153672527], [-6.15063686349171, 59.0973117488433]]], [[[-6.15726393411466, 59.0970453329184], [-6.15804030928883, 59.0968900628097], [-6.15751840787385, 59.0972709954727], [-6.15726393411466, 59.0970453329184]]], [[[-2.62976858373977, 59.1620411818782], [-2.61663258416231, 59.1536425423481], [-2.63574483907825, 59.1557359499649], [-2.62490896761159, 59.1432707380619], [-2.5723690580934, 59.1414781836861], [-2.60507974114904, 59.1371350702225], [-2.59573496892937, 59.1157421758213], [-2.53762493903167, 59.1217599602428], [-2.5529527450605, 59.1113063185439], [-2.54798219545359, 59.0981864924565], [-2.52711544237059, 59.092916932941], [-2.53714719927182, 59.0759189397916], [-2.56676699990607, 59.0841177931833], [-2.57624723453548, 59.0757771709073], [-2.60564959036547, 59.0718573617164], [-2.6046659287163, 59.0967047998269], [-2.63210011087141, 59.1076904712613], [-2.65771591670322, 59.1002484312124], [-2.64422844167477, 59.0875020119188], [-2.65085769110738, 59.0759189690785], [-2.68929921957628, 59.078342360953], [-2.67016675575555, 59.1086578046945], [-2.62965264991501, 59.1101268455331], [-2.62062952601146, 59.1181068198428], [-2.67363077529991, 59.151653271862], [-2.62976858373977, 59.1620411818782]]], [[[-6.1587087736451, 59.097934188935], [-6.15906095214621, 59.0975227404874], [-6.15941770952555, 59.0977990561104], [-6.1587087736451, 59.097934188935]]], [[[-6.15841475899764, 59.0986090626757], [-6.15820763747752, 59.0983414262544], [-6.15857584786789, 59.0983520842797], [-6.15841475899764, 59.0986090626757]]], [[[-6.15270306283291, 59.0951773154266], [-6.15906563451095, 59.0931656931488], [-6.15064360908223, 59.0994607526843], [-6.15270306283291, 59.0951773154266]]], [[[-6.15939120600206, 59.0999581279801], [-6.15944675139795, 59.0996235372764], [-6.15960286275219, 59.0999017995306], [-6.15939120600206, 59.0999581279801]]], [[[-6.16993756958117, 59.1012287971909], [-6.17022103565895, 59.1011882098311], [-6.17016398401733, 59.1014372704893], [-6.16993756958117, 59.1012287971909]]], [[[-2.90818538139942, 59.1632579826583], [-2.92029779433024, 59.1249794325795], [-2.94509423868459, 59.1546416313586], [-2.93179903444857, 59.1688039810132], [-2.90818538139942, 59.1632579826583]]], [[[-5.8454600033461, 59.1180959400363], [-5.84545228875578, 59.1180272547335], [-5.84555070398904, 59.1180450253578], [-5.8454600033461, 59.1180959400363]]], [[[-5.8129810665675, 59.119007368839], [-5.84056966378999, 59.1159542840208], [-5.82264799237604, 59.1260447374111], [-5.82496989348744, 59.1329037443038], [-5.8129810665675, 59.119007368839]]], [[[-3.0326432882711, 59.1785224744309], [-2.99377498877022, 59.1779951950515], [-2.9686342848028, 59.1875292100693], [-2.95275429589634, 59.1798686035894], [-2.97881711074128, 59.1631728700971], [-2.96556812484218, 59.135068111597], [-3.04018908702993, 59.1264611049087], [-3.09310956700667, 59.145564949874], [-3.11836599160507, 59.1726349289634], [-3.07436254531028, 59.1992173163597], [-3.05091400642869, 59.1972997636698], [-3.05002730054869, 59.1837068934167], [-3.0326432882711, 59.1785224744309]]], [[[-2.73939285148923, 59.2470471339106], [-2.72142187270583, 59.2298223084389], [-2.74644377228593, 59.2336502087992], [-2.73939285148923, 59.2470471339106]]], [[[-2.76619665852354, 59.1917553336747], [-2.75761455144707, 59.1598215623148], [-2.73952681142598, 59.1479759468311], [-2.78820682782232, 59.1380632862888], [-2.79433951255792, 59.1599523745598], [-2.81565671623405, 59.1722887801551], [-2.82369418342639, 59.1713725060403], [-2.82763320196115, 59.1880415953647], [-2.82344312446925, 59.1946308310804], [-2.80280346025819, 59.1833755653462], [-2.78005458705948, 59.1898061382313], [-2.7905090814374, 59.2346978182801], [-2.75983322421966, 59.2478135135711], [-2.76283345922014, 59.231805513943], [-2.73653462849443, 59.2193311255343], [-2.75667854011849, 59.2092852244527], [-2.75391577289402, 59.2004971796025], [-2.76619665852354, 59.1917553336747]]], [[[-2.41649647026851, 59.2875826625852], [-2.39049481087999, 59.278489629997], [-2.42296534908882, 59.2749127868379], [-2.44344292827425, 59.2834632436884], [-2.4802018978591, 59.2764377871433], [-2.51855093415628, 59.241322576555], [-2.50730630029216, 59.2238059799307], [-2.52395474875785, 59.2339372732892], [-2.51056912787317, 59.252878944202], [-2.52278348078094, 59.257689170826], [-2.53830596259063, 59.2505745855624], [-2.52384027191483, 59.2387239064097], [-2.56597032586787, 59.2362499503763], [-2.57117399593988, 59.2208471755949], [-2.57892805736203, 59.2323508949908], [-2.57735534228473, 59.2370725732685], [-2.56090955243814, 59.2384159461862], [-2.57037234711902, 59.244904058888], [-2.6019026883904, 59.2292039352671], [-2.6065133264612, 59.2367695336034], [-2.63094457450349, 59.2374762926461], [-2.65388803306534, 59.2100506027048], [-2.66912402755366, 59.2074244131888], [-2.6743905887854, 59.191593652266], [-2.68805591291764, 59.2040016498406], [-2.69445322356605, 59.1848760190553], [-2.69612050640529, 59.221032827186], [-2.67899680525346, 59.2198590715597], [-2.65646502799918, 59.2415516972098], [-2.60191822781996, 59.2596350249346], [-2.6097154212578, 59.2676916209584], [-2.59300729001018, 59.2688401995352], [-2.61553736098142, 59.2946368815843], [-2.60503165469562, 59.289545261414], [-2.58293085015815, 59.2932568171533], [-2.55793283802984, 59.3057390195517], [-2.52931244122828, 59.3029612661213], [-2.55621764517246, 59.2872588765295], [-2.55318107917772, 59.275865174182], [-2.56985250238348, 59.2776313864662], [-2.58339456744248, 59.26439061723], [-2.557631463519, 59.2602820638252], [-2.55384122055803, 59.2690508804571], [-2.54495519170268, 59.2601338517631], [-2.48035799986697, 59.28980299669], [-2.44988646702081, 59.290322695172], [-2.44668414652154, 59.3038833512859], [-2.42385833660195, 59.3120140771789], [-2.41649647026851, 59.2875826625852]]], [[[-2.95448064676214, 59.3381831653822], [-2.95540401069917, 59.3278302184022], [-2.98359785715047, 59.32566093628], [-2.98911647215298, 59.3165203056938], [-2.9713012072246, 59.3174344021152], [-2.95636060640185, 59.3077643803639], [-2.94156460866319, 59.3110706770006], [-2.93966978580647, 59.3032811305135], [-2.91524450263834, 59.2979854285302], [-2.90403318042151, 59.3038418613656], [-2.88263772799597, 59.2858522087767], [-2.88088467925308, 59.2661943410303], [-2.85483630098258, 59.2672386584713], [-2.8380138184743, 59.2477858395699], [-2.85915786302559, 59.2512772543873], [-2.88297854963893, 59.2283946210725], [-2.87452558568647, 59.2553093152509], [-2.89099642829563, 59.2545852169986], [-2.91207565385645, 59.2771408882791], [-2.96348899953632, 59.2890733344682], [-2.9480889014087, 59.2728324250609], [-2.9778700924506, 59.2680112602121], [-2.98321468128708, 59.2593420901889], [-3.02492438043342, 59.2778116286422], [-3.02313586016217, 59.3051633202654], [-3.07061679921957, 59.3295746307896], [-3.033325812087, 59.3232929705781], [-3.02455534625839, 59.3296867408823], [-3.00237492470089, 59.3278764970553], [-2.97934295625036, 59.335905764374], [-2.975901819711, 59.3540273276791], [-2.9543021798482, 59.3591733448365], [-2.94469457899148, 59.3486978214289], [-2.96918383930456, 59.3413131327969], [-2.95448064676214, 59.3381831653822]]], [[[-2.87665590569325, 59.3343923347083], [-2.88468687591814, 59.3252377967363], [-2.89670499034374, 59.3305491537478], [-2.90520404441782, 59.3232650514146], [-2.9110999670473, 59.3496291881409], [-2.87889524720687, 59.385429652734], [-2.86919470559108, 59.3702906833605], [-2.88880121253143, 59.3537755487831], [-2.87665590569325, 59.3343923347083]]], [[[-2.38364075899231, 59.3921119293673], [-2.37232830362528, 59.3822240566985], [-2.4043173286042, 59.3803748387804], [-2.4096210070708, 59.3762121926803], [-2.41107364736839, 59.3680106482414], [-2.39879590926216, 59.3553664383183], [-2.42043588176798, 59.3476575623952], [-2.43030814507399, 59.357403197391], [-2.44863130127123, 59.3574007433196], [-2.43242661155631, 59.386321052773], [-2.41102439012193, 59.3897811116034], [-2.40393172163758, 59.3846442892347], [-2.38364075899231, 59.3921119293673]]], [[[-1.59846054083737, 59.5369401684423], [-1.60055095843825, 59.5323927713304], [-1.61595906447091, 59.5330996643134], [-1.60883353242692, 59.5232403696775], [-1.6256939001018, 59.5268266711071], [-1.62950768994076, 59.5148224689303], [-1.65085212316451, 59.5125401435703], [-1.65358559845037, 59.5162996412923], [-1.65060374516209, 59.5241123451623], [-1.64375576626019, 59.5254572138176], [-1.63990679280536, 59.5521094863854], [-1.60818176404003, 59.5535406915799], [-1.61293915161192, 59.5405296772518], [-1.59846054083737, 59.5369401684423]]], [[[-1.15952902211931, 59.9933047190675], [-1.18158372092924, 59.9924338698817], [-1.18809434261043, 60.0080533812522], [-1.15952902211931, 59.9933047190675]]], [[[-1.34482010994018, 60.0273971136575], [-1.35123994342946, 60.0193428272667], [-1.36350249748847, 60.0304964272769], [-1.34482010994018, 60.0273971136575]]], [[[-1.30078153340109, 60.0952194117742], [-1.33689037721817, 60.0403018602347], [-1.32415334170617, 60.0606200420788], [-1.32869083080455, 60.0796558916843], [-1.30078153340109, 60.0952194117742]]], [[[-1.31013642360002, 60.1052143896514], [-1.33267920305481, 60.0783983114414], [-1.33731169421634, 60.0698642021727], [-1.3346433259485, 60.0660273643999], [-1.34178659120732, 60.0590068654168], [-1.37029675137008, 60.0413319396476], [-1.37736988910286, 60.0496893673175], [-1.34338624202283, 60.0597196021408], [-1.3560157515417, 60.0793535578592], [-1.32602293451525, 60.0949215027684], [-1.3485542940918, 60.1067787426996], [-1.32112403343824, 60.1051591670808], [-1.31586756102209, 60.1183438105836], [-1.31013642360002, 60.1052143896514]]], [[[-1.35892713701982, 60.118511569347], [-1.37362254137175, 60.1128980443634], [-1.36804732481029, 60.1231573698916], [-1.35892713701982, 60.118511569347]]], [[[-1.33598991096349, 60.1195473652725], [-1.35278592825121, 60.1207426372019], [-1.35345543594742, 60.1221194165713], [-1.34877328081589, 60.1244399834708], [-1.33598991096349, 60.1195473652725]]], [[[-1.30769391979184, 60.1000307640171], [-1.2987314421527, 60.1264243938811], [-1.27601577481942, 60.1316918917487], [-1.28618279769777, 60.106713686801], [-1.30769391979184, 60.1000307640171]]], [[[-1.3503814402847, 60.1472752693684], [-1.36060770861095, 60.139055173429], [-1.36167173624926, 60.1524481937916], [-1.3503814402847, 60.1472752693684]]], [[[-2.03989946606301, 60.1395114390286], [-2.06423033655833, 60.1097416927287], [-2.09352087759734, 60.129064295614], [-2.11669275130961, 60.1339618874991], [-2.11217957878143, 60.1459167735947], [-2.07367065601231, 60.1576837552942], [-2.05239187061484, 60.1565535434147], [-2.03989946606301, 60.1395114390286]]], [[[-1.00577527030946, 60.1509803898478], [-1.01055005231922, 60.1317323812322], [-1.03459708613006, 60.148086394969], [-1.04316471567968, 60.1455318762538], [-1.03656004499267, 60.154552428354], [-1.00577527030946, 60.1509803898478]]], [[[-1.08081867018107, 60.1884315493369], [-1.07238193675196, 60.1583574432511], [-1.05734553511767, 60.1615352016604], [-1.0510054982673, 60.1696673543667], [-1.04544049867119, 60.1663619113078], [-1.07291872331245, 60.1027258952707], [-1.12233360879728, 60.1199124534753], [-1.11336942758891, 60.1492813227774], [-1.11495577995965, 60.1578116793381], [-1.11910990537632, 60.1531647504737], [-1.14797260124399, 60.1728818458664], [-1.1297025710625, 60.184339463029], [-1.07885729748601, 60.1708991492247], [-1.09011687992048, 60.1857210916893], [-1.08081867018107, 60.1884315493369]]], [[[-1.56851583335166, 60.1937687492508], [-1.58790242912175, 60.1907547047493], [-1.60384363337414, 60.200062746799], [-1.58414394495019, 60.2095224224543], [-1.56773621583851, 60.1979305375368], [-1.56851583335166, 60.1937687492508]]], [[[-1.4742532658539, 60.341424032817], [-1.47392555051108, 60.3308097393662], [-1.46131888729553, 60.3353564731819], [-1.43805768946095, 60.3271764281434], [-1.46885850637655, 60.3194223898957], [-1.47295567585264, 60.3111204884521], [-1.48217615636502, 60.3210582614069], [-1.46623107399037, 60.3273446627922], [-1.49091638168337, 60.327055389595], [-1.4742532658539, 60.341424032817]]], [[[-1.39255088064201, 60.3227051498204], [-1.40393941711936, 60.3333744393988], [-1.38563874307071, 60.3423296185299], [-1.37406141871182, 60.3340455395234], [-1.39255088064201, 60.3227051498204]]], [[[-1.71865880010623, 60.3464019658024], [-1.70982535296641, 60.3403808244791], [-1.69970336728524, 60.3445121184577], [-1.69633223366676, 60.3362205367227], [-1.69095601077378, 60.3426011156847], [-1.68738137996489, 60.3314501425451], [-1.68208647773658, 60.342598828343], [-1.66900098355834, 60.3426933379791], [-1.67633534789397, 60.3287832035345], [-1.66254447048743, 60.3243114425949], [-1.70437870654361, 60.315399715071], [-1.70614889291771, 60.3291852564993], [-1.71894341985841, 60.3198615272254], [-1.73866414209063, 60.3369116995099], [-1.71865880010623, 60.3464019658024]]], [[[-1.02782457259105, 60.3703450507242], [-1.04060144819948, 60.352222382846], [-1.04530571867884, 60.3631711827861], [-1.02782457259105, 60.3703450507242]]], [[[-0.900188850255513, 60.3816721883359], [-0.927696115709008, 60.3725470591521], [-0.978775524671221, 60.3313810913481], [-1.00498283844781, 60.3263882960778], [-1.03771542802802, 60.3346565606445], [-1.0153531738399, 60.3464894149364], [-1.02035479330172, 60.3518456703682], [-1.00269277503323, 60.3691632410446], [-0.975708468236446, 60.3705017683414], [-0.962597604728603, 60.3826827484305], [-0.936158304808403, 60.3767051774611], [-0.913353364184973, 60.3847972965014], [-0.900188850255513, 60.3816721883359]]], [[[-1.42777895061817, 60.390395557515], [-1.38243478049867, 60.3761751138982], [-1.37874925141435, 60.3678058269567], [-1.39193663929593, 60.3514578986927], [-1.43168714796025, 60.3451272167643], [-1.46341501330707, 60.3560870804344], [-1.47564684180596, 60.3743091766036], [-1.45819157419678, 60.3738404830389], [-1.45064837641014, 60.3846125296617], [-1.42777895061817, 60.390395557515]]], [[[-0.749000730276088, 60.4244775581681], [-0.754634353296433, 60.4235000482641], [-0.755955309341352, 60.4240158500489], [-0.748510769835269, 60.4303558742524], [-0.749000730276088, 60.4244775581681]]], [[[-0.759565925477509, 60.4310000861937], [-0.754607108136321, 60.4188189742728], [-0.776231411084279, 60.4204949895296], [-0.798964221906661, 60.4099945861565], [-0.759565925477509, 60.4310000861937]]], [[[-1.15540958710525, 60.4749773428533], [-1.14156397478244, 60.4619772875883], [-1.16268231141894, 60.4662731664064], [-1.15540958710525, 60.4749773428533]]], [[[-1.22608499031318, 60.5186971330268], [-1.21965834019521, 60.5106058547605], [-1.23538856833418, 60.5150110312787], [-1.22608499031318, 60.5186971330268]]], [[[-1.41715280407136, 60.6168681786876], [-1.43770670004128, 60.6164362861185], [-1.42957313955184, 60.6201291152802], [-1.41715280407136, 60.6168681786876]]], [[[-0.971115356320346, 60.6094311049994], [-0.980121492649897, 60.6029588155433], [-1.00189768477401, 60.6062834954918], [-1.00300107235416, 60.5977806000094], [-1.01032549880857, 60.6004232577621], [-0.991158217666313, 60.6189764924825], [-0.971115356320346, 60.6094311049994]]], [[[-0.831506298284225, 60.62817857645], [-0.824968291456545, 60.6069168155281], [-0.818167544470579, 60.6018321257992], [-0.809006243759133, 60.606190871975], [-0.808073073940776, 60.5989284915733], [-0.79168665132351, 60.6128671994301], [-0.773888462612545, 60.6148171315815], [-0.770837233723987, 60.5923592285155], [-0.801031324884241, 60.5682576084172], [-0.830962897543133, 60.5883414943805], [-0.84652171246356, 60.5829470112502], [-0.859672531383872, 60.5936092046581], [-0.890911058078351, 60.5929178991159], [-0.8966833769564, 60.5869424017425], [-0.860045908151401, 60.5688337859772], [-0.894047293408764, 60.5628338084208], [-0.947976643650568, 60.6101062473524], [-0.936260922756832, 60.6307939397002], [-0.909561761357222, 60.6297890181154], [-0.897634030083695, 60.6204247509732], [-0.866312984309271, 60.6326800315734], [-0.831506298284225, 60.62817857645]]], [[[-1.30881681941194, 60.6376377452716], [-1.30431974493083, 60.5951612696369], [-1.31894107705022, 60.5833173969507], [-1.33568490149107, 60.5833129379452], [-1.31376497835525, 60.5710905858678], [-1.31559237294718, 60.5411493499917], [-1.34132675748063, 60.5367647292011], [-1.35316213067644, 60.5417320476357], [-1.36685668570764, 60.5264404576131], [-1.32374292985827, 60.5254885226997], [-1.36269867521911, 60.5169586212792], [-1.33762978630383, 60.5194718716896], [-1.3241034566253, 60.5105554059805], [-1.34404752657354, 60.5030654409399], [-1.33736462344802, 60.4889004153433], [-1.35674159119424, 60.4789585504598], [-1.33211605389005, 60.4782766262107], [-1.32732873678973, 60.4950519333079], [-1.31040986587337, 60.4955178947534], [-1.31152902027818, 60.4821991644885], [-1.33112810115564, 60.4784602418411], [-1.32016142665464, 60.4517032041263], [-1.33432367985001, 60.4480685073513], [-1.33836150327228, 60.4519503611002], [-1.34953231112816, 60.4561908643691], [-1.33956684653678, 60.450869337794], [-1.3636491049672, 60.4292534807232], [-1.35595628602559, 60.4133464728725], [-1.37079695838188, 60.4143644994066], [-1.38371564880308, 60.3974996044353], [-1.37524025068368, 60.3937418433247], [-1.32766655009698, 60.4109524208912], [-1.34674728153024, 60.4135531461215], [-1.3303767635796, 60.4371538433785], [-1.29545403096491, 60.4438915475938], [-1.2817820428723, 60.4365808393719], [-1.27740878105243, 60.4481990078666], [-1.26012784774441, 60.4432350982107], [-1.30428574772093, 60.4681553385969], [-1.28036788905607, 60.4877140048883], [-1.26179014372492, 60.4762945732961], [-1.22881877422053, 60.4950452903101], [-1.20318328218572, 60.4783206271627], [-1.20822112268748, 60.456383913824], [-1.18893711220688, 60.4642055708898], [-1.17702919080292, 60.4544746092663], [-1.20284152537328, 60.4452331138524], [-1.16735874078817, 60.4419874337428], [-1.19442084284024, 60.4316433660083], [-1.17323893300333, 60.4336870288672], [-1.16752800906917, 60.420133401239], [-1.18907005519607, 60.422915171801], [-1.19531829027104, 60.4315164960178], [-1.25754070188788, 60.4030977402739], [-1.24034145554243, 60.4077422224555], [-1.25907566857297, 60.3978347998514], [-1.19409409080056, 60.4199036104307], [-1.19087410095782, 60.4137815715775], [-1.22550740488827, 60.401768840012], [-1.16956183216206, 60.4144000041769], [-1.16393750760578, 60.3774267909846], [-1.15144165085214, 60.4033950410545], [-1.12176242258856, 60.4043852313772], [-1.13687192496163, 60.4119204300351], [-1.11916032222387, 60.4289265685467], [-1.11022907214372, 60.4152425756125], [-1.07650817732861, 60.441595546296], [-1.05090784895145, 60.449605092289], [-1.04985609191969, 60.4463789759903], [-1.05340290141333, 60.436648481769], [-1.10385740188062, 60.4058973075984], [-1.12100998916258, 60.4015895621273], [-1.14136388801501, 60.3829874057516], [-1.12725966059898, 60.38200229867], [-1.12906892245773, 60.3693794909157], [-1.10792545798777, 60.393897262168], [-1.07523040781159, 60.388302162092], [-1.07549959770128, 60.3567350251299], [-1.11818359110607, 60.3453113049349], [-1.19353459800874, 60.3530361129699], [-1.18391366019074, 60.3497532253667], [-1.16857412155955, 60.3221364837657], [-1.1559613396872, 60.3378607986773], [-1.13395785759572, 60.3196615953092], [-1.12646683289799, 60.3262419057936], [-1.09891385948865, 60.3213418153319], [-1.08499706987218, 60.3250922782704], [-1.0927206595068, 60.3104777554859], [-1.08160051314079, 60.304940657812], [-1.0873768700839, 60.2995581811795], [-1.11638407603347, 60.3028648630942], [-1.15989455851951, 60.2807137161828], [-1.14340796252062, 60.2802794772674], [-1.14809268294248, 60.2651937928174], [-1.14538113255617, 60.2733317221579], [-1.1083880168795, 60.2760809394988], [-1.1170882400178, 60.2710900036684], [-1.11050382194998, 60.2659190057198], [-1.09636383805681, 60.2696142803578], [-1.10210851618792, 60.2589800475017], [-1.14408093005491, 60.2594507797164], [-1.1544419253715, 60.2467762699888], [-1.14059830707183, 60.2491126583546], [-1.1714528105248, 60.2402836395478], [-1.17804142546436, 60.2525081770657], [-1.16490959180284, 60.2601430839907], [-1.18997741838233, 60.2611611626625], [-1.19937290905007, 60.2701754557439], [-1.21033809716716, 60.2659836581997], [-1.19365152242877, 60.2453824867363], [-1.23142036069989, 60.2300251516612], [-1.18514147945072, 60.2323210151278], [-1.22200649558098, 60.1987824988879], [-1.16814613915454, 60.2223303150681], [-1.18095929854198, 60.2120242104507], [-1.16994759599011, 60.2088506816234], [-1.18739359620107, 60.2041627732083], [-1.21887580706952, 60.1706767311123], [-1.15400578503178, 60.2038959671325], [-1.15876270135085, 60.1890437288329], [-1.14497116207827, 60.1889330828406], [-1.16321682849419, 60.1657912799493], [-1.13198294419687, 60.1489396285009], [-1.1374516782373, 60.1441631248036], [-1.15973859859561, 60.1487567544144], [-1.15557761792122, 60.1286705659177], [-1.17252682189219, 60.1412352246502], [-1.1751212522934, 60.1191157547485], [-1.20386841508373, 60.1306531622693], [-1.19940501050244, 60.1064597613182], [-1.22605707215355, 60.1002894656166], [-1.20690430311386, 60.0898317438648], [-1.21722357131623, 60.073969477789], [-1.1997804723332, 60.0572356911341], [-1.20363322803202, 60.0476819458085], [-1.17156542965606, 60.0406758553695], [-1.17446855158319, 60.0351132416003], [-1.20774044214794, 60.0356214612805], [-1.20900781513939, 60.0465616680699], [-1.2147661340787, 60.0346098793461], [-1.23316161323494, 60.0331083288548], [-1.22337173185658, 60.0075507696934], [-1.19803810109709, 59.9909513458894], [-1.20867335754619, 59.9891565445546], [-1.20481380802652, 59.9724000234618], [-1.22072579756882, 59.9949817970174], [-1.23416183365095, 59.9811230640809], [-1.25287745267778, 59.9966399117142], [-1.25987379380298, 59.9889166626344], [-1.27752440187086, 59.990079794941], [-1.26722948649066, 59.9766025219612], [-1.25407229506788, 59.9762987777222], [-1.26328208946111, 59.9650401018221], [-1.25626816570084, 59.9538727146073], [-1.26504016727511, 59.9511911186924], [-1.25801850338218, 59.9359753230699], [-1.27158572857711, 59.9204228394353], [-1.29203454877473, 59.9221316542745], [-1.26924156057398, 59.9081427794113], [-1.27197780263723, 59.8856929315693], [-1.30041184160527, 59.883916084751], [-1.28004624246666, 59.8826966942109], [-1.28360861873276, 59.8726176351155], [-1.26866613117174, 59.8755668995897], [-1.27768019001416, 59.8533855170241], [-1.29696029227437, 59.8756658150178], [-1.31346749059234, 59.8552697714784], [-1.30631573894811, 59.8816578514297], [-1.31888324836511, 59.8975243124323], [-1.34440853643988, 59.8970492920656], [-1.35018801647469, 59.8834244999056], [-1.35865372658265, 59.892849543715], [-1.38163334648499, 59.888680652469], [-1.39226934918801, 59.9131405579847], [-1.36354361655779, 59.9207123681703], [-1.3641032953119, 59.9458144692498], [-1.34505302590119, 59.9423364439676], [-1.34347495726207, 59.94641779064], [-1.32918941434783, 59.9480142141432], [-1.33178988088879, 59.969061827153], [-1.36132854923365, 59.9694319557005], [-1.35473069883032, 59.9806494326675], [-1.3301605177963, 59.972203582404], [-1.34691594150914, 59.9989021659016], [-1.31755118080138, 60.012766490825], [-1.30407379052151, 60.0587257828116], [-1.27191297702446, 60.09811107511], [-1.2667449578844, 60.1374222909274], [-1.26708886956451, 60.142346003828], [-1.27076134189373, 60.1339832710118], [-1.30559356200072, 60.1327354304319], [-1.29052177567493, 60.147112252598], [-1.30234063969029, 60.1490830349813], [-1.28350412893733, 60.1955501506673], [-1.29701297302426, 60.1934206788623], [-1.31605235556328, 60.159043255118], [-1.31817063466893, 60.1717482622737], [-1.26461464963578, 60.240119729352], [-1.32842031969435, 60.1642282889669], [-1.28983851100826, 60.2545776062636], [-1.34757224627636, 60.2007563894411], [-1.36893886326601, 60.2347454422409], [-1.36742305834151, 60.2398517746783], [-1.35224100161993, 60.2377134064803], [-1.35695198631204, 60.2456860922088], [-1.3864510242373, 60.2513308328823], [-1.38716189672359, 60.2463155642847], [-1.39610597386401, 60.2453924166136], [-1.41801179318566, 60.2590166887212], [-1.43505196174299, 60.2549898484407], [-1.38888890589809, 60.2353729577685], [-1.37635370326818, 60.2365134120562], [-1.36097708552838, 60.1946561098708], [-1.37333231536489, 60.1899789036178], [-1.368674138281, 60.2098160093614], [-1.39450940855504, 60.1998842536477], [-1.3971633583426, 60.2189616352266], [-1.40141819125283, 60.179141527055], [-1.42225414352222, 60.1647444554894], [-1.43876724210639, 60.1721826868001], [-1.43849637159767, 60.1887672053746], [-1.46268875983334, 60.1466091441266], [-1.46985738691899, 60.1603099684585], [-1.51057588338283, 60.1647033976195], [-1.5118802655107, 60.1830902718911], [-1.53467341975117, 60.1798925729899], [-1.54641421482603, 60.1888173974714], [-1.5429171090383, 60.2042483102269], [-1.4843509098774, 60.2040592010675], [-1.50415202071777, 60.2085902604085], [-1.46882931910633, 60.2219015150584], [-1.506669834544, 60.2152285257613], [-1.50550396949187, 60.228436811879], [-1.4913920014171, 60.2307747650463], [-1.51571867133899, 60.2324610943964], [-1.51132223992711, 60.2420275662533], [-1.53417528237308, 60.2468170834448], [-1.53039745672843, 60.2338090652922], [-1.51482525259505, 60.2290789343216], [-1.55409535125684, 60.2015273649223], [-1.5508495613531, 60.2208647044055], [-1.56379718801896, 60.2288291573837], [-1.57459202718717, 60.2192071559912], [-1.61211068587724, 60.2201123244819], [-1.59781232831343, 60.2105970886779], [-1.62530491998159, 60.2073994983772], [-1.65179737533699, 60.2199438538578], [-1.6372578575828, 60.229445028966], [-1.65494180757281, 60.2264390739613], [-1.69009510508448, 60.2346996856288], [-1.69792252461735, 60.2472291712829], [-1.6864675526748, 60.2537643473783], [-1.70323616035147, 60.254928906405], [-1.68019174404693, 60.2770666479671], [-1.70221398324316, 60.2894739725958], [-1.67099198321245, 60.3036076365981], [-1.60138398640546, 60.3069014942789], [-1.57220154781434, 60.2874755151694], [-1.57582482256708, 60.3003137307429], [-1.56976373379451, 60.2947719844147], [-1.53606577718998, 60.2922615149894], [-1.55063374403147, 60.3060042467479], [-1.50543740147693, 60.3194990175214], [-1.47798384198548, 60.2744610662794], [-1.45927923326806, 60.2888601027002], [-1.47905657486123, 60.2904496898115], [-1.48799530790928, 60.3067703099593], [-1.44455660099762, 60.2972458887574], [-1.4661621145374, 60.3054674148806], [-1.43817464682302, 60.3090469728884], [-1.4608381210514, 60.3129808466903], [-1.42698835198106, 60.3286594810963], [-1.41895236581975, 60.3150609293057], [-1.41132998720458, 60.3203134850799], [-1.38768821588799, 60.3137242766907], [-1.37451801715393, 60.284351546319], [-1.36626867287848, 60.2994755141141], [-1.33913649038233, 60.3011177071477], [-1.36828569419753, 60.3107346925364], [-1.37023160719588, 60.3295567728156], [-1.35474741940572, 60.3442835035875], [-1.33875682709491, 60.3336364252337], [-1.33060788779952, 60.3374332136625], [-1.33995783637035, 60.3596327581872], [-1.30035863483765, 60.3606430625138], [-1.27109571082429, 60.3485678215635], [-1.26153259354684, 60.3513083928206], [-1.30199431940355, 60.3697832632503], [-1.3640287036413, 60.3693360000071], [-1.34369160580073, 60.3826933159639], [-1.35349699064214, 60.3954402075087], [-1.37769686299764, 60.3768240039853], [-1.40504168581088, 60.3838883885991], [-1.40967394718281, 60.3956667967815], [-1.38542571246245, 60.3977544077334], [-1.41575595171079, 60.4044631206115], [-1.40771944467737, 60.4139760258993], [-1.39022875382264, 60.4083615213977], [-1.39924682343005, 60.4193306367973], [-1.45274723748424, 60.4160224271675], [-1.44935174749122, 60.444299908549], [-1.42182433325513, 60.4511419405396], [-1.46528841946486, 60.4521188269915], [-1.46443805244049, 60.4646094401468], [-1.43036758482186, 60.471009623756], [-1.46463060499527, 60.4693414175333], [-1.45369031323534, 60.4898808821061], [-1.48857323330313, 60.4755483867622], [-1.48077169340194, 60.4698431382829], [-1.49730807770497, 60.4532737122954], [-1.51517228498515, 60.4663091125956], [-1.49378127901115, 60.476330617947], [-1.49636209390791, 60.484119375672], [-1.53752946742445, 60.4793574080844], [-1.55433589202443, 60.4906855732163], [-1.5712414873329, 60.4764142326127], [-1.58507075391236, 60.48175169122], [-1.61278029784699, 60.473463693932], [-1.63300968069953, 60.4872350251887], [-1.61072715974427, 60.5088615959263], [-1.58316865986146, 60.5086365401433], [-1.57377499428493, 60.5001443758038], [-1.56171145232952, 60.5042674510246], [-1.57860269916852, 60.5091474723163], [-1.56563636940495, 60.5152751220924], [-1.56646594359546, 60.5378062043874], [-1.53349167044663, 60.5562883648666], [-1.51833298189504, 60.531697730325], [-1.46757437832802, 60.5102471126866], [-1.44465868884574, 60.5037926163586], [-1.3939832703956, 60.5119784893204], [-1.45546550951411, 60.5113072475767], [-1.49720285735359, 60.538602763221], [-1.48201729026038, 60.5528082863533], [-1.43456450191882, 60.5737832223316], [-1.44401604406134, 60.5887559086693], [-1.41918495206634, 60.6020328537591], [-1.43478900923681, 60.6032212651526], [-1.42116819612286, 60.6146756165823], [-1.37526551977591, 60.6058429906656], [-1.34967219817164, 60.6099753473053], [-1.33285826850678, 60.5996512979292], [-1.34894488580235, 60.6191706803318], [-1.34443395381052, 60.6267682861765], [-1.32960252418951, 60.6216797095442], [-1.30881681941194, 60.6376377452716]]], [[[-0.876604828662933, 60.6710673592407], [-0.88615843551265, 60.6600837958916], [-0.918737055804154, 60.6729222145818], [-0.908299485676289, 60.6787532402171], [-0.876604828662933, 60.6710673592407]]], [[[-1.04160133363169, 60.732095850331], [-0.999777270698174, 60.7210711134248], [-1.00938717761469, 60.7129231426382], [-0.98678687178879, 60.7002782357244], [-1.00793454948058, 60.7013411995485], [-0.994815911412343, 60.6977030484665], [-0.989503465882723, 60.6546364439276], [-0.999548223274407, 60.6490810440661], [-0.983232783309907, 60.6383043833462], [-0.998444392514139, 60.6334460046946], [-1.03226259492768, 60.6428341351083], [-1.06903906336701, 60.6715846627755], [-1.05386358096321, 60.641732051606], [-1.03507730981676, 60.6338208505252], [-1.0192090473691, 60.6167187605081], [-1.04625903280259, 60.6005416274255], [-1.07001685548862, 60.6113382480764], [-1.0911191211171, 60.6044587836902], [-1.03151587131466, 60.59736033488], [-1.02945992028269, 60.5869432550893], [-1.01793031734589, 60.5907560819189], [-1.01768269486554, 60.5824297963165], [-1.00305400110559, 60.5810903447457], [-1.00572747218344, 60.5655148320379], [-1.02415649867161, 60.5612192369075], [-1.01434752772912, 60.5487819335222], [-1.04850672359719, 60.5499957073727], [-1.04045851259772, 60.535356199431], [-1.04365169056486, 60.5337939216927], [-1.02140781984908, 60.5320131481784], [-1.03585422520393, 60.51069398929], [-1.03747430008262, 60.5018856493995], [-1.02881919221916, 60.4969906294125], [-1.05262642639782, 60.4926374593698], [-1.03943520481934, 60.4988554943648], [-1.06860250093033, 60.4897131537979], [-1.09049947104935, 60.4995324910004], [-1.10983088345065, 60.4983453353428], [-1.091933823385, 60.4999938932461], [-1.11739489483868, 60.5097269525285], [-1.12174141173124, 60.4983413098733], [-1.09891654761582, 60.4862403018544], [-1.14086086620056, 60.4889680105838], [-1.14640183076483, 60.4837822926002], [-1.16791612066908, 60.4991418294919], [-1.17563970501065, 60.5227663680783], [-1.18817038505983, 60.5223645070428], [-1.17656799070952, 60.5264675885353], [-1.18993007048993, 60.5463844364133], [-1.18065533291679, 60.5721869297731], [-1.19387325998196, 60.5735996311222], [-1.1900690217126, 60.5616267510132], [-1.2024039341059, 60.5669668936921], [-1.18465635818782, 60.5821985236683], [-1.203223653915, 60.6067164550724], [-1.1884711393161, 60.6349304373518], [-1.15804522736922, 60.657511042653], [-1.15306180443624, 60.621178427568], [-1.13732809221017, 60.6220176811768], [-1.12174684267051, 60.6060185497755], [-1.10536944678822, 60.604232914803], [-1.14618910960997, 60.6276133124868], [-1.12586990681741, 60.6924566422059], [-1.13537678729658, 60.7047085527775], [-1.11907425034879, 60.7192264252361], [-1.12784883335264, 60.726788675189], [-1.08541098522196, 60.7266856845306], [-1.07451599510801, 60.7071117625225], [-1.07332316987345, 60.73057395241], [-1.04198075725414, 60.7226215014893], [-1.04160133363169, 60.732095850331]]], [[[-0.784326658644695, 60.7465677382836], [-0.795140238735903, 60.7409283738786], [-0.791069627612315, 60.7601961495446], [-0.784326658644695, 60.7465677382836]]], [[[-0.875852675494757, 60.8456893247473], [-0.866116686858534, 60.8335917168356], [-0.881203546110119, 60.8051160590869], [-0.867218470756307, 60.8056755978839], [-0.835085024838458, 60.8433795804501], [-0.826467086323109, 60.8310258300368], [-0.798095767579666, 60.8352314231918], [-0.797698768705317, 60.8290862401083], [-0.777596828110873, 60.8292873847295], [-0.782058249703812, 60.8197359391333], [-0.766367860137455, 60.8174639895972], [-0.80442645894973, 60.8100246292633], [-0.776551425652685, 60.7968429999563], [-0.780784608560548, 60.78023770717], [-0.835745926762901, 60.7866613698095], [-0.802805509225553, 60.7584874925539], [-0.865638222870566, 60.7573965177394], [-0.812610029635225, 60.7491688939779], [-0.870727938612304, 60.7022248258855], [-0.842703236411903, 60.6904307178899], [-0.83391333063598, 60.6965636327313], [-0.832751258843992, 60.6836848908771], [-0.856712646114133, 60.6738778147308], [-0.913299799198027, 60.6901278748367], [-0.947450160352559, 60.673312267089], [-0.966552836180788, 60.6847941228703], [-0.981210918122864, 60.6840944243525], [-0.965159172780146, 60.6959298676344], [-0.984260967281253, 60.719422116658], [-0.952002746966732, 60.717625970222], [-0.965199356389709, 60.7370527295205], [-0.938972615927912, 60.7507712259405], [-0.946809410460271, 60.7612828781813], [-0.932241435690593, 60.7818596490887], [-0.954934066004341, 60.7913444734769], [-0.925436400292606, 60.8095814109104], [-0.938209449374268, 60.812951112453], [-0.912961927855158, 60.8161838710184], [-0.895153262444276, 60.8300307818034], [-0.90037513199083, 60.8406386428259], [-0.875852675494757, 60.8456893247473]]], [[[-0.872210850899757, 60.8602839359846], [-0.874549347958293, 60.859717156516], [-0.874292068897855, 60.8608667553459], [-0.872210850899757, 60.8602839359846]]]]}}, {"type": "Feature", "properties": {"Region": "Wales", "LabelPoint": [52.36594681439445, -3.6014503725911213]}, "geometry": {"type": "MultiPolygon", "coordinates": [[[[-4.30971983973256, 51.5627919732552], [-4.31141272359455, 51.5616461670069], [-4.33380535779627, 51.5651533079869], [-4.30971983973256, 51.5627919732552]]], [[[-4.31215488266979, 51.6107737032281], [-4.31181257558778, 51.6040297332612], [-4.31651027846597, 51.6089994396171], [-4.31215488266979, 51.6107737032281]]], [[[-4.67482190627257, 51.63760090808], [-4.68405664537645, 51.629915447751], [-4.70347152846698, 51.6320249160985], [-4.70951487183564, 51.6421769300908], [-4.67482190627257, 51.63760090808]]], [[[-5.27009338600403, 51.695960851044], [-5.28796314833789, 51.693514256216], [-5.27399120806196, 51.7034976651412], [-5.26465013536465, 51.7018356728643], [-5.27009338600403, 51.695960851044]]], [[[-5.66812342812174, 51.7206665741718], [-5.66817181664226, 51.7197456175741], [-5.66932862445889, 51.7204534269971], [-5.66812342812174, 51.7206665741718]]], [[[-5.47740347266694, 51.7324258469589], [-5.48005928799017, 51.728339414617], [-5.48155299240433, 51.7304316743006], [-5.47740347266694, 51.7324258469589]]], [[[-5.29971100527445, 51.7449620020375], [-5.26949643136985, 51.7346152559332], [-5.28141919757556, 51.736746407783], [-5.29303622474801, 51.7283188690149], [-5.31079541602371, 51.7327177400675], [-5.31316734557121, 51.7397006449371], [-5.29971100527445, 51.7449620020375]]], [[[-5.33813980252547, 51.8790686162585], [-5.33335987107999, 51.8537515141483], [-5.3533708341561, 51.8637670166382], [-5.33813980252547, 51.8790686162585]]], [[[-4.7802232300981, 52.7589901376158], [-4.80165211671975, 52.7450814682008], [-4.79342815805209, 52.7684957858591], [-4.77992168689255, 52.7660988520511], [-4.7802232300981, 52.7589901376158]]], [[[-4.64398404932459, 53.3204279890235], [-4.64819999538441, 53.3186668555877], [-4.62770814396475, 53.3144644579477], [-4.62524270458337, 53.3181165326407], [-4.6313565731011, 53.3078258432195], [-4.62080089619086, 53.3127000120268], [-4.61119092238863, 53.30278012202], [-4.58498258486146, 53.3011791832714], [-4.5837858420145, 53.2901926593445], [-4.6098974936199, 53.2793389830388], [-4.5980156759158, 53.2827318856557], [-4.59735937615227, 53.2743744207537], [-4.57641605289011, 53.2724277051355], [-4.58451052099212, 53.2632495266018], [-4.56183417667213, 53.2639981150692], [-4.5726860353926, 53.2616153026058], [-4.55674457191515, 53.2456958354765], [-4.5970302630142, 53.2404080255919], [-4.61051068524746, 53.2454440524334], [-4.60851715939334, 53.2559126139798], [-4.62557436990558, 53.2692821824377], [-4.61728470219488, 53.2791465442851], [-4.65159815465714, 53.2879063754611], [-4.6828285045969, 53.2835205811556], [-4.67773000188356, 53.2982932461671], [-4.6966989969827, 53.307376869119], [-4.68325020440296, 53.3132424434781], [-4.6814561899704, 53.3225170508844], [-4.66192878336279, 53.318882547039], [-4.62350675096761, 53.3296010873091], [-4.64725905764447, 53.320831581752], [-4.64398404932459, 53.3204279890235]]], [[[-3.31244594769246, 53.3423184077657], [-3.27321758743207, 53.3206629192688], [-3.26479563705493, 53.3245983705714], [-3.25827356158214, 53.314552236001], [-3.20121913552108, 53.2936140617016], [-3.1089519807517, 53.2409157119426], [-3.06614612013454, 53.227133695412], [-3.09465173008679, 53.2448240467769], [-3.07516624216219, 53.2410837567123], [-3.10935720675223, 53.257607578562], [-3.0360241317657, 53.2518049826441], [-2.9983782407184, 53.2358586433666], [-2.92229929317117, 53.1892926708204], [-2.92783850918185, 53.1714114098192], [-2.99508831009331, 53.1541959610598], [-2.97949802680966, 53.1506216451438], [-2.96381312518341, 53.1327575241621], [-2.91023233565262, 53.1126389633283], [-2.88109940909981, 53.1216037174963], [-2.90207396485116, 53.0920394240974], [-2.87572225442175, 53.081522027628], [-2.88164358493242, 53.0743920830987], [-2.86147506310468, 53.060660399278], [-2.87255483685911, 53.0586155388117], [-2.85924038438122, 53.0542555269905], [-2.87011791101549, 53.045360592318], [-2.85571506741516, 53.0372559033468], [-2.86104429459502, 53.0228486540914], [-2.84406201373811, 53.0176683661674], [-2.83599558996295, 52.9971501459187], [-2.80331096693005, 52.9895941835749], [-2.76827535224616, 52.9948605032859], [-2.7599401790776, 52.9864196655643], [-2.7268406065337, 52.9832729453915], [-2.73529356518204, 52.9699461891475], [-2.72417751071701, 52.9571216546992], [-2.72843937384749, 52.9253018624858], [-2.75532645758129, 52.9246280363585], [-2.79884789455756, 52.8957587633309], [-2.84101496067848, 52.9426237140995], [-2.88353939739913, 52.9466392161464], [-2.88743132915924, 52.9525298899764], [-2.9288886576968, 52.9386788293684], [-2.9598133204483, 52.9511695547838], [-2.97502999812956, 52.9689845232229], [-2.98202234589558, 52.9591982537615], [-3.00964949707879, 52.9561994723275], [-3.03512347363092, 52.9294624885379], [-3.07651316772971, 52.92547934312], [-3.09602579987912, 52.9303329929943], [-3.11416217688046, 52.8939782156026], [-3.14750393983102, 52.8901693448939], [-3.13552413220342, 52.8850136660634], [-3.15241672487316, 52.878747886248], [-3.12771287514737, 52.8671030319031], [-3.16301475130881, 52.8474909443465], [-3.15126038171278, 52.8425648873842], [-3.16788753046969, 52.819266678782], [-3.16820515656899, 52.807328442099], [-3.15319003437988, 52.8063686249265], [-3.16085535746191, 52.7957450851539], [-3.11828683786622, 52.7835824200664], [-3.08663218442715, 52.7955931558439], [-3.09168246698264, 52.7866629786859], [-3.07951607132088, 52.771513911764], [-3.04779141568697, 52.7726355733758], [-3.05254038732917, 52.7685883478595], [-3.03898545182156, 52.7703947262685], [-3.03536166527588, 52.7640327159303], [-3.01714764503031, 52.7676217633273], [-3.01081496516033, 52.7584741340176], [-3.02180979863464, 52.7519407809159], [-2.99199278312435, 52.7437560376404], [-2.99131975668694, 52.7338180007838], [-2.96506569361931, 52.7322680639285], [-2.96107942399414, 52.7164656937382], [-2.97810302517224, 52.715357324982], [-2.97759195389928, 52.7265916751035], [-3.00055465557069, 52.7202753098192], [-3.02035717507642, 52.725102241172], [-3.0224859512498, 52.7066679412475], [-3.04704782420661, 52.6912658400172], [-3.03858027691564, 52.6753731659248], [-3.05112433418108, 52.6473703190466], [-3.08356627752097, 52.6412925192923], [-3.05981991551762, 52.6307103323431], [-3.07318689672821, 52.6289626614398], [-3.09362257365342, 52.6093390867467], [-3.08955816271373, 52.5995062971115], [-3.11741414899447, 52.5857631466243], [-3.13950076571608, 52.5857198071629], [-3.11149542440582, 52.5413637639296], [-3.1370447146752, 52.5340448098515], [-3.13307842958419, 52.5274720738946], [-3.08541228712571, 52.534502701906], [-3.08727582526502, 52.551331507343], [-3.014230447679, 52.5754965428671], [-2.99416397610144, 52.5529108733399], [-3.00387364775971, 52.5198330362371], [-3.03237893922629, 52.5237313424194], [-3.02920219998827, 52.5012680249874], [-3.11101713479608, 52.4989348274703], [-3.18021448078352, 52.4739344849595], [-3.19724017301225, 52.4759894035959], [-3.23555343310675, 52.4425111831888], [-3.21954231380943, 52.4212465653009], [-3.17885189317182, 52.4094453010763], [-3.15444662965246, 52.3877151712535], [-3.11060650812059, 52.3771928577085], [-3.06066441920979, 52.3482395287916], [-3.04017440612675, 52.344326448647], [-2.97450325778266, 52.3547007710804], [-2.95465135625057, 52.3491547619378], [-2.96680116367831, 52.3294490737256], [-3.00086604665785, 52.3217658044471], [-3.01262166661965, 52.2792068049991], [-2.94963475580722, 52.2694682333108], [-2.97718162692593, 52.2596861462932], [-3.00577598466957, 52.26425950182], [-3.03586088954314, 52.2567570179136], [-3.04831809735968, 52.2502329083463], [-3.04421511696905, 52.2379274553372], [-3.07303671037743, 52.2358769197235], [-3.07209180392951, 52.2130872867319], [-3.10208187078616, 52.2027204247282], [-3.09465104889233, 52.1837422721208], [-3.12243047087079, 52.1634196046664], [-3.09889603996449, 52.1547338851738], [-3.08254318096633, 52.1630471599712], [-3.0725382658941, 52.1557732338737], [-3.09369007605061, 52.1443059955093], [-3.13587330508285, 52.137908391339], [-3.14192072484887, 52.1278671845105], [-3.10492212967307, 52.1167418928952], [-3.10534931223889, 52.105417821816], [-3.12267991084996, 52.103148785592], [-3.1258956184989, 52.0783108206918], [-3.09058811273154, 52.050513287011], [-3.08628664345927, 52.0401943735748], [-3.09919890693024, 52.0226858076554], [-3.06737674091607, 51.9831362965463], [-3.02592825998755, 51.957270769139], [-3.00812331564277, 51.9271305457581], [-2.97666533447377, 51.9274901982694], [-2.97184633087118, 51.9049816258726], [-2.87783522764085, 51.9338143752183], [-2.84499642015606, 51.9220871897506], [-2.86187161480982, 51.9139790704284], [-2.84194532227904, 51.917727812754], [-2.83610650626024, 51.9060535381191], [-2.76830730538435, 51.8804448407202], [-2.77879887552431, 51.865859065782], [-2.73884858634764, 51.8366165094632], [-2.71966531119947, 51.8488696891103], [-2.71512837058452, 51.8402439267929], [-2.69730211579747, 51.8448091267489], [-2.69329553822647, 51.8338410112501], [-2.66619753963782, 51.8356235561264], [-2.65040070567432, 51.8261246880221], [-2.66087144177876, 51.8227538636128], [-2.65953874455198, 51.8106823732449], [-2.67853782959666, 51.8028451984713], [-2.66981057919979, 51.7942734498202], [-2.68045213470349, 51.7689294138601], [-2.66269206735517, 51.7538947427429], [-2.67222511999267, 51.736362949282], [-2.68754079653479, 51.730426258231], [-2.66844054916154, 51.7057888643313], [-2.68379147622247, 51.7006275146612], [-2.66916891575376, 51.6931500107373], [-2.67225329931617, 51.6810001352744], [-2.65686372173786, 51.6745037124404], [-2.6863760655126, 51.6632012907591], [-2.66592276270364, 51.6643235420326], [-2.68033178982132, 51.6475470386841], [-2.66851392778044, 51.6456305926834], [-2.65819446777054, 51.6216293541866], [-2.66969343652585, 51.6087847678208], [-2.69558143306712, 51.6034052142569], [-2.71261056120873, 51.5823539590023], [-2.75753539707036, 51.5784098470981], [-2.82163512673604, 51.554068942867], [-2.90488226643788, 51.5323971829755], [-2.92252256767124, 51.5357849887845], [-2.91401684865905, 51.5425759570984], [-2.95123519676215, 51.5350920702081], [-2.98165691825103, 51.5451318910095], [-2.97023127093506, 51.5555882601085], [-2.98871326988364, 51.5495272311328], [-3.00491814445661, 51.5657707535682], [-2.98931100387115, 51.5475138713], [-2.99530910349432, 51.5364703480639], [-3.08272010278254, 51.5019064613513], [-3.1254539704397, 51.4895055842597], [-3.14175703412085, 51.5122733049782], [-3.12358056397598, 51.4860458410725], [-3.16573293768705, 51.4461744126052], [-3.16969675510739, 51.4062959891268], [-3.18764295437649, 51.4000885998503], [-3.22415392403049, 51.4034199801581], [-3.26090409106591, 51.3947725791341], [-3.26898391744668, 51.3878976264714], [-3.31033300963496, 51.3927577933001], [-3.34236446327156, 51.3810629585481], [-3.39578966687884, 51.3827312444091], [-3.39518989439021, 51.3978622481949], [-3.39658662293993, 51.3823624075812], [-3.40559318361234, 51.3810001270185], [-3.41525709676574, 51.3877754408229], [-3.5589612520361, 51.401326304978], [-3.59679039626332, 51.4410242932753], [-3.63932116677576, 51.4633836601394], [-3.61963032579258, 51.4766196238635], [-3.6383229570123, 51.4699305036416], [-3.65891866475533, 51.4800459509531], [-3.67983679825256, 51.4731795158294], [-3.72082860172148, 51.479681726516], [-3.74942257899617, 51.5040472070758], [-3.76279899182597, 51.5380175297546], [-3.78926583624116, 51.5697147950142], [-3.81740061500185, 51.5743221125974], [-3.79793703840584, 51.5711356347409], [-3.80223234955444, 51.5818848722667], [-3.81228917232568, 51.5803488177192], [-3.79070972963899, 51.5929828139019], [-3.81094128969024, 51.583921924214], [-3.85082601988119, 51.6144661541173], [-3.83694031954908, 51.6236580998003], [-3.88623327835871, 51.6175371423755], [-3.92261139576578, 51.6075552388257], [-3.92713504519316, 51.6072628177011], [-3.92930271233206, 51.6167130267431], [-3.92873273257803, 51.6134615696434], [-3.92876287836853, 51.6081955647758], [-3.92909561331935, 51.6134459758715], [-3.9583431461475, 51.6121853017282], [-3.99390019657479, 51.5986973318191], [-4.00058271122287, 51.5800340815897], [-3.97677340554124, 51.5685203727368], [-3.98085470349252, 51.5647562063417], [-4.01055299357602, 51.5681566289183], [-4.02432868027121, 51.5631493507019], [-4.03499393856182, 51.5701067317802], [-4.06435163751016, 51.5572549373282], [-4.11132497634675, 51.5699495522737], [-4.10371388043533, 51.5777740859845], [-4.15643950995501, 51.5619499819546], [-4.15287633638278, 51.5425074241033], [-4.19480580503846, 51.5482643381414], [-4.21078403582841, 51.5371486629929], [-4.27881803373776, 51.5615030888397], [-4.30816062119017, 51.5630215916147], [-4.28900610839056, 51.5763509653312], [-4.30920622894354, 51.6096183814928], [-4.27965056655498, 51.6159112804573], [-4.24550350778722, 51.6475890471844], [-4.23059954796192, 51.6477365673618], [-4.24246596267727, 51.646352144195], [-4.23252998262843, 51.6422456856764], [-4.24556018524486, 51.6179894196669], [-4.23226397089495, 51.6315041052498], [-4.2338881313531, 51.622856184457], [-4.22871227024847, 51.6303603322121], [-4.22372285433251, 51.6209682406145], [-4.22537446022407, 51.6262293001681], [-4.20553721618095, 51.6164220261035], [-4.2246499863714, 51.6276945317356], [-4.2195497149679, 51.6315492529794], [-4.20889593683695, 51.6249308880349], [-4.21768366542568, 51.6355556204574], [-4.18636258176437, 51.6267125428181], [-4.19778465779034, 51.6223220159748], [-4.18779486077331, 51.6169601135864], [-4.19204682644764, 51.6241362376608], [-4.16589158925756, 51.6281739120276], [-4.17320083618366, 51.6161260109577], [-4.15887583516342, 51.6242347815365], [-4.16414762813243, 51.6279623450791], [-4.15570034012701, 51.6265538939626], [-4.16432709804661, 51.6281811847346], [-4.15472618259134, 51.6277974984313], [-4.1584731796005, 51.634315880388], [-4.13297540578407, 51.6324940989006], [-4.13744681444567, 51.6421213468264], [-4.08717888951721, 51.6479823030258], [-4.11633257657684, 51.6447195756993], [-4.10539689088778, 51.6526543161353], [-4.04856764417897, 51.6556981174946], [-4.08132773490499, 51.6620994444945], [-4.06243230133848, 51.6726565552694], [-4.07716210673677, 51.6820496219564], [-4.0692276533117, 51.6798345472154], [-4.0513946417325, 51.6998450339159], [-4.06626109965298, 51.6969612416416], [-4.06732706188907, 51.6906574320707], [-4.08164288113595, 51.6888038673698], [-4.08048973638657, 51.669688798621], [-4.08134550437243, 51.6749043831885], [-4.08965891087294, 51.6716995371518], [-4.08168324585071, 51.6638951838282], [-4.12942508834228, 51.6579422526742], [-4.13321271552629, 51.665379721864], [-4.14616234279879, 51.6546820314723], [-4.16760876044495, 51.6640674090389], [-4.16858856866292, 51.6808126719621], [-4.17006916480414, 51.665429361087], [-4.18233864795419, 51.6807252599588], [-4.21544124543316, 51.6853142723479], [-4.28908687377915, 51.6769503002846], [-4.26420434022536, 51.6733030982489], [-4.29123562909102, 51.667651861449], [-4.34832381261797, 51.6951065864248], [-4.37992586041014, 51.7321378656378], [-4.36054566826539, 51.7302905317623], [-4.36298516032877, 51.7246685095452], [-4.35751548837509, 51.7296966981222], [-4.35620953364968, 51.7218243700525], [-4.33544342825179, 51.7230969248671], [-4.3364643602493, 51.7175109428412], [-4.32384556126803, 51.7240967652654], [-4.32249048939067, 51.7165874878234], [-4.32178037975887, 51.7246565216736], [-4.31484710065416, 51.7192123223676], [-4.3150117596388, 51.7262603624371], [-4.30979088137136, 51.7214512670426], [-4.30194921603015, 51.7261321303509], [-4.32502347905204, 51.7318972720826], [-4.29545634398676, 51.7418840516137], [-4.32171124213161, 51.7344942454696], [-4.36555467753542, 51.7379200300112], [-4.37604524605263, 51.7538764713392], [-4.36612994080781, 51.7871850405265], [-4.32401598095458, 51.801520864108], [-4.36346340016537, 51.7965014711089], [-4.40383169458145, 51.7572757219878], [-4.44887995810673, 51.770113624662], [-4.46275225384406, 51.7691212007813], [-4.45898769121104, 51.7604588637621], [-4.41778231759532, 51.7452915950425], [-4.46321924240552, 51.7316834780938], [-4.55902369144595, 51.7419825875653], [-4.57188594725086, 51.7369441724328], [-4.63285204516072, 51.7351983741127], [-4.6762727366059, 51.7271560651677], [-4.69656985679293, 51.7127226819861], [-4.68024419410902, 51.6972813621509], [-4.69720164080801, 51.6862905404583], [-4.70187311462552, 51.6745432755888], [-4.69335391216671, 51.6719595437733], [-4.71428078813131, 51.6587850355551], [-4.71114070135419, 51.6517527884324], [-4.75685108614284, 51.6536837055654], [-4.75593967204922, 51.6440063593272], [-4.77711713447788, 51.6424299212925], [-4.78117319076453, 51.634939253854], [-4.81287938528187, 51.6451307808973], [-4.86078918464782, 51.6471080761508], [-4.86202220251223, 51.6386462162412], [-4.89865021345605, 51.6271515567829], [-4.89643383478663, 51.6101254634521], [-4.92299794541608, 51.6114311059374], [-4.92490057489397, 51.5971905712646], [-4.94834794118444, 51.5970111885279], [-4.97544795259385, 51.6103390556671], [-5.00758978012201, 51.6085694330761], [-5.05941041264515, 51.6206026252986], [-5.05006957208738, 51.6399437476273], [-5.06507134377004, 51.6633901221358], [-5.1233745182764, 51.6711966128453], [-5.12567208741828, 51.6816213200416], [-5.10509824009494, 51.6920586885919], [-5.07630372314939, 51.688104128123], [-5.08813616368731, 51.6846964942167], [-5.0738947451691, 51.6778539857808], [-5.04655270360189, 51.6762468462537], [-5.051184569659, 51.6938724083283], [-5.02756115623282, 51.6950325446901], [-5.00748894055015, 51.6873205113763], [-4.98145061788668, 51.6891210627488], [-4.98630035739701, 51.6840046802828], [-4.9734950664472, 51.6789014599676], [-4.97667300038299, 51.6881746242473], [-4.94922960015099, 51.7021789279354], [-4.89118274212594, 51.7060358833874], [-4.88682019787213, 51.7167550012958], [-4.87215408581503, 51.7176458302939], [-4.88482460693761, 51.7190197606993], [-4.88294226065844, 51.7339172294029], [-4.89801745337196, 51.7395672974601], [-4.88609578210335, 51.7710227700596], [-4.91286380765917, 51.7715273284449], [-4.89509626289, 51.761285200649], [-4.90249800130614, 51.7415570994516], [-4.88687359644194, 51.7302864671039], [-4.89556250818229, 51.7099352343004], [-4.9849218828108, 51.6993786493794], [-5.01920546074072, 51.7072304699089], [-5.01388719735359, 51.7171755266802], [-5.02260115652383, 51.7080076057079], [-5.0345704214278, 51.7107458760671], [-5.08512604876166, 51.7064213559744], [-5.10513418704872, 51.7235882439522], [-5.09302426481602, 51.7404673801784], [-5.10525712952611, 51.7360764404873], [-5.11590830743018, 51.7103761443002], [-5.12458441096024, 51.71743560327], [-5.15820632442002, 51.7150685747259], [-5.16999933451193, 51.7309667120645], [-5.16851875245671, 51.7067773383063], [-5.14961759660099, 51.7023664133911], [-5.15812521227946, 51.7017211818419], [-5.15731799068385, 51.6879746445469], [-5.17560262873158, 51.6803083986778], [-5.18827940717255, 51.6899144857294], [-5.18718627205001, 51.7088624544661], [-5.21220974362268, 51.7229673894941], [-5.23257542276546, 51.7249175684264], [-5.25402372597685, 51.7381856441793], [-5.21086579767254, 51.733915182355], [-5.20318517311117, 51.7555724802304], [-5.18610968636539, 51.7536278258116], [-5.16029876777647, 51.7721276830252], [-5.11858163790798, 51.7682558744574], [-5.10764727538255, 51.7741761392383], [-5.10288649901088, 51.8100530390551], [-5.12312106196955, 51.851915609708], [-5.13778013234857, 51.8639142211683], [-5.18159306796127, 51.8610487846883], [-5.17950312337631, 51.867246515107], [-5.19322361505631, 51.8689579612181], [-5.18931837711816, 51.873890415123], [-5.20063010715515, 51.8675938102361], [-5.24579515797209, 51.8735104562579], [-5.28255540441583, 51.8702318233915], [-5.29628015371766, 51.8607455656257], [-5.29755992995837, 51.8661030375353], [-5.3197629660478, 51.8616835527109], [-5.30733267051488, 51.8747802832848], [-5.3158545925982, 51.8848002069786], [-5.29585181380809, 51.8933208020668], [-5.30377631500544, 51.9036650572374], [-5.31458980197623, 51.9020138027029], [-5.30553879542507, 51.9083023554195], [-5.25916131254313, 51.9148444077915], [-5.23624886514884, 51.9295065801335], [-5.2101362778329, 51.9322335364308], [-5.19641779264829, 51.950610675747], [-5.15406481797116, 51.9482969638429], [-5.1426255279703, 51.9614633075418], [-5.10711353374625, 51.961181276348], [-5.10324114797965, 51.9692600210279], [-5.08579691104557, 51.9682348861582], [-5.0799118378718, 51.9853545567185], [-5.095657465945, 51.9936276571948], [-5.07258140524272, 52.0039627089666], [-5.08963921125481, 52.0153252705296], [-5.071291110453, 52.0300791390986], [-5.02073365446916, 52.0203532191839], [-4.99180444923071, 52.0260338198218], [-4.98680929150048, 52.0160556550467], [-4.97142832797507, 52.0129977700759], [-4.98269739820205, 52.0146928328888], [-4.99311671917663, 52.0040686783721], [-4.96923530673654, 51.9949311279622], [-4.91970936778452, 52.0100985612055], [-4.91002401830743, 52.0348926630717], [-4.878887124684, 52.0190279585469], [-4.81434509399364, 52.0185266016106], [-4.84132647504617, 52.0247568502366], [-4.83796714230033, 52.0334197005898], [-4.84422088094409, 52.0361583971807], [-4.83793673840511, 52.0503326710749], [-4.7914305217548, 52.0584568433319], [-4.75905210022317, 52.0767707791603], [-4.74144022574785, 52.0986332412315], [-4.74925200907752, 52.10416990954], [-4.73154141433034, 52.1178681947111], [-4.68837412255409, 52.1041383657654], [-4.68622093017045, 52.1297115899282], [-4.64186580725541, 52.1382724402386], [-4.58286668875013, 52.1379532609933], [-4.56725140138035, 52.1445324984195], [-4.54558438207058, 52.1332943531245], [-4.51860473943483, 52.1349873197357], [-4.47098762408705, 52.1602784302494], [-4.46691482620976, 52.1712681262307], [-4.45450953455681, 52.1675915882617], [-4.42892777386793, 52.1781849033016], [-4.37764653697893, 52.215744434472], [-4.35759464189558, 52.2154422076617], [-4.35053435586122, 52.2099919256176], [-4.32496691485593, 52.2136135451144], [-4.20751390152546, 52.2636585474993], [-4.14038141184307, 52.3225022797414], [-4.08989467424588, 52.3989565656928], [-4.08618585147006, 52.4272230455474], [-4.06911593558428, 52.4675148780876], [-4.05174024958489, 52.4815542287625], [-4.05626840538118, 52.532334847307], [-4.04152123188497, 52.5265061462536], [-4.00146867033532, 52.5327734285637], [-3.9856591584084, 52.5176044367201], [-3.99703890765372, 52.5348389288373], [-3.96667993346183, 52.5307332111599], [-3.98447254965618, 52.5362596133395], [-3.955964344879, 52.555400833776], [-3.94923029919798, 52.5516762490521], [-3.93982088696159, 52.5606997194235], [-3.96048674266349, 52.5606664557426], [-4.06438869477808, 52.541403363564], [-4.12860214238446, 52.6117346577222], [-4.09500865882187, 52.6683842886378], [-4.05730542248179, 52.6873147022194], [-4.04983891065446, 52.7153951461469], [-4.05144024600058, 52.7037661607211], [-4.01623533830726, 52.7206157018929], [-4.01150020369195, 52.7131364134507], [-3.98916682999697, 52.7360765045259], [-4.0232041339142, 52.7361015829143], [-4.03624547901744, 52.7210687158007], [-4.05892981518208, 52.7178192587845], [-4.08476673783767, 52.7491502322591], [-4.15060088938363, 52.8082799009965], [-4.134649347349, 52.8240739708548], [-4.13961191137329, 52.8154637335681], [-4.11868203834479, 52.8302895253108], [-4.10792522359484, 52.8266453682064], [-4.11489416641653, 52.832094515456], [-4.12902301321294, 52.8270831402176], [-4.11896791684863, 52.8479589153492], [-4.14524738111786, 52.8937463854902], [-4.08295758869145, 52.9002486919776], [-4.06863254802678, 52.9095418019422], [-4.08556352106682, 52.9031898804933], [-4.07184965733934, 52.9170374507404], [-4.05906974605186, 52.9160089739129], [-4.04765837914837, 52.9268793432792], [-4.07677143448961, 52.922741330201], [-4.10353523847427, 52.9089340793032], [-4.11918681756591, 52.9189770335793], [-4.11039748452136, 52.9199794302261], [-4.12863269136349, 52.9219025725714], [-4.12663300104772, 52.9291180163331], [-4.15205922611698, 52.906361988971], [-4.21909926746586, 52.919107945877], [-4.26127592388737, 52.9108934227905], [-4.28472265220783, 52.9171522329], [-4.26383500213094, 52.9105974183727], [-4.3163139593581, 52.9086918847567], [-4.32665396483342, 52.8919512142344], [-4.38720268209537, 52.8958574633262], [-4.40329532508598, 52.8841760115192], [-4.40738230380212, 52.8917358850069], [-4.41512587253587, 52.8852305204889], [-4.39758003178353, 52.8822190335503], [-4.44252372537054, 52.8756568092113], [-4.47651241010548, 52.857672030479], [-4.4703288721445, 52.8478291197696], [-4.50615420670839, 52.8249745987515], [-4.49737594720339, 52.8256586783692], [-4.49985815580878, 52.8122716786996], [-4.48988360254193, 52.8080131667391], [-4.48651476663043, 52.7948159910564], [-4.51485084616124, 52.7929668891007], [-4.52802770593702, 52.7777027433575], [-4.5425734678438, 52.7864888617473], [-4.5361827629522, 52.8002808080818], [-4.60147291175004, 52.824947046196], [-4.61253777434854, 52.8226177222921], [-4.64401089594967, 52.7998343009382], [-4.66130462746961, 52.8061567972253], [-4.68844172796523, 52.7938558475205], [-4.72090319040869, 52.8028198556498], [-4.73232221860448, 52.7818543976019], [-4.76693556283444, 52.7967099508692], [-4.72253738733195, 52.8362689728542], [-4.72616451399432, 52.8535117345382], [-4.6960648665922, 52.8594587736743], [-4.67895727378209, 52.8767375568215], [-4.67058421931047, 52.8772059730975], [-4.64976250560995, 52.9061877534534], [-4.63215656363575, 52.9059678881506], [-4.61514902664791, 52.9237680358033], [-4.57057087171215, 52.9388825470902], [-4.56744774731379, 52.9485469390097], [-4.56008161790655, 52.9377276330383], [-4.51959864304468, 52.940319321015], [-4.47158991787261, 52.9667390528471], [-4.43749823377488, 52.9983248724161], [-4.41015829458257, 52.9980222762822], [-4.35385509049415, 53.0331941536563], [-4.33958068004066, 53.0502856005263], [-4.33640214563113, 53.079130038578], [-4.3465961291956, 53.1142760880996], [-4.33893938002848, 53.1213433471898], [-4.31961557196091, 53.1214854063911], [-4.33383148069077, 53.113990817907], [-4.31932695394759, 53.0927960464255], [-4.30583541989826, 53.107867490425], [-4.31377717396464, 53.1066310281841], [-4.31187904521938, 53.1271915687159], [-4.28314551864377, 53.1394891893639], [-4.27362236297725, 53.1328099589824], [-4.27769558362094, 53.1433870898468], [-4.24363187550543, 53.1704580312407], [-4.21210729523864, 53.1831871982604], [-4.19931851986734, 53.2099797338796], [-4.1609112002308, 53.2199063176287], [-4.12237188637414, 53.2370746644883], [-4.11447156312936, 53.2314072113379], [-4.11324436922087, 53.2368826676101], [-4.10626377500896, 53.2323293743949], [-4.09108354142769, 53.236697340668], [-4.0855743297236, 53.2256474270491], [-4.00739102671084, 53.2469222433926], [-3.98348578668795, 53.2594714570278], [-3.84597977344959, 53.2943785694026], [-3.82295135753566, 53.2804382207595], [-3.8445095017504, 53.3189673172571], [-3.8752980415835, 53.3372766866589], [-3.87293267822347, 53.3392719581043], [-3.8330070420935, 53.3380273102457], [-3.81880497869118, 53.3227913996065], [-3.77522231468904, 53.3282916393183], [-3.76487174365069, 53.318842136135], [-3.73910972268719, 53.3141355032165], [-3.73211765770968, 53.3003624082443], [-3.70690147633212, 53.2937383716007], [-3.60580882896845, 53.2908372628825], [-3.51144974319058, 53.3168232235472], [-3.50617510107692, 53.3106865107914], [-3.50374224132659, 53.3174689552362], [-3.48056301595311, 53.3283800595043], [-3.36342966855741, 53.3520584494494], [-3.31084327502326, 53.3555717616964], [-3.31244594769246, 53.3423184077657]]], [[[-4.40937359636262, 53.4236588195504], [-4.3681996976341, 53.4240588882539], [-4.35636323002126, 53.414214556431], [-4.33879549441199, 53.4196055291329], [-4.33438844617996, 53.4132839731247], [-4.32655348102835, 53.4176516862142], [-4.29301437648181, 53.4110715417761], [-4.28725982962786, 53.4169606954302], [-4.26937922524536, 53.3905473696824], [-4.29569189379049, 53.3646231789254], [-4.27635636951154, 53.3710619968155], [-4.27999109008737, 53.3760921319942], [-4.26477654172063, 53.3608117962799], [-4.2300625133839, 53.3577499331035], [-4.23385199039209, 53.3406224628502], [-4.21910175263699, 53.3190214072661], [-4.2042588270957, 53.3138097013569], [-4.21451102527413, 53.2987983285953], [-4.20407902799883, 53.2922454389802], [-4.14334821556696, 53.3053176134304], [-4.11970084941247, 53.3191859842969], [-4.04016170236539, 53.3106045388854], [-4.10068994360711, 53.2547364647571], [-4.15923594144875, 53.2338931101337], [-4.16342436837014, 53.2205965917307], [-4.17083721305443, 53.2251553913228], [-4.20277287216358, 53.2157502790561], [-4.21852631055385, 53.1856212041066], [-4.31767506197948, 53.1441502967235], [-4.31860889781139, 53.1499810493673], [-4.33440985699004, 53.1489582831284], [-4.33092674977735, 53.1656177946552], [-4.34011783753518, 53.1485882903881], [-4.33618840465102, 53.1475375628905], [-4.33757090384343, 53.1427845258181], [-4.35502706763014, 53.134415842302], [-4.32885488032255, 53.1266286415089], [-4.39868773470703, 53.1449764536511], [-4.41353218913219, 53.1363139108509], [-4.40757990270329, 53.1443429409277], [-4.41979357294508, 53.1638173728703], [-4.38959191018865, 53.1697113612916], [-4.385014989386, 53.1915732672328], [-4.39686254123672, 53.1878811461054], [-4.44356423214482, 53.155016722689], [-4.46613725091121, 53.183369636929], [-4.46009411437475, 53.194624539299], [-4.46678762584371, 53.1841859184972], [-4.46673518221453, 53.1822556846146], [-4.48644970464768, 53.1772086572382], [-4.48831982913959, 53.1866059324998], [-4.50422361916117, 53.1871067322968], [-4.4973422225285, 53.2072259864979], [-4.52388591679666, 53.2265007020925], [-4.52352675496886, 53.2319574451221], [-4.51273672634413, 53.2386180632331], [-4.5231567110982, 53.237578429428], [-4.52348558120647, 53.2325829397325], [-4.5358960281715, 53.236977913207], [-4.55547661809846, 53.2496758059735], [-4.5542325086675, 53.2676333680504], [-4.56033749088394, 53.2645490801815], [-4.58861512905795, 53.2812828036905], [-4.57618280474778, 53.2860143759505], [-4.58350990970228, 53.2903917758434], [-4.57479038568222, 53.2879039672906], [-4.52972453483732, 53.3095108045759], [-4.56314239450579, 53.2994435569147], [-4.56236334079995, 53.3167515838814], [-4.58218636606495, 53.3269387860281], [-4.57070508688003, 53.337920215854], [-4.55512443300095, 53.3737347926416], [-4.57408564260097, 53.403427563567], [-4.52979751506779, 53.4060600205827], [-4.51086975930787, 53.4164924416035], [-4.50947538116602, 53.4094130828404], [-4.49192089383266, 53.4111849527797], [-4.47812046571868, 53.4222328479437], [-4.45020811717076, 53.4128938814189], [-4.45096067859649, 53.4228688522883], [-4.42530540397575, 53.4299945564921], [-4.40937359636262, 53.4236588195504]]]]}}]}